date,DAX,China Shanghai SE Composite,the UK FTSE 100,Canada S&P/TSX Composite,The US S&P 500,Japan Nikkei 225,Bitcoin,Ethereum,XRP,Solana,DOGE,USDT,Tesla,SPAX.PVT,USD/PLN,EUR/PLN,Amazon,GBP/PLN,Crude Oil,Natural Gas,Gold,Silver,TA35,USD/ILS,NVIDIA,CD Projekt,NASDAQ Composite,Dow Jones Industrial Average,KGHM,Alphabet,Adobe,Apple,Microsoft,Meta,JP Morgan,Berkshire Hathaway,WIG20,WIG,WIG Nieruchomości,InPost,NBP Stopa referencyjna,NBP Stopa lombardowa,NBP Stopa depozytowa,NBP Stopa redyskonta weksli,NBP Stopa dyskonta weksli
1998-02-26,,,,,,,,,,,,,,,,,,,,,,,,,,,,,,,,,,,,,,,,,24.0,27.0,,24.5,
1998-02-27,,,,,,,,,,,,,,,,,,,,,,,,,,,,,,,,,,,,,,,,,24.0,27.0,,24.5,
1998-02-28,,,,,,,,,,,,,,,,,,,,,,,,,,,,,,,,,,,,,,,,,24.0,27.0,,24.5,
1998-03-01,,,,,,,,,,,,,,,,,,,,,,,,,,,,,,,,,,,,,,,,,24.0,27.0,,24.5,
1998-03-02,,,,,,,,,,,,,,,,,,,,,,,,,,,,,,,,,,,,,,,,,24.0,27.0,,24.5,
1998-03-03,,,,,,,,,,,,,,,,,,,,,,,,,,,,,,,,,,,,,,,,,24.0,27.0,,24.5,
1998-03-04,,,,,,,,,,,,,,,,,,,,,,,,,,,,,,,,,,,,,,,,,24.0,27.0,,24.5,
1998-03-05,,,,,,,,,,,,,,,,,,,,,,,,,,,,,,,,,,,,,,,,,24.0,27.0,,24.5,
1998-03-06,,,,,,,,,,,,,,,,,,,,,,,,,,,,,,,,,,,,,,,,,24.0,27.0,,24.5,
1998-03-07,,,,,,,,,,,,,,,,,,,,,,,,,,,,,,,,,,,,,,,,,24.0,27.0,,24.5,
1998-03-08,,,,,,,,,,,,,,,,,,,,,,,,,,,,,,,,,,,,,,,,,24.0,27.0,,24.5,
1998-03-09,,,,,,,,,,,,,,,,,,,,,,,,,,,,,,,,,,,,,,,,,24.0,27.0,,24.5,
1998-03-10,,,,,,,,,,,,,,,,,,,,,,,,,,,,,,,,,,,,,,,,,24.0,27.0,,24.5,
1998-03-11,,,,,,,,,,,,,,,,,,,,,,,,,,,,,,,,,,,,,,,,,24.0,27.0,,24.5,
1998-03-12,,,,,,,,,,,,,,,,,,,,,,,,,,,,,,,,,,,,,,,,,24.0,27.0,,24.5,
1998-03-13,,,,,,,,,,,,,,,,,,,,,,,,,,,,,,,,,,,,,,,,,24.0,27.0,,24.5,
1998-03-14,,,,,,,,,,,,,,,,,,,,,,,,,,,,,,,,,,,,,,,,,24.0,27.0,,24.5,
1998-03-15,,,,,,,,,,,,,,,,,,,,,,,,,,,,,,,,,,,,,,,,,24.0,27.0,,24.5,
1998-03-16,,,,,,,,,,,,,,,,,,,,,,,,,,,,,,,,,,,,,,,,,24.0,27.0,,24.5,
1998-03-17,,,,,,,,,,,,,,,,,,,,,,,,,,,,,,,,,,,,,,,,,24.0,27.0,,24.5,
1998-03-18,,,,,,,,,,,,,,,,,,,,,,,,,,,,,,,,,,,,,,,,,24.0,27.0,,24.5,
1998-03-19,,,,,,,,,,,,,,,,,,,,,,,,,,,,,,,,,,,,,,,,,24.0,27.0,,24.5,
1998-03-20,,,,,,,,,,,,,,,,,,,,,,,,,,,,,,,,,,,,,,,,,24.0,27.0,,24.5,
1998-03-21,,,,,,,,,,,,,,,,,,,,,,,,,,,,,,,,,,,,,,,,,24.0,27.0,,24.5,
1998-03-22,,,,,,,,,,,,,,,,,,,,,,,,,,,,,,,,,,,,,,,,,24.0,27.0,,24.5,
1998-03-23,,,,,,,,,,,,,,,,,,,,,,,,,,,,,,,,,,,,,,,,,24.0,27.0,,24.5,
1998-03-24,,,,,,,,,,,,,,,,,,,,,,,,,,,,,,,,,,,,,,,,,24.0,27.0,,24.5,
1998-03-25,,,,,,,,,,,,,,,,,,,,,,,,,,,,,,,,,,,,,,,,,24.0,27.0,,24.5,
1998-03-26,,,,,,,,,,,,,,,,,,,,,,,,,,,,,,,,,,,,,,,,,24.0,27.0,,24.5,
1998-03-27,,,,,,,,,,,,,,,,,,,,,,,,,,,,,,,,,,,,,,,,,24.0,27.0,,24.5,
1998-03-28,,,,,,,,,,,,,,,,,,,,,,,,,,,,,,,,,,,,,,,,,24.0,27.0,,24.5,
1998-03-29,,,,,,,,,,,,,,,,,,,,,,,,,,,,,,,,,,,,,,,,,24.0,27.0,,24.5,
1998-03-30,,,,,,,,,,,,,,,,,,,,,,,,,,,,,,,,,,,,,,,,,24.0,27.0,,24.5,
1998-03-31,,,,,,,,,,,,,,,,,,,,,,,,,,,,,,,,,,,,,,,,,24.0,27.0,,24.5,
1998-04-01,,,,,,,,,,,,,,,,,,,,,,,,,,,,,,,,,,,,,,,,,24.0,27.0,,24.5,
1998-04-02,,,,,,,,,,,,,,,,,,,,,,,,,,,,,,,,,,,,,,,,,24.0,27.0,,24.5,
1998-04-03,,,,,,,,,,,,,,,,,,,,,,,,,,,,,,,,,,,,,,,,,24.0,27.0,,24.5,
1998-04-04,,,,,,,,,,,,,,,,,,,,,,,,,,,,,,,,,,,,,,,,,24.0,27.0,,24.5,
1998-04-05,,,,,,,,,,,,,,,,,,,,,,,,,,,,,,,,,,,,,,,,,24.0,27.0,,24.5,
1998-04-06,,,,,,,,,,,,,,,,,,,,,,,,,,,,,,,,,,,,,,,,,24.0,27.0,,24.5,
1998-04-07,,,,,,,,,,,,,,,,,,,,,,,,,,,,,,,,,,,,,,,,,24.0,27.0,,24.5,
1998-04-08,,,,,,,,,,,,,,,,,,,,,,,,,,,,,,,,,,,,,,,,,24.0,27.0,,24.5,
1998-04-09,,,,,,,,,,,,,,,,,,,,,,,,,,,,,,,,,,,,,,,,,24.0,27.0,,24.5,
1998-04-10,,,,,,,,,,,,,,,,,,,,,,,,,,,,,,,,,,,,,,,,,24.0,27.0,,24.5,
1998-04-11,,,,,,,,,,,,,,,,,,,,,,,,,,,,,,,,,,,,,,,,,24.0,27.0,,24.5,
1998-04-12,,,,,,,,,,,,,,,,,,,,,,,,,,,,,,,,,,,,,,,,,24.0,27.0,,24.5,
1998-04-13,,,,,,,,,,,,,,,,,,,,,,,,,,,,,,,,,,,,,,,,,24.0,27.0,,24.5,
1998-04-14,,,,,,,,,,,,,,,,,,,,,,,,,,,,,,,,,,,,,,,,,24.0,27.0,,24.5,
1998-04-15,,,,,,,,,,,,,,,,,,,,,,,,,,,,,,,,,,,,,,,,,24.0,27.0,,24.5,
1998-04-16,,,,,,,,,,,,,,,,,,,,,,,,,,,,,,,,,,,,,,,,,24.0,27.0,,24.5,
1998-04-17,,,,,,,,,,,,,,,,,,,,,,,,,,,,,,,,,,,,,,,,,24.0,27.0,,24.5,
1998-04-18,,,,,,,,,,,,,,,,,,,,,,,,,,,,,,,,,,,,,,,,,24.0,27.0,,24.5,
1998-04-19,,,,,,,,,,,,,,,,,,,,,,,,,,,,,,,,,,,,,,,,,24.0,27.0,,24.5,
1998-04-20,,,,,,,,,,,,,,,,,,,,,,,,,,,,,,,,,,,,,,,,,24.0,27.0,,24.5,
1998-04-21,,,,,,,,,,,,,,,,,,,,,,,,,,,,,,,,,,,,,,,,,24.0,27.0,,24.5,
1998-04-22,,,,,,,,,,,,,,,,,,,,,,,,,,,,,,,,,,,,,,,,,24.0,27.0,,24.5,
1998-04-23,,,,,,,,,,,,,,,,,,,,,,,,,,,,,,,,,,,,,,,,,23.0,27.0,,24.5,
1998-04-24,,,,,,,,,,,,,,,,,,,,,,,,,,,,,,,,,,,,,,,,,23.0,27.0,,24.5,
1998-04-25,,,,,,,,,,,,,,,,,,,,,,,,,,,,,,,,,,,,,,,,,23.0,27.0,,24.5,
1998-04-26,,,,,,,,,,,,,,,,,,,,,,,,,,,,,,,,,,,,,,,,,23.0,27.0,,24.5,
1998-04-27,,,,,,,,,,,,,,,,,,,,,,,,,,,,,,,,,,,,,,,,,23.0,27.0,,24.5,
1998-04-28,,,,,,,,,,,,,,,,,,,,,,,,,,,,,,,,,,,,,,,,,23.0,27.0,,24.5,
1998-04-29,,,,,,,,,,,,,,,,,,,,,,,,,,,,,,,,,,,,,,,,,23.0,27.0,,24.5,
1998-04-30,,,,,,,,,,,,,,,,,,,,,,,,,,,,,,,,,,,,,,,,,23.0,27.0,,24.5,
1998-05-01,,,,,,,,,,,,,,,,,,,,,,,,,,,,,,,,,,,,,,,,,23.0,27.0,,24.5,
1998-05-02,,,,,,,,,,,,,,,,,,,,,,,,,,,,,,,,,,,,,,,,,23.0,27.0,,24.5,
1998-05-03,,,,,,,,,,,,,,,,,,,,,,,,,,,,,,,,,,,,,,,,,23.0,27.0,,24.5,
1998-05-04,,,,,,,,,,,,,,,,,,,,,,,,,,,,,,,,,,,,,,,,,23.0,27.0,,24.5,
1998-05-05,,,,,,,,,,,,,,,,,,,,,,,,,,,,,,,,,,,,,,,,,23.0,27.0,,24.5,
1998-05-06,,,,,,,,,,,,,,,,,,,,,,,,,,,,,,,,,,,,,,,,,23.0,27.0,,24.5,
1998-05-07,,,,,,,,,,,,,,,,,,,,,,,,,,,,,,,,,,,,,,,,,23.0,27.0,,24.5,
1998-05-08,,,,,,,,,,,,,,,,,,,,,,,,,,,,,,,,,,,,,,,,,23.0,27.0,,24.5,
1998-05-09,,,,,,,,,,,,,,,,,,,,,,,,,,,,,,,,,,,,,,,,,23.0,27.0,,24.5,
1998-05-10,,,,,,,,,,,,,,,,,,,,,,,,,,,,,,,,,,,,,,,,,23.0,27.0,,24.5,
1998-05-11,,,,,,,,,,,,,,,,,,,,,,,,,,,,,,,,,,,,,,,,,23.0,27.0,,24.5,
1998-05-12,,,,,,,,,,,,,,,,,,,,,,,,,,,,,,,,,,,,,,,,,23.0,27.0,,24.5,
1998-05-13,,,,,,,,,,,,,,,,,,,,,,,,,,,,,,,,,,,,,,,,,23.0,27.0,,24.5,
1998-05-14,,,,,,,,,,,,,,,,,,,,,,,,,,,,,,,,,,,,,,,,,23.0,27.0,,24.5,
1998-05-15,,,,,,,,,,,,,,,,,,,,,,,,,,,,,,,,,,,,,,,,,23.0,27.0,,24.5,
1998-05-16,,,,,,,,,,,,,,,,,,,,,,,,,,,,,,,,,,,,,,,,,23.0,27.0,,24.5,
1998-05-17,,,,,,,,,,,,,,,,,,,,,,,,,,,,,,,,,,,,,,,,,23.0,27.0,,24.5,
1998-05-18,,,,,,,,,,,,,,,,,,,,,,,,,,,,,,,,,,,,,,,,,23.0,27.0,,24.5,
1998-05-19,,,,,,,,,,,,,,,,,,,,,,,,,,,,,,,,,,,,,,,,,23.0,27.0,,24.5,
1998-05-20,,,,,,,,,,,,,,,,,,,,,,,,,,,,,,,,,,,,,,,,,23.0,27.0,,24.5,
1998-05-21,,,,,,,,,,,,,,,,,,,,,,,,,,,,,,,,,,,,,,,,,21.5,26.0,,23.5,
1998-05-22,,,,,,,,,,,,,,,,,,,,,,,,,,,,,,,,,,,,,,,,,21.5,26.0,,23.5,
1998-05-23,,,,,,,,,,,,,,,,,,,,,,,,,,,,,,,,,,,,,,,,,21.5,26.0,,23.5,
1998-05-24,,,,,,,,,,,,,,,,,,,,,,,,,,,,,,,,,,,,,,,,,21.5,26.0,,23.5,
1998-05-25,,,,,,,,,,,,,,,,,,,,,,,,,,,,,,,,,,,,,,,,,21.5,26.0,,23.5,
1998-05-26,,,,,,,,,,,,,,,,,,,,,,,,,,,,,,,,,,,,,,,,,21.5,26.0,,23.5,
1998-05-27,,,,,,,,,,,,,,,,,,,,,,,,,,,,,,,,,,,,,,,,,21.5,26.0,,23.5,
1998-05-28,,,,,,,,,,,,,,,,,,,,,,,,,,,,,,,,,,,,,,,,,21.5,26.0,,23.5,
1998-05-29,,,,,,,,,,,,,,,,,,,,,,,,,,,,,,,,,,,,,,,,,21.5,26.0,,23.5,
1998-05-30,,,,,,,,,,,,,,,,,,,,,,,,,,,,,,,,,,,,,,,,,21.5,26.0,,23.5,
1998-05-31,,,,,,,,,,,,,,,,,,,,,,,,,,,,,,,,,,,,,,,,,21.5,26.0,,23.5,
1998-06-01,,,,,,,,,,,,,,,,,,,,,,,,,,,,,,,,,,,,,,,,,21.5,26.0,,23.5,
1998-06-02,,,,,,,,,,,,,,,,,,,,,,,,,,,,,,,,,,,,,,,,,21.5,26.0,,23.5,
1998-06-03,,,,,,,,,,,,,,,,,,,,,,,,,,,,,,,,,,,,,,,,,21.5,26.0,,23.5,
1998-06-04,,,,,,,,,,,,,,,,,,,,,,,,,,,,,,,,,,,,,,,,,21.5,26.0,,23.5,
1998-06-05,,,,,,,,,,,,,,,,,,,,,,,,,,,,,,,,,,,,,,,,,21.5,26.0,,23.5,
1998-06-06,,,,,,,,,,,,,,,,,,,,,,,,,,,,,,,,,,,,,,,,,21.5,26.0,,23.5,
1998-06-07,,,,,,,,,,,,,,,,,,,,,,,,,,,,,,,,,,,,,,,,,21.5,26.0,,23.5,
1998-06-08,,,,,,,,,,,,,,,,,,,,,,,,,,,,,,,,,,,,,,,,,21.5,26.0,,23.5,
1998-06-09,,,,,,,,,,,,,,,,,,,,,,,,,,,,,,,,,,,,,,,,,21.5,26.0,,23.5,
1998-06-10,,,,,,,,,,,,,,,,,,,,,,,,,,,,,,,,,,,,,,,,,21.5,26.0,,23.5,
1998-06-11,,,,,,,,,,,,,,,,,,,,,,,,,,,,,,,,,,,,,,,,,21.5,26.0,,23.5,
1998-06-12,,,,,,,,,,,,,,,,,,,,,,,,,,,,,,,,,,,,,,,,,21.5,26.0,,23.5,
1998-06-13,,,,,,,,,,,,,,,,,,,,,,,,,,,,,,,,,,,,,,,,,21.5,26.0,,23.5,
1998-06-14,,,,,,,,,,,,,,,,,,,,,,,,,,,,,,,,,,,,,,,,,21.5,26.0,,23.5,
1998-06-15,,,,,,,,,,,,,,,,,,,,,,,,,,,,,,,,,,,,,,,,,21.5,26.0,,23.5,
1998-06-16,,,,,,,,,,,,,,,,,,,,,,,,,,,,,,,,,,,,,,,,,21.5,26.0,,23.5,
1998-06-17,,,,,,,,,,,,,,,,,,,,,,,,,,,,,,,,,,,,,,,,,21.5,26.0,,23.5,
1998-06-18,,,,,,,,,,,,,,,,,,,,,,,,,,,,,,,,,,,,,,,,,21.5,26.0,,23.5,
1998-06-19,,,,,,,,,,,,,,,,,,,,,,,,,,,,,,,,,,,,,,,,,21.5,26.0,,23.5,
1998-06-20,,,,,,,,,,,,,,,,,,,,,,,,,,,,,,,,,,,,,,,,,21.5,26.0,,23.5,
1998-06-21,,,,,,,,,,,,,,,,,,,,,,,,,,,,,,,,,,,,,,,,,21.5,26.0,,23.5,
1998-06-22,,,,,,,,,,,,,,,,,,,,,,,,,,,,,,,,,,,,,,,,,21.5,26.0,,23.5,
1998-06-23,,,,,,,,,,,,,,,,,,,,,,,,,,,,,,,,,,,,,,,,,21.5,26.0,,23.5,
1998-06-24,,,,,,,,,,,,,,,,,,,,,,,,,,,,,,,,,,,,,,,,,21.5,26.0,,23.5,
1998-06-25,,,,,,,,,,,,,,,,,,,,,,,,,,,,,,,,,,,,,,,,,21.5,26.0,,23.5,
1998-06-26,,,,,,,,,,,,,,,,,,,,,,,,,,,,,,,,,,,,,,,,,21.5,26.0,,23.5,
1998-06-27,,,,,,,,,,,,,,,,,,,,,,,,,,,,,,,,,,,,,,,,,21.5,26.0,,23.5,
1998-06-28,,,,,,,,,,,,,,,,,,,,,,,,,,,,,,,,,,,,,,,,,21.5,26.0,,23.5,
1998-06-29,,,,,,,,,,,,,,,,,,,,,,,,,,,,,,,,,,,,,,,,,21.5,26.0,,23.5,
1998-06-30,,,,,,,,,,,,,,,,,,,,,,,,,,,,,,,,,,,,,,,,,21.5,26.0,,23.5,
1998-07-01,,,,,,,,,,,,,,,,,,,,,,,,,,,,,,,,,,,,,,,,,21.5,26.0,,23.5,
1998-07-02,,,,,,,,,,,,,,,,,,,,,,,,,,,,,,,,,,,,,,,,,21.5,26.0,,23.5,
1998-07-03,,,,,,,,,,,,,,,,,,,,,,,,,,,,,,,,,,,,,,,,,21.5,26.0,,23.5,
1998-07-04,,,,,,,,,,,,,,,,,,,,,,,,,,,,,,,,,,,,,,,,,21.5,26.0,,23.5,
1998-07-05,,,,,,,,,,,,,,,,,,,,,,,,,,,,,,,,,,,,,,,,,21.5,26.0,,23.5,
1998-07-06,,,,,,,,,,,,,,,,,,,,,,,,,,,,,,,,,,,,,,,,,21.5,26.0,,23.5,
1998-07-07,,,,,,,,,,,,,,,,,,,,,,,,,,,,,,,,,,,,,,,,,21.5,26.0,,23.5,
1998-07-08,,,,,,,,,,,,,,,,,,,,,,,,,,,,,,,,,,,,,,,,,21.5,26.0,,23.5,
1998-07-09,,,,,,,,,,,,,,,,,,,,,,,,,,,,,,,,,,,,,,,,,21.5,26.0,,23.5,
1998-07-10,,,,,,,,,,,,,,,,,,,,,,,,,,,,,,,,,,,,,,,,,21.5,26.0,,23.5,
1998-07-11,,,,,,,,,,,,,,,,,,,,,,,,,,,,,,,,,,,,,,,,,21.5,26.0,,23.5,
1998-07-12,,,,,,,,,,,,,,,,,,,,,,,,,,,,,,,,,,,,,,,,,21.5,26.0,,23.5,
1998-07-13,,,,,,,,,,,,,,,,,,,,,,,,,,,,,,,,,,,,,,,,,21.5,26.0,,23.5,
1998-07-14,,,,,,,,,,,,,,,,,,,,,,,,,,,,,,,,,,,,,,,,,21.5,26.0,,23.5,
1998-07-15,,,,,,,,,,,,,,,,,,,,,,,,,,,,,,,,,,,,,,,,,21.5,26.0,,23.5,
1998-07-16,,,,,,,,,,,,,,,,,,,,,,,,,,,,,,,,,,,,,,,,,21.5,26.0,,23.5,
1998-07-17,,,,,,,,,,,,,,,,,,,,,,,,,,,,,,,,,,,,,,,,,19.0,24.0,,21.5,
1998-07-18,,,,,,,,,,,,,,,,,,,,,,,,,,,,,,,,,,,,,,,,,19.0,24.0,,21.5,
1998-07-19,,,,,,,,,,,,,,,,,,,,,,,,,,,,,,,,,,,,,,,,,19.0,24.0,,21.5,
1998-07-20,,,,,,,,,,,,,,,,,,,,,,,,,,,,,,,,,,,,,,,,,19.0,24.0,,21.5,
1998-07-21,,,,,,,,,,,,,,,,,,,,,,,,,,,,,,,,,,,,,,,,,19.0,24.0,,21.5,
1998-07-22,,,,,,,,,,,,,,,,,,,,,,,,,,,,,,,,,,,,,,,,,19.0,24.0,,21.5,
1998-07-23,,,,,,,,,,,,,,,,,,,,,,,,,,,,,,,,,,,,,,,,,19.0,24.0,,21.5,
1998-07-24,,,,,,,,,,,,,,,,,,,,,,,,,,,,,,,,,,,,,,,,,19.0,24.0,,21.5,
1998-07-25,,,,,,,,,,,,,,,,,,,,,,,,,,,,,,,,,,,,,,,,,19.0,24.0,,21.5,
1998-07-26,,,,,,,,,,,,,,,,,,,,,,,,,,,,,,,,,,,,,,,,,19.0,24.0,,21.5,
1998-07-27,,,,,,,,,,,,,,,,,,,,,,,,,,,,,,,,,,,,,,,,,19.0,24.0,,21.5,
1998-07-28,,,,,,,,,,,,,,,,,,,,,,,,,,,,,,,,,,,,,,,,,19.0,24.0,,21.5,
1998-07-29,,,,,,,,,,,,,,,,,,,,,,,,,,,,,,,,,,,,,,,,,19.0,24.0,,21.5,
1998-07-30,,,,,,,,,,,,,,,,,,,,,,,,,,,,,,,,,,,,,,,,,19.0,24.0,,21.5,
1998-07-31,,,,,,,,,,,,,,,,,,,,,,,,,,,,,,,,,,,,,,,,,19.0,24.0,,21.5,
1998-08-01,,,,,,,,,,,,,,,,,,,,,,,,,,,,,,,,,,,,,,,,,19.0,24.0,,21.5,
1998-08-02,,,,,,,,,,,,,,,,,,,,,,,,,,,,,,,,,,,,,,,,,19.0,24.0,,21.5,
1998-08-03,,,,,,,,,,,,,,,,,,,,,,,,,,,,,,,,,,,,,,,,,19.0,24.0,,21.5,
1998-08-04,,,,,,,,,,,,,,,,,,,,,,,,,,,,,,,,,,,,,,,,,19.0,24.0,,21.5,
1998-08-05,,,,,,,,,,,,,,,,,,,,,,,,,,,,,,,,,,,,,,,,,19.0,24.0,,21.5,
1998-08-06,,,,,,,,,,,,,,,,,,,,,,,,,,,,,,,,,,,,,,,,,19.0,24.0,,21.5,
1998-08-07,,,,,,,,,,,,,,,,,,,,,,,,,,,,,,,,,,,,,,,,,19.0,24.0,,21.5,
1998-08-08,,,,,,,,,,,,,,,,,,,,,,,,,,,,,,,,,,,,,,,,,19.0,24.0,,21.5,
1998-08-09,,,,,,,,,,,,,,,,,,,,,,,,,,,,,,,,,,,,,,,,,19.0,24.0,,21.5,
1998-08-10,,,,,,,,,,,,,,,,,,,,,,,,,,,,,,,,,,,,,,,,,19.0,24.0,,21.5,
1998-08-11,,,,,,,,,,,,,,,,,,,,,,,,,,,,,,,,,,,,,,,,,19.0,24.0,,21.5,
1998-08-12,,,,,,,,,,,,,,,,,,,,,,,,,,,,,,,,,,,,,,,,,19.0,24.0,,21.5,
1998-08-13,,,,,,,,,,,,,,,,,,,,,,,,,,,,,,,,,,,,,,,,,19.0,24.0,,21.5,
1998-08-14,,,,,,,,,,,,,,,,,,,,,,,,,,,,,,,,,,,,,,,,,19.0,24.0,,21.5,
1998-08-15,,,,,,,,,,,,,,,,,,,,,,,,,,,,,,,,,,,,,,,,,19.0,24.0,,21.5,
1998-08-16,,,,,,,,,,,,,,,,,,,,,,,,,,,,,,,,,,,,,,,,,19.0,24.0,,21.5,
1998-08-17,,,,,,,,,,,,,,,,,,,,,,,,,,,,,,,,,,,,,,,,,19.0,24.0,,21.5,
1998-08-18,,,,,,,,,,,,,,,,,,,,,,,,,,,,,,,,,,,,,,,,,19.0,24.0,,21.5,
1998-08-19,,,,,,,,,,,,,,,,,,,,,,,,,,,,,,,,,,,,,,,,,19.0,24.0,,21.5,
1998-08-20,,,,,,,,,,,,,,,,,,,,,,,,,,,,,,,,,,,,,,,,,19.0,24.0,,21.5,
1998-08-21,,,,,,,,,,,,,,,,,,,,,,,,,,,,,,,,,,,,,,,,,19.0,24.0,,21.5,
1998-08-22,,,,,,,,,,,,,,,,,,,,,,,,,,,,,,,,,,,,,,,,,19.0,24.0,,21.5,
1998-08-23,,,,,,,,,,,,,,,,,,,,,,,,,,,,,,,,,,,,,,,,,19.0,24.0,,21.5,
1998-08-24,,,,,,,,,,,,,,,,,,,,,,,,,,,,,,,,,,,,,,,,,19.0,24.0,,21.5,
1998-08-25,,,,,,,,,,,,,,,,,,,,,,,,,,,,,,,,,,,,,,,,,19.0,24.0,,21.5,
1998-08-26,,,,,,,,,,,,,,,,,,,,,,,,,,,,,,,,,,,,,,,,,19.0,24.0,,21.5,
1998-08-27,,,,,,,,,,,,,,,,,,,,,,,,,,,,,,,,,,,,,,,,,19.0,24.0,,21.5,
1998-08-28,,,,,,,,,,,,,,,,,,,,,,,,,,,,,,,,,,,,,,,,,19.0,24.0,,21.5,
1998-08-29,,,,,,,,,,,,,,,,,,,,,,,,,,,,,,,,,,,,,,,,,19.0,24.0,,21.5,
1998-08-30,,,,,,,,,,,,,,,,,,,,,,,,,,,,,,,,,,,,,,,,,19.0,24.0,,21.5,
1998-08-31,,,,,,,,,,,,,,,,,,,,,,,,,,,,,,,,,,,,,,,,,19.0,24.0,,21.5,
1998-09-01,,,,,,,,,,,,,,,,,,,,,,,,,,,,,,,,,,,,,,,,,19.0,24.0,,21.5,
1998-09-02,,,,,,,,,,,,,,,,,,,,,,,,,,,,,,,,,,,,,,,,,19.0,24.0,,21.5,
1998-09-03,,,,,,,,,,,,,,,,,,,,,,,,,,,,,,,,,,,,,,,,,19.0,24.0,,21.5,
1998-09-04,,,,,,,,,,,,,,,,,,,,,,,,,,,,,,,,,,,,,,,,,19.0,24.0,,21.5,
1998-09-05,,,,,,,,,,,,,,,,,,,,,,,,,,,,,,,,,,,,,,,,,19.0,24.0,,21.5,
1998-09-06,,,,,,,,,,,,,,,,,,,,,,,,,,,,,,,,,,,,,,,,,19.0,24.0,,21.5,
1998-09-07,,,,,,,,,,,,,,,,,,,,,,,,,,,,,,,,,,,,,,,,,19.0,24.0,,21.5,
1998-09-08,,,,,,,,,,,,,,,,,,,,,,,,,,,,,,,,,,,,,,,,,19.0,24.0,,21.5,
1998-09-09,,,,,,,,,,,,,,,,,,,,,,,,,,,,,,,,,,,,,,,,,19.0,24.0,,21.5,
1998-09-10,,,,,,,,,,,,,,,,,,,,,,,,,,,,,,,,,,,,,,,,,18.0,24.0,,21.5,
1998-09-11,,,,,,,,,,,,,,,,,,,,,,,,,,,,,,,,,,,,,,,,,18.0,24.0,,21.5,
1998-09-12,,,,,,,,,,,,,,,,,,,,,,,,,,,,,,,,,,,,,,,,,18.0,24.0,,21.5,
1998-09-13,,,,,,,,,,,,,,,,,,,,,,,,,,,,,,,,,,,,,,,,,18.0,24.0,,21.5,
1998-09-14,,,,,,,,,,,,,,,,,,,,,,,,,,,,,,,,,,,,,,,,,18.0,24.0,,21.5,
1998-09-15,,,,,,,,,,,,,,,,,,,,,,,,,,,,,,,,,,,,,,,,,18.0,24.0,,21.5,
1998-09-16,,,,,,,,,,,,,,,,,,,,,,,,,,,,,,,,,,,,,,,,,18.0,24.0,,21.5,
1998-09-17,,,,,,,,,,,,,,,,,,,,,,,,,,,,,,,,,,,,,,,,,18.0,24.0,,21.5,
1998-09-18,,,,,,,,,,,,,,,,,,,,,,,,,,,,,,,,,,,,,,,,,18.0,24.0,,21.5,
1998-09-19,,,,,,,,,,,,,,,,,,,,,,,,,,,,,,,,,,,,,,,,,18.0,24.0,,21.5,
1998-09-20,,,,,,,,,,,,,,,,,,,,,,,,,,,,,,,,,,,,,,,,,18.0,24.0,,21.5,
1998-09-21,,,,,,,,,,,,,,,,,,,,,,,,,,,,,,,,,,,,,,,,,18.0,24.0,,21.5,
1998-09-22,,,,,,,,,,,,,,,,,,,,,,,,,,,,,,,,,,,,,,,,,18.0,24.0,,21.5,
1998-09-23,,,,,,,,,,,,,,,,,,,,,,,,,,,,,,,,,,,,,,,,,18.0,24.0,,21.5,
1998-09-24,,,,,,,,,,,,,,,,,,,,,,,,,,,,,,,,,,,,,,,,,18.0,24.0,,21.5,
1998-09-25,,,,,,,,,,,,,,,,,,,,,,,,,,,,,,,,,,,,,,,,,18.0,24.0,,21.5,
1998-09-26,,,,,,,,,,,,,,,,,,,,,,,,,,,,,,,,,,,,,,,,,18.0,24.0,,21.5,
1998-09-27,,,,,,,,,,,,,,,,,,,,,,,,,,,,,,,,,,,,,,,,,18.0,24.0,,21.5,
1998-09-28,,,,,,,,,,,,,,,,,,,,,,,,,,,,,,,,,,,,,,,,,18.0,24.0,,21.5,
1998-09-29,,,,,,,,,,,,,,,,,,,,,,,,,,,,,,,,,,,,,,,,,18.0,24.0,,21.5,
1998-09-30,,,,,,,,,,,,,,,,,,,,,,,,,,,,,,,,,,,,,,,,,18.0,24.0,,21.5,
1998-10-01,,,,,,,,,,,,,,,,,,,,,,,,,,,,,,,,,,,,,,,,,18.0,24.0,,21.5,
1998-10-02,,,,,,,,,,,,,,,,,,,,,,,,,,,,,,,,,,,,,,,,,18.0,24.0,,21.5,
1998-10-03,,,,,,,,,,,,,,,,,,,,,,,,,,,,,,,,,,,,,,,,,18.0,24.0,,21.5,
1998-10-04,,,,,,,,,,,,,,,,,,,,,,,,,,,,,,,,,,,,,,,,,18.0,24.0,,21.5,
1998-10-05,,,,,,,,,,,,,,,,,,,,,,,,,,,,,,,,,,,,,,,,,18.0,24.0,,21.5,
1998-10-06,,,,,,,,,,,,,,,,,,,,,,,,,,,,,,,,,,,,,,,,,18.0,24.0,,21.5,
1998-10-07,,,,,,,,,,,,,,,,,,,,,,,,,,,,,,,,,,,,,,,,,18.0,24.0,,21.5,
1998-10-08,,,,,,,,,,,,,,,,,,,,,,,,,,,,,,,,,,,,,,,,,18.0,24.0,,21.5,
1998-10-09,,,,,,,,,,,,,,,,,,,,,,,,,,,,,,,,,,,,,,,,,18.0,24.0,,21.5,
1998-10-10,,,,,,,,,,,,,,,,,,,,,,,,,,,,,,,,,,,,,,,,,18.0,24.0,,21.5,
1998-10-11,,,,,,,,,,,,,,,,,,,,,,,,,,,,,,,,,,,,,,,,,18.0,24.0,,21.5,
1998-10-12,,,,,,,,,,,,,,,,,,,,,,,,,,,,,,,,,,,,,,,,,18.0,24.0,,21.5,
1998-10-13,,,,,,,,,,,,,,,,,,,,,,,,,,,,,,,,,,,,,,,,,18.0,24.0,,21.5,
1998-10-14,,,,,,,,,,,,,,,,,,,,,,,,,,,,,,,,,,,,,,,,,18.0,24.0,,21.5,
1998-10-15,,,,,,,,,,,,,,,,,,,,,,,,,,,,,,,,,,,,,,,,,18.0,24.0,,21.5,
1998-10-16,,,,,,,,,,,,,,,,,,,,,,,,,,,,,,,,,,,,,,,,,18.0,24.0,,21.5,
1998-10-17,,,,,,,,,,,,,,,,,,,,,,,,,,,,,,,,,,,,,,,,,18.0,24.0,,21.5,
1998-10-18,,,,,,,,,,,,,,,,,,,,,,,,,,,,,,,,,,,,,,,,,18.0,24.0,,21.5,
1998-10-19,,,,,,,,,,,,,,,,,,,,,,,,,,,,,,,,,,,,,,,,,18.0,24.0,,21.5,
1998-10-20,,,,,,,,,,,,,,,,,,,,,,,,,,,,,,,,,,,,,,,,,18.0,24.0,,21.5,
1998-10-21,,,,,,,,,,,,,,,,,,,,,,,,,,,,,,,,,,,,,,,,,18.0,24.0,,21.5,
1998-10-22,,,,,,,,,,,,,,,,,,,,,,,,,,,,,,,,,,,,,,,,,18.0,24.0,,21.5,
1998-10-23,,,,,,,,,,,,,,,,,,,,,,,,,,,,,,,,,,,,,,,,,18.0,24.0,,21.5,
1998-10-24,,,,,,,,,,,,,,,,,,,,,,,,,,,,,,,,,,,,,,,,,18.0,24.0,,21.5,
1998-10-25,,,,,,,,,,,,,,,,,,,,,,,,,,,,,,,,,,,,,,,,,18.0,24.0,,21.5,
1998-10-26,,,,,,,,,,,,,,,,,,,,,,,,,,,,,,,,,,,,,,,,,18.0,24.0,,21.5,
1998-10-27,,,,,,,,,,,,,,,,,,,,,,,,,,,,,,,,,,,,,,,,,18.0,24.0,,21.5,
1998-10-28,,,,,,,,,,,,,,,,,,,,,,,,,,,,,,,,,,,,,,,,,18.0,24.0,,21.5,
1998-10-29,,,,,,,,,,,,,,,,,,,,,,,,,,,,,,,,,,,,,,,,,17.0,22.0,,20.0,
1998-10-30,,,,,,,,,,,,,,,,,,,,,,,,,,,,,,,,,,,,,,,,,17.0,22.0,,20.0,
1998-10-31,,,,,,,,,,,,,,,,,,,,,,,,,,,,,,,,,,,,,,,,,17.0,22.0,,20.0,
1998-11-01,,,,,,,,,,,,,,,,,,,,,,,,,,,,,,,,,,,,,,,,,17.0,22.0,,20.0,
1998-11-02,,,,,,,,,,,,,,,,,,,,,,,,,,,,,,,,,,,,,,,,,17.0,22.0,,20.0,
1998-11-03,,,,,,,,,,,,,,,,,,,,,,,,,,,,,,,,,,,,,,,,,17.0,22.0,,20.0,
1998-11-04,,,,,,,,,,,,,,,,,,,,,,,,,,,,,,,,,,,,,,,,,17.0,22.0,,20.0,
1998-11-05,,,,,,,,,,,,,,,,,,,,,,,,,,,,,,,,,,,,,,,,,17.0,22.0,,20.0,
1998-11-06,,,,,,,,,,,,,,,,,,,,,,,,,,,,,,,,,,,,,,,,,17.0,22.0,,20.0,
1998-11-07,,,,,,,,,,,,,,,,,,,,,,,,,,,,,,,,,,,,,,,,,17.0,22.0,,20.0,
1998-11-08,,,,,,,,,,,,,,,,,,,,,,,,,,,,,,,,,,,,,,,,,17.0,22.0,,20.0,
1998-11-09,,,,,,,,,,,,,,,,,,,,,,,,,,,,,,,,,,,,,,,,,17.0,22.0,,20.0,
1998-11-10,,,,,,,,,,,,,,,,,,,,,,,,,,,,,,,,,,,,,,,,,17.0,22.0,,20.0,
1998-11-11,,,,,,,,,,,,,,,,,,,,,,,,,,,,,,,,,,,,,,,,,17.0,22.0,,20.0,
1998-11-12,,,,,,,,,,,,,,,,,,,,,,,,,,,,,,,,,,,,,,,,,17.0,22.0,,20.0,
1998-11-13,,,,,,,,,,,,,,,,,,,,,,,,,,,,,,,,,,,,,,,,,17.0,22.0,,20.0,
1998-11-14,,,,,,,,,,,,,,,,,,,,,,,,,,,,,,,,,,,,,,,,,17.0,22.0,,20.0,
1998-11-15,,,,,,,,,,,,,,,,,,,,,,,,,,,,,,,,,,,,,,,,,17.0,22.0,,20.0,
1998-11-16,,,,,,,,,,,,,,,,,,,,,,,,,,,,,,,,,,,,,,,,,17.0,22.0,,20.0,
1998-11-17,,,,,,,,,,,,,,,,,,,,,,,,,,,,,,,,,,,,,,,,,17.0,22.0,,20.0,
1998-11-18,,,,,,,,,,,,,,,,,,,,,,,,,,,,,,,,,,,,,,,,,17.0,22.0,,20.0,
1998-11-19,,,,,,,,,,,,,,,,,,,,,,,,,,,,,,,,,,,,,,,,,17.0,22.0,,20.0,
1998-11-20,,,,,,,,,,,,,,,,,,,,,,,,,,,,,,,,,,,,,,,,,17.0,22.0,,20.0,
1998-11-21,,,,,,,,,,,,,,,,,,,,,,,,,,,,,,,,,,,,,,,,,17.0,22.0,,20.0,
1998-11-22,,,,,,,,,,,,,,,,,,,,,,,,,,,,,,,,,,,,,,,,,17.0,22.0,,20.0,
1998-11-23,,,,,,,,,,,,,,,,,,,,,,,,,,,,,,,,,,,,,,,,,17.0,22.0,,20.0,
1998-11-24,,,,,,,,,,,,,,,,,,,,,,,,,,,,,,,,,,,,,,,,,17.0,22.0,,20.0,
1998-11-25,,,,,,,,,,,,,,,,,,,,,,,,,,,,,,,,,,,,,,,,,17.0,22.0,,20.0,
1998-11-26,,,,,,,,,,,,,,,,,,,,,,,,,,,,,,,,,,,,,,,,,17.0,22.0,,20.0,
1998-11-27,,,,,,,,,,,,,,,,,,,,,,,,,,,,,,,,,,,,,,,,,17.0,22.0,,20.0,
1998-11-28,,,,,,,,,,,,,,,,,,,,,,,,,,,,,,,,,,,,,,,,,17.0,22.0,,20.0,
1998-11-29,,,,,,,,,,,,,,,,,,,,,,,,,,,,,,,,,,,,,,,,,17.0,22.0,,20.0,
1998-11-30,,,,,,,,,,,,,,,,,,,,,,,,,,,,,,,,,,,,,,,,,17.0,22.0,,20.0,
1998-12-01,,,,,,,,,,,,,,,,,,,,,,,,,,,,,,,,,,,,,,,,,17.0,22.0,,20.0,
1998-12-02,,,,,,,,,,,,,,,,,,,,,,,,,,,,,,,,,,,,,,,,,17.0,22.0,,20.0,
1998-12-03,,,,,,,,,,,,,,,,,,,,,,,,,,,,,,,,,,,,,,,,,17.0,22.0,,20.0,
1998-12-04,,,,,,,,,,,,,,,,,,,,,,,,,,,,,,,,,,,,,,,,,17.0,22.0,,20.0,
1998-12-05,,,,,,,,,,,,,,,,,,,,,,,,,,,,,,,,,,,,,,,,,17.0,22.0,,20.0,
1998-12-06,,,,,,,,,,,,,,,,,,,,,,,,,,,,,,,,,,,,,,,,,17.0,22.0,,20.0,
1998-12-07,,,,,,,,,,,,,,,,,,,,,,,,,,,,,,,,,,,,,,,,,17.0,22.0,,20.0,
1998-12-08,,,,,,,,,,,,,,,,,,,,,,,,,,,,,,,,,,,,,,,,,17.0,22.0,,20.0,
1998-12-09,,,,,,,,,,,,,,,,,,,,,,,,,,,,,,,,,,,,,,,,,17.0,22.0,,20.0,
1998-12-10,,,,,,,,,,,,,,,,,,,,,,,,,,,,,,,,,,,,,,,,,15.5,20.0,,18.25,
1998-12-11,,,,,,,,,,,,,,,,,,,,,,,,,,,,,,,,,,,,,,,,,15.5,20.0,,18.25,
1998-12-12,,,,,,,,,,,,,,,,,,,,,,,,,,,,,,,,,,,,,,,,,15.5,20.0,,18.25,
1998-12-13,,,,,,,,,,,,,,,,,,,,,,,,,,,,,,,,,,,,,,,,,15.5,20.0,,18.25,
1998-12-14,,,,,,,,,,,,,,,,,,,,,,,,,,,,,,,,,,,,,,,,,15.5,20.0,,18.25,
1998-12-15,,,,,,,,,,,,,,,,,,,,,,,,,,,,,,,,,,,,,,,,,15.5,20.0,,18.25,
1998-12-16,,,,,,,,,,,,,,,,,,,,,,,,,,,,,,,,,,,,,,,,,15.5,20.0,,18.25,
1998-12-17,,,,,,,,,,,,,,,,,,,,,,,,,,,,,,,,,,,,,,,,,15.5,20.0,,18.25,
1998-12-18,,,,,,,,,,,,,,,,,,,,,,,,,,,,,,,,,,,,,,,,,15.5,20.0,,18.25,
1998-12-19,,,,,,,,,,,,,,,,,,,,,,,,,,,,,,,,,,,,,,,,,15.5,20.0,,18.25,
1998-12-20,,,,,,,,,,,,,,,,,,,,,,,,,,,,,,,,,,,,,,,,,15.5,20.0,,18.25,
1998-12-21,,,,,,,,,,,,,,,,,,,,,,,,,,,,,,,,,,,,,,,,,15.5,20.0,,18.25,
1998-12-22,,,,,,,,,,,,,,,,,,,,,,,,,,,,,,,,,,,,,,,,,15.5,20.0,,18.25,
1998-12-23,,,,,,,,,,,,,,,,,,,,,,,,,,,,,,,,,,,,,,,,,15.5,20.0,,18.25,
1998-12-24,,,,,,,,,,,,,,,,,,,,,,,,,,,,,,,,,,,,,,,,,15.5,20.0,,18.25,
1998-12-25,,,,,,,,,,,,,,,,,,,,,,,,,,,,,,,,,,,,,,,,,15.5,20.0,,18.25,
1998-12-26,,,,,,,,,,,,,,,,,,,,,,,,,,,,,,,,,,,,,,,,,15.5,20.0,,18.25,
1998-12-27,,,,,,,,,,,,,,,,,,,,,,,,,,,,,,,,,,,,,,,,,15.5,20.0,,18.25,
1998-12-28,,,,,,,,,,,,,,,,,,,,,,,,,,,,,,,,,,,,,,,,,15.5,20.0,,18.25,
1998-12-29,,,,,,,,,,,,,,,,,,,,,,,,,,,,,,,,,,,,,,,,,15.5,20.0,,18.25,
1998-12-30,,,,,,,,,,,,,,,,,,,,,,,,,,,,,,,,,,,,,,,,,15.5,20.0,,18.25,
1998-12-31,,,,,,,,,,,,,,,,,,,,,,,,,,,,,,,,,,,,,,,,,15.5,20.0,,18.25,
1999-01-01,,,,,,,,,,,,,,,,,,,,,,,,,,,,,,,,,,,,,,,,,15.5,20.0,,18.25,
1999-01-02,,,,,,,,,,,,,,,,,,,,,,,,,,,,,,,,,,,,,,,,,15.5,20.0,,18.25,
1999-01-03,,,,,,,,,,,,,,,,,,,,,,,,,,,,,,,,,,,,,,,,,15.5,20.0,,18.25,
1999-01-04,,,,,,,,,,,,,,,,,,,,,,,,,,,,,,,,,,,,,,,,,15.5,20.0,,18.25,
1999-01-05,,,,,,,,,,,,,,,,,,,,,,,,,,,,,,,,,,,,,,,,,15.5,20.0,,18.25,
1999-01-06,,,,,,,,,,,,,,,,,,,,,,,,,,,,,,,,,,,,,,,,,15.5,20.0,,18.25,
1999-01-07,,,,,,,,,,,,,,,,,,,,,,,,,,,,,,,,,,,,,,,,,15.5,20.0,,18.25,
1999-01-08,,,,,,,,,,,,,,,,,,,,,,,,,,,,,,,,,,,,,,,,,15.5,20.0,,18.25,
1999-01-09,,,,,,,,,,,,,,,,,,,,,,,,,,,,,,,,,,,,,,,,,15.5,20.0,,18.25,
1999-01-10,,,,,,,,,,,,,,,,,,,,,,,,,,,,,,,,,,,,,,,,,15.5,20.0,,18.25,
1999-01-11,,,,,,,,,,,,,,,,,,,,,,,,,,,,,,,,,,,,,,,,,15.5,20.0,,18.25,
1999-01-12,,,,,,,,,,,,,,,,,,,,,,,,,,,,,,,,,,,,,,,,,15.5,20.0,,18.25,
1999-01-13,,,,,,,,,,,,,,,,,,,,,,,,,,,,,,,,,,,,,,,,,15.5,20.0,,18.25,
1999-01-14,,,,,,,,,,,,,,,,,,,,,,,,,,,,,,,,,,,,,,,,,15.5,20.0,,18.25,
1999-01-15,,,,,,,,,,,,,,,,,,,,,,,,,,,,,,,,,,,,,,,,,15.5,20.0,,18.25,
1999-01-16,,,,,,,,,,,,,,,,,,,,,,,,,,,,,,,,,,,,,,,,,15.5,20.0,,18.25,
1999-01-17,,,,,,,,,,,,,,,,,,,,,,,,,,,,,,,,,,,,,,,,,15.5,20.0,,18.25,
1999-01-18,,,,,,,,,,,,,,,,,,,,,,,,,,,,,,,,,,,,,,,,,15.5,20.0,,18.25,
1999-01-19,,,,,,,,,,,,,,,,,,,,,,,,,,,,,,,,,,,,,,,,,15.5,20.0,,18.25,
1999-01-20,,,,,,,,,,,,,,,,,,,,,,,,,,,,,,,,,,,,,,,,,15.5,20.0,,18.25,
1999-01-21,,,,,,,,,,,,,,,,,,,,,,,,,,,,,,,,,,,,,,,,,13.0,17.0,,15.5,
1999-01-22,,,,,,,,,,,,,,,,,,,,,,,,,,,,,,,,,,,,,,,,,13.0,17.0,,15.5,
1999-01-23,,,,,,,,,,,,,,,,,,,,,,,,,,,,,,,,,,,,,,,,,13.0,17.0,,15.5,
1999-01-24,,,,,,,,,,,,,,,,,,,,,,,,,,,,,,,,,,,,,,,,,13.0,17.0,,15.5,
1999-01-25,,,,,,,,,,,,,,,,,,,,,,,,,,,,,,,,,,,,,,,,,13.0,17.0,,15.5,
1999-01-26,,,,,,,,,,,,,,,,,,,,,,,,,,,,,,,,,,,,,,,,,13.0,17.0,,15.5,
1999-01-27,,,,,,,,,,,,,,,,,,,,,,,,,,,,,,,,,,,,,,,,,13.0,17.0,,15.5,
1999-01-28,,,,,,,,,,,,,,,,,,,,,,,,,,,,,,,,,,,,,,,,,13.0,17.0,,15.5,
1999-01-29,,,,,,,,,,,,,,,,,,,,,,,,,,,,,,,,,,,,,,,,,13.0,17.0,,15.5,
1999-01-30,,,,,,,,,,,,,,,,,,,,,,,,,,,,,,,,,,,,,,,,,13.0,17.0,,15.5,
1999-01-31,,,,,,,,,,,,,,,,,,,,,,,,,,,,,,,,,,,,,,,,,13.0,17.0,,15.5,
1999-02-01,,,,,,,,,,,,,,,,,,,,,,,,,,,,,,,,,,,,,,,,,13.0,17.0,,15.5,
1999-02-02,,,,,,,,,,,,,,,,,,,,,,,,,,,,,,,,,,,,,,,,,13.0,17.0,,15.5,
1999-02-03,,,,,,,,,,,,,,,,,,,,,,,,,,,,,,,,,,,,,,,,,13.0,17.0,,15.5,
1999-02-04,,,,,,,,,,,,,,,,,,,,,,,,,,,,,,,,,,,,,,,,,13.0,17.0,,15.5,
1999-02-05,,,,,,,,,,,,,,,,,,,,,,,,,,,,,,,,,,,,,,,,,13.0,17.0,,15.5,
1999-02-06,,,,,,,,,,,,,,,,,,,,,,,,,,,,,,,,,,,,,,,,,13.0,17.0,,15.5,
1999-02-07,,,,,,,,,,,,,,,,,,,,,,,,,,,,,,,,,,,,,,,,,13.0,17.0,,15.5,
1999-02-08,,,,,,,,,,,,,,,,,,,,,,,,,,,,,,,,,,,,,,,,,13.0,17.0,,15.5,
1999-02-09,,,,,,,,,,,,,,,,,,,,,,,,,,,,,,,,,,,,,,,,,13.0,17.0,,15.5,
1999-02-10,,,,,,,,,,,,,,,,,,,,,,,,,,,,,,,,,,,,,,,,,13.0,17.0,,15.5,
1999-02-11,,,,,,,,,,,,,,,,,,,,,,,,,,,,,,,,,,,,,,,,,13.0,17.0,,15.5,
1999-02-12,,,,,,,,,,,,,,,,,,,,,,,,,,,,,,,,,,,,,,,,,13.0,17.0,,15.5,
1999-02-13,,,,,,,,,,,,,,,,,,,,,,,,,,,,,,,,,,,,,,,,,13.0,17.0,,15.5,
1999-02-14,,,,,,,,,,,,,,,,,,,,,,,,,,,,,,,,,,,,,,,,,13.0,17.0,,15.5,
1999-02-15,,,,,,,,,,,,,,,,,,,,,,,,,,,,,,,,,,,,,,,,,13.0,17.0,,15.5,
1999-02-16,,,,,,,,,,,,,,,,,,,,,,,,,,,,,,,,,,,,,,,,,13.0,17.0,,15.5,
1999-02-17,,,,,,,,,,,,,,,,,,,,,,,,,,,,,,,,,,,,,,,,,13.0,17.0,,15.5,
1999-02-18,,,,,,,,,,,,,,,,,,,,,,,,,,,,,,,,,,,,,,,,,13.0,17.0,,15.5,
1999-02-19,,,,,,,,,,,,,,,,,,,,,,,,,,,,,,,,,,,,,,,,,13.0,17.0,,15.5,
1999-02-20,,,,,,,,,,,,,,,,,,,,,,,,,,,,,,,,,,,,,,,,,13.0,17.0,,15.5,
1999-02-21,,,,,,,,,,,,,,,,,,,,,,,,,,,,,,,,,,,,,,,,,13.0,17.0,,15.5,
1999-02-22,,,,,,,,,,,,,,,,,,,,,,,,,,,,,,,,,,,,,,,,,13.0,17.0,,15.5,
1999-02-23,,,,,,,,,,,,,,,,,,,,,,,,,,,,,,,,,,,,,,,,,13.0,17.0,,15.5,
1999-02-24,,,,,,,,,,,,,,,,,,,,,,,,,,,,,,,,,,,,,,,,,13.0,17.0,,15.5,
1999-02-25,,,,,,,,,,,,,,,,,,,,,,,,,,,,,,,,,,,,,,,,,13.0,17.0,,15.5,
1999-02-26,,,,,,,,,,,,,,,,,,,,,,,,,,,,,,,,,,,,,,,,,13.0,17.0,,15.5,
1999-02-27,,,,,,,,,,,,,,,,,,,,,,,,,,,,,,,,,,,,,,,,,13.0,17.0,,15.5,
1999-02-28,,,,,,,,,,,,,,,,,,,,,,,,,,,,,,,,,,,,,,,,,13.0,17.0,,15.5,
1999-03-01,,,,,,,,,,,,,,,,,,,,,,,,,,,,,,,,,,,,,,,,,13.0,17.0,,15.5,
1999-03-02,,,,,,,,,,,,,,,,,,,,,,,,,,,,,,,,,,,,,,,,,13.0,17.0,,15.5,
1999-03-03,,,,,,,,,,,,,,,,,,,,,,,,,,,,,,,,,,,,,,,,,13.0,17.0,,15.5,
1999-03-04,,,,,,,,,,,,,,,,,,,,,,,,,,,,,,,,,,,,,,,,,13.0,17.0,,15.5,
1999-03-05,,,,,,,,,,,,,,,,,,,,,,,,,,,,,,,,,,,,,,,,,13.0,17.0,,15.5,
1999-03-06,,,,,,,,,,,,,,,,,,,,,,,,,,,,,,,,,,,,,,,,,13.0,17.0,,15.5,
1999-03-07,,,,,,,,,,,,,,,,,,,,,,,,,,,,,,,,,,,,,,,,,13.0,17.0,,15.5,
1999-03-08,,,,,,,,,,,,,,,,,,,,,,,,,,,,,,,,,,,,,,,,,13.0,17.0,,15.5,
1999-03-09,,,,,,,,,,,,,,,,,,,,,,,,,,,,,,,,,,,,,,,,,13.0,17.0,,15.5,
1999-03-10,,,,,,,,,,,,,,,,,,,,,,,,,,,,,,,,,,,,,,,,,13.0,17.0,,15.5,
1999-03-11,,,,,,,,,,,,,,,,,,,,,,,,,,,,,,,,,,,,,,,,,13.0,17.0,,15.5,
1999-03-12,,,,,,,,,,,,,,,,,,,,,,,,,,,,,,,,,,,,,,,,,13.0,17.0,,15.5,
1999-03-13,,,,,,,,,,,,,,,,,,,,,,,,,,,,,,,,,,,,,,,,,13.0,17.0,,15.5,
1999-03-14,,,,,,,,,,,,,,,,,,,,,,,,,,,,,,,,,,,,,,,,,13.0,17.0,,15.5,
1999-03-15,,,,,,,,,,,,,,,,,,,,,,,,,,,,,,,,,,,,,,,,,13.0,17.0,,15.5,
1999-03-16,,,,,,,,,,,,,,,,,,,,,,,,,,,,,,,,,,,,,,,,,13.0,17.0,,15.5,
1999-03-17,,,,,,,,,,,,,,,,,,,,,,,,,,,,,,,,,,,,,,,,,13.0,17.0,,15.5,
1999-03-18,,,,,,,,,,,,,,,,,,,,,,,,,,,,,,,,,,,,,,,,,13.0,17.0,,15.5,
1999-03-19,,,,,,,,,,,,,,,,,,,,,,,,,,,,,,,,,,,,,,,,,13.0,17.0,,15.5,
1999-03-20,,,,,,,,,,,,,,,,,,,,,,,,,,,,,,,,,,,,,,,,,13.0,17.0,,15.5,
1999-03-21,,,,,,,,,,,,,,,,,,,,,,,,,,,,,,,,,,,,,,,,,13.0,17.0,,15.5,
1999-03-22,,,,,,,,,,,,,,,,,,,,,,,,,,,,,,,,,,,,,,,,,13.0,17.0,,15.5,
1999-03-23,,,,,,,,,,,,,,,,,,,,,,,,,,,,,,,,,,,,,,,,,13.0,17.0,,15.5,
1999-03-24,,,,,,,,,,,,,,,,,,,,,,,,,,,,,,,,,,,,,,,,,13.0,17.0,,15.5,
1999-03-25,,,,,,,,,,,,,,,,,,,,,,,,,,,,,,,,,,,,,,,,,13.0,17.0,,15.5,
1999-03-26,,,,,,,,,,,,,,,,,,,,,,,,,,,,,,,,,,,,,,,,,13.0,17.0,,15.5,
1999-03-27,,,,,,,,,,,,,,,,,,,,,,,,,,,,,,,,,,,,,,,,,13.0,17.0,,15.5,
1999-03-28,,,,,,,,,,,,,,,,,,,,,,,,,,,,,,,,,,,,,,,,,13.0,17.0,,15.5,
1999-03-29,,,,,,,,,,,,,,,,,,,,,,,,,,,,,,,,,,,,,,,,,13.0,17.0,,15.5,
1999-03-30,,,,,,,,,,,,,,,,,,,,,,,,,,,,,,,,,,,,,,,,,13.0,17.0,,15.5,
1999-03-31,,,,,,,,,,,,,,,,,,,,,,,,,,,,,,,,,,,,,,,,,13.0,17.0,,15.5,
1999-04-01,,,,,,,,,,,,,,,,,,,,,,,,,,,,,,,,,,,,,,,,,13.0,17.0,,15.5,
1999-04-02,,,,,,,,,,,,,,,,,,,,,,,,,,,,,,,,,,,,,,,,,13.0,17.0,,15.5,
1999-04-03,,,,,,,,,,,,,,,,,,,,,,,,,,,,,,,,,,,,,,,,,13.0,17.0,,15.5,
1999-04-04,,,,,,,,,,,,,,,,,,,,,,,,,,,,,,,,,,,,,,,,,13.0,17.0,,15.5,
1999-04-05,,,,,,,,,,,,,,,,,,,,,,,,,,,,,,,,,,,,,,,,,13.0,17.0,,15.5,
1999-04-06,,,,,,,,,,,,,,,,,,,,,,,,,,,,,,,,,,,,,,,,,13.0,17.0,,15.5,
1999-04-07,,,,,,,,,,,,,,,,,,,,,,,,,,,,,,,,,,,,,,,,,13.0,17.0,,15.5,
1999-04-08,,,,,,,,,,,,,,,,,,,,,,,,,,,,,,,,,,,,,,,,,13.0,17.0,,15.5,
1999-04-09,,,,,,,,,,,,,,,,,,,,,,,,,,,,,,,,,,,,,,,,,13.0,17.0,,15.5,
1999-04-10,,,,,,,,,,,,,,,,,,,,,,,,,,,,,,,,,,,,,,,,,13.0,17.0,,15.5,
1999-04-11,,,,,,,,,,,,,,,,,,,,,,,,,,,,,,,,,,,,,,,,,13.0,17.0,,15.5,
1999-04-12,,,,,,,,,,,,,,,,,,,,,,,,,,,,,,,,,,,,,,,,,13.0,17.0,,15.5,
1999-04-13,,,,,,,,,,,,,,,,,,,,,,,,,,,,,,,,,,,,,,,,,13.0,17.0,,15.5,
1999-04-14,,,,,,,,,,,,,,,,,,,,,,,,,,,,,,,,,,,,,,,,,13.0,17.0,,15.5,
1999-04-15,,,,,,,,,,,,,,,,,,,,,,,,,,,,,,,,,,,,,,,,,13.0,17.0,,15.5,
1999-04-16,,,,,,,,,,,,,,,,,,,,,,,,,,,,,,,,,,,,,,,,,13.0,17.0,,15.5,
1999-04-17,,,,,,,,,,,,,,,,,,,,,,,,,,,,,,,,,,,,,,,,,13.0,17.0,,15.5,
1999-04-18,,,,,,,,,,,,,,,,,,,,,,,,,,,,,,,,,,,,,,,,,13.0,17.0,,15.5,
1999-04-19,,,,,,,,,,,,,,,,,,,,,,,,,,,,,,,,,,,,,,,,,13.0,17.0,,15.5,
1999-04-20,,,,,,,,,,,,,,,,,,,,,,,,,,,,,,,,,,,,,,,,,13.0,17.0,,15.5,
1999-04-21,,,,,,,,,,,,,,,,,,,,,,,,,,,,,,,,,,,,,,,,,13.0,17.0,,15.5,
1999-04-22,,,,,,,,,,,,,,,,,,,,,,,,,,,,,,,,,,,,,,,,,13.0,17.0,,15.5,
1999-04-23,,,,,,,,,,,,,,,,,,,,,,,,,,,,,,,,,,,,,,,,,13.0,17.0,,15.5,
1999-04-24,,,,,,,,,,,,,,,,,,,,,,,,,,,,,,,,,,,,,,,,,13.0,17.0,,15.5,
1999-04-25,,,,,,,,,,,,,,,,,,,,,,,,,,,,,,,,,,,,,,,,,13.0,17.0,,15.5,
1999-04-26,,,,,,,,,,,,,,,,,,,,,,,,,,,,,,,,,,,,,,,,,13.0,17.0,,15.5,
1999-04-27,,,,,,,,,,,,,,,,,,,,,,,,,,,,,,,,,,,,,,,,,13.0,17.0,,15.5,
1999-04-28,,,,,,,,,,,,,,,,,,,,,,,,,,,,,,,,,,,,,,,,,13.0,17.0,,15.5,
1999-04-29,,,,,,,,,,,,,,,,,,,,,,,,,,,,,,,,,,,,,,,,,13.0,17.0,,15.5,
1999-04-30,,,,,,,,,,,,,,,,,,,,,,,,,,,,,,,,,,,,,,,,,13.0,17.0,,15.5,
1999-05-01,,,,,,,,,,,,,,,,,,,,,,,,,,,,,,,,,,,,,,,,,13.0,17.0,,15.5,
1999-05-02,,,,,,,,,,,,,,,,,,,,,,,,,,,,,,,,,,,,,,,,,13.0,17.0,,15.5,
1999-05-03,,,,,,,,,,,,,,,,,,,,,,,,,,,,,,,,,,,,,,,,,13.0,17.0,,15.5,
1999-05-04,,,,,,,,,,,,,,,,,,,,,,,,,,,,,,,,,,,,,,,,,13.0,17.0,,15.5,
1999-05-05,,,,,,,,,,,,,,,,,,,,,,,,,,,,,,,,,,,,,,,,,13.0,17.0,,15.5,
1999-05-06,,,,,,,,,,,,,,,,,,,,,,,,,,,,,,,,,,,,,,,,,13.0,17.0,,15.5,
1999-05-07,,,,,,,,,,,,,,,,,,,,,,,,,,,,,,,,,,,,,,,,,13.0,17.0,,15.5,
1999-05-08,,,,,,,,,,,,,,,,,,,,,,,,,,,,,,,,,,,,,,,,,13.0,17.0,,15.5,
1999-05-09,,,,,,,,,,,,,,,,,,,,,,,,,,,,,,,,,,,,,,,,,13.0,17.0,,15.5,
1999-05-10,,,,,,,,,,,,,,,,,,,,,,,,,,,,,,,,,,,,,,,,,13.0,17.0,,15.5,
1999-05-11,,,,,,,,,,,,,,,,,,,,,,,,,,,,,,,,,,,,,,,,,13.0,17.0,,15.5,
1999-05-12,,,,,,,,,,,,,,,,,,,,,,,,,,,,,,,,,,,,,,,,,13.0,17.0,,15.5,
1999-05-13,,,,,,,,,,,,,,,,,,,,,,,,,,,,,,,,,,,,,,,,,13.0,17.0,,15.5,
1999-05-14,,,,,,,,,,,,,,,,,,,,,,,,,,,,,,,,,,,,,,,,,13.0,17.0,,15.5,
1999-05-15,,,,,,,,,,,,,,,,,,,,,,,,,,,,,,,,,,,,,,,,,13.0,17.0,,15.5,
1999-05-16,,,,,,,,,,,,,,,,,,,,,,,,,,,,,,,,,,,,,,,,,13.0,17.0,,15.5,
1999-05-17,,,,,,,,,,,,,,,,,,,,,,,,,,,,,,,,,,,,,,,,,13.0,17.0,,15.5,
1999-05-18,,,,,,,,,,,,,,,,,,,,,,,,,,,,,,,,,,,,,,,,,13.0,17.0,,15.5,
1999-05-19,,,,,,,,,,,,,,,,,,,,,,,,,,,,,,,,,,,,,,,,,13.0,17.0,,15.5,
1999-05-20,,,,,,,,,,,,,,,,,,,,,,,,,,,,,,,,,,,,,,,,,13.0,17.0,,15.5,
1999-05-21,,,,,,,,,,,,,,,,,,,,,,,,,,,,,,,,,,,,,,,,,13.0,17.0,,15.5,
1999-05-22,,,,,,,,,,,,,,,,,,,,,,,,,,,,,,,,,,,,,,,,,13.0,17.0,,15.5,
1999-05-23,,,,,,,,,,,,,,,,,,,,,,,,,,,,,,,,,,,,,,,,,13.0,17.0,,15.5,
1999-05-24,,,,,,,,,,,,,,,,,,,,,,,,,,,,,,,,,,,,,,,,,13.0,17.0,,15.5,
1999-05-25,,,,,,,,,,,,,,,,,,,,,,,,,,,,,,,,,,,,,,,,,13.0,17.0,,15.5,
1999-05-26,,,,,,,,,,,,,,,,,,,,,,,,,,,,,,,,,,,,,,,,,13.0,17.0,,15.5,
1999-05-27,,,,,,,,,,,,,,,,,,,,,,,,,,,,,,,,,,,,,,,,,13.0,17.0,,15.5,
1999-05-28,,,,,,,,,,,,,,,,,,,,,,,,,,,,,,,,,,,,,,,,,13.0,17.0,,15.5,
1999-05-29,,,,,,,,,,,,,,,,,,,,,,,,,,,,,,,,,,,,,,,,,13.0,17.0,,15.5,
1999-05-30,,,,,,,,,,,,,,,,,,,,,,,,,,,,,,,,,,,,,,,,,13.0,17.0,,15.5,
1999-05-31,,,,,,,,,,,,,,,,,,,,,,,,,,,,,,,,,,,,,,,,,13.0,17.0,,15.5,
1999-06-01,,,,,,,,,,,,,,,,,,,,,,,,,,,,,,,,,,,,,,,,,13.0,17.0,,15.5,
1999-06-02,,,,,,,,,,,,,,,,,,,,,,,,,,,,,,,,,,,,,,,,,13.0,17.0,,15.5,
1999-06-03,,,,,,,,,,,,,,,,,,,,,,,,,,,,,,,,,,,,,,,,,13.0,17.0,,15.5,
1999-06-04,,,,,,,,,,,,,,,,,,,,,,,,,,,,,,,,,,,,,,,,,13.0,17.0,,15.5,
1999-06-05,,,,,,,,,,,,,,,,,,,,,,,,,,,,,,,,,,,,,,,,,13.0,17.0,,15.5,
1999-06-06,,,,,,,,,,,,,,,,,,,,,,,,,,,,,,,,,,,,,,,,,13.0,17.0,,15.5,
1999-06-07,,,,,,,,,,,,,,,,,,,,,,,,,,,,,,,,,,,,,,,,,13.0,17.0,,15.5,
1999-06-08,,,,,,,,,,,,,,,,,,,,,,,,,,,,,,,,,,,,,,,,,13.0,17.0,,15.5,
1999-06-09,,,,,,,,,,,,,,,,,,,,,,,,,,,,,,,,,,,,,,,,,13.0,17.0,,15.5,
1999-06-10,,,,,,,,,,,,,,,,,,,,,,,,,,,,,,,,,,,,,,,,,13.0,17.0,,15.5,
1999-06-11,,,,,,,,,,,,,,,,,,,,,,,,,,,,,,,,,,,,,,,,,13.0,17.0,,15.5,
1999-06-12,,,,,,,,,,,,,,,,,,,,,,,,,,,,,,,,,,,,,,,,,13.0,17.0,,15.5,
1999-06-13,,,,,,,,,,,,,,,,,,,,,,,,,,,,,,,,,,,,,,,,,13.0,17.0,,15.5,
1999-06-14,,,,,,,,,,,,,,,,,,,,,,,,,,,,,,,,,,,,,,,,,13.0,17.0,,15.5,
1999-06-15,,,,,,,,,,,,,,,,,,,,,,,,,,,,,,,,,,,,,,,,,13.0,17.0,,15.5,
1999-06-16,,,,,,,,,,,,,,,,,,,,,,,,,,,,,,,,,,,,,,,,,13.0,17.0,,15.5,
1999-06-17,,,,,,,,,,,,,,,,,,,,,,,,,,,,,,,,,,,,,,,,,13.0,17.0,,15.5,
1999-06-18,,,,,,,,,,,,,,,,,,,,,,,,,,,,,,,,,,,,,,,,,13.0,17.0,,15.5,
1999-06-19,,,,,,,,,,,,,,,,,,,,,,,,,,,,,,,,,,,,,,,,,13.0,17.0,,15.5,
1999-06-20,,,,,,,,,,,,,,,,,,,,,,,,,,,,,,,,,,,,,,,,,13.0,17.0,,15.5,
1999-06-21,,,,,,,,,,,,,,,,,,,,,,,,,,,,,,,,,,,,,,,,,13.0,17.0,,15.5,
1999-06-22,,,,,,,,,,,,,,,,,,,,,,,,,,,,,,,,,,,,,,,,,13.0,17.0,,15.5,
1999-06-23,,,,,,,,,,,,,,,,,,,,,,,,,,,,,,,,,,,,,,,,,13.0,17.0,,15.5,
1999-06-24,,,,,,,,,,,,,,,,,,,,,,,,,,,,,,,,,,,,,,,,,13.0,17.0,,15.5,
1999-06-25,,,,,,,,,,,,,,,,,,,,,,,,,,,,,,,,,,,,,,,,,13.0,17.0,,15.5,
1999-06-26,,,,,,,,,,,,,,,,,,,,,,,,,,,,,,,,,,,,,,,,,13.0,17.0,,15.5,
1999-06-27,,,,,,,,,,,,,,,,,,,,,,,,,,,,,,,,,,,,,,,,,13.0,17.0,,15.5,
1999-06-28,,,,,,,,,,,,,,,,,,,,,,,,,,,,,,,,,,,,,,,,,13.0,17.0,,15.5,
1999-06-29,,,,,,,,,,,,,,,,,,,,,,,,,,,,,,,,,,,,,,,,,13.0,17.0,,15.5,
1999-06-30,,,,,,,,,,,,,,,,,,,,,,,,,,,,,,,,,,,,,,,,,13.0,17.0,,15.5,
1999-07-01,,,,,,,,,,,,,,,,,,,,,,,,,,,,,,,,,,,,,,,,,13.0,17.0,,15.5,
1999-07-02,,,,,,,,,,,,,,,,,,,,,,,,,,,,,,,,,,,,,,,,,13.0,17.0,,15.5,
1999-07-03,,,,,,,,,,,,,,,,,,,,,,,,,,,,,,,,,,,,,,,,,13.0,17.0,,15.5,
1999-07-04,,,,,,,,,,,,,,,,,,,,,,,,,,,,,,,,,,,,,,,,,13.0,17.0,,15.5,
1999-07-05,,,,,,,,,,,,,,,,,,,,,,,,,,,,,,,,,,,,,,,,,13.0,17.0,,15.5,
1999-07-06,,,,,,,,,,,,,,,,,,,,,,,,,,,,,,,,,,,,,,,,,13.0,17.0,,15.5,
1999-07-07,,,,,,,,,,,,,,,,,,,,,,,,,,,,,,,,,,,,,,,,,13.0,17.0,,15.5,
1999-07-08,,,,,,,,,,,,,,,,,,,,,,,,,,,,,,,,,,,,,,,,,13.0,17.0,,15.5,
1999-07-09,,,,,,,,,,,,,,,,,,,,,,,,,,,,,,,,,,,,,,,,,13.0,17.0,,15.5,
1999-07-10,,,,,,,,,,,,,,,,,,,,,,,,,,,,,,,,,,,,,,,,,13.0,17.0,,15.5,
1999-07-11,,,,,,,,,,,,,,,,,,,,,,,,,,,,,,,,,,,,,,,,,13.0,17.0,,15.5,
1999-07-12,,,,,,,,,,,,,,,,,,,,,,,,,,,,,,,,,,,,,,,,,13.0,17.0,,15.5,
1999-07-13,,,,,,,,,,,,,,,,,,,,,,,,,,,,,,,,,,,,,,,,,13.0,17.0,,15.5,
1999-07-14,,,,,,,,,,,,,,,,,,,,,,,,,,,,,,,,,,,,,,,,,13.0,17.0,,15.5,
1999-07-15,,,,,,,,,,,,,,,,,,,,,,,,,,,,,,,,,,,,,,,,,13.0,17.0,,15.5,
1999-07-16,,,,,,,,,,,,,,,,,,,,,,,,,,,,,,,,,,,,,,,,,13.0,17.0,,15.5,
1999-07-17,,,,,,,,,,,,,,,,,,,,,,,,,,,,,,,,,,,,,,,,,13.0,17.0,,15.5,
1999-07-18,,,,,,,,,,,,,,,,,,,,,,,,,,,,,,,,,,,,,,,,,13.0,17.0,,15.5,
1999-07-19,,,,,,,,,,,,,,,,,,,,,,,,,,,,,,,,,,,,,,,,,13.0,17.0,,15.5,
1999-07-20,,,,,,,,,,,,,,,,,,,,,,,,,,,,,,,,,,,,,,,,,13.0,17.0,,15.5,
1999-07-21,,,,,,,,,,,,,,,,,,,,,,,,,,,,,,,,,,,,,,,,,13.0,17.0,,15.5,
1999-07-22,,,,,,,,,,,,,,,,,,,,,,,,,,,,,,,,,,,,,,,,,13.0,17.0,,15.5,
1999-07-23,,,,,,,,,,,,,,,,,,,,,,,,,,,,,,,,,,,,,,,,,13.0,17.0,,15.5,
1999-07-24,,,,,,,,,,,,,,,,,,,,,,,,,,,,,,,,,,,,,,,,,13.0,17.0,,15.5,
1999-07-25,,,,,,,,,,,,,,,,,,,,,,,,,,,,,,,,,,,,,,,,,13.0,17.0,,15.5,
1999-07-26,,,,,,,,,,,,,,,,,,,,,,,,,,,,,,,,,,,,,,,,,13.0,17.0,,15.5,
1999-07-27,,,,,,,,,,,,,,,,,,,,,,,,,,,,,,,,,,,,,,,,,13.0,17.0,,15.5,
1999-07-28,,,,,,,,,,,,,,,,,,,,,,,,,,,,,,,,,,,,,,,,,13.0,17.0,,15.5,
1999-07-29,,,,,,,,,,,,,,,,,,,,,,,,,,,,,,,,,,,,,,,,,13.0,17.0,,15.5,
1999-07-30,,,,,,,,,,,,,,,,,,,,,,,,,,,,,,,,,,,,,,,,,13.0,17.0,,15.5,
1999-07-31,,,,,,,,,,,,,,,,,,,,,,,,,,,,,,,,,,,,,,,,,13.0,17.0,,15.5,
1999-08-01,,,,,,,,,,,,,,,,,,,,,,,,,,,,,,,,,,,,,,,,,13.0,17.0,,15.5,
1999-08-02,,,,,,,,,,,,,,,,,,,,,,,,,,,,,,,,,,,,,,,,,13.0,17.0,,15.5,
1999-08-03,,,,,,,,,,,,,,,,,,,,,,,,,,,,,,,,,,,,,,,,,13.0,17.0,,15.5,
1999-08-04,,,,,,,,,,,,,,,,,,,,,,,,,,,,,,,,,,,,,,,,,13.0,17.0,,15.5,
1999-08-05,,,,,,,,,,,,,,,,,,,,,,,,,,,,,,,,,,,,,,,,,13.0,17.0,,15.5,
1999-08-06,,,,,,,,,,,,,,,,,,,,,,,,,,,,,,,,,,,,,,,,,13.0,17.0,,15.5,
1999-08-07,,,,,,,,,,,,,,,,,,,,,,,,,,,,,,,,,,,,,,,,,13.0,17.0,,15.5,
1999-08-08,,,,,,,,,,,,,,,,,,,,,,,,,,,,,,,,,,,,,,,,,13.0,17.0,,15.5,
1999-08-09,,,,,,,,,,,,,,,,,,,,,,,,,,,,,,,,,,,,,,,,,13.0,17.0,,15.5,
1999-08-10,,,,,,,,,,,,,,,,,,,,,,,,,,,,,,,,,,,,,,,,,13.0,17.0,,15.5,
1999-08-11,,,,,,,,,,,,,,,,,,,,,,,,,,,,,,,,,,,,,,,,,13.0,17.0,,15.5,
1999-08-12,,,,,,,,,,,,,,,,,,,,,,,,,,,,,,,,,,,,,,,,,13.0,17.0,,15.5,
1999-08-13,,,,,,,,,,,,,,,,,,,,,,,,,,,,,,,,,,,,,,,,,13.0,17.0,,15.5,
1999-08-14,,,,,,,,,,,,,,,,,,,,,,,,,,,,,,,,,,,,,,,,,13.0,17.0,,15.5,
1999-08-15,,,,,,,,,,,,,,,,,,,,,,,,,,,,,,,,,,,,,,,,,13.0,17.0,,15.5,
1999-08-16,,,,,,,,,,,,,,,,,,,,,,,,,,,,,,,,,,,,,,,,,13.0,17.0,,15.5,
1999-08-17,,,,,,,,,,,,,,,,,,,,,,,,,,,,,,,,,,,,,,,,,13.0,17.0,,15.5,
1999-08-18,,,,,,,,,,,,,,,,,,,,,,,,,,,,,,,,,,,,,,,,,13.0,17.0,,15.5,
1999-08-19,,,,,,,,,,,,,,,,,,,,,,,,,,,,,,,,,,,,,,,,,13.0,17.0,,15.5,
1999-08-20,,,,,,,,,,,,,,,,,,,,,,,,,,,,,,,,,,,,,,,,,13.0,17.0,,15.5,
1999-08-21,,,,,,,,,,,,,,,,,,,,,,,,,,,,,,,,,,,,,,,,,13.0,17.0,,15.5,
1999-08-22,,,,,,,,,,,,,,,,,,,,,,,,,,,,,,,,,,,,,,,,,13.0,17.0,,15.5,
1999-08-23,,,,,,,,,,,,,,,,,,,,,,,,,,,,,,,,,,,,,,,,,13.0,17.0,,15.5,
1999-08-24,,,,,,,,,,,,,,,,,,,,,,,,,,,,,,,,,,,,,,,,,13.0,17.0,,15.5,
1999-08-25,,,,,,,,,,,,,,,,,,,,,,,,,,,,,,,,,,,,,,,,,13.0,17.0,,15.5,
1999-08-26,,,,,,,,,,,,,,,,,,,,,,,,,,,,,,,,,,,,,,,,,13.0,17.0,,15.5,
1999-08-27,,,,,,,,,,,,,,,,,,,,,,,,,,,,,,,,,,,,,,,,,13.0,17.0,,15.5,
1999-08-28,,,,,,,,,,,,,,,,,,,,,,,,,,,,,,,,,,,,,,,,,13.0,17.0,,15.5,
1999-08-29,,,,,,,,,,,,,,,,,,,,,,,,,,,,,,,,,,,,,,,,,13.0,17.0,,15.5,
1999-08-30,,,,,,,,,,,,,,,,,,,,,,,,,,,,,,,,,,,,,,,,,13.0,17.0,,15.5,
1999-08-31,,,,,,,,,,,,,,,,,,,,,,,,,,,,,,,,,,,,,,,,,13.0,17.0,,15.5,
1999-09-01,,,,,,,,,,,,,,,,,,,,,,,,,,,,,,,,,,,,,,,,,13.0,17.0,,15.5,
1999-09-02,,,,,,,,,,,,,,,,,,,,,,,,,,,,,,,,,,,,,,,,,13.0,17.0,,15.5,
1999-09-03,,,,,,,,,,,,,,,,,,,,,,,,,,,,,,,,,,,,,,,,,13.0,17.0,,15.5,
1999-09-04,,,,,,,,,,,,,,,,,,,,,,,,,,,,,,,,,,,,,,,,,13.0,17.0,,15.5,
1999-09-05,,,,,,,,,,,,,,,,,,,,,,,,,,,,,,,,,,,,,,,,,13.0,17.0,,15.5,
1999-09-06,,,,,,,,,,,,,,,,,,,,,,,,,,,,,,,,,,,,,,,,,13.0,17.0,,15.5,
1999-09-07,,,,,,,,,,,,,,,,,,,,,,,,,,,,,,,,,,,,,,,,,13.0,17.0,,15.5,
1999-09-08,,,,,,,,,,,,,,,,,,,,,,,,,,,,,,,,,,,,,,,,,13.0,17.0,,15.5,
1999-09-09,,,,,,,,,,,,,,,,,,,,,,,,,,,,,,,,,,,,,,,,,13.0,17.0,,15.5,
1999-09-10,,,,,,,,,,,,,,,,,,,,,,,,,,,,,,,,,,,,,,,,,13.0,17.0,,15.5,
1999-09-11,,,,,,,,,,,,,,,,,,,,,,,,,,,,,,,,,,,,,,,,,13.0,17.0,,15.5,
1999-09-12,,,,,,,,,,,,,,,,,,,,,,,,,,,,,,,,,,,,,,,,,13.0,17.0,,15.5,
1999-09-13,,,,,,,,,,,,,,,,,,,,,,,,,,,,,,,,,,,,,,,,,13.0,17.0,,15.5,
1999-09-14,,,,,,,,,,,,,,,,,,,,,,,,,,,,,,,,,,,,,,,,,13.0,17.0,,15.5,
1999-09-15,,,,,,,,,,,,,,,,,,,,,,,,,,,,,,,,,,,,,,,,,13.0,17.0,,15.5,
1999-09-16,,,,,,,,,,,,,,,,,,,,,,,,,,,,,,,,,,,,,,,,,13.0,17.0,,15.5,
1999-09-17,,,,,,,,,,,,,,,,,,,,,,,,,,,,,,,,,,,,,,,,,13.0,17.0,,15.5,
1999-09-18,,,,,,,,,,,,,,,,,,,,,,,,,,,,,,,,,,,,,,,,,13.0,17.0,,15.5,
1999-09-19,,,,,,,,,,,,,,,,,,,,,,,,,,,,,,,,,,,,,,,,,13.0,17.0,,15.5,
1999-09-20,,,,,,,,,,,,,,,,,,,,,,,,,,,,,,,,,,,,,,,,,13.0,17.0,,15.5,
1999-09-21,,,,,,,,,,,,,,,,,,,,,,,,,,,,,,,,,,,,,,,,,13.0,17.0,,15.5,
1999-09-22,,,,,,,,,,,,,,,,,,,,,,,,,,,,,,,,,,,,,,,,,13.0,17.0,,15.5,
1999-09-23,,,,,,,,,,,,,,,,,,,,,,,,,,,,,,,,,,,,,,,,,14.0,17.0,,15.5,
1999-09-24,,,,,,,,,,,,,,,,,,,,,,,,,,,,,,,,,,,,,,,,,14.0,17.0,,15.5,
1999-09-25,,,,,,,,,,,,,,,,,,,,,,,,,,,,,,,,,,,,,,,,,14.0,17.0,,15.5,
1999-09-26,,,,,,,,,,,,,,,,,,,,,,,,,,,,,,,,,,,,,,,,,14.0,17.0,,15.5,
1999-09-27,,,,,,,,,,,,,,,,,,,,,,,,,,,,,,,,,,,,,,,,,14.0,17.0,,15.5,
1999-09-28,,,,,,,,,,,,,,,,,,,,,,,,,,,,,,,,,,,,,,,,,14.0,17.0,,15.5,
1999-09-29,,,,,,,,,,,,,,,,,,,,,,,,,,,,,,,,,,,,,,,,,14.0,17.0,,15.5,
1999-09-30,,,,,,,,,,,,,,,,,,,,,,,,,,,,,,,,,,,,,,,,,14.0,17.0,,15.5,
1999-10-01,,,,,,,,,,,,,,,,,,,,,,,,,,,,,,,,,,,,,,,,,14.0,17.0,,15.5,
1999-10-02,,,,,,,,,,,,,,,,,,,,,,,,,,,,,,,,,,,,,,,,,14.0,17.0,,15.5,
1999-10-03,,,,,,,,,,,,,,,,,,,,,,,,,,,,,,,,,,,,,,,,,14.0,17.0,,15.5,
1999-10-04,,,,,,,,,,,,,,,,,,,,,,,,,,,,,,,,,,,,,,,,,14.0,17.0,,15.5,
1999-10-05,,,,,,,,,,,,,,,,,,,,,,,,,,,,,,,,,,,,,,,,,14.0,17.0,,15.5,
1999-10-06,,,,,,,,,,,,,,,,,,,,,,,,,,,,,,,,,,,,,,,,,14.0,17.0,,15.5,
1999-10-07,,,,,,,,,,,,,,,,,,,,,,,,,,,,,,,,,,,,,,,,,14.0,17.0,,15.5,
1999-10-08,,,,,,,,,,,,,,,,,,,,,,,,,,,,,,,,,,,,,,,,,14.0,17.0,,15.5,
1999-10-09,,,,,,,,,,,,,,,,,,,,,,,,,,,,,,,,,,,,,,,,,14.0,17.0,,15.5,
1999-10-10,,,,,,,,,,,,,,,,,,,,,,,,,,,,,,,,,,,,,,,,,14.0,17.0,,15.5,
1999-10-11,,,,,,,,,,,,,,,,,,,,,,,,,,,,,,,,,,,,,,,,,14.0,17.0,,15.5,
1999-10-12,,,,,,,,,,,,,,,,,,,,,,,,,,,,,,,,,,,,,,,,,14.0,17.0,,15.5,
1999-10-13,,,,,,,,,,,,,,,,,,,,,,,,,,,,,,,,,,,,,,,,,14.0,17.0,,15.5,
1999-10-14,,,,,,,,,,,,,,,,,,,,,,,,,,,,,,,,,,,,,,,,,14.0,17.0,,15.5,
1999-10-15,,,,,,,,,,,,,,,,,,,,,,,,,,,,,,,,,,,,,,,,,14.0,17.0,,15.5,
1999-10-16,,,,,,,,,,,,,,,,,,,,,,,,,,,,,,,,,,,,,,,,,14.0,17.0,,15.5,
1999-10-17,,,,,,,,,,,,,,,,,,,,,,,,,,,,,,,,,,,,,,,,,14.0,17.0,,15.5,
1999-10-18,,,,,,,,,,,,,,,,,,,,,,,,,,,,,,,,,,,,,,,,,14.0,17.0,,15.5,
1999-10-19,,,,,,,,,,,,,,,,,,,,,,,,,,,,,,,,,,,,,,,,,14.0,17.0,,15.5,
1999-10-20,,,,,,,,,,,,,,,,,,,,,,,,,,,,,,,,,,,,,,,,,14.0,17.0,,15.5,
1999-10-21,,,,,,,,,,,,,,,,,,,,,,,,,,,,,,,,,,,,,,,,,14.0,17.0,,15.5,
1999-10-22,,,,,,,,,,,,,,,,,,,,,,,,,,,,,,,,,,,,,,,,,14.0,17.0,,15.5,
1999-10-23,,,,,,,,,,,,,,,,,,,,,,,,,,,,,,,,,,,,,,,,,14.0,17.0,,15.5,
1999-10-24,,,,,,,,,,,,,,,,,,,,,,,,,,,,,,,,,,,,,,,,,14.0,17.0,,15.5,
1999-10-25,,,,,,,,,,,,,,,,,,,,,,,,,,,,,,,,,,,,,,,,,14.0,17.0,,15.5,
1999-10-26,,,,,,,,,,,,,,,,,,,,,,,,,,,,,,,,,,,,,,,,,14.0,17.0,,15.5,
1999-10-27,,,,,,,,,,,,,,,,,,,,,,,,,,,,,,,,,,,,,,,,,14.0,17.0,,15.5,
1999-10-28,,,,,,,,,,,,,,,,,,,,,,,,,,,,,,,,,,,,,,,,,14.0,17.0,,15.5,
1999-10-29,,,,,,,,,,,,,,,,,,,,,,,,,,,,,,,,,,,,,,,,,14.0,17.0,,15.5,
1999-10-30,,,,,,,,,,,,,,,,,,,,,,,,,,,,,,,,,,,,,,,,,14.0,17.0,,15.5,
1999-10-31,,,,,,,,,,,,,,,,,,,,,,,,,,,,,,,,,,,,,,,,,14.0,17.0,,15.5,
1999-11-01,,,,,,,,,,,,,,,,,,,,,,,,,,,,,,,,,,,,,,,,,14.0,17.0,,15.5,
1999-11-02,,,,,,,,,,,,,,,,,,,,,,,,,,,,,,,,,,,,,,,,,14.0,17.0,,15.5,
1999-11-03,,,,,,,,,,,,,,,,,,,,,,,,,,,,,,,,,,,,,,,,,14.0,17.0,,15.5,
1999-11-04,,,,,,,,,,,,,,,,,,,,,,,,,,,,,,,,,,,,,,,,,14.0,17.0,,15.5,
1999-11-05,,,,,,,,,,,,,,,,,,,,,,,,,,,,,,,,,,,,,,,,,14.0,17.0,,15.5,
1999-11-06,,,,,,,,,,,,,,,,,,,,,,,,,,,,,,,,,,,,,,,,,14.0,17.0,,15.5,
1999-11-07,,,,,,,,,,,,,,,,,,,,,,,,,,,,,,,,,,,,,,,,,14.0,17.0,,15.5,
1999-11-08,,,,,,,,,,,,,,,,,,,,,,,,,,,,,,,,,,,,,,,,,14.0,17.0,,15.5,
1999-11-09,,,,,,,,,,,,,,,,,,,,,,,,,,,,,,,,,,,,,,,,,14.0,17.0,,15.5,
1999-11-10,,,,,,,,,,,,,,,,,,,,,,,,,,,,,,,,,,,,,,,,,14.0,17.0,,15.5,
1999-11-11,,,,,,,,,,,,,,,,,,,,,,,,,,,,,,,,,,,,,,,,,14.0,17.0,,15.5,
1999-11-12,,,,,,,,,,,,,,,,,,,,,,,,,,,,,,,,,,,,,,,,,14.0,17.0,,15.5,
1999-11-13,,,,,,,,,,,,,,,,,,,,,,,,,,,,,,,,,,,,,,,,,14.0,17.0,,15.5,
1999-11-14,,,,,,,,,,,,,,,,,,,,,,,,,,,,,,,,,,,,,,,,,14.0,17.0,,15.5,
1999-11-15,,,,,,,,,,,,,,,,,,,,,,,,,,,,,,,,,,,,,,,,,14.0,17.0,,15.5,
1999-11-16,,,,,,,,,,,,,,,,,,,,,,,,,,,,,,,,,,,,,,,,,14.0,17.0,,15.5,
1999-11-17,,,,,,,,,,,,,,,,,,,,,,,,,,,,,,,,,,,,,,,,,14.0,17.0,,15.5,
1999-11-18,,,,,,,,,,,,,,,,,,,,,,,,,,,,,,,,,,,,,,,,,16.5,20.5,,19.0,
1999-11-19,,,,,,,,,,,,,,,,,,,,,,,,,,,,,,,,,,,,,,,,,16.5,20.5,,19.0,
1999-11-20,,,,,,,,,,,,,,,,,,,,,,,,,,,,,,,,,,,,,,,,,16.5,20.5,,19.0,
1999-11-21,,,,,,,,,,,,,,,,,,,,,,,,,,,,,,,,,,,,,,,,,16.5,20.5,,19.0,
1999-11-22,,,,,,,,,,,,,,,,,,,,,,,,,,,,,,,,,,,,,,,,,16.5,20.5,,19.0,
1999-11-23,,,,,,,,,,,,,,,,,,,,,,,,,,,,,,,,,,,,,,,,,16.5,20.5,,19.0,
1999-11-24,,,,,,,,,,,,,,,,,,,,,,,,,,,,,,,,,,,,,,,,,16.5,20.5,,19.0,
1999-11-25,,,,,,,,,,,,,,,,,,,,,,,,,,,,,,,,,,,,,,,,,16.5,20.5,,19.0,
1999-11-26,,,,,,,,,,,,,,,,,,,,,,,,,,,,,,,,,,,,,,,,,16.5,20.5,,19.0,
1999-11-27,,,,,,,,,,,,,,,,,,,,,,,,,,,,,,,,,,,,,,,,,16.5,20.5,,19.0,
1999-11-28,,,,,,,,,,,,,,,,,,,,,,,,,,,,,,,,,,,,,,,,,16.5,20.5,,19.0,
1999-11-29,,,,,,,,,,,,,,,,,,,,,,,,,,,,,,,,,,,,,,,,,16.5,20.5,,19.0,
1999-11-30,,,,,,,,,,,,,,,,,,,,,,,,,,,,,,,,,,,,,,,,,16.5,20.5,,19.0,
1999-12-01,,,,,,,,,,,,,,,,,,,,,,,,,,,,,,,,,,,,,,,,,16.5,20.5,,19.0,
1999-12-02,,,,,,,,,,,,,,,,,,,,,,,,,,,,,,,,,,,,,,,,,16.5,20.5,,19.0,
1999-12-03,,,,,,,,,,,,,,,,,,,,,,,,,,,,,,,,,,,,,,,,,16.5,20.5,,19.0,
1999-12-04,,,,,,,,,,,,,,,,,,,,,,,,,,,,,,,,,,,,,,,,,16.5,20.5,,19.0,
1999-12-05,,,,,,,,,,,,,,,,,,,,,,,,,,,,,,,,,,,,,,,,,16.5,20.5,,19.0,
1999-12-06,,,,,,,,,,,,,,,,,,,,,,,,,,,,,,,,,,,,,,,,,16.5,20.5,,19.0,
1999-12-07,,,,,,,,,,,,,,,,,,,,,,,,,,,,,,,,,,,,,,,,,16.5,20.5,,19.0,
1999-12-08,,,,,,,,,,,,,,,,,,,,,,,,,,,,,,,,,,,,,,,,,16.5,20.5,,19.0,
1999-12-09,,,,,,,,,,,,,,,,,,,,,,,,,,,,,,,,,,,,,,,,,16.5,20.5,,19.0,
1999-12-10,,,,,,,,,,,,,,,,,,,,,,,,,,,,,,,,,,,,,,,,,16.5,20.5,,19.0,
1999-12-11,,,,,,,,,,,,,,,,,,,,,,,,,,,,,,,,,,,,,,,,,16.5,20.5,,19.0,
1999-12-12,,,,,,,,,,,,,,,,,,,,,,,,,,,,,,,,,,,,,,,,,16.5,20.5,,19.0,
1999-12-13,,,,,,,,,,,,,,,,,,,,,,,,,,,,,,,,,,,,,,,,,16.5,20.5,,19.0,
1999-12-14,,,,,,,,,,,,,,,,,,,,,,,,,,,,,,,,,,,,,,,,,16.5,20.5,,19.0,
1999-12-15,,,,,,,,,,,,,,,,,,,,,,,,,,,,,,,,,,,,,,,,,16.5,20.5,,19.0,
1999-12-16,,,,,,,,,,,,,,,,,,,,,,,,,,,,,,,,,,,,,,,,,16.5,20.5,,19.0,
1999-12-17,,,,,,,,,,,,,,,,,,,,,,,,,,,,,,,,,,,,,,,,,16.5,20.5,,19.0,
1999-12-18,,,,,,,,,,,,,,,,,,,,,,,,,,,,,,,,,,,,,,,,,16.5,20.5,,19.0,
1999-12-19,,,,,,,,,,,,,,,,,,,,,,,,,,,,,,,,,,,,,,,,,16.5,20.5,,19.0,
1999-12-20,,,,,,,,,,,,,,,,,,,,,,,,,,,,,,,,,,,,,,,,,16.5,20.5,,19.0,
1999-12-21,,,,,,,,,,,,,,,,,,,,,,,,,,,,,,,,,,,,,,,,,16.5,20.5,,19.0,
1999-12-22,,,,,,,,,,,,,,,,,,,,,,,,,,,,,,,,,,,,,,,,,16.5,20.5,,19.0,
1999-12-23,,,,,,,,,,,,,,,,,,,,,,,,,,,,,,,,,,,,,,,,,16.5,20.5,,19.0,
1999-12-24,,,,,,,,,,,,,,,,,,,,,,,,,,,,,,,,,,,,,,,,,16.5,20.5,,19.0,
1999-12-25,,,,,,,,,,,,,,,,,,,,,,,,,,,,,,,,,,,,,,,,,16.5,20.5,,19.0,
1999-12-26,,,,,,,,,,,,,,,,,,,,,,,,,,,,,,,,,,,,,,,,,16.5,20.5,,19.0,
1999-12-27,,,,,,,,,,,,,,,,,,,,,,,,,,,,,,,,,,,,,,,,,16.5,20.5,,19.0,
1999-12-28,,,,,,,,,,,,,,,,,,,,,,,,,,,,,,,,,,,,,,,,,16.5,20.5,,19.0,
1999-12-29,,,,,,,,,,,,,,,,,,,,,,,,,,,,,,,,,,,,,,,,,16.5,20.5,,19.0,
1999-12-30,,,,,,,,,,,,,,,,,,,,,,,,,,,,,,,,,,,,,,,,,16.5,20.5,,19.0,
1999-12-31,,,,,,,,,,,,,,,,,,,,,,,,,,,,,,,,,,,,,,,,,16.5,20.5,,19.0,
2000-01-01,,,,,,,,,,,,,,,,,,,,,,,,,,,,,,,,,,,,,,,,,16.5,20.5,,19.0,
2000-01-02,,,,,,,,,,,,,,,,,,,,,,,,,,,,,,,,,,,,,,,,,16.5,20.5,,19.0,
2000-01-03,,,,,,,,,,,,,,,,,,,,,,,,,,,,,,,,,,,,,,,,,16.5,20.5,,19.0,
2000-01-04,,,,,,,,,,,,,,,,,,,,,,,,,,,,,,,,,,,,,,,,,16.5,20.5,,19.0,
2000-01-05,,,,,,,,,,,,,,,,,,,,,,,,,,,,,,,,,,,,,,,,,16.5,20.5,,19.0,
2000-01-06,,,,,,,,,,,,,,,,,,,,,,,,,,,,,,,,,,,,,,,,,16.5,20.5,,19.0,
2000-01-07,,,,,,,,,,,,,,,,,,,,,,,,,,,,,,,,,,,,,,,,,16.5,20.5,,19.0,
2000-01-08,,,,,,,,,,,,,,,,,,,,,,,,,,,,,,,,,,,,,,,,,16.5,20.5,,19.0,
2000-01-09,,,,,,,,,,,,,,,,,,,,,,,,,,,,,,,,,,,,,,,,,16.5,20.5,,19.0,
2000-01-10,,,,,,,,,,,,,,,,,,,,,,,,,,,,,,,,,,,,,,,,,16.5,20.5,,19.0,
2000-01-11,,,,,,,,,,,,,,,,,,,,,,,,,,,,,,,,,,,,,,,,,16.5,20.5,,19.0,
2000-01-12,,,,,,,,,,,,,,,,,,,,,,,,,,,,,,,,,,,,,,,,,16.5,20.5,,19.0,
2000-01-13,,,,,,,,,,,,,,,,,,,,,,,,,,,,,,,,,,,,,,,,,16.5,20.5,,19.0,
2000-01-14,,,,,,,,,,,,,,,,,,,,,,,,,,,,,,,,,,,,,,,,,16.5,20.5,,19.0,
2000-01-15,,,,,,,,,,,,,,,,,,,,,,,,,,,,,,,,,,,,,,,,,16.5,20.5,,19.0,
2000-01-16,,,,,,,,,,,,,,,,,,,,,,,,,,,,,,,,,,,,,,,,,16.5,20.5,,19.0,
2000-01-17,,,,,,,,,,,,,,,,,,,,,,,,,,,,,,,,,,,,,,,,,16.5,20.5,,19.0,
2000-01-18,,,,,,,,,,,,,,,,,,,,,,,,,,,,,,,,,,,,,,,,,16.5,20.5,,19.0,
2000-01-19,,,,,,,,,,,,,,,,,,,,,,,,,,,,,,,,,,,,,,,,,16.5,20.5,,19.0,
2000-01-20,,,,,,,,,,,,,,,,,,,,,,,,,,,,,,,,,,,,,,,,,16.5,20.5,,19.0,
2000-01-21,,,,,,,,,,,,,,,,,,,,,,,,,,,,,,,,,,,,,,,,,16.5,20.5,,19.0,
2000-01-22,,,,,,,,,,,,,,,,,,,,,,,,,,,,,,,,,,,,,,,,,16.5,20.5,,19.0,
2000-01-23,,,,,,,,,,,,,,,,,,,,,,,,,,,,,,,,,,,,,,,,,16.5,20.5,,19.0,
2000-01-24,,,,,,,,,,,,,,,,,,,,,,,,,,,,,,,,,,,,,,,,,16.5,20.5,,19.0,
2000-01-25,,,,,,,,,,,,,,,,,,,,,,,,,,,,,,,,,,,,,,,,,16.5,20.5,,19.0,
2000-01-26,,,,,,,,,,,,,,,,,,,,,,,,,,,,,,,,,,,,,,,,,16.5,20.5,,19.0,
2000-01-27,,,,,,,,,,,,,,,,,,,,,,,,,,,,,,,,,,,,,,,,,16.5,20.5,,19.0,
2000-01-28,,,,,,,,,,,,,,,,,,,,,,,,,,,,,,,,,,,,,,,,,16.5,20.5,,19.0,
2000-01-29,,,,,,,,,,,,,,,,,,,,,,,,,,,,,,,,,,,,,,,,,16.5,20.5,,19.0,
2000-01-30,,,,,,,,,,,,,,,,,,,,,,,,,,,,,,,,,,,,,,,,,16.5,20.5,,19.0,
2000-01-31,,,,,,,,,,,,,,,,,,,,,,,,,,,,,,,,,,,,,,,,,16.5,20.5,,19.0,
2000-02-01,,,,,,,,,,,,,,,,,,,,,,,,,,,,,,,,,,,,,,,,,16.5,20.5,,19.0,
2000-02-02,,,,,,,,,,,,,,,,,,,,,,,,,,,,,,,,,,,,,,,,,16.5,20.5,,19.0,
2000-02-03,,,,,,,,,,,,,,,,,,,,,,,,,,,,,,,,,,,,,,,,,16.5,20.5,,19.0,
2000-02-04,,,,,,,,,,,,,,,,,,,,,,,,,,,,,,,,,,,,,,,,,16.5,20.5,,19.0,
2000-02-05,,,,,,,,,,,,,,,,,,,,,,,,,,,,,,,,,,,,,,,,,16.5,20.5,,19.0,
2000-02-06,,,,,,,,,,,,,,,,,,,,,,,,,,,,,,,,,,,,,,,,,16.5,20.5,,19.0,
2000-02-07,,,,,,,,,,,,,,,,,,,,,,,,,,,,,,,,,,,,,,,,,16.5,20.5,,19.0,
2000-02-08,,,,,,,,,,,,,,,,,,,,,,,,,,,,,,,,,,,,,,,,,16.5,20.5,,19.0,
2000-02-09,,,,,,,,,,,,,,,,,,,,,,,,,,,,,,,,,,,,,,,,,16.5,20.5,,19.0,
2000-02-10,,,,,,,,,,,,,,,,,,,,,,,,,,,,,,,,,,,,,,,,,16.5,20.5,,19.0,
2000-02-11,,,,,,,,,,,,,,,,,,,,,,,,,,,,,,,,,,,,,,,,,16.5,20.5,,19.0,
2000-02-12,,,,,,,,,,,,,,,,,,,,,,,,,,,,,,,,,,,,,,,,,16.5,20.5,,19.0,
2000-02-13,,,,,,,,,,,,,,,,,,,,,,,,,,,,,,,,,,,,,,,,,16.5,20.5,,19.0,
2000-02-14,,,,,,,,,,,,,,,,,,,,,,,,,,,,,,,,,,,,,,,,,16.5,20.5,,19.0,
2000-02-15,,,,,,,,,,,,,,,,,,,,,,,,,,,,,,,,,,,,,,,,,16.5,20.5,,19.0,
2000-02-16,,,,,,,,,,,,,,,,,,,,,,,,,,,,,,,,,,,,,,,,,16.5,20.5,,19.0,
2000-02-17,,,,,,,,,,,,,,,,,,,,,,,,,,,,,,,,,,,,,,,,,16.5,20.5,,19.0,
2000-02-18,,,,,,,,,,,,,,,,,,,,,,,,,,,,,,,,,,,,,,,,,16.5,20.5,,19.0,
2000-02-19,,,,,,,,,,,,,,,,,,,,,,,,,,,,,,,,,,,,,,,,,16.5,20.5,,19.0,
2000-02-20,,,,,,,,,,,,,,,,,,,,,,,,,,,,,,,,,,,,,,,,,16.5,20.5,,19.0,
2000-02-21,,,,,,,,,,,,,,,,,,,,,,,,,,,,,,,,,,,,,,,,,16.5,20.5,,19.0,
2000-02-22,,,,,,,,,,,,,,,,,,,,,,,,,,,,,,,,,,,,,,,,,16.5,20.5,,19.0,
2000-02-23,,,,,,,,,,,,,,,,,,,,,,,,,,,,,,,,,,,,,,,,,16.5,20.5,,19.0,
2000-02-24,,,,,,,,,,,,,,,,,,,,,,,,,,,,,,,,,,,,,,,,,17.5,21.5,,20.0,
2000-02-25,,,,,,,,,,,,,,,,,,,,,,,,,,,,,,,,,,,,,,,,,17.5,21.5,,20.0,
2000-02-26,,,,,,,,,,,,,,,,,,,,,,,,,,,,,,,,,,,,,,,,,17.5,21.5,,20.0,
2000-02-27,,,,,,,,,,,,,,,,,,,,,,,,,,,,,,,,,,,,,,,,,17.5,21.5,,20.0,
2000-02-28,,,,,,,,,,,,,,,,,,,,,,,,,,,,,,,,,,,,,,,,,17.5,21.5,,20.0,
2000-02-29,,,,,,,,,,,,,,,,,,,,,,,,,,,,,,,,,,,,,,,,,17.5,21.5,,20.0,
2000-03-01,,,,,,,,,,,,,,,,,,,,,,,,,,,,,,,,,,,,,,,,,17.5,21.5,,20.0,
2000-03-02,,,,,,,,,,,,,,,,,,,,,,,,,,,,,,,,,,,,,,,,,17.5,21.5,,20.0,
2000-03-03,,,,,,,,,,,,,,,,,,,,,,,,,,,,,,,,,,,,,,,,,17.5,21.5,,20.0,
2000-03-04,,,,,,,,,,,,,,,,,,,,,,,,,,,,,,,,,,,,,,,,,17.5,21.5,,20.0,
2000-03-05,,,,,,,,,,,,,,,,,,,,,,,,,,,,,,,,,,,,,,,,,17.5,21.5,,20.0,
2000-03-06,,,,,,,,,,,,,,,,,,,,,,,,,,,,,,,,,,,,,,,,,17.5,21.5,,20.0,
2000-03-07,,,,,,,,,,,,,,,,,,,,,,,,,,,,,,,,,,,,,,,,,17.5,21.5,,20.0,
2000-03-08,,,,,,,,,,,,,,,,,,,,,,,,,,,,,,,,,,,,,,,,,17.5,21.5,,20.0,
2000-03-09,,,,,,,,,,,,,,,,,,,,,,,,,,,,,,,,,,,,,,,,,17.5,21.5,,20.0,
2000-03-10,,,,,,,,,,,,,,,,,,,,,,,,,,,,,,,,,,,,,,,,,17.5,21.5,,20.0,
2000-03-11,,,,,,,,,,,,,,,,,,,,,,,,,,,,,,,,,,,,,,,,,17.5,21.5,,20.0,
2000-03-12,,,,,,,,,,,,,,,,,,,,,,,,,,,,,,,,,,,,,,,,,17.5,21.5,,20.0,
2000-03-13,,,,,,,,,,,,,,,,,,,,,,,,,,,,,,,,,,,,,,,,,17.5,21.5,,20.0,
2000-03-14,,,,,,,,,,,,,,,,,,,,,,,,,,,,,,,,,,,,,,,,,17.5,21.5,,20.0,
2000-03-15,,,,,,,,,,,,,,,,,,,,,,,,,,,,,,,,,,,,,,,,,17.5,21.5,,20.0,
2000-03-16,,,,,,,,,,,,,,,,,,,,,,,,,,,,,,,,,,,,,,,,,17.5,21.5,,20.0,
2000-03-17,,,,,,,,,,,,,,,,,,,,,,,,,,,,,,,,,,,,,,,,,17.5,21.5,,20.0,
2000-03-18,,,,,,,,,,,,,,,,,,,,,,,,,,,,,,,,,,,,,,,,,17.5,21.5,,20.0,
2000-03-19,,,,,,,,,,,,,,,,,,,,,,,,,,,,,,,,,,,,,,,,,17.5,21.5,,20.0,
2000-03-20,,,,,,,,,,,,,,,,,,,,,,,,,,,,,,,,,,,,,,,,,17.5,21.5,,20.0,
2000-03-21,,,,,,,,,,,,,,,,,,,,,,,,,,,,,,,,,,,,,,,,,17.5,21.5,,20.0,
2000-03-22,,,,,,,,,,,,,,,,,,,,,,,,,,,,,,,,,,,,,,,,,17.5,21.5,,20.0,
2000-03-23,,,,,,,,,,,,,,,,,,,,,,,,,,,,,,,,,,,,,,,,,17.5,21.5,,20.0,
2000-03-24,,,,,,,,,,,,,,,,,,,,,,,,,,,,,,,,,,,,,,,,,17.5,21.5,,20.0,
2000-03-25,,,,,,,,,,,,,,,,,,,,,,,,,,,,,,,,,,,,,,,,,17.5,21.5,,20.0,
2000-03-26,,,,,,,,,,,,,,,,,,,,,,,,,,,,,,,,,,,,,,,,,17.5,21.5,,20.0,
2000-03-27,,,,,,,,,,,,,,,,,,,,,,,,,,,,,,,,,,,,,,,,,17.5,21.5,,20.0,
2000-03-28,,,,,,,,,,,,,,,,,,,,,,,,,,,,,,,,,,,,,,,,,17.5,21.5,,20.0,
2000-03-29,,,,,,,,,,,,,,,,,,,,,,,,,,,,,,,,,,,,,,,,,17.5,21.5,,20.0,
2000-03-30,,,,,,,,,,,,,,,,,,,,,,,,,,,,,,,,,,,,,,,,,17.5,21.5,,20.0,
2000-03-31,,,,,,,,,,,,,,,,,,,,,,,,,,,,,,,,,,,,,,,,,17.5,21.5,,20.0,
2000-04-01,,,,,,,,,,,,,,,,,,,,,,,,,,,,,,,,,,,,,,,,,17.5,21.5,,20.0,
2000-04-02,,,,,,,,,,,,,,,,,,,,,,,,,,,,,,,,,,,,,,,,,17.5,21.5,,20.0,
2000-04-03,,,,,,,,,,,,,,,,,,,,,,,,,,,,,,,,,,,,,,,,,17.5,21.5,,20.0,
2000-04-04,,,,,,,,,,,,,,,,,,,,,,,,,,,,,,,,,,,,,,,,,17.5,21.5,,20.0,
2000-04-05,,,,,,,,,,,,,,,,,,,,,,,,,,,,,,,,,,,,,,,,,17.5,21.5,,20.0,
2000-04-06,,,,,,,,,,,,,,,,,,,,,,,,,,,,,,,,,,,,,,,,,17.5,21.5,,20.0,
2000-04-07,,,,,,,,,,,,,,,,,,,,,,,,,,,,,,,,,,,,,,,,,17.5,21.5,,20.0,
2000-04-08,,,,,,,,,,,,,,,,,,,,,,,,,,,,,,,,,,,,,,,,,17.5,21.5,,20.0,
2000-04-09,,,,,,,,,,,,,,,,,,,,,,,,,,,,,,,,,,,,,,,,,17.5,21.5,,20.0,
2000-04-10,,,,,,,,,,,,,,,,,,,,,,,,,,,,,,,,,,,,,,,,,17.5,21.5,,20.0,
2000-04-11,,,,,,,,,,,,,,,,,,,,,,,,,,,,,,,,,,,,,,,,,17.5,21.5,,20.0,
2000-04-12,,,,,,,,,,,,,,,,,,,,,,,,,,,,,,,,,,,,,,,,,17.5,21.5,,20.0,
2000-04-13,,,,,,,,,,,,,,,,,,,,,,,,,,,,,,,,,,,,,,,,,17.5,21.5,,20.0,
2000-04-14,,,,,,,,,,,,,,,,,,,,,,,,,,,,,,,,,,,,,,,,,17.5,21.5,,20.0,
2000-04-15,,,,,,,,,,,,,,,,,,,,,,,,,,,,,,,,,,,,,,,,,17.5,21.5,,20.0,
2000-04-16,,,,,,,,,,,,,,,,,,,,,,,,,,,,,,,,,,,,,,,,,17.5,21.5,,20.0,
2000-04-17,,,,,,,,,,,,,,,,,,,,,,,,,,,,,,,,,,,,,,,,,17.5,21.5,,20.0,
2000-04-18,,,,,,,,,,,,,,,,,,,,,,,,,,,,,,,,,,,,,,,,,17.5,21.5,,20.0,
2000-04-19,,,,,,,,,,,,,,,,,,,,,,,,,,,,,,,,,,,,,,,,,17.5,21.5,,20.0,
2000-04-20,,,,,,,,,,,,,,,,,,,,,,,,,,,,,,,,,,,,,,,,,17.5,21.5,,20.0,
2000-04-21,,,,,,,,,,,,,,,,,,,,,,,,,,,,,,,,,,,,,,,,,17.5,21.5,,20.0,
2000-04-22,,,,,,,,,,,,,,,,,,,,,,,,,,,,,,,,,,,,,,,,,17.5,21.5,,20.0,
2000-04-23,,,,,,,,,,,,,,,,,,,,,,,,,,,,,,,,,,,,,,,,,17.5,21.5,,20.0,
2000-04-24,,,,,,,,,,,,,,,,,,,,,,,,,,,,,,,,,,,,,,,,,17.5,21.5,,20.0,
2000-04-25,,,,,,,,,,,,,,,,,,,,,,,,,,,,,,,,,,,,,,,,,17.5,21.5,,20.0,
2000-04-26,,,,,,,,,,,,,,,,,,,,,,,,,,,,,,,,,,,,,,,,,17.5,21.5,,20.0,
2000-04-27,,,,,,,,,,,,,,,,,,,,,,,,,,,,,,,,,,,,,,,,,17.5,21.5,,20.0,
2000-04-28,,,,,,,,,,,,,,,,,,,,,,,,,,,,,,,,,,,,,,,,,17.5,21.5,,20.0,
2000-04-29,,,,,,,,,,,,,,,,,,,,,,,,,,,,,,,,,,,,,,,,,17.5,21.5,,20.0,
2000-04-30,,,,,,,,,,,,,,,,,,,,,,,,,,,,,,,,,,,,,,,,,17.5,21.5,,20.0,
2000-05-01,,,,,,,,,,,,,,,,,,,,,,,,,,,,,,,,,,,,,,,,,17.5,21.5,,20.0,
2000-05-02,,,,,,,,,,,,,,,,,,,,,,,,,,,,,,,,,,,,,,,,,17.5,21.5,,20.0,
2000-05-03,,,,,,,,,,,,,,,,,,,,,,,,,,,,,,,,,,,,,,,,,17.5,21.5,,20.0,
2000-05-04,,,,,,,,,,,,,,,,,,,,,,,,,,,,,,,,,,,,,,,,,17.5,21.5,,20.0,
2000-05-05,,,,,,,,,,,,,,,,,,,,,,,,,,,,,,,,,,,,,,,,,17.5,21.5,,20.0,
2000-05-06,,,,,,,,,,,,,,,,,,,,,,,,,,,,,,,,,,,,,,,,,17.5,21.5,,20.0,
2000-05-07,,,,,,,,,,,,,,,,,,,,,,,,,,,,,,,,,,,,,,,,,17.5,21.5,,20.0,
2000-05-08,,,,,,,,,,,,,,,,,,,,,,,,,,,,,,,,,,,,,,,,,17.5,21.5,,20.0,
2000-05-09,,,,,,,,,,,,,,,,,,,,,,,,,,,,,,,,,,,,,,,,,17.5,21.5,,20.0,
2000-05-10,,,,,,,,,,,,,,,,,,,,,,,,,,,,,,,,,,,,,,,,,17.5,21.5,,20.0,
2000-05-11,,,,,,,,,,,,,,,,,,,,,,,,,,,,,,,,,,,,,,,,,17.5,21.5,,20.0,
2000-05-12,,,,,,,,,,,,,,,,,,,,,,,,,,,,,,,,,,,,,,,,,17.5,21.5,,20.0,
2000-05-13,,,,,,,,,,,,,,,,,,,,,,,,,,,,,,,,,,,,,,,,,17.5,21.5,,20.0,
2000-05-14,,,,,,,,,,,,,,,,,,,,,,,,,,,,,,,,,,,,,,,,,17.5,21.5,,20.0,
2000-05-15,,,,,,,,,,,,,,,,,,,,,,,,,,,,,,,,,,,,,,,,,17.5,21.5,,20.0,
2000-05-16,,,,,,,,,,,,,,,,,,,,,,,,,,,,,,,,,,,,,,,,,17.5,21.5,,20.0,
2000-05-17,,,,,,,,,,,,,,,,,,,,,,,,,,,,,,,,,,,,,,,,,17.5,21.5,,20.0,
2000-05-18,,,,,,,,,,,,,,,,,,,,,,,,,,,,,,,,,,,,,,,,,17.5,21.5,,20.0,
2000-05-19,,,,,,,,,,,,,,,,,,,,,,,,,,,,,,,,,,,,,,,,,17.5,21.5,,20.0,
2000-05-20,,,,,,,,,,,,,,,,,,,,,,,,,,,,,,,,,,,,,,,,,17.5,21.5,,20.0,
2000-05-21,,,,,,,,,,,,,,,,,,,,,,,,,,,,,,,,,,,,,,,,,17.5,21.5,,20.0,
2000-05-22,,,,,,,,,,,,,,,,,,,,,,,,,,,,,,,,,,,,,,,,,17.5,21.5,,20.0,
2000-05-23,,,,,,,,,,,,,,,,,,,,,,,,,,,,,,,,,,,,,,,,,17.5,21.5,,20.0,
2000-05-24,,,,,,,,,,,,,,,,,,,,,,,,,,,,,,,,,,,,,,,,,17.5,21.5,,20.0,
2000-05-25,,,,,,,,,,,,,,,,,,,,,,,,,,,,,,,,,,,,,,,,,17.5,21.5,,20.0,
2000-05-26,,,,,,,,,,,,,,,,,,,,,,,,,,,,,,,,,,,,,,,,,17.5,21.5,,20.0,
2000-05-27,,,,,,,,,,,,,,,,,,,,,,,,,,,,,,,,,,,,,,,,,17.5,21.5,,20.0,
2000-05-28,,,,,,,,,,,,,,,,,,,,,,,,,,,,,,,,,,,,,,,,,17.5,21.5,,20.0,
2000-05-29,,,,,,,,,,,,,,,,,,,,,,,,,,,,,,,,,,,,,,,,,17.5,21.5,,20.0,
2000-05-30,,,,,,,,,,,,,,,,,,,,,,,,,,,,,,,,,,,,,,,,,17.5,21.5,,20.0,
2000-05-31,,,,,,,,,,,,,,,,,,,,,,,,,,,,,,,,,,,,,,,,,17.5,21.5,,20.0,
2000-06-01,,,,,,,,,,,,,,,,,,,,,,,,,,,,,,,,,,,,,,,,,17.5,21.5,,20.0,
2000-06-02,,,,,,,,,,,,,,,,,,,,,,,,,,,,,,,,,,,,,,,,,17.5,21.5,,20.0,
2000-06-03,,,,,,,,,,,,,,,,,,,,,,,,,,,,,,,,,,,,,,,,,17.5,21.5,,20.0,
2000-06-04,,,,,,,,,,,,,,,,,,,,,,,,,,,,,,,,,,,,,,,,,17.5,21.5,,20.0,
2000-06-05,,,,,,,,,,,,,,,,,,,,,,,,,,,,,,,,,,,,,,,,,17.5,21.5,,20.0,
2000-06-06,,,,,,,,,,,,,,,,,,,,,,,,,,,,,,,,,,,,,,,,,17.5,21.5,,20.0,
2000-06-07,,,,,,,,,,,,,,,,,,,,,,,,,,,,,,,,,,,,,,,,,17.5,21.5,,20.0,
2000-06-08,,,,,,,,,,,,,,,,,,,,,,,,,,,,,,,,,,,,,,,,,17.5,21.5,,20.0,
2000-06-09,,,,,,,,,,,,,,,,,,,,,,,,,,,,,,,,,,,,,,,,,17.5,21.5,,20.0,
2000-06-10,,,,,,,,,,,,,,,,,,,,,,,,,,,,,,,,,,,,,,,,,17.5,21.5,,20.0,
2000-06-11,,,,,,,,,,,,,,,,,,,,,,,,,,,,,,,,,,,,,,,,,17.5,21.5,,20.0,
2000-06-12,,,,,,,,,,,,,,,,,,,,,,,,,,,,,,,,,,,,,,,,,17.5,21.5,,20.0,
2000-06-13,,,,,,,,,,,,,,,,,,,,,,,,,,,,,,,,,,,,,,,,,17.5,21.5,,20.0,
2000-06-14,,,,,,,,,,,,,,,,,,,,,,,,,,,,,,,,,,,,,,,,,17.5,21.5,,20.0,
2000-06-15,,,,,,,,,,,,,,,,,,,,,,,,,,,,,,,,,,,,,,,,,17.5,21.5,,20.0,
2000-06-16,,,,,,,,,,,,,,,,,,,,,,,,,,,,,,,,,,,,,,,,,17.5,21.5,,20.0,
2000-06-17,,,,,,,,,,,,,,,,,,,,,,,,,,,,,,,,,,,,,,,,,17.5,21.5,,20.0,
2000-06-18,,,,,,,,,,,,,,,,,,,,,,,,,,,,,,,,,,,,,,,,,17.5,21.5,,20.0,
2000-06-19,,,,,,,,,,,,,,,,,,,,,,,,,,,,,,,,,,,,,,,,,17.5,21.5,,20.0,
2000-06-20,,,,,,,,,,,,,,,,,,,,,,,,,,,,,,,,,,,,,,,,,17.5,21.5,,20.0,
2000-06-21,,,,,,,,,,,,,,,,,,,,,,,,,,,,,,,,,,,,,,,,,17.5,21.5,,20.0,
2000-06-22,,,,,,,,,,,,,,,,,,,,,,,,,,,,,,,,,,,,,,,,,17.5,21.5,,20.0,
2000-06-23,,,,,,,,,,,,,,,,,,,,,,,,,,,,,,,,,,,,,,,,,17.5,21.5,,20.0,
2000-06-24,,,,,,,,,,,,,,,,,,,,,,,,,,,,,,,,,,,,,,,,,17.5,21.5,,20.0,
2000-06-25,,,,,,,,,,,,,,,,,,,,,,,,,,,,,,,,,,,,,,,,,17.5,21.5,,20.0,
2000-06-26,,,,,,,,,,,,,,,,,,,,,,,,,,,,,,,,,,,,,,,,,17.5,21.5,,20.0,
2000-06-27,,,,,,,,,,,,,,,,,,,,,,,,,,,,,,,,,,,,,,,,,17.5,21.5,,20.0,
2000-06-28,,,,,,,,,,,,,,,,,,,,,,,,,,,,,,,,,,,,,,,,,17.5,21.5,,20.0,
2000-06-29,,,,,,,,,,,,,,,,,,,,,,,,,,,,,,,,,,,,,,,,,17.5,21.5,,20.0,
2000-06-30,,,,,,,,,,,,,,,,,,,,,,,,,,,,,,,,,,,,,,,,,17.5,21.5,,20.0,
2000-07-01,,,,,,,,,,,,,,,,,,,,,,,,,,,,,,,,,,,,,,,,,17.5,21.5,,20.0,
2000-07-02,,,,,,,,,,,,,,,,,,,,,,,,,,,,,,,,,,,,,,,,,17.5,21.5,,20.0,
2000-07-03,,,,,,,,,,,,,,,,,,,,,,,,,,,,,,,,,,,,,,,,,17.5,21.5,,20.0,
2000-07-04,,,,,,,,,,,,,,,,,,,,,,,,,,,,,,,,,,,,,,,,,17.5,21.5,,20.0,
2000-07-05,,,,,,,,,,,,,,,,,,,,,,,,,,,,,,,,,,,,,,,,,17.5,21.5,,20.0,
2000-07-06,,,,,,,,,,,,,,,,,,,,,,,,,,,,,,,,,,,,,,,,,17.5,21.5,,20.0,
2000-07-07,,,,,,,,,,,,,,,,,,,,,,,,,,,,,,,,,,,,,,,,,17.5,21.5,,20.0,
2000-07-08,,,,,,,,,,,,,,,,,,,,,,,,,,,,,,,,,,,,,,,,,17.5,21.5,,20.0,
2000-07-09,,,,,,,,,,,,,,,,,,,,,,,,,,,,,,,,,,,,,,,,,17.5,21.5,,20.0,
2000-07-10,,,,,,,,,,,,,,,,,,,,,,,,,,,,,,,,,,,,,,,,,17.5,21.5,,20.0,
2000-07-11,,,,,,,,,,,,,,,,,,,,,,,,,,,,,,,,,,,,,,,,,17.5,21.5,,20.0,
2000-07-12,,,,,,,,,,,,,,,,,,,,,,,,,,,,,,,,,,,,,,,,,17.5,21.5,,20.0,
2000-07-13,,,,,,,,,,,,,,,,,,,,,,,,,,,,,,,,,,,,,,,,,17.5,21.5,,20.0,
2000-07-14,,,,,,,,,,,,,,,,,,,,,,,,,,,,,,,,,,,,,,,,,17.5,21.5,,20.0,
2000-07-15,,,,,,,,,,,,,,,,,,,,,,,,,,,,,,,,,,,,,,,,,17.5,21.5,,20.0,
2000-07-16,,,,,,,,,,,,,,,,,,,,,,,,,,,,,,,,,,,,,,,,,17.5,21.5,,20.0,
2000-07-17,,,,,,,,,,,,,,,,,,,,,,,,,,,,,,,,,,,,,,,,,17.5,21.5,,20.0,
2000-07-18,,,,,,,,,,,,,,,,,,,,,,,,,,,,,,,,,,,,,,,,,17.5,21.5,,20.0,
2000-07-19,,,,,,,,,,,,,,,,,,,,,,,,,,,,,,,,,,,,,,,,,17.5,21.5,,20.0,
2000-07-20,,,,,,,,,,,,,,,,,,,,,,,,,,,,,,,,,,,,,,,,,17.5,21.5,,20.0,
2000-07-21,,,,,,,,,,,,,,,,,,,,,,,,,,,,,,,,,,,,,,,,,17.5,21.5,,20.0,
2000-07-22,,,,,,,,,,,,,,,,,,,,,,,,,,,,,,,,,,,,,,,,,17.5,21.5,,20.0,
2000-07-23,,,,,,,,,,,,,,,,,,,,,,,,,,,,,,,,,,,,,,,,,17.5,21.5,,20.0,
2000-07-24,,,,,,,,,,,,,,,,,,,,,,,,,,,,,,,,,,,,,,,,,17.5,21.5,,20.0,
2000-07-25,,,,,,,,,,,,,,,,,,,,,,,,,,,,,,,,,,,,,,,,,17.5,21.5,,20.0,
2000-07-26,,,,,,,,,,,,,,,,,,,,,,,,,,,,,,,,,,,,,,,,,17.5,21.5,,20.0,
2000-07-27,,,,,,,,,,,,,,,,,,,,,,,,,,,,,,,,,,,,,,,,,17.5,21.5,,20.0,
2000-07-28,,,,,,,,,,,,,,,,,,,,,,,,,,,,,,,,,,,,,,,,,17.5,21.5,,20.0,
2000-07-29,,,,,,,,,,,,,,,,,,,,,,,,,,,,,,,,,,,,,,,,,17.5,21.5,,20.0,
2000-07-30,,,,,,,,,,,,,,,,,,,,,,,,,,,,,,,,,,,,,,,,,17.5,21.5,,20.0,
2000-07-31,,,,,,,,,,,,,,,,,,,,,,,,,,,,,,,,,,,,,,,,,17.5,21.5,,20.0,
2000-08-01,,,,,,,,,,,,,,,,,,,,,,,,,,,,,,,,,,,,,,,,,17.5,21.5,,20.0,
2000-08-02,,,,,,,,,,,,,,,,,,,,,,,,,,,,,,,,,,,,,,,,,17.5,21.5,,20.0,
2000-08-03,,,,,,,,,,,,,,,,,,,,,,,,,,,,,,,,,,,,,,,,,17.5,21.5,,20.0,
2000-08-04,,,,,,,,,,,,,,,,,,,,,,,,,,,,,,,,,,,,,,,,,17.5,21.5,,20.0,
2000-08-05,,,,,,,,,,,,,,,,,,,,,,,,,,,,,,,,,,,,,,,,,17.5,21.5,,20.0,
2000-08-06,,,,,,,,,,,,,,,,,,,,,,,,,,,,,,,,,,,,,,,,,17.5,21.5,,20.0,
2000-08-07,,,,,,,,,,,,,,,,,,,,,,,,,,,,,,,,,,,,,,,,,17.5,21.5,,20.0,
2000-08-08,,,,,,,,,,,,,,,,,,,,,,,,,,,,,,,,,,,,,,,,,17.5,21.5,,20.0,
2000-08-09,,,,,,,,,,,,,,,,,,,,,,,,,,,,,,,,,,,,,,,,,17.5,21.5,,20.0,
2000-08-10,,,,,,,,,,,,,,,,,,,,,,,,,,,,,,,,,,,,,,,,,17.5,21.5,,20.0,
2000-08-11,,,,,,,,,,,,,,,,,,,,,,,,,,,,,,,,,,,,,,,,,17.5,21.5,,20.0,
2000-08-12,,,,,,,,,,,,,,,,,,,,,,,,,,,,,,,,,,,,,,,,,17.5,21.5,,20.0,
2000-08-13,,,,,,,,,,,,,,,,,,,,,,,,,,,,,,,,,,,,,,,,,17.5,21.5,,20.0,
2000-08-14,,,,,,,,,,,,,,,,,,,,,,,,,,,,,,,,,,,,,,,,,17.5,21.5,,20.0,
2000-08-15,,,,,,,,,,,,,,,,,,,,,,,,,,,,,,,,,,,,,,,,,17.5,21.5,,20.0,
2000-08-16,,,,,,,,,,,,,,,,,,,,,,,,,,,,,,,,,,,,,,,,,17.5,21.5,,20.0,
2000-08-17,,,,,,,,,,,,,,,,,,,,,,,,,,,,,,,,,,,,,,,,,17.5,21.5,,20.0,
2000-08-18,,,,,,,,,,,,,,,,,,,,,,,,,,,,,,,,,,,,,,,,,17.5,21.5,,20.0,
2000-08-19,,,,,,,,,,,,,,,,,,,,,,,,,,,,,,,,,,,,,,,,,17.5,21.5,,20.0,
2000-08-20,,,,,,,,,,,,,,,,,,,,,,,,,,,,,,,,,,,,,,,,,17.5,21.5,,20.0,
2000-08-21,,,,,,,,,,,,,,,,,,,,,,,,,,,,,,,,,,,,,,,,,17.5,21.5,,20.0,
2000-08-22,,,,,,,,,,,,,,,,,,,,,,,,,,,,,,,,,,,,,,,,,17.5,21.5,,20.0,
2000-08-23,,,,,,,,,,,,,,,,,,,,,,,,,,,,,,,,,,,,,,,,,17.5,21.5,,20.0,
2000-08-24,,,,,,,,,,,,,,,,,,,,,,,,,,,,,,,,,,,,,,,,,17.5,21.5,,20.0,
2000-08-25,,,,,,,,,,,,,,,,,,,,,,,,,,,,,,,,,,,,,,,,,17.5,21.5,,20.0,
2000-08-26,,,,,,,,,,,,,,,,,,,,,,,,,,,,,,,,,,,,,,,,,17.5,21.5,,20.0,
2000-08-27,,,,,,,,,,,,,,,,,,,,,,,,,,,,,,,,,,,,,,,,,17.5,21.5,,20.0,
2000-08-28,,,,,,,,,,,,,,,,,,,,,,,,,,,,,,,,,,,,,,,,,17.5,21.5,,20.0,
2000-08-29,,,,,,,,,,,,,,,,,,,,,,,,,,,,,,,,,,,,,,,,,17.5,21.5,,20.0,
2000-08-30,,,,,,,,,,,,,,,,,,,,,,,,,,,,,,,,,,,,,,,,,17.5,21.5,,20.0,
2000-08-31,,,,,,,,,,,,,,,,,,,,,,,,,,,,,,,,,,,,,,,,,19.0,23.0,,21.5,
2000-09-01,,,,,,,,,,,,,,,,,,,,,,,,,,,,,,,,,,,,,,,,,19.0,23.0,,21.5,
2000-09-02,,,,,,,,,,,,,,,,,,,,,,,,,,,,,,,,,,,,,,,,,19.0,23.0,,21.5,
2000-09-03,,,,,,,,,,,,,,,,,,,,,,,,,,,,,,,,,,,,,,,,,19.0,23.0,,21.5,
2000-09-04,,,,,,,,,,,,,,,,,,,,,,,,,,,,,,,,,,,,,,,,,19.0,23.0,,21.5,
2000-09-05,,,,,,,,,,,,,,,,,,,,,,,,,,,,,,,,,,,,,,,,,19.0,23.0,,21.5,
2000-09-06,,,,,,,,,,,,,,,,,,,,,,,,,,,,,,,,,,,,,,,,,19.0,23.0,,21.5,
2000-09-07,,,,,,,,,,,,,,,,,,,,,,,,,,,,,,,,,,,,,,,,,19.0,23.0,,21.5,
2000-09-08,,,,,,,,,,,,,,,,,,,,,,,,,,,,,,,,,,,,,,,,,19.0,23.0,,21.5,
2000-09-09,,,,,,,,,,,,,,,,,,,,,,,,,,,,,,,,,,,,,,,,,19.0,23.0,,21.5,
2000-09-10,,,,,,,,,,,,,,,,,,,,,,,,,,,,,,,,,,,,,,,,,19.0,23.0,,21.5,
2000-09-11,,,,,,,,,,,,,,,,,,,,,,,,,,,,,,,,,,,,,,,,,19.0,23.0,,21.5,
2000-09-12,,,,,,,,,,,,,,,,,,,,,,,,,,,,,,,,,,,,,,,,,19.0,23.0,,21.5,
2000-09-13,,,,,,,,,,,,,,,,,,,,,,,,,,,,,,,,,,,,,,,,,19.0,23.0,,21.5,
2000-09-14,,,,,,,,,,,,,,,,,,,,,,,,,,,,,,,,,,,,,,,,,19.0,23.0,,21.5,
2000-09-15,,,,,,,,,,,,,,,,,,,,,,,,,,,,,,,,,,,,,,,,,19.0,23.0,,21.5,
2000-09-16,,,,,,,,,,,,,,,,,,,,,,,,,,,,,,,,,,,,,,,,,19.0,23.0,,21.5,
2000-09-17,,,,,,,,,,,,,,,,,,,,,,,,,,,,,,,,,,,,,,,,,19.0,23.0,,21.5,
2000-09-18,,,,,,,,,,,,,,,,,,,,,,,,,,,,,,,,,,,,,,,,,19.0,23.0,,21.5,
2000-09-19,,,,,,,,,,,,,,,,,,,,,,,,,,,,,,,,,,,,,,,,,19.0,23.0,,21.5,
2000-09-20,,,,,,,,,,,,,,,,,,,,,,,,,,,,,,,,,,,,,,,,,19.0,23.0,,21.5,
2000-09-21,,,,,,,,,,,,,,,,,,,,,,,,,,,,,,,,,,,,,,,,,19.0,23.0,,21.5,
2000-09-22,,,,,,,,,,,,,,,,,,,,,,,,,,,,,,,,,,,,,,,,,19.0,23.0,,21.5,
2000-09-23,,,,,,,,,,,,,,,,,,,,,,,,,,,,,,,,,,,,,,,,,19.0,23.0,,21.5,
2000-09-24,,,,,,,,,,,,,,,,,,,,,,,,,,,,,,,,,,,,,,,,,19.0,23.0,,21.5,
2000-09-25,,,,,,,,,,,,,,,,,,,,,,,,,,,,,,,,,,,,,,,,,19.0,23.0,,21.5,
2000-09-26,,,,,,,,,,,,,,,,,,,,,,,,,,,,,,,,,,,,,,,,,19.0,23.0,,21.5,
2000-09-27,,,,,,,,,,,,,,,,,,,,,,,,,,,,,,,,,,,,,,,,,19.0,23.0,,21.5,
2000-09-28,,,,,,,,,,,,,,,,,,,,,,,,,,,,,,,,,,,,,,,,,19.0,23.0,,21.5,
2000-09-29,,,,,,,,,,,,,,,,,,,,,,,,,,,,,,,,,,,,,,,,,19.0,23.0,,21.5,
2000-09-30,,,,,,,,,,,,,,,,,,,,,,,,,,,,,,,,,,,,,,,,,19.0,23.0,,21.5,
2000-10-01,,,,,,,,,,,,,,,,,,,,,,,,,,,,,,,,,,,,,,,,,19.0,23.0,,21.5,
2000-10-02,,,,,,,,,,,,,,,,,,,,,,,,,,,,,,,,,,,,,,,,,19.0,23.0,,21.5,
2000-10-03,,,,,,,,,,,,,,,,,,,,,,,,,,,,,,,,,,,,,,,,,19.0,23.0,,21.5,
2000-10-04,,,,,,,,,,,,,,,,,,,,,,,,,,,,,,,,,,,,,,,,,19.0,23.0,,21.5,
2000-10-05,,,,,,,,,,,,,,,,,,,,,,,,,,,,,,,,,,,,,,,,,19.0,23.0,,21.5,
2000-10-06,,,,,,,,,,,,,,,,,,,,,,,,,,,,,,,,,,,,,,,,,19.0,23.0,,21.5,
2000-10-07,,,,,,,,,,,,,,,,,,,,,,,,,,,,,,,,,,,,,,,,,19.0,23.0,,21.5,
2000-10-08,,,,,,,,,,,,,,,,,,,,,,,,,,,,,,,,,,,,,,,,,19.0,23.0,,21.5,
2000-10-09,,,,,,,,,,,,,,,,,,,,,,,,,,,,,,,,,,,,,,,,,19.0,23.0,,21.5,
2000-10-10,,,,,,,,,,,,,,,,,,,,,,,,,,,,,,,,,,,,,,,,,19.0,23.0,,21.5,
2000-10-11,,,,,,,,,,,,,,,,,,,,,,,,,,,,,,,,,,,,,,,,,19.0,23.0,,21.5,
2000-10-12,,,,,,,,,,,,,,,,,,,,,,,,,,,,,,,,,,,,,,,,,19.0,23.0,,21.5,
2000-10-13,,,,,,,,,,,,,,,,,,,,,,,,,,,,,,,,,,,,,,,,,19.0,23.0,,21.5,
2000-10-14,,,,,,,,,,,,,,,,,,,,,,,,,,,,,,,,,,,,,,,,,19.0,23.0,,21.5,
2000-10-15,,,,,,,,,,,,,,,,,,,,,,,,,,,,,,,,,,,,,,,,,19.0,23.0,,21.5,
2000-10-16,,,,,,,,,,,,,,,,,,,,,,,,,,,,,,,,,,,,,,,,,19.0,23.0,,21.5,
2000-10-17,,,,,,,,,,,,,,,,,,,,,,,,,,,,,,,,,,,,,,,,,19.0,23.0,,21.5,
2000-10-18,,,,,,,,,,,,,,,,,,,,,,,,,,,,,,,,,,,,,,,,,19.0,23.0,,21.5,
2000-10-19,,,,,,,,,,,,,,,,,,,,,,,,,,,,,,,,,,,,,,,,,19.0,23.0,,21.5,
2000-10-20,,,,,,,,,,,,,,,,,,,,,,,,,,,,,,,,,,,,,,,,,19.0,23.0,,21.5,
2000-10-21,,,,,,,,,,,,,,,,,,,,,,,,,,,,,,,,,,,,,,,,,19.0,23.0,,21.5,
2000-10-22,,,,,,,,,,,,,,,,,,,,,,,,,,,,,,,,,,,,,,,,,19.0,23.0,,21.5,
2000-10-23,,,,,,,,,,,,,,,,,,,,,,,,,,,,,,,,,,,,,,,,,19.0,23.0,,21.5,
2000-10-24,,,,,,,,,,,,,,,,,,,,,,,,,,,,,,,,,,,,,,,,,19.0,23.0,,21.5,
2000-10-25,,,,,,,,,,,,,,,,,,,,,,,,,,,,,,,,,,,,,,,,,19.0,23.0,,21.5,
2000-10-26,,,,,,,,,,,,,,,,,,,,,,,,,,,,,,,,,,,,,,,,,19.0,23.0,,21.5,
2000-10-27,,,,,,,,,,,,,,,,,,,,,,,,,,,,,,,,,,,,,,,,,19.0,23.0,,21.5,
2000-10-28,,,,,,,,,,,,,,,,,,,,,,,,,,,,,,,,,,,,,,,,,19.0,23.0,,21.5,
2000-10-29,,,,,,,,,,,,,,,,,,,,,,,,,,,,,,,,,,,,,,,,,19.0,23.0,,21.5,
2000-10-30,,,,,,,,,,,,,,,,,,,,,,,,,,,,,,,,,,,,,,,,,19.0,23.0,,21.5,
2000-10-31,,,,,,,,,,,,,,,,,,,,,,,,,,,,,,,,,,,,,,,,,19.0,23.0,,21.5,
2000-11-01,,,,,,,,,,,,,,,,,,,,,,,,,,,,,,,,,,,,,,,,,19.0,23.0,,21.5,
2000-11-02,,,,,,,,,,,,,,,,,,,,,,,,,,,,,,,,,,,,,,,,,19.0,23.0,,21.5,
2000-11-03,,,,,,,,,,,,,,,,,,,,,,,,,,,,,,,,,,,,,,,,,19.0,23.0,,21.5,
2000-11-04,,,,,,,,,,,,,,,,,,,,,,,,,,,,,,,,,,,,,,,,,19.0,23.0,,21.5,
2000-11-05,,,,,,,,,,,,,,,,,,,,,,,,,,,,,,,,,,,,,,,,,19.0,23.0,,21.5,
2000-11-06,,,,,,,,,,,,,,,,,,,,,,,,,,,,,,,,,,,,,,,,,19.0,23.0,,21.5,
2000-11-07,,,,,,,,,,,,,,,,,,,,,,,,,,,,,,,,,,,,,,,,,19.0,23.0,,21.5,
2000-11-08,,,,,,,,,,,,,,,,,,,,,,,,,,,,,,,,,,,,,,,,,19.0,23.0,,21.5,
2000-11-09,,,,,,,,,,,,,,,,,,,,,,,,,,,,,,,,,,,,,,,,,19.0,23.0,,21.5,
2000-11-10,,,,,,,,,,,,,,,,,,,,,,,,,,,,,,,,,,,,,,,,,19.0,23.0,,21.5,
2000-11-11,,,,,,,,,,,,,,,,,,,,,,,,,,,,,,,,,,,,,,,,,19.0,23.0,,21.5,
2000-11-12,,,,,,,,,,,,,,,,,,,,,,,,,,,,,,,,,,,,,,,,,19.0,23.0,,21.5,
2000-11-13,,,,,,,,,,,,,,,,,,,,,,,,,,,,,,,,,,,,,,,,,19.0,23.0,,21.5,
2000-11-14,,,,,,,,,,,,,,,,,,,,,,,,,,,,,,,,,,,,,,,,,19.0,23.0,,21.5,
2000-11-15,,,,,,,,,,,,,,,,,,,,,,,,,,,,,,,,,,,,,,,,,19.0,23.0,,21.5,
2000-11-16,,,,,,,,,,,,,,,,,,,,,,,,,,,,,,,,,,,,,,,,,19.0,23.0,,21.5,
2000-11-17,,,,,,,,,,,,,,,,,,,,,,,,,,,,,,,,,,,,,,,,,19.0,23.0,,21.5,
2000-11-18,,,,,,,,,,,,,,,,,,,,,,,,,,,,,,,,,,,,,,,,,19.0,23.0,,21.5,
2000-11-19,,,,,,,,,,,,,,,,,,,,,,,,,,,,,,,,,,,,,,,,,19.0,23.0,,21.5,
2000-11-20,,,,,,,,,,,,,,,,,,,,,,,,,,,,,,,,,,,,,,,,,19.0,23.0,,21.5,
2000-11-21,,,,,,,,,,,,,,,,,,,,,,,,,,,,,,,,,,,,,,,,,19.0,23.0,,21.5,
2000-11-22,,,,,,,,,,,,,,,,,,,,,,,,,,,,,,,,,,,,,,,,,19.0,23.0,,21.5,
2000-11-23,,,,,,,,,,,,,,,,,,,,,,,,,,,,,,,,,,,,,,,,,19.0,23.0,,21.5,
2000-11-24,,,,,,,,,,,,,,,,,,,,,,,,,,,,,,,,,,,,,,,,,19.0,23.0,,21.5,
2000-11-25,,,,,,,,,,,,,,,,,,,,,,,,,,,,,,,,,,,,,,,,,19.0,23.0,,21.5,
2000-11-26,,,,,,,,,,,,,,,,,,,,,,,,,,,,,,,,,,,,,,,,,19.0,23.0,,21.5,
2000-11-27,,,,,,,,,,,,,,,,,,,,,,,,,,,,,,,,,,,,,,,,,19.0,23.0,,21.5,
2000-11-28,,,,,,,,,,,,,,,,,,,,,,,,,,,,,,,,,,,,,,,,,19.0,23.0,,21.5,
2000-11-29,,,,,,,,,,,,,,,,,,,,,,,,,,,,,,,,,,,,,,,,,19.0,23.0,,21.5,
2000-11-30,,,,,,,,,,,,,,,,,,,,,,,,,,,,,,,,,,,,,,,,,19.0,23.0,,21.5,
2000-12-01,,,,,,,,,,,,,,,,,,,,,,,,,,,,,,,,,,,,,,,,,19.0,23.0,,21.5,
2000-12-02,,,,,,,,,,,,,,,,,,,,,,,,,,,,,,,,,,,,,,,,,19.0,23.0,,21.5,
2000-12-03,,,,,,,,,,,,,,,,,,,,,,,,,,,,,,,,,,,,,,,,,19.0,23.0,,21.5,
2000-12-04,,,,,,,,,,,,,,,,,,,,,,,,,,,,,,,,,,,,,,,,,19.0,23.0,,21.5,
2000-12-05,,,,,,,,,,,,,,,,,,,,,,,,,,,,,,,,,,,,,,,,,19.0,23.0,,21.5,
2000-12-06,,,,,,,,,,,,,,,,,,,,,,,,,,,,,,,,,,,,,,,,,19.0,23.0,,21.5,
2000-12-07,,,,,,,,,,,,,,,,,,,,,,,,,,,,,,,,,,,,,,,,,19.0,23.0,,21.5,
2000-12-08,,,,,,,,,,,,,,,,,,,,,,,,,,,,,,,,,,,,,,,,,19.0,23.0,,21.5,
2000-12-09,,,,,,,,,,,,,,,,,,,,,,,,,,,,,,,,,,,,,,,,,19.0,23.0,,21.5,
2000-12-10,,,,,,,,,,,,,,,,,,,,,,,,,,,,,,,,,,,,,,,,,19.0,23.0,,21.5,
2000-12-11,,,,,,,,,,,,,,,,,,,,,,,,,,,,,,,,,,,,,,,,,19.0,23.0,,21.5,
2000-12-12,,,,,,,,,,,,,,,,,,,,,,,,,,,,,,,,,,,,,,,,,19.0,23.0,,21.5,
2000-12-13,,,,,,,,,,,,,,,,,,,,,,,,,,,,,,,,,,,,,,,,,19.0,23.0,,21.5,
2000-12-14,,,,,,,,,,,,,,,,,,,,,,,,,,,,,,,,,,,,,,,,,19.0,23.0,,21.5,
2000-12-15,,,,,,,,,,,,,,,,,,,,,,,,,,,,,,,,,,,,,,,,,19.0,23.0,,21.5,
2000-12-16,,,,,,,,,,,,,,,,,,,,,,,,,,,,,,,,,,,,,,,,,19.0,23.0,,21.5,
2000-12-17,,,,,,,,,,,,,,,,,,,,,,,,,,,,,,,,,,,,,,,,,19.0,23.0,,21.5,
2000-12-18,,,,,,,,,,,,,,,,,,,,,,,,,,,,,,,,,,,,,,,,,19.0,23.0,,21.5,
2000-12-19,,,,,,,,,,,,,,,,,,,,,,,,,,,,,,,,,,,,,,,,,19.0,23.0,,21.5,
2000-12-20,,,,,,,,,,,,,,,,,,,,,,,,,,,,,,,,,,,,,,,,,19.0,23.0,,21.5,
2000-12-21,,,,,,,,,,,,,,,,,,,,,,,,,,,,,,,,,,,,,,,,,19.0,23.0,,21.5,
2000-12-22,,,,,,,,,,,,,,,,,,,,,,,,,,,,,,,,,,,,,,,,,19.0,23.0,,21.5,
2000-12-23,,,,,,,,,,,,,,,,,,,,,,,,,,,,,,,,,,,,,,,,,19.0,23.0,,21.5,
2000-12-24,,,,,,,,,,,,,,,,,,,,,,,,,,,,,,,,,,,,,,,,,19.0,23.0,,21.5,
2000-12-25,,,,,,,,,,,,,,,,,,,,,,,,,,,,,,,,,,,,,,,,,19.0,23.0,,21.5,
2000-12-26,,,,,,,,,,,,,,,,,,,,,,,,,,,,,,,,,,,,,,,,,19.0,23.0,,21.5,
2000-12-27,,,,,,,,,,,,,,,,,,,,,,,,,,,,,,,,,,,,,,,,,19.0,23.0,,21.5,
2000-12-28,,,,,,,,,,,,,,,,,,,,,,,,,,,,,,,,,,,,,,,,,19.0,23.0,,21.5,
2000-12-29,,,,,,,,,,,,,,,,,,,,,,,,,,,,,,,,,,,,,,,,,19.0,23.0,,21.5,
2000-12-30,,,,,,,,,,,,,,,,,,,,,,,,,,,,,,,,,,,,,,,,,19.0,23.0,,21.5,
2000-12-31,,,,,,,,,,,,,,,,,,,,,,,,,,,,,,,,,,,,,,,,,19.0,23.0,,21.5,
2001-01-01,,,,,,,,,,,,,,,,,,,,,,,,,,,,,,,,,,,,,,,,,19.0,23.0,,21.5,
2001-01-02,,,,,,,,,,,,,,,,,,,,,,,,,,,,,,,,,,,,,,,,,19.0,23.0,,21.5,
2001-01-03,,,,,,,,,,,,,,,,,,,,,,,,,,,,,,,,,,,,,,,,,19.0,23.0,,21.5,
2001-01-04,,,,,,,,,,,,,,,,,,,,,,,,,,,,,,,,,,,,,,,,,19.0,23.0,,21.5,
2001-01-05,,,,,,,,,,,,,,,,,,,,,,,,,,,,,,,,,,,,,,,,,19.0,23.0,,21.5,
2001-01-06,,,,,,,,,,,,,,,,,,,,,,,,,,,,,,,,,,,,,,,,,19.0,23.0,,21.5,
2001-01-07,,,,,,,,,,,,,,,,,,,,,,,,,,,,,,,,,,,,,,,,,19.0,23.0,,21.5,
2001-01-08,,,,,,,,,,,,,,,,,,,,,,,,,,,,,,,,,,,,,,,,,19.0,23.0,,21.5,
2001-01-09,,,,,,,,,,,,,,,,,,,,,,,,,,,,,,,,,,,,,,,,,19.0,23.0,,21.5,
2001-01-10,,,,,,,,,,,,,,,,,,,,,,,,,,,,,,,,,,,,,,,,,19.0,23.0,,21.5,
2001-01-11,,,,,,,,,,,,,,,,,,,,,,,,,,,,,,,,,,,,,,,,,19.0,23.0,,21.5,
2001-01-12,,,,,,,,,,,,,,,,,,,,,,,,,,,,,,,,,,,,,,,,,19.0,23.0,,21.5,
2001-01-13,,,,,,,,,,,,,,,,,,,,,,,,,,,,,,,,,,,,,,,,,19.0,23.0,,21.5,
2001-01-14,,,,,,,,,,,,,,,,,,,,,,,,,,,,,,,,,,,,,,,,,19.0,23.0,,21.5,
2001-01-15,,,,,,,,,,,,,,,,,,,,,,,,,,,,,,,,,,,,,,,,,19.0,23.0,,21.5,
2001-01-16,,,,,,,,,,,,,,,,,,,,,,,,,,,,,,,,,,,,,,,,,19.0,23.0,,21.5,
2001-01-17,,,,,,,,,,,,,,,,,,,,,,,,,,,,,,,,,,,,,,,,,19.0,23.0,,21.5,
2001-01-18,,,,,,,,,,,,,,,,,,,,,,,,,,,,,,,,,,,,,,,,,19.0,23.0,,21.5,
2001-01-19,,,,,,,,,,,,,,,,,,,,,,,,,,,,,,,,,,,,,,,,,19.0,23.0,,21.5,
2001-01-20,,,,,,,,,,,,,,,,,,,,,,,,,,,,,,,,,,,,,,,,,19.0,23.0,,21.5,
2001-01-21,,,,,,,,,,,,,,,,,,,,,,,,,,,,,,,,,,,,,,,,,19.0,23.0,,21.5,
2001-01-22,,,,,,,,,,,,,,,,,,,,,,,,,,,,,,,,,,,,,,,,,19.0,23.0,,21.5,
2001-01-23,,,,,,,,,,,,,,,,,,,,,,,,,,,,,,,,,,,,,,,,,19.0,23.0,,21.5,
2001-01-24,,,,,,,,,,,,,,,,,,,,,,,,,,,,,,,,,,,,,,,,,19.0,23.0,,21.5,
2001-01-25,,,,,,,,,,,,,,,,,,,,,,,,,,,,,,,,,,,,,,,,,19.0,23.0,,21.5,
2001-01-26,,,,,,,,,,,,,,,,,,,,,,,,,,,,,,,,,,,,,,,,,19.0,23.0,,21.5,
2001-01-27,,,,,,,,,,,,,,,,,,,,,,,,,,,,,,,,,,,,,,,,,19.0,23.0,,21.5,
2001-01-28,,,,,,,,,,,,,,,,,,,,,,,,,,,,,,,,,,,,,,,,,19.0,23.0,,21.5,
2001-01-29,,,,,,,,,,,,,,,,,,,,,,,,,,,,,,,,,,,,,,,,,19.0,23.0,,21.5,
2001-01-30,,,,,,,,,,,,,,,,,,,,,,,,,,,,,,,,,,,,,,,,,19.0,23.0,,21.5,
2001-01-31,,,,,,,,,,,,,,,,,,,,,,,,,,,,,,,,,,,,,,,,,19.0,23.0,,21.5,
2001-02-01,,,,,,,,,,,,,,,,,,,,,,,,,,,,,,,,,,,,,,,,,19.0,23.0,,21.5,
2001-02-02,,,,,,,,,,,,,,,,,,,,,,,,,,,,,,,,,,,,,,,,,19.0,23.0,,21.5,
2001-02-03,,,,,,,,,,,,,,,,,,,,,,,,,,,,,,,,,,,,,,,,,19.0,23.0,,21.5,
2001-02-04,,,,,,,,,,,,,,,,,,,,,,,,,,,,,,,,,,,,,,,,,19.0,23.0,,21.5,
2001-02-05,,,,,,,,,,,,,,,,,,,,,,,,,,,,,,,,,,,,,,,,,19.0,23.0,,21.5,
2001-02-06,,,,,,,,,,,,,,,,,,,,,,,,,,,,,,,,,,,,,,,,,19.0,23.0,,21.5,
2001-02-07,,,,,,,,,,,,,,,,,,,,,,,,,,,,,,,,,,,,,,,,,19.0,23.0,,21.5,
2001-02-08,,,,,,,,,,,,,,,,,,,,,,,,,,,,,,,,,,,,,,,,,19.0,23.0,,21.5,
2001-02-09,,,,,,,,,,,,,,,,,,,,,,,,,,,,,,,,,,,,,,,,,19.0,23.0,,21.5,
2001-02-10,,,,,,,,,,,,,,,,,,,,,,,,,,,,,,,,,,,,,,,,,19.0,23.0,,21.5,
2001-02-11,,,,,,,,,,,,,,,,,,,,,,,,,,,,,,,,,,,,,,,,,19.0,23.0,,21.5,
2001-02-12,,,,,,,,,,,,,,,,,,,,,,,,,,,,,,,,,,,,,,,,,19.0,23.0,,21.5,
2001-02-13,,,,,,,,,,,,,,,,,,,,,,,,,,,,,,,,,,,,,,,,,19.0,23.0,,21.5,
2001-02-14,,,,,,,,,,,,,,,,,,,,,,,,,,,,,,,,,,,,,,,,,19.0,23.0,,21.5,
2001-02-15,,,,,,,,,,,,,,,,,,,,,,,,,,,,,,,,,,,,,,,,,19.0,23.0,,21.5,
2001-02-16,,,,,,,,,,,,,,,,,,,,,,,,,,,,,,,,,,,,,,,,,19.0,23.0,,21.5,
2001-02-17,,,,,,,,,,,,,,,,,,,,,,,,,,,,,,,,,,,,,,,,,19.0,23.0,,21.5,
2001-02-18,,,,,,,,,,,,,,,,,,,,,,,,,,,,,,,,,,,,,,,,,19.0,23.0,,21.5,
2001-02-19,,,,,,,,,,,,,,,,,,,,,,,,,,,,,,,,,,,,,,,,,19.0,23.0,,21.5,
2001-02-20,,,,,,,,,,,,,,,,,,,,,,,,,,,,,,,,,,,,,,,,,19.0,23.0,,21.5,
2001-02-21,,,,,,,,,,,,,,,,,,,,,,,,,,,,,,,,,,,,,,,,,19.0,23.0,,21.5,
2001-02-22,,,,,,,,,,,,,,,,,,,,,,,,,,,,,,,,,,,,,,,,,19.0,23.0,,21.5,
2001-02-23,,,,,,,,,,,,,,,,,,,,,,,,,,,,,,,,,,,,,,,,,19.0,23.0,,21.5,
2001-02-24,,,,,,,,,,,,,,,,,,,,,,,,,,,,,,,,,,,,,,,,,19.0,23.0,,21.5,
2001-02-25,,,,,,,,,,,,,,,,,,,,,,,,,,,,,,,,,,,,,,,,,19.0,23.0,,21.5,
2001-02-26,,,,,,,,,,,,,,,,,,,,,,,,,,,,,,,,,,,,,,,,,19.0,23.0,,21.5,
2001-02-27,,,,,,,,,,,,,,,,,,,,,,,,,,,,,,,,,,,,,,,,,19.0,23.0,,21.5,
2001-02-28,,,,,,,,,,,,,,,,,,,,,,,,,,,,,,,,,,,,,,,,,19.0,23.0,,21.5,
2001-03-01,,,,,,,,,,,,,,,,,,,,,,,,,,,,,,,,,,,,,,,,,18.0,22.0,,20.5,
2001-03-02,,,,,,,,,,,,,,,,,,,,,,,,,,,,,,,,,,,,,,,,,18.0,22.0,,20.5,
2001-03-03,,,,,,,,,,,,,,,,,,,,,,,,,,,,,,,,,,,,,,,,,18.0,22.0,,20.5,
2001-03-04,,,,,,,,,,,,,,,,,,,,,,,,,,,,,,,,,,,,,,,,,18.0,22.0,,20.5,
2001-03-05,,,,,,,,,,,,,,,,,,,,,,,,,,,,,,,,,,,,,,,,,18.0,22.0,,20.5,
2001-03-06,,,,,,,,,,,,,,,,,,,,,,,,,,,,,,,,,,,,,,,,,18.0,22.0,,20.5,
2001-03-07,,,,,,,,,,,,,,,,,,,,,,,,,,,,,,,,,,,,,,,,,18.0,22.0,,20.5,
2001-03-08,,,,,,,,,,,,,,,,,,,,,,,,,,,,,,,,,,,,,,,,,18.0,22.0,,20.5,
2001-03-09,,,,,,,,,,,,,,,,,,,,,,,,,,,,,,,,,,,,,,,,,18.0,22.0,,20.5,
2001-03-10,,,,,,,,,,,,,,,,,,,,,,,,,,,,,,,,,,,,,,,,,18.0,22.0,,20.5,
2001-03-11,,,,,,,,,,,,,,,,,,,,,,,,,,,,,,,,,,,,,,,,,18.0,22.0,,20.5,
2001-03-12,,,,,,,,,,,,,,,,,,,,,,,,,,,,,,,,,,,,,,,,,18.0,22.0,,20.5,
2001-03-13,,,,,,,,,,,,,,,,,,,,,,,,,,,,,,,,,,,,,,,,,18.0,22.0,,20.5,
2001-03-14,,,,,,,,,,,,,,,,,,,,,,,,,,,,,,,,,,,,,,,,,18.0,22.0,,20.5,
2001-03-15,,,,,,,,,,,,,,,,,,,,,,,,,,,,,,,,,,,,,,,,,18.0,22.0,,20.5,
2001-03-16,,,,,,,,,,,,,,,,,,,,,,,,,,,,,,,,,,,,,,,,,18.0,22.0,,20.5,
2001-03-17,,,,,,,,,,,,,,,,,,,,,,,,,,,,,,,,,,,,,,,,,18.0,22.0,,20.5,
2001-03-18,,,,,,,,,,,,,,,,,,,,,,,,,,,,,,,,,,,,,,,,,18.0,22.0,,20.5,
2001-03-19,,,,,,,,,,,,,,,,,,,,,,,,,,,,,,,,,,,,,,,,,18.0,22.0,,20.5,
2001-03-20,,,,,,,,,,,,,,,,,,,,,,,,,,,,,,,,,,,,,,,,,18.0,22.0,,20.5,
2001-03-21,,,,,,,,,,,,,,,,,,,,,,,,,,,,,,,,,,,,,,,,,18.0,22.0,,20.5,
2001-03-22,,,,,,,,,,,,,,,,,,,,,,,,,,,,,,,,,,,,,,,,,18.0,22.0,,20.5,
2001-03-23,,,,,,,,,,,,,,,,,,,,,,,,,,,,,,,,,,,,,,,,,18.0,22.0,,20.5,
2001-03-24,,,,,,,,,,,,,,,,,,,,,,,,,,,,,,,,,,,,,,,,,18.0,22.0,,20.5,
2001-03-25,,,,,,,,,,,,,,,,,,,,,,,,,,,,,,,,,,,,,,,,,18.0,22.0,,20.5,
2001-03-26,,,,,,,,,,,,,,,,,,,,,,,,,,,,,,,,,,,,,,,,,18.0,22.0,,20.5,
2001-03-27,,,,,,,,,,,,,,,,,,,,,,,,,,,,,,,,,,,,,,,,,18.0,22.0,,20.5,
2001-03-28,,,,,,,,,,,,,,,,,,,,,,,,,,,,,,,,,,,,,,,,,18.0,22.0,,20.5,
2001-03-29,,,,,,,,,,,,,,,,,,,,,,,,,,,,,,,,,,,,,,,,,17.0,21.0,,19.5,
2001-03-30,,,,,,,,,,,,,,,,,,,,,,,,,,,,,,,,,,,,,,,,,17.0,21.0,,19.5,
2001-03-31,,,,,,,,,,,,,,,,,,,,,,,,,,,,,,,,,,,,,,,,,17.0,21.0,,19.5,
2001-04-01,,,,,,,,,,,,,,,,,,,,,,,,,,,,,,,,,,,,,,,,,17.0,21.0,,19.5,
2001-04-02,,,,,,,,,,,,,,,,,,,,,,,,,,,,,,,,,,,,,,,,,17.0,21.0,,19.5,
2001-04-03,,,,,,,,,,,,,,,,,,,,,,,,,,,,,,,,,,,,,,,,,17.0,21.0,,19.5,
2001-04-04,,,,,,,,,,,,,,,,,,,,,,,,,,,,,,,,,,,,,,,,,17.0,21.0,,19.5,
2001-04-05,,,,,,,,,,,,,,,,,,,,,,,,,,,,,,,,,,,,,,,,,17.0,21.0,,19.5,
2001-04-06,,,,,,,,,,,,,,,,,,,,,,,,,,,,,,,,,,,,,,,,,17.0,21.0,,19.5,
2001-04-07,,,,,,,,,,,,,,,,,,,,,,,,,,,,,,,,,,,,,,,,,17.0,21.0,,19.5,
2001-04-08,,,,,,,,,,,,,,,,,,,,,,,,,,,,,,,,,,,,,,,,,17.0,21.0,,19.5,
2001-04-09,,,,,,,,,,,,,,,,,,,,,,,,,,,,,,,,,,,,,,,,,17.0,21.0,,19.5,
2001-04-10,,,,,,,,,,,,,,,,,,,,,,,,,,,,,,,,,,,,,,,,,17.0,21.0,,19.5,
2001-04-11,,,,,,,,,,,,,,,,,,,,,,,,,,,,,,,,,,,,,,,,,17.0,21.0,,19.5,
2001-04-12,,,,,,,,,,,,,,,,,,,,,,,,,,,,,,,,,,,,,,,,,17.0,21.0,,19.5,
2001-04-13,,,,,,,,,,,,,,,,,,,,,,,,,,,,,,,,,,,,,,,,,17.0,21.0,,19.5,
2001-04-14,,,,,,,,,,,,,,,,,,,,,,,,,,,,,,,,,,,,,,,,,17.0,21.0,,19.5,
2001-04-15,,,,,,,,,,,,,,,,,,,,,,,,,,,,,,,,,,,,,,,,,17.0,21.0,,19.5,
2001-04-16,,,,,,,,,,,,,,,,,,,,,,,,,,,,,,,,,,,,,,,,,17.0,21.0,,19.5,
2001-04-17,,,,,,,,,,,,,,,,,,,,,,,,,,,,,,,,,,,,,,,,,17.0,21.0,,19.5,
2001-04-18,,,,,,,,,,,,,,,,,,,,,,,,,,,,,,,,,,,,,,,,,17.0,21.0,,19.5,
2001-04-19,,,,,,,,,,,,,,,,,,,,,,,,,,,,,,,,,,,,,,,,,17.0,21.0,,19.5,
2001-04-20,,,,,,,,,,,,,,,,,,,,,,,,,,,,,,,,,,,,,,,,,17.0,21.0,,19.5,
2001-04-21,,,,,,,,,,,,,,,,,,,,,,,,,,,,,,,,,,,,,,,,,17.0,21.0,,19.5,
2001-04-22,,,,,,,,,,,,,,,,,,,,,,,,,,,,,,,,,,,,,,,,,17.0,21.0,,19.5,
2001-04-23,,,,,,,,,,,,,,,,,,,,,,,,,,,,,,,,,,,,,,,,,17.0,21.0,,19.5,
2001-04-24,,,,,,,,,,,,,,,,,,,,,,,,,,,,,,,,,,,,,,,,,17.0,21.0,,19.5,
2001-04-25,,,,,,,,,,,,,,,,,,,,,,,,,,,,,,,,,,,,,,,,,17.0,21.0,,19.5,
2001-04-26,,,,,,,,,,,,,,,,,,,,,,,,,,,,,,,,,,,,,,,,,17.0,21.0,,19.5,
2001-04-27,,,,,,,,,,,,,,,,,,,,,,,,,,,,,,,,,,,,,,,,,17.0,21.0,,19.5,
2001-04-28,,,,,,,,,,,,,,,,,,,,,,,,,,,,,,,,,,,,,,,,,17.0,21.0,,19.5,
2001-04-29,,,,,,,,,,,,,,,,,,,,,,,,,,,,,,,,,,,,,,,,,17.0,21.0,,19.5,
2001-04-30,,,,,,,,,,,,,,,,,,,,,,,,,,,,,,,,,,,,,,,,,17.0,21.0,,19.5,
2001-05-01,,,,,,,,,,,,,,,,,,,,,,,,,,,,,,,,,,,,,,,,,17.0,21.0,,19.5,
2001-05-02,,,,,,,,,,,,,,,,,,,,,,,,,,,,,,,,,,,,,,,,,17.0,21.0,,19.5,
2001-05-03,,,,,,,,,,,,,,,,,,,,,,,,,,,,,,,,,,,,,,,,,17.0,21.0,,19.5,
2001-05-04,,,,,,,,,,,,,,,,,,,,,,,,,,,,,,,,,,,,,,,,,17.0,21.0,,19.5,
2001-05-05,,,,,,,,,,,,,,,,,,,,,,,,,,,,,,,,,,,,,,,,,17.0,21.0,,19.5,
2001-05-06,,,,,,,,,,,,,,,,,,,,,,,,,,,,,,,,,,,,,,,,,17.0,21.0,,19.5,
2001-05-07,,,,,,,,,,,,,,,,,,,,,,,,,,,,,,,,,,,,,,,,,17.0,21.0,,19.5,
2001-05-08,,,,,,,,,,,,,,,,,,,,,,,,,,,,,,,,,,,,,,,,,17.0,21.0,,19.5,
2001-05-09,,,,,,,,,,,,,,,,,,,,,,,,,,,,,,,,,,,,,,,,,17.0,21.0,,19.5,
2001-05-10,,,,,,,,,,,,,,,,,,,,,,,,,,,,,,,,,,,,,,,,,17.0,21.0,,19.5,
2001-05-11,,,,,,,,,,,,,,,,,,,,,,,,,,,,,,,,,,,,,,,,,17.0,21.0,,19.5,
2001-05-12,,,,,,,,,,,,,,,,,,,,,,,,,,,,,,,,,,,,,,,,,17.0,21.0,,19.5,
2001-05-13,,,,,,,,,,,,,,,,,,,,,,,,,,,,,,,,,,,,,,,,,17.0,21.0,,19.5,
2001-05-14,,,,,,,,,,,,,,,,,,,,,,,,,,,,,,,,,,,,,,,,,17.0,21.0,,19.5,
2001-05-15,,,,,,,,,,,,,,,,,,,,,,,,,,,,,,,,,,,,,,,,,17.0,21.0,,19.5,
2001-05-16,,,,,,,,,,,,,,,,,,,,,,,,,,,,,,,,,,,,,,,,,17.0,21.0,,19.5,
2001-05-17,,,,,,,,,,,,,,,,,,,,,,,,,,,,,,,,,,,,,,,,,17.0,21.0,,19.5,
2001-05-18,,,,,,,,,,,,,,,,,,,,,,,,,,,,,,,,,,,,,,,,,17.0,21.0,,19.5,
2001-05-19,,,,,,,,,,,,,,,,,,,,,,,,,,,,,,,,,,,,,,,,,17.0,21.0,,19.5,
2001-05-20,,,,,,,,,,,,,,,,,,,,,,,,,,,,,,,,,,,,,,,,,17.0,21.0,,19.5,
2001-05-21,,,,,,,,,,,,,,,,,,,,,,,,,,,,,,,,,,,,,,,,,17.0,21.0,,19.5,
2001-05-22,,,,,,,,,,,,,,,,,,,,,,,,,,,,,,,,,,,,,,,,,17.0,21.0,,19.5,
2001-05-23,,,,,,,,,,,,,,,,,,,,,,,,,,,,,,,,,,,,,,,,,17.0,21.0,,19.5,
2001-05-24,,,,,,,,,,,,,,,,,,,,,,,,,,,,,,,,,,,,,,,,,17.0,21.0,,19.5,
2001-05-25,,,,,,,,,,,,,,,,,,,,,,,,,,,,,,,,,,,,,,,,,17.0,21.0,,19.5,
2001-05-26,,,,,,,,,,,,,,,,,,,,,,,,,,,,,,,,,,,,,,,,,17.0,21.0,,19.5,
2001-05-27,,,,,,,,,,,,,,,,,,,,,,,,,,,,,,,,,,,,,,,,,17.0,21.0,,19.5,
2001-05-28,,,,,,,,,,,,,,,,,,,,,,,,,,,,,,,,,,,,,,,,,17.0,21.0,,19.5,
2001-05-29,,,,,,,,,,,,,,,,,,,,,,,,,,,,,,,,,,,,,,,,,17.0,21.0,,19.5,
2001-05-30,,,,,,,,,,,,,,,,,,,,,,,,,,,,,,,,,,,,,,,,,17.0,21.0,,19.5,
2001-05-31,,,,,,,,,,,,,,,,,,,,,,,,,,,,,,,,,,,,,,,,,17.0,21.0,,19.5,
2001-06-01,,,,,,,,,,,,,,,,,,,,,,,,,,,,,,,,,,,,,,,,,17.0,21.0,,19.5,
2001-06-02,,,,,,,,,,,,,,,,,,,,,,,,,,,,,,,,,,,,,,,,,17.0,21.0,,19.5,
2001-06-03,,,,,,,,,,,,,,,,,,,,,,,,,,,,,,,,,,,,,,,,,17.0,21.0,,19.5,
2001-06-04,,,,,,,,,,,,,,,,,,,,,,,,,,,,,,,,,,,,,,,,,17.0,21.0,,19.5,
2001-06-05,,,,,,,,,,,,,,,,,,,,,,,,,,,,,,,,,,,,,,,,,17.0,21.0,,19.5,
2001-06-06,,,,,,,,,,,,,,,,,,,,,,,,,,,,,,,,,,,,,,,,,17.0,21.0,,19.5,
2001-06-07,,,,,,,,,,,,,,,,,,,,,,,,,,,,,,,,,,,,,,,,,17.0,21.0,,19.5,
2001-06-08,,,,,,,,,,,,,,,,,,,,,,,,,,,,,,,,,,,,,,,,,17.0,21.0,,19.5,
2001-06-09,,,,,,,,,,,,,,,,,,,,,,,,,,,,,,,,,,,,,,,,,17.0,21.0,,19.5,
2001-06-10,,,,,,,,,,,,,,,,,,,,,,,,,,,,,,,,,,,,,,,,,17.0,21.0,,19.5,
2001-06-11,,,,,,,,,,,,,,,,,,,,,,,,,,,,,,,,,,,,,,,,,17.0,21.0,,19.5,
2001-06-12,,,,,,,,,,,,,,,,,,,,,,,,,,,,,,,,,,,,,,,,,17.0,21.0,,19.5,
2001-06-13,,,,,,,,,,,,,,,,,,,,,,,,,,,,,,,,,,,,,,,,,17.0,21.0,,19.5,
2001-06-14,,,,,,,,,,,,,,,,,,,,,,,,,,,,,,,,,,,,,,,,,17.0,21.0,,19.5,
2001-06-15,,,,,,,,,,,,,,,,,,,,,,,,,,,,,,,,,,,,,,,,,17.0,21.0,,19.5,
2001-06-16,,,,,,,,,,,,,,,,,,,,,,,,,,,,,,,,,,,,,,,,,17.0,21.0,,19.5,
2001-06-17,,,,,,,,,,,,,,,,,,,,,,,,,,,,,,,,,,,,,,,,,17.0,21.0,,19.5,
2001-06-18,,,,,,,,,,,,,,,,,,,,,,,,,,,,,,,,,,,,,,,,,17.0,21.0,,19.5,
2001-06-19,,,,,,,,,,,,,,,,,,,,,,,,,,,,,,,,,,,,,,,,,17.0,21.0,,19.5,
2001-06-20,,,,,,,,,,,,,,,,,,,,,,,,,,,,,,,,,,,,,,,,,17.0,21.0,,19.5,
2001-06-21,,,,,,,,,,,,,,,,,,,,,,,,,,,,,,,,,,,,,,,,,17.0,21.0,,19.5,
2001-06-22,,,,,,,,,,,,,,,,,,,,,,,,,,,,,,,,,,,,,,,,,17.0,21.0,,19.5,
2001-06-23,,,,,,,,,,,,,,,,,,,,,,,,,,,,,,,,,,,,,,,,,17.0,21.0,,19.5,
2001-06-24,,,,,,,,,,,,,,,,,,,,,,,,,,,,,,,,,,,,,,,,,17.0,21.0,,19.5,
2001-06-25,,,,,,,,,,,,,,,,,,,,,,,,,,,,,,,,,,,,,,,,,17.0,21.0,,19.5,
2001-06-26,,,,,,,,,,,,,,,,,,,,,,,,,,,,,,,,,,,,,,,,,17.0,21.0,,19.5,
2001-06-27,,,,,,,,,,,,,,,,,,,,,,,,,,,,,,,,,,,,,,,,,17.0,21.0,,19.5,
2001-06-28,,,,,,,,,,,,,,,,,,,,,,,,,,,,,,,,,,,,,,,,,15.5,19.5,,18.0,
2001-06-29,,,,,,,,,,,,,,,,,,,,,,,,,,,,,,,,,,,,,,,,,15.5,19.5,,18.0,
2001-06-30,,,,,,,,,,,,,,,,,,,,,,,,,,,,,,,,,,,,,,,,,15.5,19.5,,18.0,
2001-07-01,,,,,,,,,,,,,,,,,,,,,,,,,,,,,,,,,,,,,,,,,15.5,19.5,,18.0,
2001-07-02,,,,,,,,,,,,,,,,,,,,,,,,,,,,,,,,,,,,,,,,,15.5,19.5,,18.0,
2001-07-03,,,,,,,,,,,,,,,,,,,,,,,,,,,,,,,,,,,,,,,,,15.5,19.5,,18.0,
2001-07-04,,,,,,,,,,,,,,,,,,,,,,,,,,,,,,,,,,,,,,,,,15.5,19.5,,18.0,
2001-07-05,,,,,,,,,,,,,,,,,,,,,,,,,,,,,,,,,,,,,,,,,15.5,19.5,,18.0,
2001-07-06,,,,,,,,,,,,,,,,,,,,,,,,,,,,,,,,,,,,,,,,,15.5,19.5,,18.0,
2001-07-07,,,,,,,,,,,,,,,,,,,,,,,,,,,,,,,,,,,,,,,,,15.5,19.5,,18.0,
2001-07-08,,,,,,,,,,,,,,,,,,,,,,,,,,,,,,,,,,,,,,,,,15.5,19.5,,18.0,
2001-07-09,,,,,,,,,,,,,,,,,,,,,,,,,,,,,,,,,,,,,,,,,15.5,19.5,,18.0,
2001-07-10,,,,,,,,,,,,,,,,,,,,,,,,,,,,,,,,,,,,,,,,,15.5,19.5,,18.0,
2001-07-11,,,,,,,,,,,,,,,,,,,,,,,,,,,,,,,,,,,,,,,,,15.5,19.5,,18.0,
2001-07-12,,,,,,,,,,,,,,,,,,,,,,,,,,,,,,,,,,,,,,,,,15.5,19.5,,18.0,
2001-07-13,,,,,,,,,,,,,,,,,,,,,,,,,,,,,,,,,,,,,,,,,15.5,19.5,,18.0,
2001-07-14,,,,,,,,,,,,,,,,,,,,,,,,,,,,,,,,,,,,,,,,,15.5,19.5,,18.0,
2001-07-15,,,,,,,,,,,,,,,,,,,,,,,,,,,,,,,,,,,,,,,,,15.5,19.5,,18.0,
2001-07-16,,,,,,,,,,,,,,,,,,,,,,,,,,,,,,,,,,,,,,,,,15.5,19.5,,18.0,
2001-07-17,,,,,,,,,,,,,,,,,,,,,,,,,,,,,,,,,,,,,,,,,15.5,19.5,,18.0,
2001-07-18,,,,,,,,,,,,,,,,,,,,,,,,,,,,,,,,,,,,,,,,,15.5,19.5,,18.0,
2001-07-19,,,,,,,,,,,,,,,,,,,,,,,,,,,,,,,,,,,,,,,,,15.5,19.5,,18.0,
2001-07-20,,,,,,,,,,,,,,,,,,,,,,,,,,,,,,,,,,,,,,,,,15.5,19.5,,18.0,
2001-07-21,,,,,,,,,,,,,,,,,,,,,,,,,,,,,,,,,,,,,,,,,15.5,19.5,,18.0,
2001-07-22,,,,,,,,,,,,,,,,,,,,,,,,,,,,,,,,,,,,,,,,,15.5,19.5,,18.0,
2001-07-23,,,,,,,,,,,,,,,,,,,,,,,,,,,,,,,,,,,,,,,,,15.5,19.5,,18.0,
2001-07-24,,,,,,,,,,,,,,,,,,,,,,,,,,,,,,,,,,,,,,,,,15.5,19.5,,18.0,
2001-07-25,,,,,,,,,,,,,,,,,,,,,,,,,,,,,,,,,,,,,,,,,15.5,19.5,,18.0,
2001-07-26,,,,,,,,,,,,,,,,,,,,,,,,,,,,,,,,,,,,,,,,,15.5,19.5,,18.0,
2001-07-27,,,,,,,,,,,,,,,,,,,,,,,,,,,,,,,,,,,,,,,,,15.5,19.5,,18.0,
2001-07-28,,,,,,,,,,,,,,,,,,,,,,,,,,,,,,,,,,,,,,,,,15.5,19.5,,18.0,
2001-07-29,,,,,,,,,,,,,,,,,,,,,,,,,,,,,,,,,,,,,,,,,15.5,19.5,,18.0,
2001-07-30,,,,,,,,,,,,,,,,,,,,,,,,,,,,,,,,,,,,,,,,,15.5,19.5,,18.0,
2001-07-31,,,,,,,,,,,,,,,,,,,,,,,,,,,,,,,,,,,,,,,,,15.5,19.5,,18.0,
2001-08-01,,,,,,,,,,,,,,,,,,,,,,,,,,,,,,,,,,,,,,,,,15.5,19.5,,18.0,
2001-08-02,,,,,,,,,,,,,,,,,,,,,,,,,,,,,,,,,,,,,,,,,15.5,19.5,,18.0,
2001-08-03,,,,,,,,,,,,,,,,,,,,,,,,,,,,,,,,,,,,,,,,,15.5,19.5,,18.0,
2001-08-04,,,,,,,,,,,,,,,,,,,,,,,,,,,,,,,,,,,,,,,,,15.5,19.5,,18.0,
2001-08-05,,,,,,,,,,,,,,,,,,,,,,,,,,,,,,,,,,,,,,,,,15.5,19.5,,18.0,
2001-08-06,,,,,,,,,,,,,,,,,,,,,,,,,,,,,,,,,,,,,,,,,15.5,19.5,,18.0,
2001-08-07,,,,,,,,,,,,,,,,,,,,,,,,,,,,,,,,,,,,,,,,,15.5,19.5,,18.0,
2001-08-08,,,,,,,,,,,,,,,,,,,,,,,,,,,,,,,,,,,,,,,,,15.5,19.5,,18.0,
2001-08-09,,,,,,,,,,,,,,,,,,,,,,,,,,,,,,,,,,,,,,,,,15.5,19.5,,18.0,
2001-08-10,,,,,,,,,,,,,,,,,,,,,,,,,,,,,,,,,,,,,,,,,15.5,19.5,,18.0,
2001-08-11,,,,,,,,,,,,,,,,,,,,,,,,,,,,,,,,,,,,,,,,,15.5,19.5,,18.0,
2001-08-12,,,,,,,,,,,,,,,,,,,,,,,,,,,,,,,,,,,,,,,,,15.5,19.5,,18.0,
2001-08-13,,,,,,,,,,,,,,,,,,,,,,,,,,,,,,,,,,,,,,,,,15.5,19.5,,18.0,
2001-08-14,,,,,,,,,,,,,,,,,,,,,,,,,,,,,,,,,,,,,,,,,15.5,19.5,,18.0,
2001-08-15,,,,,,,,,,,,,,,,,,,,,,,,,,,,,,,,,,,,,,,,,15.5,19.5,,18.0,
2001-08-16,,,,,,,,,,,,,,,,,,,,,,,,,,,,,,,,,,,,,,,,,15.5,19.5,,18.0,
2001-08-17,,,,,,,,,,,,,,,,,,,,,,,,,,,,,,,,,,,,,,,,,15.5,19.5,,18.0,
2001-08-18,,,,,,,,,,,,,,,,,,,,,,,,,,,,,,,,,,,,,,,,,15.5,19.5,,18.0,
2001-08-19,,,,,,,,,,,,,,,,,,,,,,,,,,,,,,,,,,,,,,,,,15.5,19.5,,18.0,
2001-08-20,,,,,,,,,,,,,,,,,,,,,,,,,,,,,,,,,,,,,,,,,15.5,19.5,,18.0,
2001-08-21,,,,,,,,,,,,,,,,,,,,,,,,,,,,,,,,,,,,,,,,,15.5,19.5,,18.0,
2001-08-22,,,,,,,,,,,,,,,,,,,,,,,,,,,,,,,,,,,,,,,,,15.5,19.5,,18.0,
2001-08-23,,,,,,,,,,,,,,,,,,,,,,,,,,,,,,,,,,,,,,,,,14.5,18.5,,17.0,
2001-08-24,,,,,,,,,,,,,,,,,,,,,,,,,,,,,,,,,,,,,,,,,14.5,18.5,,17.0,
2001-08-25,,,,,,,,,,,,,,,,,,,,,,,,,,,,,,,,,,,,,,,,,14.5,18.5,,17.0,
2001-08-26,,,,,,,,,,,,,,,,,,,,,,,,,,,,,,,,,,,,,,,,,14.5,18.5,,17.0,
2001-08-27,,,,,,,,,,,,,,,,,,,,,,,,,,,,,,,,,,,,,,,,,14.5,18.5,,17.0,
2001-08-28,,,,,,,,,,,,,,,,,,,,,,,,,,,,,,,,,,,,,,,,,14.5,18.5,,17.0,
2001-08-29,,,,,,,,,,,,,,,,,,,,,,,,,,,,,,,,,,,,,,,,,14.5,18.5,,17.0,
2001-08-30,,,,,,,,,,,,,,,,,,,,,,,,,,,,,,,,,,,,,,,,,14.5,18.5,,17.0,
2001-08-31,,,,,,,,,,,,,,,,,,,,,,,,,,,,,,,,,,,,,,,,,14.5,18.5,,17.0,
2001-09-01,,,,,,,,,,,,,,,,,,,,,,,,,,,,,,,,,,,,,,,,,14.5,18.5,,17.0,
2001-09-02,,,,,,,,,,,,,,,,,,,,,,,,,,,,,,,,,,,,,,,,,14.5,18.5,,17.0,
2001-09-03,,,,,,,,,,,,,,,,,,,,,,,,,,,,,,,,,,,,,,,,,14.5,18.5,,17.0,
2001-09-04,,,,,,,,,,,,,,,,,,,,,,,,,,,,,,,,,,,,,,,,,14.5,18.5,,17.0,
2001-09-05,,,,,,,,,,,,,,,,,,,,,,,,,,,,,,,,,,,,,,,,,14.5,18.5,,17.0,
2001-09-06,,,,,,,,,,,,,,,,,,,,,,,,,,,,,,,,,,,,,,,,,14.5,18.5,,17.0,
2001-09-07,,,,,,,,,,,,,,,,,,,,,,,,,,,,,,,,,,,,,,,,,14.5,18.5,,17.0,
2001-09-08,,,,,,,,,,,,,,,,,,,,,,,,,,,,,,,,,,,,,,,,,14.5,18.5,,17.0,
2001-09-09,,,,,,,,,,,,,,,,,,,,,,,,,,,,,,,,,,,,,,,,,14.5,18.5,,17.0,
2001-09-10,,,,,,,,,,,,,,,,,,,,,,,,,,,,,,,,,,,,,,,,,14.5,18.5,,17.0,
2001-09-11,,,,,,,,,,,,,,,,,,,,,,,,,,,,,,,,,,,,,,,,,14.5,18.5,,17.0,
2001-09-12,,,,,,,,,,,,,,,,,,,,,,,,,,,,,,,,,,,,,,,,,14.5,18.5,,17.0,
2001-09-13,,,,,,,,,,,,,,,,,,,,,,,,,,,,,,,,,,,,,,,,,14.5,18.5,,17.0,
2001-09-14,,,,,,,,,,,,,,,,,,,,,,,,,,,,,,,,,,,,,,,,,14.5,18.5,,17.0,
2001-09-15,,,,,,,,,,,,,,,,,,,,,,,,,,,,,,,,,,,,,,,,,14.5,18.5,,17.0,
2001-09-16,,,,,,,,,,,,,,,,,,,,,,,,,,,,,,,,,,,,,,,,,14.5,18.5,,17.0,
2001-09-17,,,,,,,,,,,,,,,,,,,,,,,,,,,,,,,,,,,,,,,,,14.5,18.5,,17.0,
2001-09-18,,,,,,,,,,,,,,,,,,,,,,,,,,,,,,,,,,,,,,,,,14.5,18.5,,17.0,
2001-09-19,,,,,,,,,,,,,,,,,,,,,,,,,,,,,,,,,,,,,,,,,14.5,18.5,,17.0,
2001-09-20,,,,,,,,,,,,,,,,,,,,,,,,,,,,,,,,,,,,,,,,,14.5,18.5,,17.0,
2001-09-21,,,,,,,,,,,,,,,,,,,,,,,,,,,,,,,,,,,,,,,,,14.5,18.5,,17.0,
2001-09-22,,,,,,,,,,,,,,,,,,,,,,,,,,,,,,,,,,,,,,,,,14.5,18.5,,17.0,
2001-09-23,,,,,,,,,,,,,,,,,,,,,,,,,,,,,,,,,,,,,,,,,14.5,18.5,,17.0,
2001-09-24,,,,,,,,,,,,,,,,,,,,,,,,,,,,,,,,,,,,,,,,,14.5,18.5,,17.0,
2001-09-25,,,,,,,,,,,,,,,,,,,,,,,,,,,,,,,,,,,,,,,,,14.5,18.5,,17.0,
2001-09-26,,,,,,,,,,,,,,,,,,,,,,,,,,,,,,,,,,,,,,,,,14.5,18.5,,17.0,
2001-09-27,,,,,,,,,,,,,,,,,,,,,,,,,,,,,,,,,,,,,,,,,14.5,18.5,,17.0,
2001-09-28,,,,,,,,,,,,,,,,,,,,,,,,,,,,,,,,,,,,,,,,,14.5,18.5,,17.0,
2001-09-29,,,,,,,,,,,,,,,,,,,,,,,,,,,,,,,,,,,,,,,,,14.5,18.5,,17.0,
2001-09-30,,,,,,,,,,,,,,,,,,,,,,,,,,,,,,,,,,,,,,,,,14.5,18.5,,17.0,
2001-10-01,,,,,,,,,,,,,,,,,,,,,,,,,,,,,,,,,,,,,,,,,14.5,18.5,,17.0,
2001-10-02,,,,,,,,,,,,,,,,,,,,,,,,,,,,,,,,,,,,,,,,,14.5,18.5,,17.0,
2001-10-03,,,,,,,,,,,,,,,,,,,,,,,,,,,,,,,,,,,,,,,,,14.5,18.5,,17.0,
2001-10-04,,,,,,,,,,,,,,,,,,,,,,,,,,,,,,,,,,,,,,,,,14.5,18.5,,17.0,
2001-10-05,,,,,,,,,,,,,,,,,,,,,,,,,,,,,,,,,,,,,,,,,14.5,18.5,,17.0,
2001-10-06,,,,,,,,,,,,,,,,,,,,,,,,,,,,,,,,,,,,,,,,,14.5,18.5,,17.0,
2001-10-07,,,,,,,,,,,,,,,,,,,,,,,,,,,,,,,,,,,,,,,,,14.5,18.5,,17.0,
2001-10-08,,,,,,,,,,,,,,,,,,,,,,,,,,,,,,,,,,,,,,,,,14.5,18.5,,17.0,
2001-10-09,,,,,,,,,,,,,,,,,,,,,,,,,,,,,,,,,,,,,,,,,14.5,18.5,,17.0,
2001-10-10,,,,,,,,,,,,,,,,,,,,,,,,,,,,,,,,,,,,,,,,,14.5,18.5,,17.0,
2001-10-11,,,,,,,,,,,,,,,,,,,,,,,,,,,,,,,,,,,,,,,,,14.5,18.5,,17.0,
2001-10-12,,,,,,,,,,,,,,,,,,,,,,,,,,,,,,,,,,,,,,,,,14.5,18.5,,17.0,
2001-10-13,,,,,,,,,,,,,,,,,,,,,,,,,,,,,,,,,,,,,,,,,14.5,18.5,,17.0,
2001-10-14,,,,,,,,,,,,,,,,,,,,,,,,,,,,,,,,,,,,,,,,,14.5,18.5,,17.0,
2001-10-15,,,,,,,,,,,,,,,,,,,,,,,,,,,,,,,,,,,,,,,,,14.5,18.5,,17.0,
2001-10-16,,,,,,,,,,,,,,,,,,,,,,,,,,,,,,,,,,,,,,,,,14.5,18.5,,17.0,
2001-10-17,,,,,,,,,,,,,,,,,,,,,,,,,,,,,,,,,,,,,,,,,14.5,18.5,,17.0,
2001-10-18,,,,,,,,,,,,,,,,,,,,,,,,,,,,,,,,,,,,,,,,,14.5,18.5,,17.0,
2001-10-19,,,,,,,,,,,,,,,,,,,,,,,,,,,,,,,,,,,,,,,,,14.5,18.5,,17.0,
2001-10-20,,,,,,,,,,,,,,,,,,,,,,,,,,,,,,,,,,,,,,,,,14.5,18.5,,17.0,
2001-10-21,,,,,,,,,,,,,,,,,,,,,,,,,,,,,,,,,,,,,,,,,14.5,18.5,,17.0,
2001-10-22,,,,,,,,,,,,,,,,,,,,,,,,,,,,,,,,,,,,,,,,,14.5,18.5,,17.0,
2001-10-23,,,,,,,,,,,,,,,,,,,,,,,,,,,,,,,,,,,,,,,,,14.5,18.5,,17.0,
2001-10-24,,,,,,,,,,,,,,,,,,,,,,,,,,,,,,,,,,,,,,,,,14.5,18.5,,17.0,
2001-10-25,,,,,,,,,,,,,,,,,,,,,,,,,,,,,,,,,,,,,,,,,14.5,18.5,,17.0,
2001-10-26,,,,,,,,,,,,,,,,,,,,,,,,,,,,,,,,,,,,,,,,,13.0,17.0,,15.5,
2001-10-27,,,,,,,,,,,,,,,,,,,,,,,,,,,,,,,,,,,,,,,,,13.0,17.0,,15.5,
2001-10-28,,,,,,,,,,,,,,,,,,,,,,,,,,,,,,,,,,,,,,,,,13.0,17.0,,15.5,
2001-10-29,,,,,,,,,,,,,,,,,,,,,,,,,,,,,,,,,,,,,,,,,13.0,17.0,,15.5,
2001-10-30,,,,,,,,,,,,,,,,,,,,,,,,,,,,,,,,,,,,,,,,,13.0,17.0,,15.5,
2001-10-31,,,,,,,,,,,,,,,,,,,,,,,,,,,,,,,,,,,,,,,,,13.0,17.0,,15.5,
2001-11-01,,,,,,,,,,,,,,,,,,,,,,,,,,,,,,,,,,,,,,,,,13.0,17.0,,15.5,
2001-11-02,,,,,,,,,,,,,,,,,,,,,,,,,,,,,,,,,,,,,,,,,13.0,17.0,,15.5,
2001-11-03,,,,,,,,,,,,,,,,,,,,,,,,,,,,,,,,,,,,,,,,,13.0,17.0,,15.5,
2001-11-04,,,,,,,,,,,,,,,,,,,,,,,,,,,,,,,,,,,,,,,,,13.0,17.0,,15.5,
2001-11-05,,,,,,,,,,,,,,,,,,,,,,,,,,,,,,,,,,,,,,,,,13.0,17.0,,15.5,
2001-11-06,,,,,,,,,,,,,,,,,,,,,,,,,,,,,,,,,,,,,,,,,13.0,17.0,,15.5,
2001-11-07,,,,,,,,,,,,,,,,,,,,,,,,,,,,,,,,,,,,,,,,,13.0,17.0,,15.5,
2001-11-08,,,,,,,,,,,,,,,,,,,,,,,,,,,,,,,,,,,,,,,,,13.0,17.0,,15.5,
2001-11-09,,,,,,,,,,,,,,,,,,,,,,,,,,,,,,,,,,,,,,,,,13.0,17.0,,15.5,
2001-11-10,,,,,,,,,,,,,,,,,,,,,,,,,,,,,,,,,,,,,,,,,13.0,17.0,,15.5,
2001-11-11,,,,,,,,,,,,,,,,,,,,,,,,,,,,,,,,,,,,,,,,,13.0,17.0,,15.5,
2001-11-12,,,,,,,,,,,,,,,,,,,,,,,,,,,,,,,,,,,,,,,,,13.0,17.0,,15.5,
2001-11-13,,,,,,,,,,,,,,,,,,,,,,,,,,,,,,,,,,,,,,,,,13.0,17.0,,15.5,
2001-11-14,,,,,,,,,,,,,,,,,,,,,,,,,,,,,,,,,,,,,,,,,13.0,17.0,,15.5,
2001-11-15,,,,,,,,,,,,,,,,,,,,,,,,,,,,,,,,,,,,,,,,,13.0,17.0,,15.5,
2001-11-16,,,,,,,,,,,,,,,,,,,,,,,,,,,,,,,,,,,,,,,,,13.0,17.0,,15.5,
2001-11-17,,,,,,,,,,,,,,,,,,,,,,,,,,,,,,,,,,,,,,,,,13.0,17.0,,15.5,
2001-11-18,,,,,,,,,,,,,,,,,,,,,,,,,,,,,,,,,,,,,,,,,13.0,17.0,,15.5,
2001-11-19,,,,,,,,,,,,,,,,,,,,,,,,,,,,,,,,,,,,,,,,,13.0,17.0,,15.5,
2001-11-20,,,,,,,,,,,,,,,,,,,,,,,,,,,,,,,,,,,,,,,,,13.0,17.0,,15.5,
2001-11-21,,,,,,,,,,,,,,,,,,,,,,,,,,,,,,,,,,,,,,,,,13.0,17.0,,15.5,
2001-11-22,,,,,,,,,,,,,,,,,,,,,,,,,,,,,,,,,,,,,,,,,13.0,17.0,,15.5,
2001-11-23,,,,,,,,,,,,,,,,,,,,,,,,,,,,,,,,,,,,,,,,,13.0,17.0,,15.5,
2001-11-24,,,,,,,,,,,,,,,,,,,,,,,,,,,,,,,,,,,,,,,,,13.0,17.0,,15.5,
2001-11-25,,,,,,,,,,,,,,,,,,,,,,,,,,,,,,,,,,,,,,,,,13.0,17.0,,15.5,
2001-11-26,,,,,,,,,,,,,,,,,,,,,,,,,,,,,,,,,,,,,,,,,13.0,17.0,,15.5,
2001-11-27,,,,,,,,,,,,,,,,,,,,,,,,,,,,,,,,,,,,,,,,,13.0,17.0,,15.5,
2001-11-28,,,,,,,,,,,,,,,,,,,,,,,,,,,,,,,,,,,,,,,,,13.0,17.0,,15.5,
2001-11-29,,,,,,,,,,,,,,,,,,,,,,,,,,,,,,,,,,,,,,,,,11.5,15.5,,14.0,
2001-11-30,,,,,,,,,,,,,,,,,,,,,,,,,,,,,,,,,,,,,,,,,11.5,15.5,,14.0,
2001-12-01,,,,,,,,,,,,,,,,,,,,,,,,,,,,,,,,,,,,,,,,,11.5,15.5,7.5,14.0,
2001-12-02,,,,,,,,,,,,,,,,,,,,,,,,,,,,,,,,,,,,,,,,,11.5,15.5,7.5,14.0,
2001-12-03,,,,,,,,,,,,,,,,,,,,,,,,,,,,,,,,,,,,,,,,,11.5,15.5,7.5,14.0,
2001-12-04,,,,,,,,,,,,,,,,,,,,,,,,,,,,,,,,,,,,,,,,,11.5,15.5,7.5,14.0,
2001-12-05,,,,,,,,,,,,,,,,,,,,,,,,,,,,,,,,,,,,,,,,,11.5,15.5,7.5,14.0,
2001-12-06,,,,,,,,,,,,,,,,,,,,,,,,,,,,,,,,,,,,,,,,,11.5,15.5,7.5,14.0,
2001-12-07,,,,,,,,,,,,,,,,,,,,,,,,,,,,,,,,,,,,,,,,,11.5,15.5,7.5,14.0,
2001-12-08,,,,,,,,,,,,,,,,,,,,,,,,,,,,,,,,,,,,,,,,,11.5,15.5,7.5,14.0,
2001-12-09,,,,,,,,,,,,,,,,,,,,,,,,,,,,,,,,,,,,,,,,,11.5,15.5,7.5,14.0,
2001-12-10,,,,,,,,,,,,,,,,,,,,,,,,,,,,,,,,,,,,,,,,,11.5,15.5,7.5,14.0,
2001-12-11,,,,,,,,,,,,,,,,,,,,,,,,,,,,,,,,,,,,,,,,,11.5,15.5,7.5,14.0,
2001-12-12,,,,,,,,,,,,,,,,,,,,,,,,,,,,,,,,,,,,,,,,,11.5,15.5,7.5,14.0,
2001-12-13,,,,,,,,,,,,,,,,,,,,,,,,,,,,,,,,,,,,,,,,,11.5,15.5,7.5,14.0,
2001-12-14,,,,,,,,,,,,,,,,,,,,,,,,,,,,,,,,,,,,,,,,,11.5,15.5,7.5,14.0,
2001-12-15,,,,,,,,,,,,,,,,,,,,,,,,,,,,,,,,,,,,,,,,,11.5,15.5,7.5,14.0,
2001-12-16,,,,,,,,,,,,,,,,,,,,,,,,,,,,,,,,,,,,,,,,,11.5,15.5,7.5,14.0,
2001-12-17,,,,,,,,,,,,,,,,,,,,,,,,,,,,,,,,,,,,,,,,,11.5,15.5,7.5,14.0,
2001-12-18,,,,,,,,,,,,,,,,,,,,,,,,,,,,,,,,,,,,,,,,,11.5,15.5,7.5,14.0,
2001-12-19,,,,,,,,,,,,,,,,,,,,,,,,,,,,,,,,,,,,,,,,,11.5,15.5,7.5,14.0,
2001-12-20,,,,,,,,,,,,,,,,,,,,,,,,,,,,,,,,,,,,,,,,,11.5,15.5,7.5,14.0,
2001-12-21,,,,,,,,,,,,,,,,,,,,,,,,,,,,,,,,,,,,,,,,,11.5,15.5,7.5,14.0,
2001-12-22,,,,,,,,,,,,,,,,,,,,,,,,,,,,,,,,,,,,,,,,,11.5,15.5,7.5,14.0,
2001-12-23,,,,,,,,,,,,,,,,,,,,,,,,,,,,,,,,,,,,,,,,,11.5,15.5,7.5,14.0,
2001-12-24,,,,,,,,,,,,,,,,,,,,,,,,,,,,,,,,,,,,,,,,,11.5,15.5,7.5,14.0,
2001-12-25,,,,,,,,,,,,,,,,,,,,,,,,,,,,,,,,,,,,,,,,,11.5,15.5,7.5,14.0,
2001-12-26,,,,,,,,,,,,,,,,,,,,,,,,,,,,,,,,,,,,,,,,,11.5,15.5,7.5,14.0,
2001-12-27,,,,,,,,,,,,,,,,,,,,,,,,,,,,,,,,,,,,,,,,,11.5,15.5,7.5,14.0,
2001-12-28,,,,,,,,,,,,,,,,,,,,,,,,,,,,,,,,,,,,,,,,,11.5,15.5,7.5,14.0,
2001-12-29,,,,,,,,,,,,,,,,,,,,,,,,,,,,,,,,,,,,,,,,,11.5,15.5,7.5,14.0,
2001-12-30,,,,,,,,,,,,,,,,,,,,,,,,,,,,,,,,,,,,,,,,,11.5,15.5,7.5,14.0,
2001-12-31,,,,,,,,,,,,,,,,,,,,,,,,,,,,,,,,,,,,,,,,,11.5,15.5,7.5,14.0,
2002-01-01,,,,,,,,,,,,,,,,,,,,,,,,,,,,,,,,,,,,,,,,,11.5,15.5,7.5,14.0,
2002-01-02,,,,,,,,,,,,,,,,,,,,,,,,,,,,,,,,,,,,,,,,,11.5,15.5,7.5,14.0,
2002-01-03,,,,,,,,,,,,,,,,,,,,,,,,,,,,,,,,,,,,,,,,,11.5,15.5,7.5,14.0,
2002-01-04,,,,,,,,,,,,,,,,,,,,,,,,,,,,,,,,,,,,,,,,,11.5,15.5,7.5,14.0,
2002-01-05,,,,,,,,,,,,,,,,,,,,,,,,,,,,,,,,,,,,,,,,,11.5,15.5,7.5,14.0,
2002-01-06,,,,,,,,,,,,,,,,,,,,,,,,,,,,,,,,,,,,,,,,,11.5,15.5,7.5,14.0,
2002-01-07,,,,,,,,,,,,,,,,,,,,,,,,,,,,,,,,,,,,,,,,,11.5,15.5,7.5,14.0,
2002-01-08,,,,,,,,,,,,,,,,,,,,,,,,,,,,,,,,,,,,,,,,,11.5,15.5,7.5,14.0,
2002-01-09,,,,,,,,,,,,,,,,,,,,,,,,,,,,,,,,,,,,,,,,,11.5,15.5,7.5,14.0,
2002-01-10,,,,,,,,,,,,,,,,,,,,,,,,,,,,,,,,,,,,,,,,,11.5,15.5,7.5,14.0,
2002-01-11,,,,,,,,,,,,,,,,,,,,,,,,,,,,,,,,,,,,,,,,,11.5,15.5,7.5,14.0,
2002-01-12,,,,,,,,,,,,,,,,,,,,,,,,,,,,,,,,,,,,,,,,,11.5,15.5,7.5,14.0,
2002-01-13,,,,,,,,,,,,,,,,,,,,,,,,,,,,,,,,,,,,,,,,,11.5,15.5,7.5,14.0,
2002-01-14,,,,,,,,,,,,,,,,,,,,,,,,,,,,,,,,,,,,,,,,,11.5,15.5,7.5,14.0,
2002-01-15,,,,,,,,,,,,,,,,,,,,,,,,,,,,,,,,,,,,,,,,,11.5,15.5,7.5,14.0,
2002-01-16,,,,,,,,,,,,,,,,,,,,,,,,,,,,,,,,,,,,,,,,,11.5,15.5,7.5,14.0,
2002-01-17,,,,,,,,,,,,,,,,,,,,,,,,,,,,,,,,,,,,,,,,,11.5,15.5,7.5,14.0,
2002-01-18,,,,,,,,,,,,,,,,,,,,,,,,,,,,,,,,,,,,,,,,,11.5,15.5,7.5,14.0,
2002-01-19,,,,,,,,,,,,,,,,,,,,,,,,,,,,,,,,,,,,,,,,,11.5,15.5,7.5,14.0,
2002-01-20,,,,,,,,,,,,,,,,,,,,,,,,,,,,,,,,,,,,,,,,,11.5,15.5,7.5,14.0,
2002-01-21,,,,,,,,,,,,,,,,,,,,,,,,,,,,,,,,,,,,,,,,,11.5,15.5,7.5,14.0,
2002-01-22,,,,,,,,,,,,,,,,,,,,,,,,,,,,,,,,,,,,,,,,,11.5,15.5,7.5,14.0,
2002-01-23,,,,,,,,,,,,,,,,,,,,,,,,,,,,,,,,,,,,,,,,,11.5,15.5,7.5,14.0,
2002-01-24,,,,,,,,,,,,,,,,,,,,,,,,,,,,,,,,,,,,,,,,,11.5,15.5,7.5,14.0,
2002-01-25,,,,,,,,,,,,,,,,,,,,,,,,,,,,,,,,,,,,,,,,,11.5,15.5,7.5,14.0,
2002-01-26,,,,,,,,,,,,,,,,,,,,,,,,,,,,,,,,,,,,,,,,,11.5,15.5,7.5,14.0,
2002-01-27,,,,,,,,,,,,,,,,,,,,,,,,,,,,,,,,,,,,,,,,,11.5,15.5,7.5,14.0,
2002-01-28,,,,,,,,,,,,,,,,,,,,,,,,,,,,,,,,,,,,,,,,,11.5,15.5,7.5,14.0,
2002-01-29,,,,,,,,,,,,,,,,,,,,,,,,,,,,,,,,,,,,,,,,,11.5,15.5,7.5,14.0,
2002-01-30,,,,,,,,,,,,,,,,,,,,,,,,,,,,,,,,,,,,,,,,,11.5,15.5,7.5,14.0,
2002-01-31,,,,,,,,,,,,,,,,,,,,,,,,,,,,,,,,,,,,,,,,,10.0,13.5,6.5,12.0,
2002-02-01,,,,,,,,,,,,,,,,,,,,,,,,,,,,,,,,,,,,,,,,,10.0,13.5,6.5,12.0,
2002-02-02,,,,,,,,,,,,,,,,,,,,,,,,,,,,,,,,,,,,,,,,,10.0,13.5,6.5,12.0,
2002-02-03,,,,,,,,,,,,,,,,,,,,,,,,,,,,,,,,,,,,,,,,,10.0,13.5,6.5,12.0,
2002-02-04,,,,,,,,,,,,,,,,,,,,,,,,,,,,,,,,,,,,,,,,,10.0,13.5,6.5,12.0,
2002-02-05,,,,,,,,,,,,,,,,,,,,,,,,,,,,,,,,,,,,,,,,,10.0,13.5,6.5,12.0,
2002-02-06,,,,,,,,,,,,,,,,,,,,,,,,,,,,,,,,,,,,,,,,,10.0,13.5,6.5,12.0,
2002-02-07,,,,,,,,,,,,,,,,,,,,,,,,,,,,,,,,,,,,,,,,,10.0,13.5,6.5,12.0,
2002-02-08,,,,,,,,,,,,,,,,,,,,,,,,,,,,,,,,,,,,,,,,,10.0,13.5,6.5,12.0,
2002-02-09,,,,,,,,,,,,,,,,,,,,,,,,,,,,,,,,,,,,,,,,,10.0,13.5,6.5,12.0,
2002-02-10,,,,,,,,,,,,,,,,,,,,,,,,,,,,,,,,,,,,,,,,,10.0,13.5,6.5,12.0,
2002-02-11,,,,,,,,,,,,,,,,,,,,,,,,,,,,,,,,,,,,,,,,,10.0,13.5,6.5,12.0,
2002-02-12,,,,,,,,,,,,,,,,,,,,,,,,,,,,,,,,,,,,,,,,,10.0,13.5,6.5,12.0,
2002-02-13,,,,,,,,,,,,,,,,,,,,,,,,,,,,,,,,,,,,,,,,,10.0,13.5,6.5,12.0,
2002-02-14,,,,,,,,,,,,,,,,,,,,,,,,,,,,,,,,,,,,,,,,,10.0,13.5,6.5,12.0,
2002-02-15,,,,,,,,,,,,,,,,,,,,,,,,,,,,,,,,,,,,,,,,,10.0,13.5,6.5,12.0,
2002-02-16,,,,,,,,,,,,,,,,,,,,,,,,,,,,,,,,,,,,,,,,,10.0,13.5,6.5,12.0,
2002-02-17,,,,,,,,,,,,,,,,,,,,,,,,,,,,,,,,,,,,,,,,,10.0,13.5,6.5,12.0,
2002-02-18,,,,,,,,,,,,,,,,,,,,,,,,,,,,,,,,,,,,,,,,,10.0,13.5,6.5,12.0,
2002-02-19,,,,,,,,,,,,,,,,,,,,,,,,,,,,,,,,,,,,,,,,,10.0,13.5,6.5,12.0,
2002-02-20,,,,,,,,,,,,,,,,,,,,,,,,,,,,,,,,,,,,,,,,,10.0,13.5,6.5,12.0,
2002-02-21,,,,,,,,,,,,,,,,,,,,,,,,,,,,,,,,,,,,,,,,,10.0,13.5,6.5,12.0,
2002-02-22,,,,,,,,,,,,,,,,,,,,,,,,,,,,,,,,,,,,,,,,,10.0,13.5,6.5,12.0,
2002-02-23,,,,,,,,,,,,,,,,,,,,,,,,,,,,,,,,,,,,,,,,,10.0,13.5,6.5,12.0,
2002-02-24,,,,,,,,,,,,,,,,,,,,,,,,,,,,,,,,,,,,,,,,,10.0,13.5,6.5,12.0,
2002-02-25,,,,,,,,,,,,,,,,,,,,,,,,,,,,,,,,,,,,,,,,,10.0,13.5,6.5,12.0,
2002-02-26,,,,,,,,,,,,,,,,,,,,,,,,,,,,,,,,,,,,,,,,,10.0,13.5,6.5,12.0,
2002-02-27,,,,,,,,,,,,,,,,,,,,,,,,,,,,,,,,,,,,,,,,,10.0,13.5,6.5,12.0,
2002-02-28,,,,,,,,,,,,,,,,,,,,,,,,,,,,,,,,,,,,,,,,,10.0,13.5,6.5,12.0,
2002-03-01,,,,,,,,,,,,,,,,,,,,,,,,,,,,,,,,,,,,,,,,,10.0,13.5,6.5,12.0,
2002-03-02,,,,,,,,,,,,,,,,,,,,,,,,,,,,,,,,,,,,,,,,,10.0,13.5,6.5,12.0,
2002-03-03,,,,,,,,,,,,,,,,,,,,,,,,,,,,,,,,,,,,,,,,,10.0,13.5,6.5,12.0,
2002-03-04,,,,,,,,,,,,,,,,,,,,,,,,,,,,,,,,,,,,,,,,,10.0,13.5,6.5,12.0,
2002-03-05,,,,,,,,,,,,,,,,,,,,,,,,,,,,,,,,,,,,,,,,,10.0,13.5,6.5,12.0,
2002-03-06,,,,,,,,,,,,,,,,,,,,,,,,,,,,,,,,,,,,,,,,,10.0,13.5,6.5,12.0,
2002-03-07,,,,,,,,,,,,,,,,,,,,,,,,,,,,,,,,,,,,,,,,,10.0,13.5,6.5,12.0,
2002-03-08,,,,,,,,,,,,,,,,,,,,,,,,,,,,,,,,,,,,,,,,,10.0,13.5,6.5,12.0,
2002-03-09,,,,,,,,,,,,,,,,,,,,,,,,,,,,,,,,,,,,,,,,,10.0,13.5,6.5,12.0,
2002-03-10,,,,,,,,,,,,,,,,,,,,,,,,,,,,,,,,,,,,,,,,,10.0,13.5,6.5,12.0,
2002-03-11,,,,,,,,,,,,,,,,,,,,,,,,,,,,,,,,,,,,,,,,,10.0,13.5,6.5,12.0,
2002-03-12,,,,,,,,,,,,,,,,,,,,,,,,,,,,,,,,,,,,,,,,,10.0,13.5,6.5,12.0,
2002-03-13,,,,,,,,,,,,,,,,,,,,,,,,,,,,,,,,,,,,,,,,,10.0,13.5,6.5,12.0,
2002-03-14,,,,,,,,,,,,,,,,,,,,,,,,,,,,,,,,,,,,,,,,,10.0,13.5,6.5,12.0,
2002-03-15,,,,,,,,,,,,,,,,,,,,,,,,,,,,,,,,,,,,,,,,,10.0,13.5,6.5,12.0,
2002-03-16,,,,,,,,,,,,,,,,,,,,,,,,,,,,,,,,,,,,,,,,,10.0,13.5,6.5,12.0,
2002-03-17,,,,,,,,,,,,,,,,,,,,,,,,,,,,,,,,,,,,,,,,,10.0,13.5,6.5,12.0,
2002-03-18,,,,,,,,,,,,,,,,,,,,,,,,,,,,,,,,,,,,,,,,,10.0,13.5,6.5,12.0,
2002-03-19,,,,,,,,,,,,,,,,,,,,,,,,,,,,,,,,,,,,,,,,,10.0,13.5,6.5,12.0,
2002-03-20,,,,,,,,,,,,,,,,,,,,,,,,,,,,,,,,,,,,,,,,,10.0,13.5,6.5,12.0,
2002-03-21,,,,,,,,,,,,,,,,,,,,,,,,,,,,,,,,,,,,,,,,,10.0,13.5,6.5,12.0,
2002-03-22,,,,,,,,,,,,,,,,,,,,,,,,,,,,,,,,,,,,,,,,,10.0,13.5,6.5,12.0,
2002-03-23,,,,,,,,,,,,,,,,,,,,,,,,,,,,,,,,,,,,,,,,,10.0,13.5,6.5,12.0,
2002-03-24,,,,,,,,,,,,,,,,,,,,,,,,,,,,,,,,,,,,,,,,,10.0,13.5,6.5,12.0,
2002-03-25,,,,,,,,,,,,,,,,,,,,,,,,,,,,,,,,,,,,,,,,,10.0,13.5,6.5,12.0,
2002-03-26,,,,,,,,,,,,,,,,,,,,,,,,,,,,,,,,,,,,,,,,,10.0,13.5,6.5,12.0,
2002-03-27,,,,,,,,,,,,,,,,,,,,,,,,,,,,,,,,,,,,,,,,,10.0,13.5,6.5,12.0,
2002-03-28,,,,,,,,,,,,,,,,,,,,,,,,,,,,,,,,,,,,,,,,,10.0,13.5,6.5,12.0,
2002-03-29,,,,,,,,,,,,,,,,,,,,,,,,,,,,,,,,,,,,,,,,,10.0,13.5,6.5,12.0,
2002-03-30,,,,,,,,,,,,,,,,,,,,,,,,,,,,,,,,,,,,,,,,,10.0,13.5,6.5,12.0,
2002-03-31,,,,,,,,,,,,,,,,,,,,,,,,,,,,,,,,,,,,,,,,,10.0,13.5,6.5,12.0,
2002-04-01,,,,,,,,,,,,,,,,,,,,,,,,,,,,,,,,,,,,,,,,,10.0,13.5,6.5,12.0,
2002-04-02,,,,,,,,,,,,,,,,,,,,,,,,,,,,,,,,,,,,,,,,,10.0,13.5,6.5,12.0,
2002-04-03,,,,,,,,,,,,,,,,,,,,,,,,,,,,,,,,,,,,,,,,,10.0,13.5,6.5,12.0,
2002-04-04,,,,,,,,,,,,,,,,,,,,,,,,,,,,,,,,,,,,,,,,,10.0,13.5,6.5,12.0,
2002-04-05,,,,,,,,,,,,,,,,,,,,,,,,,,,,,,,,,,,,,,,,,10.0,13.5,6.5,12.0,
2002-04-06,,,,,,,,,,,,,,,,,,,,,,,,,,,,,,,,,,,,,,,,,10.0,13.5,6.5,12.0,
2002-04-07,,,,,,,,,,,,,,,,,,,,,,,,,,,,,,,,,,,,,,,,,10.0,13.5,6.5,12.0,
2002-04-08,,,,,,,,,,,,,,,,,,,,,,,,,,,,,,,,,,,,,,,,,10.0,13.5,6.5,12.0,
2002-04-09,,,,,,,,,,,,,,,,,,,,,,,,,,,,,,,,,,,,,,,,,10.0,13.5,6.5,12.0,
2002-04-10,,,,,,,,,,,,,,,,,,,,,,,,,,,,,,,,,,,,,,,,,10.0,13.5,6.5,12.0,
2002-04-11,,,,,,,,,,,,,,,,,,,,,,,,,,,,,,,,,,,,,,,,,10.0,13.5,6.5,12.0,
2002-04-12,,,,,,,,,,,,,,,,,,,,,,,,,,,,,,,,,,,,,,,,,10.0,13.5,6.5,12.0,
2002-04-13,,,,,,,,,,,,,,,,,,,,,,,,,,,,,,,,,,,,,,,,,10.0,13.5,6.5,12.0,
2002-04-14,,,,,,,,,,,,,,,,,,,,,,,,,,,,,,,,,,,,,,,,,10.0,13.5,6.5,12.0,
2002-04-15,,,,,,,,,,,,,,,,,,,,,,,,,,,,,,,,,,,,,,,,,10.0,13.5,6.5,12.0,
2002-04-16,,,,,,,,,,,,,,,,,,,,,,,,,,,,,,,,,,,,,,,,,10.0,13.5,6.5,12.0,
2002-04-17,,,,,,,,,,,,,,,,,,,,,,,,,,,,,,,,,,,,,,,,,10.0,13.5,6.5,12.0,
2002-04-18,,,,,,,,,,,,,,,,,,,,,,,,,,,,,,,,,,,,,,,,,10.0,13.5,6.5,12.0,
2002-04-19,,,,,,,,,,,,,,,,,,,,,,,,,,,,,,,,,,,,,,,,,10.0,13.5,6.5,12.0,
2002-04-20,,,,,,,,,,,,,,,,,,,,,,,,,,,,,,,,,,,,,,,,,10.0,13.5,6.5,12.0,
2002-04-21,,,,,,,,,,,,,,,,,,,,,,,,,,,,,,,,,,,,,,,,,10.0,13.5,6.5,12.0,
2002-04-22,,,,,,,,,,,,,,,,,,,,,,,,,,,,,,,,,,,,,,,,,10.0,13.5,6.5,12.0,
2002-04-23,,,,,,,,,,,,,,,,,,,,,,,,,,,,,,,,,,,,,,,,,10.0,13.5,6.5,12.0,
2002-04-24,,,,,,,,,,,,,,,,,,,,,,,,,,,,,,,,,,,,,,,,,10.0,13.5,6.5,12.0,
2002-04-25,,,,,,,,,,,,,,,,,,,,,,,,,,,,,,,,,,,,,,,,,10.0,13.5,6.5,12.0,
2002-04-26,,,,,,,,,,,,,,,,,,,,,,,,,,,,,,,,,,,,,,,,,9.5,12.5,6.5,11.0,
2002-04-27,,,,,,,,,,,,,,,,,,,,,,,,,,,,,,,,,,,,,,,,,9.5,12.5,6.5,11.0,
2002-04-28,,,,,,,,,,,,,,,,,,,,,,,,,,,,,,,,,,,,,,,,,9.5,12.5,6.5,11.0,
2002-04-29,,,,,,,,,,,,,,,,,,,,,,,,,,,,,,,,,,,,,,,,,9.5,12.5,6.5,11.0,
2002-04-30,,,,,,,,,,,,,,,,,,,,,,,,,,,,,,,,,,,,,,,,,9.5,12.5,6.5,11.0,
2002-05-01,,,,,,,,,,,,,,,,,,,,,,,,,,,,,,,,,,,,,,,,,9.5,12.5,6.5,11.0,
2002-05-02,,,,,,,,,,,,,,,,,,,,,,,,,,,,,,,,,,,,,,,,,9.5,12.5,6.5,11.0,
2002-05-03,,,,,,,,,,,,,,,,,,,,,,,,,,,,,,,,,,,,,,,,,9.5,12.5,6.5,11.0,
2002-05-04,,,,,,,,,,,,,,,,,,,,,,,,,,,,,,,,,,,,,,,,,9.5,12.5,6.5,11.0,
2002-05-05,,,,,,,,,,,,,,,,,,,,,,,,,,,,,,,,,,,,,,,,,9.5,12.5,6.5,11.0,
2002-05-06,,,,,,,,,,,,,,,,,,,,,,,,,,,,,,,,,,,,,,,,,9.5,12.5,6.5,11.0,
2002-05-07,,,,,,,,,,,,,,,,,,,,,,,,,,,,,,,,,,,,,,,,,9.5,12.5,6.5,11.0,
2002-05-08,,,,,,,,,,,,,,,,,,,,,,,,,,,,,,,,,,,,,,,,,9.5,12.5,6.5,11.0,
2002-05-09,,,,,,,,,,,,,,,,,,,,,,,,,,,,,,,,,,,,,,,,,9.5,12.5,6.5,11.0,
2002-05-10,,,,,,,,,,,,,,,,,,,,,,,,,,,,,,,,,,,,,,,,,9.5,12.5,6.5,11.0,
2002-05-11,,,,,,,,,,,,,,,,,,,,,,,,,,,,,,,,,,,,,,,,,9.5,12.5,6.5,11.0,
2002-05-12,,,,,,,,,,,,,,,,,,,,,,,,,,,,,,,,,,,,,,,,,9.5,12.5,6.5,11.0,
2002-05-13,,,,,,,,,,,,,,,,,,,,,,,,,,,,,,,,,,,,,,,,,9.5,12.5,6.5,11.0,
2002-05-14,,,,,,,,,,,,,,,,,,,,,,,,,,,,,,,,,,,,,,,,,9.5,12.5,6.5,11.0,
2002-05-15,,,,,,,,,,,,,,,,,,,,,,,,,,,,,,,,,,,,,,,,,9.5,12.5,6.5,11.0,
2002-05-16,,,,,,,,,,,,,,,,,,,,,,,,,,,,,,,,,,,,,,,,,9.5,12.5,6.5,11.0,
2002-05-17,,,,,,,,,,,,,,,,,,,,,,,,,,,,,,,,,,,,,,,,,9.5,12.5,6.5,11.0,
2002-05-18,,,,,,,,,,,,,,,,,,,,,,,,,,,,,,,,,,,,,,,,,9.5,12.5,6.5,11.0,
2002-05-19,,,,,,,,,,,,,,,,,,,,,,,,,,,,,,,,,,,,,,,,,9.5,12.5,6.5,11.0,
2002-05-20,,,,,,,,,,,,,,,,,,,,,,,,,,,,,,,,,,,,,,,,,9.5,12.5,6.5,11.0,
2002-05-21,,,,,,,,,,,,,,,,,,,,,,,,,,,,,,,,,,,,,,,,,9.5,12.5,6.5,11.0,
2002-05-22,,,,,,,,,,,,,,,,,,,,,,,,,,,,,,,,,,,,,,,,,9.5,12.5,6.5,11.0,
2002-05-23,,,,,,,,,,,,,,,,,,,,,,,,,,,,,,,,,,,,,,,,,9.5,12.5,6.5,11.0,
2002-05-24,,,,,,,,,,,,,,,,,,,,,,,,,,,,,,,,,,,,,,,,,9.5,12.5,6.5,11.0,
2002-05-25,,,,,,,,,,,,,,,,,,,,,,,,,,,,,,,,,,,,,,,,,9.5,12.5,6.5,11.0,
2002-05-26,,,,,,,,,,,,,,,,,,,,,,,,,,,,,,,,,,,,,,,,,9.5,12.5,6.5,11.0,
2002-05-27,,,,,,,,,,,,,,,,,,,,,,,,,,,,,,,,,,,,,,,,,9.5,12.5,6.5,11.0,
2002-05-28,,,,,,,,,,,,,,,,,,,,,,,,,,,,,,,,,,,,,,,,,9.5,12.5,6.5,11.0,
2002-05-29,,,,,,,,,,,,,,,,,,,,,,,,,,,,,,,,,,,,,,,,,9.5,12.5,6.5,11.0,
2002-05-30,,,,,,,,,,,,,,,,,,,,,,,,,,,,,,,,,,,,,,,,,9.0,12.0,6.0,10.5,
2002-05-31,,,,,,,,,,,,,,,,,,,,,,,,,,,,,,,,,,,,,,,,,9.0,12.0,6.0,10.5,
2002-06-01,,,,,,,,,,,,,,,,,,,,,,,,,,,,,,,,,,,,,,,,,9.0,12.0,6.0,10.5,
2002-06-02,,,,,,,,,,,,,,,,,,,,,,,,,,,,,,,,,,,,,,,,,9.0,12.0,6.0,10.5,
2002-06-03,,,,,,,,,,,,,,,,,,,,,,,,,,,,,,,,,,,,,,,,,9.0,12.0,6.0,10.5,
2002-06-04,,,,,,,,,,,,,,,,,,,,,,,,,,,,,,,,,,,,,,,,,9.0,12.0,6.0,10.5,
2002-06-05,,,,,,,,,,,,,,,,,,,,,,,,,,,,,,,,,,,,,,,,,9.0,12.0,6.0,10.5,
2002-06-06,,,,,,,,,,,,,,,,,,,,,,,,,,,,,,,,,,,,,,,,,9.0,12.0,6.0,10.5,
2002-06-07,,,,,,,,,,,,,,,,,,,,,,,,,,,,,,,,,,,,,,,,,9.0,12.0,6.0,10.5,
2002-06-08,,,,,,,,,,,,,,,,,,,,,,,,,,,,,,,,,,,,,,,,,9.0,12.0,6.0,10.5,
2002-06-09,,,,,,,,,,,,,,,,,,,,,,,,,,,,,,,,,,,,,,,,,9.0,12.0,6.0,10.5,
2002-06-10,,,,,,,,,,,,,,,,,,,,,,,,,,,,,,,,,,,,,,,,,9.0,12.0,6.0,10.5,
2002-06-11,,,,,,,,,,,,,,,,,,,,,,,,,,,,,,,,,,,,,,,,,9.0,12.0,6.0,10.5,
2002-06-12,,,,,,,,,,,,,,,,,,,,,,,,,,,,,,,,,,,,,,,,,9.0,12.0,6.0,10.5,
2002-06-13,,,,,,,,,,,,,,,,,,,,,,,,,,,,,,,,,,,,,,,,,9.0,12.0,6.0,10.5,
2002-06-14,,,,,,,,,,,,,,,,,,,,,,,,,,,,,,,,,,,,,,,,,9.0,12.0,6.0,10.5,
2002-06-15,,,,,,,,,,,,,,,,,,,,,,,,,,,,,,,,,,,,,,,,,9.0,12.0,6.0,10.5,
2002-06-16,,,,,,,,,,,,,,,,,,,,,,,,,,,,,,,,,,,,,,,,,9.0,12.0,6.0,10.5,
2002-06-17,,,,,,,,,,,,,,,,,,,,,,,,,,,,,,,,,,,,,,,,,9.0,12.0,6.0,10.5,
2002-06-18,,,,,,,,,,,,,,,,,,,,,,,,,,,,,,,,,,,,,,,,,9.0,12.0,6.0,10.5,
2002-06-19,,,,,,,,,,,,,,,,,,,,,,,,,,,,,,,,,,,,,,,,,9.0,12.0,6.0,10.5,
2002-06-20,,,,,,,,,,,,,,,,,,,,,,,,,,,,,,,,,,,,,,,,,9.0,12.0,6.0,10.5,
2002-06-21,,,,,,,,,,,,,,,,,,,,,,,,,,,,,,,,,,,,,,,,,9.0,12.0,6.0,10.5,
2002-06-22,,,,,,,,,,,,,,,,,,,,,,,,,,,,,,,,,,,,,,,,,9.0,12.0,6.0,10.5,
2002-06-23,,,,,,,,,,,,,,,,,,,,,,,,,,,,,,,,,,,,,,,,,9.0,12.0,6.0,10.5,
2002-06-24,,,,,,,,,,,,,,,,,,,,,,,,,,,,,,,,,,,,,,,,,9.0,12.0,6.0,10.5,
2002-06-25,,,,,,,,,,,,,,,,,,,,,,,,,,,,,,,,,,,,,,,,,9.0,12.0,6.0,10.5,
2002-06-26,,,,,,,,,,,,,,,,,,,,,,,,,,,,,,,,,,,,,,,,,9.0,12.0,6.0,10.5,
2002-06-27,,,,,,,,,,,,,,,,,,,,,,,,,,,,,,,,,,,,,,,,,8.5,11.5,5.5,10.0,
2002-06-28,,,,,,,,,,,,,,,,,,,,,,,,,,,,,,,,,,,,,,,,,8.5,11.5,5.5,10.0,
2002-06-29,,,,,,,,,,,,,,,,,,,,,,,,,,,,,,,,,,,,,,,,,8.5,11.5,5.5,10.0,
2002-06-30,,,,,,,,,,,,,,,,,,,,,,,,,,,,,,,,,,,,,,,,,8.5,11.5,5.5,10.0,
2002-07-01,,,,,,,,,,,,,,,,,,,,,,,,,,,,,,,,,,,,,,,,,8.5,11.5,5.5,10.0,
2002-07-02,,,,,,,,,,,,,,,,,,,,,,,,,,,,,,,,,,,,,,,,,8.5,11.5,5.5,10.0,
2002-07-03,,,,,,,,,,,,,,,,,,,,,,,,,,,,,,,,,,,,,,,,,8.5,11.5,5.5,10.0,
2002-07-04,,,,,,,,,,,,,,,,,,,,,,,,,,,,,,,,,,,,,,,,,8.5,11.5,5.5,10.0,
2002-07-05,,,,,,,,,,,,,,,,,,,,,,,,,,,,,,,,,,,,,,,,,8.5,11.5,5.5,10.0,
2002-07-06,,,,,,,,,,,,,,,,,,,,,,,,,,,,,,,,,,,,,,,,,8.5,11.5,5.5,10.0,
2002-07-07,,,,,,,,,,,,,,,,,,,,,,,,,,,,,,,,,,,,,,,,,8.5,11.5,5.5,10.0,
2002-07-08,,,,,,,,,,,,,,,,,,,,,,,,,,,,,,,,,,,,,,,,,8.5,11.5,5.5,10.0,
2002-07-09,,,,,,,,,,,,,,,,,,,,,,,,,,,,,,,,,,,,,,,,,8.5,11.5,5.5,10.0,
2002-07-10,,,,,,,,,,,,,,,,,,,,,,,,,,,,,,,,,,,,,,,,,8.5,11.5,5.5,10.0,
2002-07-11,,,,,,,,,,,,,,,,,,,,,,,,,,,,,,,,,,,,,,,,,8.5,11.5,5.5,10.0,
2002-07-12,,,,,,,,,,,,,,,,,,,,,,,,,,,,,,,,,,,,,,,,,8.5,11.5,5.5,10.0,
2002-07-13,,,,,,,,,,,,,,,,,,,,,,,,,,,,,,,,,,,,,,,,,8.5,11.5,5.5,10.0,
2002-07-14,,,,,,,,,,,,,,,,,,,,,,,,,,,,,,,,,,,,,,,,,8.5,11.5,5.5,10.0,
2002-07-15,,,,,,,,,,,,,,,,,,,,,,,,,,,,,,,,,,,,,,,,,8.5,11.5,5.5,10.0,
2002-07-16,,,,,,,,,,,,,,,,,,,,,,,,,,,,,,,,,,,,,,,,,8.5,11.5,5.5,10.0,
2002-07-17,,,,,,,,,,,,,,,,,,,,,,,,,,,,,,,,,,,,,,,,,8.5,11.5,5.5,10.0,
2002-07-18,,,,,,,,,,,,,,,,,,,,,,,,,,,,,,,,,,,,,,,,,8.5,11.5,5.5,10.0,
2002-07-19,,,,,,,,,,,,,,,,,,,,,,,,,,,,,,,,,,,,,,,,,8.5,11.5,5.5,10.0,
2002-07-20,,,,,,,,,,,,,,,,,,,,,,,,,,,,,,,,,,,,,,,,,8.5,11.5,5.5,10.0,
2002-07-21,,,,,,,,,,,,,,,,,,,,,,,,,,,,,,,,,,,,,,,,,8.5,11.5,5.5,10.0,
2002-07-22,,,,,,,,,,,,,,,,,,,,,,,,,,,,,,,,,,,,,,,,,8.5,11.5,5.5,10.0,
2002-07-23,,,,,,,,,,,,,,,,,,,,,,,,,,,,,,,,,,,,,,,,,8.5,11.5,5.5,10.0,
2002-07-24,,,,,,,,,,,,,,,,,,,,,,,,,,,,,,,,,,,,,,,,,8.5,11.5,5.5,10.0,
2002-07-25,,,,,,,,,,,,,,,,,,,,,,,,,,,,,,,,,,,,,,,,,8.5,11.5,5.5,10.0,
2002-07-26,,,,,,,,,,,,,,,,,,,,,,,,,,,,,,,,,,,,,,,,,8.5,11.5,5.5,10.0,
2002-07-27,,,,,,,,,,,,,,,,,,,,,,,,,,,,,,,,,,,,,,,,,8.5,11.5,5.5,10.0,
2002-07-28,,,,,,,,,,,,,,,,,,,,,,,,,,,,,,,,,,,,,,,,,8.5,11.5,5.5,10.0,
2002-07-29,,,,,,,,,,,,,,,,,,,,,,,,,,,,,,,,,,,,,,,,,8.5,11.5,5.5,10.0,
2002-07-30,,,,,,,,,,,,,,,,,,,,,,,,,,,,,,,,,,,,,,,,,8.5,11.5,5.5,10.0,
2002-07-31,,,,,,,,,,,,,,,,,,,,,,,,,,,,,,,,,,,,,,,,,8.5,11.5,5.5,10.0,
2002-08-01,,,,,,,,,,,,,,,,,,,,,,,,,,,,,,,,,,,,,,,,,8.5,11.5,5.5,10.0,
2002-08-02,,,,,,,,,,,,,,,,,,,,,,,,,,,,,,,,,,,,,,,,,8.5,11.5,5.5,10.0,
2002-08-03,,,,,,,,,,,,,,,,,,,,,,,,,,,,,,,,,,,,,,,,,8.5,11.5,5.5,10.0,
2002-08-04,,,,,,,,,,,,,,,,,,,,,,,,,,,,,,,,,,,,,,,,,8.5,11.5,5.5,10.0,
2002-08-05,,,,,,,,,,,,,,,,,,,,,,,,,,,,,,,,,,,,,,,,,8.5,11.5,5.5,10.0,
2002-08-06,,,,,,,,,,,,,,,,,,,,,,,,,,,,,,,,,,,,,,,,,8.5,11.5,5.5,10.0,
2002-08-07,,,,,,,,,,,,,,,,,,,,,,,,,,,,,,,,,,,,,,,,,8.5,11.5,5.5,10.0,
2002-08-08,,,,,,,,,,,,,,,,,,,,,,,,,,,,,,,,,,,,,,,,,8.5,11.5,5.5,10.0,
2002-08-09,,,,,,,,,,,,,,,,,,,,,,,,,,,,,,,,,,,,,,,,,8.5,11.5,5.5,10.0,
2002-08-10,,,,,,,,,,,,,,,,,,,,,,,,,,,,,,,,,,,,,,,,,8.5,11.5,5.5,10.0,
2002-08-11,,,,,,,,,,,,,,,,,,,,,,,,,,,,,,,,,,,,,,,,,8.5,11.5,5.5,10.0,
2002-08-12,,,,,,,,,,,,,,,,,,,,,,,,,,,,,,,,,,,,,,,,,8.5,11.5,5.5,10.0,
2002-08-13,,,,,,,,,,,,,,,,,,,,,,,,,,,,,,,,,,,,,,,,,8.5,11.5,5.5,10.0,
2002-08-14,,,,,,,,,,,,,,,,,,,,,,,,,,,,,,,,,,,,,,,,,8.5,11.5,5.5,10.0,
2002-08-15,,,,,,,,,,,,,,,,,,,,,,,,,,,,,,,,,,,,,,,,,8.5,11.5,5.5,10.0,
2002-08-16,,,,,,,,,,,,,,,,,,,,,,,,,,,,,,,,,,,,,,,,,8.5,11.5,5.5,10.0,
2002-08-17,,,,,,,,,,,,,,,,,,,,,,,,,,,,,,,,,,,,,,,,,8.5,11.5,5.5,10.0,
2002-08-18,,,,,,,,,,,,,,,,,,,,,,,,,,,,,,,,,,,,,,,,,8.5,11.5,5.5,10.0,
2002-08-19,,,,,,,,,,,,,,,,,,,,,,,,,,,,,,,,,,,,,,,,,8.5,11.5,5.5,10.0,
2002-08-20,,,,,,,,,,,,,,,,,,,,,,,,,,,,,,,,,,,,,,,,,8.5,11.5,5.5,10.0,
2002-08-21,,,,,,,,,,,,,,,,,,,,,,,,,,,,,,,,,,,,,,,,,8.5,11.5,5.5,10.0,
2002-08-22,,,,,,,,,,,,,,,,,,,,,,,,,,,,,,,,,,,,,,,,,8.5,11.5,5.5,10.0,
2002-08-23,,,,,,,,,,,,,,,,,,,,,,,,,,,,,,,,,,,,,,,,,8.5,11.5,5.5,10.0,
2002-08-24,,,,,,,,,,,,,,,,,,,,,,,,,,,,,,,,,,,,,,,,,8.5,11.5,5.5,10.0,
2002-08-25,,,,,,,,,,,,,,,,,,,,,,,,,,,,,,,,,,,,,,,,,8.5,11.5,5.5,10.0,
2002-08-26,,,,,,,,,,,,,,,,,,,,,,,,,,,,,,,,,,,,,,,,,8.5,11.5,5.5,10.0,
2002-08-27,,,,,,,,,,,,,,,,,,,,,,,,,,,,,,,,,,,,,,,,,8.5,11.5,5.5,10.0,
2002-08-28,,,,,,,,,,,,,,,,,,,,,,,,,,,,,,,,,,,,,,,,,8.5,11.5,5.5,10.0,
2002-08-29,,,,,,,,,,,,,,,,,,,,,,,,,,,,,,,,,,,,,,,,,8.0,10.5,5.5,9.0,
2002-08-30,,,,,,,,,,,,,,,,,,,,,,,,,,,,,,,,,,,,,,,,,8.0,10.5,5.5,9.0,
2002-08-31,,,,,,,,,,,,,,,,,,,,,,,,,,,,,,,,,,,,,,,,,8.0,10.5,5.5,9.0,
2002-09-01,,,,,,,,,,,,,,,,,,,,,,,,,,,,,,,,,,,,,,,,,8.0,10.5,5.5,9.0,
2002-09-02,,,,,,,,,,,,,,,,,,,,,,,,,,,,,,,,,,,,,,,,,8.0,10.5,5.5,9.0,
2002-09-03,,,,,,,,,,,,,,,,,,,,,,,,,,,,,,,,,,,,,,,,,8.0,10.5,5.5,9.0,
2002-09-04,,,,,,,,,,,,,,,,,,,,,,,,,,,,,,,,,,,,,,,,,8.0,10.5,5.5,9.0,
2002-09-05,,,,,,,,,,,,,,,,,,,,,,,,,,,,,,,,,,,,,,,,,8.0,10.5,5.5,9.0,
2002-09-06,,,,,,,,,,,,,,,,,,,,,,,,,,,,,,,,,,,,,,,,,8.0,10.5,5.5,9.0,
2002-09-07,,,,,,,,,,,,,,,,,,,,,,,,,,,,,,,,,,,,,,,,,8.0,10.5,5.5,9.0,
2002-09-08,,,,,,,,,,,,,,,,,,,,,,,,,,,,,,,,,,,,,,,,,8.0,10.5,5.5,9.0,
2002-09-09,,,,,,,,,,,,,,,,,,,,,,,,,,,,,,,,,,,,,,,,,8.0,10.5,5.5,9.0,
2002-09-10,,,,,,,,,,,,,,,,,,,,,,,,,,,,,,,,,,,,,,,,,8.0,10.5,5.5,9.0,
2002-09-11,,,,,,,,,,,,,,,,,,,,,,,,,,,,,,,,,,,,,,,,,8.0,10.5,5.5,9.0,
2002-09-12,,,,,,,,,,,,,,,,,,,,,,,,,,,,,,,,,,,,,,,,,8.0,10.5,5.5,9.0,
2002-09-13,,,,,,,,,,,,,,,,,,,,,,,,,,,,,,,,,,,,,,,,,8.0,10.5,5.5,9.0,
2002-09-14,,,,,,,,,,,,,,,,,,,,,,,,,,,,,,,,,,,,,,,,,8.0,10.5,5.5,9.0,
2002-09-15,,,,,,,,,,,,,,,,,,,,,,,,,,,,,,,,,,,,,,,,,8.0,10.5,5.5,9.0,
2002-09-16,,,,,,,,,,,,,,,,,,,,,,,,,,,,,,,,,,,,,,,,,8.0,10.5,5.5,9.0,
2002-09-17,,,,,,,,,,,,,,,,,,,,,,,,,,,,,,,,,,,,,,,,,8.0,10.5,5.5,9.0,
2002-09-18,,,,,,,,,,,,,,,,,,,,,,,,,,,,,,,,,,,,,,,,,8.0,10.5,5.5,9.0,
2002-09-19,,,,,,,,,,,,,,,,,,,,,,,,,,,,,,,,,,,,,,,,,8.0,10.5,5.5,9.0,
2002-09-20,,,,,,,,,,,,,,,,,,,,,,,,,,,,,,,,,,,,,,,,,8.0,10.5,5.5,9.0,
2002-09-21,,,,,,,,,,,,,,,,,,,,,,,,,,,,,,,,,,,,,,,,,8.0,10.5,5.5,9.0,
2002-09-22,,,,,,,,,,,,,,,,,,,,,,,,,,,,,,,,,,,,,,,,,8.0,10.5,5.5,9.0,
2002-09-23,,,,,,,,,,,,,,,,,,,,,,,,,,,,,,,,,,,,,,,,,8.0,10.5,5.5,9.0,
2002-09-24,,,,,,,,,,,,,,,,,,,,,,,,,,,,,,,,,,,,,,,,,8.0,10.5,5.5,9.0,
2002-09-25,,,,,,,,,,,,,,,,,,,,,,,,,,,,,,,,,,,,,,,,,8.0,10.5,5.5,9.0,
2002-09-26,,,,,,,,,,,,,,,,,,,,,,,,,,,,,,,,,,,,,,,,,7.5,10.0,5.0,8.5,
2002-09-27,,,,,,,,,,,,,,,,,,,,,,,,,,,,,,,,,,,,,,,,,7.5,10.0,5.0,8.5,
2002-09-28,,,,,,,,,,,,,,,,,,,,,,,,,,,,,,,,,,,,,,,,,7.5,10.0,5.0,8.5,
2002-09-29,,,,,,,,,,,,,,,,,,,,,,,,,,,,,,,,,,,,,,,,,7.5,10.0,5.0,8.5,
2002-09-30,,,,,,,,,,,,,,,,,,,,,,,,,,,,,,,,,,,,,,,,,7.5,10.0,5.0,8.5,
2002-10-01,,,,,,,,,,,,,,,,,,,,,,,,,,,,,,,,,,,,,,,,,7.5,10.0,5.0,8.5,
2002-10-02,,,,,,,,,,,,,,,,,,,,,,,,,,,,,,,,,,,,,,,,,7.5,10.0,5.0,8.5,
2002-10-03,,,,,,,,,,,,,,,,,,,,,,,,,,,,,,,,,,,,,,,,,7.5,10.0,5.0,8.5,
2002-10-04,,,,,,,,,,,,,,,,,,,,,,,,,,,,,,,,,,,,,,,,,7.5,10.0,5.0,8.5,
2002-10-05,,,,,,,,,,,,,,,,,,,,,,,,,,,,,,,,,,,,,,,,,7.5,10.0,5.0,8.5,
2002-10-06,,,,,,,,,,,,,,,,,,,,,,,,,,,,,,,,,,,,,,,,,7.5,10.0,5.0,8.5,
2002-10-07,,,,,,,,,,,,,,,,,,,,,,,,,,,,,,,,,,,,,,,,,7.5,10.0,5.0,8.5,
2002-10-08,,,,,,,,,,,,,,,,,,,,,,,,,,,,,,,,,,,,,,,,,7.5,10.0,5.0,8.5,
2002-10-09,,,,,,,,,,,,,,,,,,,,,,,,,,,,,,,,,,,,,,,,,7.5,10.0,5.0,8.5,
2002-10-10,,,,,,,,,,,,,,,,,,,,,,,,,,,,,,,,,,,,,,,,,7.5,10.0,5.0,8.5,
2002-10-11,,,,,,,,,,,,,,,,,,,,,,,,,,,,,,,,,,,,,,,,,7.5,10.0,5.0,8.5,
2002-10-12,,,,,,,,,,,,,,,,,,,,,,,,,,,,,,,,,,,,,,,,,7.5,10.0,5.0,8.5,
2002-10-13,,,,,,,,,,,,,,,,,,,,,,,,,,,,,,,,,,,,,,,,,7.5,10.0,5.0,8.5,
2002-10-14,,,,,,,,,,,,,,,,,,,,,,,,,,,,,,,,,,,,,,,,,7.5,10.0,5.0,8.5,
2002-10-15,,,,,,,,,,,,,,,,,,,,,,,,,,,,,,,,,,,,,,,,,7.5,10.0,5.0,8.5,
2002-10-16,,,,,,,,,,,,,,,,,,,,,,,,,,,,,,,,,,,,,,,,,7.5,10.0,5.0,8.5,
2002-10-17,,,,,,,,,,,,,,,,,,,,,,,,,,,,,,,,,,,,,,,,,7.5,10.0,5.0,8.5,
2002-10-18,,,,,,,,,,,,,,,,,,,,,,,,,,,,,,,,,,,,,,,,,7.5,10.0,5.0,8.5,
2002-10-19,,,,,,,,,,,,,,,,,,,,,,,,,,,,,,,,,,,,,,,,,7.5,10.0,5.0,8.5,
2002-10-20,,,,,,,,,,,,,,,,,,,,,,,,,,,,,,,,,,,,,,,,,7.5,10.0,5.0,8.5,
2002-10-21,,,,,,,,,,,,,,,,,,,,,,,,,,,,,,,,,,,,,,,,,7.5,10.0,5.0,8.5,
2002-10-22,,,,,,,,,,,,,,,,,,,,,,,,,,,,,,,,,,,,,,,,,7.5,10.0,5.0,8.5,
2002-10-23,,,,,,,,,,,,,,,,,,,,,,,,,,,,,,,,,,,,,,,,,7.5,10.0,5.0,8.5,
2002-10-24,,,,,,,,,,,,,,,,,,,,,,,,,,,,,,,,,,,,,,,,,7.0,9.0,5.0,7.75,
2002-10-25,,,,,,,,,,,,,,,,,,,,,,,,,,,,,,,,,,,,,,,,,7.0,9.0,5.0,7.75,
2002-10-26,,,,,,,,,,,,,,,,,,,,,,,,,,,,,,,,,,,,,,,,,7.0,9.0,5.0,7.75,
2002-10-27,,,,,,,,,,,,,,,,,,,,,,,,,,,,,,,,,,,,,,,,,7.0,9.0,5.0,7.75,
2002-10-28,,,,,,,,,,,,,,,,,,,,,,,,,,,,,,,,,,,,,,,,,7.0,9.0,5.0,7.75,
2002-10-29,,,,,,,,,,,,,,,,,,,,,,,,,,,,,,,,,,,,,,,,,7.0,9.0,5.0,7.75,
2002-10-30,,,,,,,,,,,,,,,,,,,,,,,,,,,,,,,,,,,,,,,,,7.0,9.0,5.0,7.75,
2002-10-31,,,,,,,,,,,,,,,,,,,,,,,,,,,,,,,,,,,,,,,,,7.0,9.0,5.0,7.75,
2002-11-01,,,,,,,,,,,,,,,,,,,,,,,,,,,,,,,,,,,,,,,,,7.0,9.0,5.0,7.75,
2002-11-02,,,,,,,,,,,,,,,,,,,,,,,,,,,,,,,,,,,,,,,,,7.0,9.0,5.0,7.75,
2002-11-03,,,,,,,,,,,,,,,,,,,,,,,,,,,,,,,,,,,,,,,,,7.0,9.0,5.0,7.75,
2002-11-04,,,,,,,,,,,,,,,,,,,,,,,,,,,,,,,,,,,,,,,,,7.0,9.0,5.0,7.75,
2002-11-05,,,,,,,,,,,,,,,,,,,,,,,,,,,,,,,,,,,,,,,,,7.0,9.0,5.0,7.75,
2002-11-06,,,,,,,,,,,,,,,,,,,,,,,,,,,,,,,,,,,,,,,,,7.0,9.0,5.0,7.75,
2002-11-07,,,,,,,,,,,,,,,,,,,,,,,,,,,,,,,,,,,,,,,,,7.0,9.0,5.0,7.75,
2002-11-08,,,,,,,,,,,,,,,,,,,,,,,,,,,,,,,,,,,,,,,,,7.0,9.0,5.0,7.75,
2002-11-09,,,,,,,,,,,,,,,,,,,,,,,,,,,,,,,,,,,,,,,,,7.0,9.0,5.0,7.75,
2002-11-10,,,,,,,,,,,,,,,,,,,,,,,,,,,,,,,,,,,,,,,,,7.0,9.0,5.0,7.75,
2002-11-11,,,,,,,,,,,,,,,,,,,,,,,,,,,,,,,,,,,,,,,,,7.0,9.0,5.0,7.75,
2002-11-12,,,,,,,,,,,,,,,,,,,,,,,,,,,,,,,,,,,,,,,,,7.0,9.0,5.0,7.75,
2002-11-13,,,,,,,,,,,,,,,,,,,,,,,,,,,,,,,,,,,,,,,,,7.0,9.0,5.0,7.75,
2002-11-14,,,,,,,,,,,,,,,,,,,,,,,,,,,,,,,,,,,,,,,,,7.0,9.0,5.0,7.75,
2002-11-15,,,,,,,,,,,,,,,,,,,,,,,,,,,,,,,,,,,,,,,,,7.0,9.0,5.0,7.75,
2002-11-16,,,,,,,,,,,,,,,,,,,,,,,,,,,,,,,,,,,,,,,,,7.0,9.0,5.0,7.75,
2002-11-17,,,,,,,,,,,,,,,,,,,,,,,,,,,,,,,,,,,,,,,,,7.0,9.0,5.0,7.75,
2002-11-18,,,,,,,,,,,,,,,,,,,,,,,,,,,,,,,,,,,,,,,,,7.0,9.0,5.0,7.75,
2002-11-19,,,,,,,,,,,,,,,,,,,,,,,,,,,,,,,,,,,,,,,,,7.0,9.0,5.0,7.75,
2002-11-20,,,,,,,,,,,,,,,,,,,,,,,,,,,,,,,,,,,,,,,,,7.0,9.0,5.0,7.75,
2002-11-21,,,,,,,,,,,,,,,,,,,,,,,,,,,,,,,,,,,,,,,,,7.0,9.0,5.0,7.75,
2002-11-22,,,,,,,,,,,,,,,,,,,,,,,,,,,,,,,,,,,,,,,,,7.0,9.0,5.0,7.75,
2002-11-23,,,,,,,,,,,,,,,,,,,,,,,,,,,,,,,,,,,,,,,,,7.0,9.0,5.0,7.75,
2002-11-24,,,,,,,,,,,,,,,,,,,,,,,,,,,,,,,,,,,,,,,,,7.0,9.0,5.0,7.75,
2002-11-25,,,,,,,,,,,,,,,,,,,,,,,,,,,,,,,,,,,,,,,,,7.0,9.0,5.0,7.75,
2002-11-26,,,,,,,,,,,,,,,,,,,,,,,,,,,,,,,,,,,,,,,,,7.0,9.0,5.0,7.75,
2002-11-27,,,,,,,,,,,,,,,,,,,,,,,,,,,,,,,,,,,,,,,,,7.0,9.0,5.0,7.75,
2002-11-28,,,,,,,,,,,,,,,,,,,,,,,,,,,,,,,,,,,,,,,,,6.75,8.75,4.75,7.5,
2002-11-29,,,,,,,,,,,,,,,,,,,,,,,,,,,,,,,,,,,,,,,,,6.75,8.75,4.75,7.5,
2002-11-30,,,,,,,,,,,,,,,,,,,,,,,,,,,,,,,,,,,,,,,,,6.75,8.75,4.75,7.5,
2002-12-01,,,,,,,,,,,,,,,,,,,,,,,,,,,,,,,,,,,,,,,,,6.75,8.75,4.75,7.5,
2002-12-02,,,,,,,,,,,,,,,,,,,,,,,,,,,,,,,,,,,,,,,,,6.75,8.75,4.75,7.5,
2002-12-03,,,,,,,,,,,,,,,,,,,,,,,,,,,,,,,,,,,,,,,,,6.75,8.75,4.75,7.5,
2002-12-04,,,,,,,,,,,,,,,,,,,,,,,,,,,,,,,,,,,,,,,,,6.75,8.75,4.75,7.5,
2002-12-05,,,,,,,,,,,,,,,,,,,,,,,,,,,,,,,,,,,,,,,,,6.75,8.75,4.75,7.5,
2002-12-06,,,,,,,,,,,,,,,,,,,,,,,,,,,,,,,,,,,,,,,,,6.75,8.75,4.75,7.5,
2002-12-07,,,,,,,,,,,,,,,,,,,,,,,,,,,,,,,,,,,,,,,,,6.75,8.75,4.75,7.5,
2002-12-08,,,,,,,,,,,,,,,,,,,,,,,,,,,,,,,,,,,,,,,,,6.75,8.75,4.75,7.5,
2002-12-09,,,,,,,,,,,,,,,,,,,,,,,,,,,,,,,,,,,,,,,,,6.75,8.75,4.75,7.5,
2002-12-10,,,,,,,,,,,,,,,,,,,,,,,,,,,,,,,,,,,,,,,,,6.75,8.75,4.75,7.5,
2002-12-11,,,,,,,,,,,,,,,,,,,,,,,,,,,,,,,,,,,,,,,,,6.75,8.75,4.75,7.5,
2002-12-12,,,,,,,,,,,,,,,,,,,,,,,,,,,,,,,,,,,,,,,,,6.75,8.75,4.75,7.5,
2002-12-13,,,,,,,,,,,,,,,,,,,,,,,,,,,,,,,,,,,,,,,,,6.75,8.75,4.75,7.5,
2002-12-14,,,,,,,,,,,,,,,,,,,,,,,,,,,,,,,,,,,,,,,,,6.75,8.75,4.75,7.5,
2002-12-15,,,,,,,,,,,,,,,,,,,,,,,,,,,,,,,,,,,,,,,,,6.75,8.75,4.75,7.5,
2002-12-16,,,,,,,,,,,,,,,,,,,,,,,,,,,,,,,,,,,,,,,,,6.75,8.75,4.75,7.5,
2002-12-17,,,,,,,,,,,,,,,,,,,,,,,,,,,,,,,,,,,,,,,,,6.75,8.75,4.75,7.5,
2002-12-18,,,,,,,,,,,,,,,,,,,,,,,,,,,,,,,,,,,,,,,,,6.75,8.75,4.75,7.5,
2002-12-19,,,,,,,,,,,,,,,,,,,,,,,,,,,,,,,,,,,,,,,,,6.75,8.75,4.75,7.5,
2002-12-20,,,,,,,,,,,,,,,,,,,,,,,,,,,,,,,,,,,,,,,,,6.75,8.75,4.75,7.5,
2002-12-21,,,,,,,,,,,,,,,,,,,,,,,,,,,,,,,,,,,,,,,,,6.75,8.75,4.75,7.5,
2002-12-22,,,,,,,,,,,,,,,,,,,,,,,,,,,,,,,,,,,,,,,,,6.75,8.75,4.75,7.5,
2002-12-23,,,,,,,,,,,,,,,,,,,,,,,,,,,,,,,,,,,,,,,,,6.75,8.75,4.75,7.5,
2002-12-24,,,,,,,,,,,,,,,,,,,,,,,,,,,,,,,,,,,,,,,,,6.75,8.75,4.75,7.5,
2002-12-25,,,,,,,,,,,,,,,,,,,,,,,,,,,,,,,,,,,,,,,,,6.75,8.75,4.75,7.5,
2002-12-26,,,,,,,,,,,,,,,,,,,,,,,,,,,,,,,,,,,,,,,,,6.75,8.75,4.75,7.5,
2002-12-27,,,,,,,,,,,,,,,,,,,,,,,,,,,,,,,,,,,,,,,,,6.75,8.75,4.75,7.5,
2002-12-28,,,,,,,,,,,,,,,,,,,,,,,,,,,,,,,,,,,,,,,,,6.75,8.75,4.75,7.5,
2002-12-29,,,,,,,,,,,,,,,,,,,,,,,,,,,,,,,,,,,,,,,,,6.75,8.75,4.75,7.5,
2002-12-30,,,,,,,,,,,,,,,,,,,,,,,,,,,,,,,,,,,,,,,,,6.75,8.75,4.75,7.5,
2002-12-31,,,,,,,,,,,,,,,,,,,,,,,,,,,,,,,,,,,,,,,,,6.75,8.75,4.75,7.5,
2003-01-01,,,,,,,,,,,,,,,,,,,,,,,,,,,,,,,,,,,,,,,,,6.75,8.75,4.75,7.5,
2003-01-02,,,,,,,,,,,,,,,,,,,,,,,,,,,,,,,,,,,,,,,,,6.75,8.75,4.75,7.5,
2003-01-03,,,,,,,,,,,,,,,,,,,,,,,,,,,,,,,,,,,,,,,,,6.75,8.75,4.75,7.5,
2003-01-04,,,,,,,,,,,,,,,,,,,,,,,,,,,,,,,,,,,,,,,,,6.75,8.75,4.75,7.5,
2003-01-05,,,,,,,,,,,,,,,,,,,,,,,,,,,,,,,,,,,,,,,,,6.75,8.75,4.75,7.5,
2003-01-06,,,,,,,,,,,,,,,,,,,,,,,,,,,,,,,,,,,,,,,,,6.75,8.75,4.75,7.5,
2003-01-07,,,,,,,,,,,,,,,,,,,,,,,,,,,,,,,,,,,,,,,,,6.75,8.75,4.75,7.5,
2003-01-08,,,,,,,,,,,,,,,,,,,,,,,,,,,,,,,,,,,,,,,,,6.75,8.75,4.75,7.5,
2003-01-09,,,,,,,,,,,,,,,,,,,,,,,,,,,,,,,,,,,,,,,,,6.75,8.75,4.75,7.5,
2003-01-10,,,,,,,,,,,,,,,,,,,,,,,,,,,,,,,,,,,,,,,,,6.75,8.75,4.75,7.5,
2003-01-11,,,,,,,,,,,,,,,,,,,,,,,,,,,,,,,,,,,,,,,,,6.75,8.75,4.75,7.5,
2003-01-12,,,,,,,,,,,,,,,,,,,,,,,,,,,,,,,,,,,,,,,,,6.75,8.75,4.75,7.5,
2003-01-13,,,,,,,,,,,,,,,,,,,,,,,,,,,,,,,,,,,,,,,,,6.75,8.75,4.75,7.5,
2003-01-14,,,,,,,,,,,,,,,,,,,,,,,,,,,,,,,,,,,,,,,,,6.75,8.75,4.75,7.5,
2003-01-15,,,,,,,,,,,,,,,,,,,,,,,,,,,,,,,,,,,,,,,,,6.75,8.75,4.75,7.5,
2003-01-16,,,,,,,,,,,,,,,,,,,,,,,,,,,,,,,,,,,,,,,,,6.75,8.75,4.75,7.5,
2003-01-17,,,,,,,,,,,,,,,,,,,,,,,,,,,,,,,,,,,,,,,,,6.75,8.75,4.75,7.5,
2003-01-18,,,,,,,,,,,,,,,,,,,,,,,,,,,,,,,,,,,,,,,,,6.75,8.75,4.75,7.5,
2003-01-19,,,,,,,,,,,,,,,,,,,,,,,,,,,,,,,,,,,,,,,,,6.75,8.75,4.75,7.5,
2003-01-20,,,,,,,,,,,,,,,,,,,,,,,,,,,,,,,,,,,,,,,,,6.75,8.75,4.75,7.5,
2003-01-21,,,,,,,,,,,,,,,,,,,,,,,,,,,,,,,,,,,,,,,,,6.75,8.75,4.75,7.5,
2003-01-22,,,,,,,,,,,,,,,,,,,,,,,,,,,,,,,,,,,,,,,,,6.75,8.75,4.75,7.5,
2003-01-23,,,,,,,,,,,,,,,,,,,,,,,,,,,,,,,,,,,,,,,,,6.75,8.75,4.75,7.5,
2003-01-24,,,,,,,,,,,,,,,,,,,,,,,,,,,,,,,,,,,,,,,,,6.75,8.75,4.75,7.5,
2003-01-25,,,,,,,,,,,,,,,,,,,,,,,,,,,,,,,,,,,,,,,,,6.75,8.75,4.75,7.5,
2003-01-26,,,,,,,,,,,,,,,,,,,,,,,,,,,,,,,,,,,,,,,,,6.75,8.75,4.75,7.5,
2003-01-27,,,,,,,,,,,,,,,,,,,,,,,,,,,,,,,,,,,,,,,,,6.75,8.75,4.75,7.5,
2003-01-28,,,,,,,,,,,,,,,,,,,,,,,,,,,,,,,,,,,,,,,,,6.75,8.75,4.75,7.5,
2003-01-29,,,,,,,,,,,,,,,,,,,,,,,,,,,,,,,,,,,,,,,,,6.75,8.75,4.75,7.5,
2003-01-30,,,,,,,,,,,,,,,,,,,,,,,,,,,,,,,,,,,,,,,,,6.5,8.5,4.5,7.25,
2003-01-31,,,,,,,,,,,,,,,,,,,,,,,,,,,,,,,,,,,,,,,,,6.5,8.5,4.5,7.25,
2003-02-01,,,,,,,,,,,,,,,,,,,,,,,,,,,,,,,,,,,,,,,,,6.5,8.5,4.5,7.25,
2003-02-02,,,,,,,,,,,,,,,,,,,,,,,,,,,,,,,,,,,,,,,,,6.5,8.5,4.5,7.25,
2003-02-03,,,,,,,,,,,,,,,,,,,,,,,,,,,,,,,,,,,,,,,,,6.5,8.5,4.5,7.25,
2003-02-04,,,,,,,,,,,,,,,,,,,,,,,,,,,,,,,,,,,,,,,,,6.5,8.5,4.5,7.25,
2003-02-05,,,,,,,,,,,,,,,,,,,,,,,,,,,,,,,,,,,,,,,,,6.5,8.5,4.5,7.25,
2003-02-06,,,,,,,,,,,,,,,,,,,,,,,,,,,,,,,,,,,,,,,,,6.5,8.5,4.5,7.25,
2003-02-07,,,,,,,,,,,,,,,,,,,,,,,,,,,,,,,,,,,,,,,,,6.5,8.5,4.5,7.25,
2003-02-08,,,,,,,,,,,,,,,,,,,,,,,,,,,,,,,,,,,,,,,,,6.5,8.5,4.5,7.25,
2003-02-09,,,,,,,,,,,,,,,,,,,,,,,,,,,,,,,,,,,,,,,,,6.5,8.5,4.5,7.25,
2003-02-10,,,,,,,,,,,,,,,,,,,,,,,,,,,,,,,,,,,,,,,,,6.5,8.5,4.5,7.25,
2003-02-11,,,,,,,,,,,,,,,,,,,,,,,,,,,,,,,,,,,,,,,,,6.5,8.5,4.5,7.25,
2003-02-12,,,,,,,,,,,,,,,,,,,,,,,,,,,,,,,,,,,,,,,,,6.5,8.5,4.5,7.25,
2003-02-13,,,,,,,,,,,,,,,,,,,,,,,,,,,,,,,,,,,,,,,,,6.5,8.5,4.5,7.25,
2003-02-14,,,,,,,,,,,,,,,,,,,,,,,,,,,,,,,,,,,,,,,,,6.5,8.5,4.5,7.25,
2003-02-15,,,,,,,,,,,,,,,,,,,,,,,,,,,,,,,,,,,,,,,,,6.5,8.5,4.5,7.25,
2003-02-16,,,,,,,,,,,,,,,,,,,,,,,,,,,,,,,,,,,,,,,,,6.5,8.5,4.5,7.25,
2003-02-17,,,,,,,,,,,,,,,,,,,,,,,,,,,,,,,,,,,,,,,,,6.5,8.5,4.5,7.25,
2003-02-18,,,,,,,,,,,,,,,,,,,,,,,,,,,,,,,,,,,,,,,,,6.5,8.5,4.5,7.25,
2003-02-19,,,,,,,,,,,,,,,,,,,,,,,,,,,,,,,,,,,,,,,,,6.5,8.5,4.5,7.25,
2003-02-20,,,,,,,,,,,,,,,,,,,,,,,,,,,,,,,,,,,,,,,,,6.5,8.5,4.5,7.25,
2003-02-21,,,,,,,,,,,,,,,,,,,,,,,,,,,,,,,,,,,,,,,,,6.5,8.5,4.5,7.25,
2003-02-22,,,,,,,,,,,,,,,,,,,,,,,,,,,,,,,,,,,,,,,,,6.5,8.5,4.5,7.25,
2003-02-23,,,,,,,,,,,,,,,,,,,,,,,,,,,,,,,,,,,,,,,,,6.5,8.5,4.5,7.25,
2003-02-24,,,,,,,,,,,,,,,,,,,,,,,,,,,,,,,,,,,,,,,,,6.5,8.5,4.5,7.25,
2003-02-25,,,,,,,,,,,,,,,,,,,,,,,,,,,,,,,,,,,,,,,,,6.5,8.5,4.5,7.25,
2003-02-26,,,,,,,,,,,,,,,,,,,,,,,,,,,,,,,,,,,,,,,,,6.5,8.5,4.5,7.25,
2003-02-27,,,,,,,,,,,,,,,,,,,,,,,,,,,,,,,,,,,,,,,,,6.25,8.0,4.5,6.75,
2003-02-28,,,,,,,,,,,,,,,,,,,,,,,,,,,,,,,,,,,,,,,,,6.25,8.0,4.5,6.75,
2003-03-01,,,,,,,,,,,,,,,,,,,,,,,,,,,,,,,,,,,,,,,,,6.25,8.0,4.5,6.75,
2003-03-02,,,,,,,,,,,,,,,,,,,,,,,,,,,,,,,,,,,,,,,,,6.25,8.0,4.5,6.75,
2003-03-03,,,,,,,,,,,,,,,,,,,,,,,,,,,,,,,,,,,,,,,,,6.25,8.0,4.5,6.75,
2003-03-04,,,,,,,,,,,,,,,,,,,,,,,,,,,,,,,,,,,,,,,,,6.25,8.0,4.5,6.75,
2003-03-05,,,,,,,,,,,,,,,,,,,,,,,,,,,,,,,,,,,,,,,,,6.25,8.0,4.5,6.75,
2003-03-06,,,,,,,,,,,,,,,,,,,,,,,,,,,,,,,,,,,,,,,,,6.25,8.0,4.5,6.75,
2003-03-07,,,,,,,,,,,,,,,,,,,,,,,,,,,,,,,,,,,,,,,,,6.25,8.0,4.5,6.75,
2003-03-08,,,,,,,,,,,,,,,,,,,,,,,,,,,,,,,,,,,,,,,,,6.25,8.0,4.5,6.75,
2003-03-09,,,,,,,,,,,,,,,,,,,,,,,,,,,,,,,,,,,,,,,,,6.25,8.0,4.5,6.75,
2003-03-10,,,,,,,,,,,,,,,,,,,,,,,,,,,,,,,,,,,,,,,,,6.25,8.0,4.5,6.75,
2003-03-11,,,,,,,,,,,,,,,,,,,,,,,,,,,,,,,,,,,,,,,,,6.25,8.0,4.5,6.75,
2003-03-12,,,,,,,,,,,,,,,,,,,,,,,,,,,,,,,,,,,,,,,,,6.25,8.0,4.5,6.75,
2003-03-13,,,,,,,,,,,,,,,,,,,,,,,,,,,,,,,,,,,,,,,,,6.25,8.0,4.5,6.75,
2003-03-14,,,,,,,,,,,,,,,,,,,,,,,,,,,,,,,,,,,,,,,,,6.25,8.0,4.5,6.75,
2003-03-15,,,,,,,,,,,,,,,,,,,,,,,,,,,,,,,,,,,,,,,,,6.25,8.0,4.5,6.75,
2003-03-16,,,,,,,,,,,,,,,,,,,,,,,,,,,,,,,,,,,,,,,,,6.25,8.0,4.5,6.75,
2003-03-17,,,,,,,,,,,,,,,,,,,,,,,,,,,,,,,,,,,,,,,,,6.25,8.0,4.5,6.75,
2003-03-18,,,,,,,,,,,,,,,,,,,,,,,,,,,,,,,,,,,,,,,,,6.25,8.0,4.5,6.75,
2003-03-19,,,,,,,,,,,,,,,,,,,,,,,,,,,,,,,,,,,,,,,,,6.25,8.0,4.5,6.75,
2003-03-20,,,,,,,,,,,,,,,,,,,,,,,,,,,,,,,,,,,,,,,,,6.25,8.0,4.5,6.75,
2003-03-21,,,,,,,,,,,,,,,,,,,,,,,,,,,,,,,,,,,,,,,,,6.25,8.0,4.5,6.75,
2003-03-22,,,,,,,,,,,,,,,,,,,,,,,,,,,,,,,,,,,,,,,,,6.25,8.0,4.5,6.75,
2003-03-23,,,,,,,,,,,,,,,,,,,,,,,,,,,,,,,,,,,,,,,,,6.25,8.0,4.5,6.75,
2003-03-24,,,,,,,,,,,,,,,,,,,,,,,,,,,,,,,,,,,,,,,,,6.25,8.0,4.5,6.75,
2003-03-25,,,,,,,,,,,,,,,,,,,,,,,,,,,,,,,,,,,,,,,,,6.25,8.0,4.5,6.75,
2003-03-26,,,,,,,,,,,,,,,,,,,,,,,,,,,,,,,,,,,,,,,,,6.25,8.0,4.5,6.75,
2003-03-27,,,,,,,,,,,,,,,,,,,,,,,,,,,,,,,,,,,,,,,,,6.0,7.75,4.25,6.5,
2003-03-28,,,,,,,,,,,,,,,,,,,,,,,,,,,,,,,,,,,,,,,,,6.0,7.75,4.25,6.5,
2003-03-29,,,,,,,,,,,,,,,,,,,,,,,,,,,,,,,,,,,,,,,,,6.0,7.75,4.25,6.5,
2003-03-30,,,,,,,,,,,,,,,,,,,,,,,,,,,,,,,,,,,,,,,,,6.0,7.75,4.25,6.5,
2003-03-31,,,,,,,,,,,,,,,,,,,,,,,,,,,,,,,,,,,,,,,,,6.0,7.75,4.25,6.5,
2003-04-01,,,,,,,,,,,,,,,,,,,,,,,,,,,,,,,,,,,,,,,,,6.0,7.75,4.25,6.5,
2003-04-02,,,,,,,,,,,,,,,,,,,,,,,,,,,,,,,,,,,,,,,,,6.0,7.75,4.25,6.5,
2003-04-03,,,,,,,,,,,,,,,,,,,,,,,,,,,,,,,,,,,,,,,,,6.0,7.75,4.25,6.5,
2003-04-04,,,,,,,,,,,,,,,,,,,,,,,,,,,,,,,,,,,,,,,,,6.0,7.75,4.25,6.5,
2003-04-05,,,,,,,,,,,,,,,,,,,,,,,,,,,,,,,,,,,,,,,,,6.0,7.75,4.25,6.5,
2003-04-06,,,,,,,,,,,,,,,,,,,,,,,,,,,,,,,,,,,,,,,,,6.0,7.75,4.25,6.5,
2003-04-07,,,,,,,,,,,,,,,,,,,,,,,,,,,,,,,,,,,,,,,,,6.0,7.75,4.25,6.5,
2003-04-08,,,,,,,,,,,,,,,,,,,,,,,,,,,,,,,,,,,,,,,,,6.0,7.75,4.25,6.5,
2003-04-09,,,,,,,,,,,,,,,,,,,,,,,,,,,,,,,,,,,,,,,,,6.0,7.75,4.25,6.5,
2003-04-10,,,,,,,,,,,,,,,,,,,,,,,,,,,,,,,,,,,,,,,,,6.0,7.75,4.25,6.5,
2003-04-11,,,,,,,,,,,,,,,,,,,,,,,,,,,,,,,,,,,,,,,,,6.0,7.75,4.25,6.5,
2003-04-12,,,,,,,,,,,,,,,,,,,,,,,,,,,,,,,,,,,,,,,,,6.0,7.75,4.25,6.5,
2003-04-13,,,,,,,,,,,,,,,,,,,,,,,,,,,,,,,,,,,,,,,,,6.0,7.75,4.25,6.5,
2003-04-14,,,,,,,,,,,,,,,,,,,,,,,,,,,,,,,,,,,,,,,,,6.0,7.75,4.25,6.5,
2003-04-15,,,,,,,,,,,,,,,,,,,,,,,,,,,,,,,,,,,,,,,,,6.0,7.75,4.25,6.5,
2003-04-16,,,,,,,,,,,,,,,,,,,,,,,,,,,,,,,,,,,,,,,,,6.0,7.75,4.25,6.5,
2003-04-17,,,,,,,,,,,,,,,,,,,,,,,,,,,,,,,,,,,,,,,,,6.0,7.75,4.25,6.5,
2003-04-18,,,,,,,,,,,,,,,,,,,,,,,,,,,,,,,,,,,,,,,,,6.0,7.75,4.25,6.5,
2003-04-19,,,,,,,,,,,,,,,,,,,,,,,,,,,,,,,,,,,,,,,,,6.0,7.75,4.25,6.5,
2003-04-20,,,,,,,,,,,,,,,,,,,,,,,,,,,,,,,,,,,,,,,,,6.0,7.75,4.25,6.5,
2003-04-21,,,,,,,,,,,,,,,,,,,,,,,,,,,,,,,,,,,,,,,,,6.0,7.75,4.25,6.5,
2003-04-22,,,,,,,,,,,,,,,,,,,,,,,,,,,,,,,,,,,,,,,,,6.0,7.75,4.25,6.5,
2003-04-23,,,,,,,,,,,,,,,,,,,,,,,,,,,,,,,,,,,,,,,,,6.0,7.75,4.25,6.5,
2003-04-24,,,,,,,,,,,,,,,,,,,,,,,,,,,,,,,,,,,,,,,,,6.0,7.75,4.25,6.5,
2003-04-25,,,,,,,,,,,,,,,,,,,,,,,,,,,,,,,,,,,,,,,,,5.75,7.25,4.25,6.25,
2003-04-26,,,,,,,,,,,,,,,,,,,,,,,,,,,,,,,,,,,,,,,,,5.75,7.25,4.25,6.25,
2003-04-27,,,,,,,,,,,,,,,,,,,,,,,,,,,,,,,,,,,,,,,,,5.75,7.25,4.25,6.25,
2003-04-28,,,,,,,,,,,,,,,,,,,,,,,,,,,,,,,,,,,,,,,,,5.75,7.25,4.25,6.25,
2003-04-29,,,,,,,,,,,,,,,,,,,,,,,,,,,,,,,,,,,,,,,,,5.75,7.25,4.25,6.25,
2003-04-30,,,,,,,,,,,,,,,,,,,,,,,,,,,,,,,,,,,,,,,,,5.75,7.25,4.25,6.25,
2003-05-01,,,,,,,,,,,,,,,,,,,,,,,,,,,,,,,,,,,,,,,,,5.75,7.25,4.25,6.25,
2003-05-02,,,,,,,,,,,,,,,,,,,,,,,,,,,,,,,,,,,,,,,,,5.75,7.25,4.25,6.25,
2003-05-03,,,,,,,,,,,,,,,,,,,,,,,,,,,,,,,,,,,,,,,,,5.75,7.25,4.25,6.25,
2003-05-04,,,,,,,,,,,,,,,,,,,,,,,,,,,,,,,,,,,,,,,,,5.75,7.25,4.25,6.25,
2003-05-05,,,,,,,,,,,,,,,,,,,,,,,,,,,,,,,,,,,,,,,,,5.75,7.25,4.25,6.25,
2003-05-06,,,,,,,,,,,,,,,,,,,,,,,,,,,,,,,,,,,,,,,,,5.75,7.25,4.25,6.25,
2003-05-07,,,,,,,,,,,,,,,,,,,,,,,,,,,,,,,,,,,,,,,,,5.75,7.25,4.25,6.25,
2003-05-08,,,,,,,,,,,,,,,,,,,,,,,,,,,,,,,,,,,,,,,,,5.75,7.25,4.25,6.25,
2003-05-09,,,,,,,,,,,,,,,,,,,,,,,,,,,,,,,,,,,,,,,,,5.75,7.25,4.25,6.25,
2003-05-10,,,,,,,,,,,,,,,,,,,,,,,,,,,,,,,,,,,,,,,,,5.75,7.25,4.25,6.25,
2003-05-11,,,,,,,,,,,,,,,,,,,,,,,,,,,,,,,,,,,,,,,,,5.75,7.25,4.25,6.25,
2003-05-12,,,,,,,,,,,,,,,,,,,,,,,,,,,,,,,,,,,,,,,,,5.75,7.25,4.25,6.25,
2003-05-13,,,,,,,,,,,,,,,,,,,,,,,,,,,,,,,,,,,,,,,,,5.75,7.25,4.25,6.25,
2003-05-14,,,,,,,,,,,,,,,,,,,,,,,,,,,,,,,,,,,,,,,,,5.75,7.25,4.25,6.25,
2003-05-15,,,,,,,,,,,,,,,,,,,,,,,,,,,,,,,,,,,,,,,,,5.75,7.25,4.25,6.25,
2003-05-16,,,,,,,,,,,,,,,,,,,,,,,,,,,,,,,,,,,,,,,,,5.75,7.25,4.25,6.25,
2003-05-17,,,,,,,,,,,,,,,,,,,,,,,,,,,,,,,,,,,,,,,,,5.75,7.25,4.25,6.25,
2003-05-18,,,,,,,,,,,,,,,,,,,,,,,,,,,,,,,,,,,,,,,,,5.75,7.25,4.25,6.25,
2003-05-19,,,,,,,,,,,,,,,,,,,,,,,,,,,,,,,,,,,,,,,,,5.75,7.25,4.25,6.25,
2003-05-20,,,,,,,,,,,,,,,,,,,,,,,,,,,,,,,,,,,,,,,,,5.75,7.25,4.25,6.25,
2003-05-21,,,,,,,,,,,,,,,,,,,,,,,,,,,,,,,,,,,,,,,,,5.75,7.25,4.25,6.25,
2003-05-22,,,,,,,,,,,,,,,,,,,,,,,,,,,,,,,,,,,,,,,,,5.75,7.25,4.25,6.25,
2003-05-23,,,,,,,,,,,,,,,,,,,,,,,,,,,,,,,,,,,,,,,,,5.75,7.25,4.25,6.25,
2003-05-24,,,,,,,,,,,,,,,,,,,,,,,,,,,,,,,,,,,,,,,,,5.75,7.25,4.25,6.25,
2003-05-25,,,,,,,,,,,,,,,,,,,,,,,,,,,,,,,,,,,,,,,,,5.75,7.25,4.25,6.25,
2003-05-26,,,,,,,,,,,,,,,,,,,,,,,,,,,,,,,,,,,,,,,,,5.75,7.25,4.25,6.25,
2003-05-27,,,,,,,,,,,,,,,,,,,,,,,,,,,,,,,,,,,,,,,,,5.75,7.25,4.25,6.25,
2003-05-28,,,,,,,,,,,,,,,,,,,,,,,,,,,,,,,,,,,,,,,,,5.75,7.25,4.25,6.25,
2003-05-29,,,,,,,,,,,,,,,,,,,,,,,,,,,,,,,,,,,,,,,,,5.5,7.0,4.0,6.0,
2003-05-30,,,,,,,,,,,,,,,,,,,,,,,,,,,,,,,,,,,,,,,,,5.5,7.0,4.0,6.0,
2003-05-31,,,,,,,,,,,,,,,,,,,,,,,,,,,,,,,,,,,,,,,,,5.5,7.0,4.0,6.0,
2003-06-01,,,,,,,,,,,,,,,,,,,,,,,,,,,,,,,,,,,,,,,,,5.5,7.0,4.0,6.0,
2003-06-02,,,,,,,,,,,,,,,,,,,,,,,,,,,,,,,,,,,,,,,,,5.5,7.0,4.0,6.0,
2003-06-03,,,,,,,,,,,,,,,,,,,,,,,,,,,,,,,,,,,,,,,,,5.5,7.0,4.0,6.0,
2003-06-04,,,,,,,,,,,,,,,,,,,,,,,,,,,,,,,,,,,,,,,,,5.5,7.0,4.0,6.0,
2003-06-05,,,,,,,,,,,,,,,,,,,,,,,,,,,,,,,,,,,,,,,,,5.5,7.0,4.0,6.0,
2003-06-06,,,,,,,,,,,,,,,,,,,,,,,,,,,,,,,,,,,,,,,,,5.5,7.0,4.0,6.0,
2003-06-07,,,,,,,,,,,,,,,,,,,,,,,,,,,,,,,,,,,,,,,,,5.5,7.0,4.0,6.0,
2003-06-08,,,,,,,,,,,,,,,,,,,,,,,,,,,,,,,,,,,,,,,,,5.5,7.0,4.0,6.0,
2003-06-09,,,,,,,,,,,,,,,,,,,,,,,,,,,,,,,,,,,,,,,,,5.5,7.0,4.0,6.0,
2003-06-10,,,,,,,,,,,,,,,,,,,,,,,,,,,,,,,,,,,,,,,,,5.5,7.0,4.0,6.0,
2003-06-11,,,,,,,,,,,,,,,,,,,,,,,,,,,,,,,,,,,,,,,,,5.5,7.0,4.0,6.0,
2003-06-12,,,,,,,,,,,,,,,,,,,,,,,,,,,,,,,,,,,,,,,,,5.5,7.0,4.0,6.0,
2003-06-13,,,,,,,,,,,,,,,,,,,,,,,,,,,,,,,,,,,,,,,,,5.5,7.0,4.0,6.0,
2003-06-14,,,,,,,,,,,,,,,,,,,,,,,,,,,,,,,,,,,,,,,,,5.5,7.0,4.0,6.0,
2003-06-15,,,,,,,,,,,,,,,,,,,,,,,,,,,,,,,,,,,,,,,,,5.5,7.0,4.0,6.0,
2003-06-16,,,,,,,,,,,,,,,,,,,,,,,,,,,,,,,,,,,,,,,,,5.5,7.0,4.0,6.0,
2003-06-17,,,,,,,,,,,,,,,,,,,,,,,,,,,,,,,,,,,,,,,,,5.5,7.0,4.0,6.0,
2003-06-18,,,,,,,,,,,,,,,,,,,,,,,,,,,,,,,,,,,,,,,,,5.5,7.0,4.0,6.0,
2003-06-19,,,,,,,,,,,,,,,,,,,,,,,,,,,,,,,,,,,,,,,,,5.5,7.0,4.0,6.0,
2003-06-20,,,,,,,,,,,,,,,,,,,,,,,,,,,,,,,,,,,,,,,,,5.5,7.0,4.0,6.0,
2003-06-21,,,,,,,,,,,,,,,,,,,,,,,,,,,,,,,,,,,,,,,,,5.5,7.0,4.0,6.0,
2003-06-22,,,,,,,,,,,,,,,,,,,,,,,,,,,,,,,,,,,,,,,,,5.5,7.0,4.0,6.0,
2003-06-23,,,,,,,,,,,,,,,,,,,,,,,,,,,,,,,,,,,,,,,,,5.5,7.0,4.0,6.0,
2003-06-24,,,,,,,,,,,,,,,,,,,,,,,,,,,,,,,,,,,,,,,,,5.5,7.0,4.0,6.0,
2003-06-25,,,,,,,,,,,,,,,,,,,,,,,,,,,,,,,,,,,,,,,,,5.5,7.0,4.0,6.0,
2003-06-26,,,,,,,,,,,,,,,,,,,,,,,,,,,,,,,,,,,,,,,,,5.25,6.75,3.75,5.75,
2003-06-27,,,,,,,,,,,,,,,,,,,,,,,,,,,,,,,,,,,,,,,,,5.25,6.75,3.75,5.75,
2003-06-28,,,,,,,,,,,,,,,,,,,,,,,,,,,,,,,,,,,,,,,,,5.25,6.75,3.75,5.75,
2003-06-29,,,,,,,,,,,,,,,,,,,,,,,,,,,,,,,,,,,,,,,,,5.25,6.75,3.75,5.75,
2003-06-30,,,,,,,,,,,,,,,,,,,,,,,,,,,,,,,,,,,,,,,,,5.25,6.75,3.75,5.75,
2003-07-01,,,,,,,,,,,,,,,,,,,,,,,,,,,,,,,,,,,,,,,,,5.25,6.75,3.75,5.75,
2003-07-02,,,,,,,,,,,,,,,,,,,,,,,,,,,,,,,,,,,,,,,,,5.25,6.75,3.75,5.75,
2003-07-03,,,,,,,,,,,,,,,,,,,,,,,,,,,,,,,,,,,,,,,,,5.25,6.75,3.75,5.75,
2003-07-04,,,,,,,,,,,,,,,,,,,,,,,,,,,,,,,,,,,,,,,,,5.25,6.75,3.75,5.75,
2003-07-05,,,,,,,,,,,,,,,,,,,,,,,,,,,,,,,,,,,,,,,,,5.25,6.75,3.75,5.75,
2003-07-06,,,,,,,,,,,,,,,,,,,,,,,,,,,,,,,,,,,,,,,,,5.25,6.75,3.75,5.75,
2003-07-07,,,,,,,,,,,,,,,,,,,,,,,,,,,,,,,,,,,,,,,,,5.25,6.75,3.75,5.75,
2003-07-08,,,,,,,,,,,,,,,,,,,,,,,,,,,,,,,,,,,,,,,,,5.25,6.75,3.75,5.75,
2003-07-09,,,,,,,,,,,,,,,,,,,,,,,,,,,,,,,,,,,,,,,,,5.25,6.75,3.75,5.75,
2003-07-10,,,,,,,,,,,,,,,,,,,,,,,,,,,,,,,,,,,,,,,,,5.25,6.75,3.75,5.75,
2003-07-11,,,,,,,,,,,,,,,,,,,,,,,,,,,,,,,,,,,,,,,,,5.25,6.75,3.75,5.75,
2003-07-12,,,,,,,,,,,,,,,,,,,,,,,,,,,,,,,,,,,,,,,,,5.25,6.75,3.75,5.75,
2003-07-13,,,,,,,,,,,,,,,,,,,,,,,,,,,,,,,,,,,,,,,,,5.25,6.75,3.75,5.75,
2003-07-14,,,,,,,,,,,,,,,,,,,,,,,,,,,,,,,,,,,,,,,,,5.25,6.75,3.75,5.75,
2003-07-15,,,,,,,,,,,,,,,,,,,,,,,,,,,,,,,,,,,,,,,,,5.25,6.75,3.75,5.75,
2003-07-16,,,,,,,,,,,,,,,,,,,,,,,,,,,,,,,,,,,,,,,,,5.25,6.75,3.75,5.75,
2003-07-17,,,,,,,,,,,,,,,,,,,,,,,,,,,,,,,,,,,,,,,,,5.25,6.75,3.75,5.75,
2003-07-18,,,,,,,,,,,,,,,,,,,,,,,,,,,,,,,,,,,,,,,,,5.25,6.75,3.75,5.75,
2003-07-19,,,,,,,,,,,,,,,,,,,,,,,,,,,,,,,,,,,,,,,,,5.25,6.75,3.75,5.75,
2003-07-20,,,,,,,,,,,,,,,,,,,,,,,,,,,,,,,,,,,,,,,,,5.25,6.75,3.75,5.75,
2003-07-21,,,,,,,,,,,,,,,,,,,,,,,,,,,,,,,,,,,,,,,,,5.25,6.75,3.75,5.75,
2003-07-22,,,,,,,,,,,,,,,,,,,,,,,,,,,,,,,,,,,,,,,,,5.25,6.75,3.75,5.75,
2003-07-23,,,,,,,,,,,,,,,,,,,,,,,,,,,,,,,,,,,,,,,,,5.25,6.75,3.75,5.75,
2003-07-24,,,,,,,,,,,,,,,,,,,,,,,,,,,,,,,,,,,,,,,,,5.25,6.75,3.75,5.75,
2003-07-25,,,,,,,,,,,,,,,,,,,,,,,,,,,,,,,,,,,,,,,,,5.25,6.75,3.75,5.75,
2003-07-26,,,,,,,,,,,,,,,,,,,,,,,,,,,,,,,,,,,,,,,,,5.25,6.75,3.75,5.75,
2003-07-27,,,,,,,,,,,,,,,,,,,,,,,,,,,,,,,,,,,,,,,,,5.25,6.75,3.75,5.75,
2003-07-28,,,,,,,,,,,,,,,,,,,,,,,,,,,,,,,,,,,,,,,,,5.25,6.75,3.75,5.75,
2003-07-29,,,,,,,,,,,,,,,,,,,,,,,,,,,,,,,,,,,,,,,,,5.25,6.75,3.75,5.75,
2003-07-30,,,,,,,,,,,,,,,,,,,,,,,,,,,,,,,,,,,,,,,,,5.25,6.75,3.75,5.75,
2003-07-31,,,,,,,,,,,,,,,,,,,,,,,,,,,,,,,,,,,,,,,,,5.25,6.75,3.75,5.75,
2003-08-01,,,,,,,,,,,,,,,,,,,,,,,,,,,,,,,,,,,,,,,,,5.25,6.75,3.75,5.75,
2003-08-02,,,,,,,,,,,,,,,,,,,,,,,,,,,,,,,,,,,,,,,,,5.25,6.75,3.75,5.75,
2003-08-03,,,,,,,,,,,,,,,,,,,,,,,,,,,,,,,,,,,,,,,,,5.25,6.75,3.75,5.75,
2003-08-04,,,,,,,,,,,,,,,,,,,,,,,,,,,,,,,,,,,,,,,,,5.25,6.75,3.75,5.75,
2003-08-05,,,,,,,,,,,,,,,,,,,,,,,,,,,,,,,,,,,,,,,,,5.25,6.75,3.75,5.75,
2003-08-06,,,,,,,,,,,,,,,,,,,,,,,,,,,,,,,,,,,,,,,,,5.25,6.75,3.75,5.75,
2003-08-07,,,,,,,,,,,,,,,,,,,,,,,,,,,,,,,,,,,,,,,,,5.25,6.75,3.75,5.75,
2003-08-08,,,,,,,,,,,,,,,,,,,,,,,,,,,,,,,,,,,,,,,,,5.25,6.75,3.75,5.75,
2003-08-09,,,,,,,,,,,,,,,,,,,,,,,,,,,,,,,,,,,,,,,,,5.25,6.75,3.75,5.75,
2003-08-10,,,,,,,,,,,,,,,,,,,,,,,,,,,,,,,,,,,,,,,,,5.25,6.75,3.75,5.75,
2003-08-11,,,,,,,,,,,,,,,,,,,,,,,,,,,,,,,,,,,,,,,,,5.25,6.75,3.75,5.75,
2003-08-12,,,,,,,,,,,,,,,,,,,,,,,,,,,,,,,,,,,,,,,,,5.25,6.75,3.75,5.75,
2003-08-13,,,,,,,,,,,,,,,,,,,,,,,,,,,,,,,,,,,,,,,,,5.25,6.75,3.75,5.75,
2003-08-14,,,,,,,,,,,,,,,,,,,,,,,,,,,,,,,,,,,,,,,,,5.25,6.75,3.75,5.75,
2003-08-15,,,,,,,,,,,,,,,,,,,,,,,,,,,,,,,,,,,,,,,,,5.25,6.75,3.75,5.75,
2003-08-16,,,,,,,,,,,,,,,,,,,,,,,,,,,,,,,,,,,,,,,,,5.25,6.75,3.75,5.75,
2003-08-17,,,,,,,,,,,,,,,,,,,,,,,,,,,,,,,,,,,,,,,,,5.25,6.75,3.75,5.75,
2003-08-18,,,,,,,,,,,,,,,,,,,,,,,,,,,,,,,,,,,,,,,,,5.25,6.75,3.75,5.75,
2003-08-19,,,,,,,,,,,,,,,,,,,,,,,,,,,,,,,,,,,,,,,,,5.25,6.75,3.75,5.75,
2003-08-20,,,,,,,,,,,,,,,,,,,,,,,,,,,,,,,,,,,,,,,,,5.25,6.75,3.75,5.75,
2003-08-21,,,,,,,,,,,,,,,,,,,,,,,,,,,,,,,,,,,,,,,,,5.25,6.75,3.75,5.75,
2003-08-22,,,,,,,,,,,,,,,,,,,,,,,,,,,,,,,,,,,,,,,,,5.25,6.75,3.75,5.75,
2003-08-23,,,,,,,,,,,,,,,,,,,,,,,,,,,,,,,,,,,,,,,,,5.25,6.75,3.75,5.75,
2003-08-24,,,,,,,,,,,,,,,,,,,,,,,,,,,,,,,,,,,,,,,,,5.25,6.75,3.75,5.75,
2003-08-25,,,,,,,,,,,,,,,,,,,,,,,,,,,,,,,,,,,,,,,,,5.25,6.75,3.75,5.75,
2003-08-26,,,,,,,,,,,,,,,,,,,,,,,,,,,,,,,,,,,,,,,,,5.25,6.75,3.75,5.75,
2003-08-27,,,,,,,,,,,,,,,,,,,,,,,,,,,,,,,,,,,,,,,,,5.25,6.75,3.75,5.75,
2003-08-28,,,,,,,,,,,,,,,,,,,,,,,,,,,,,,,,,,,,,,,,,5.25,6.75,3.75,5.75,
2003-08-29,,,,,,,,,,,,,,,,,,,,,,,,,,,,,,,,,,,,,,,,,5.25,6.75,3.75,5.75,
2003-08-30,,,,,,,,,,,,,,,,,,,,,,,,,,,,,,,,,,,,,,,,,5.25,6.75,3.75,5.75,
2003-08-31,,,,,,,,,,,,,,,,,,,,,,,,,,,,,,,,,,,,,,,,,5.25,6.75,3.75,5.75,
2003-09-01,,,,,,,,,,,,,,,,,,,,,,,,,,,,,,,,,,,,,,,,,5.25,6.75,3.75,5.75,
2003-09-02,,,,,,,,,,,,,,,,,,,,,,,,,,,,,,,,,,,,,,,,,5.25,6.75,3.75,5.75,
2003-09-03,,,,,,,,,,,,,,,,,,,,,,,,,,,,,,,,,,,,,,,,,5.25,6.75,3.75,5.75,
2003-09-04,,,,,,,,,,,,,,,,,,,,,,,,,,,,,,,,,,,,,,,,,5.25,6.75,3.75,5.75,
2003-09-05,,,,,,,,,,,,,,,,,,,,,,,,,,,,,,,,,,,,,,,,,5.25,6.75,3.75,5.75,
2003-09-06,,,,,,,,,,,,,,,,,,,,,,,,,,,,,,,,,,,,,,,,,5.25,6.75,3.75,5.75,
2003-09-07,,,,,,,,,,,,,,,,,,,,,,,,,,,,,,,,,,,,,,,,,5.25,6.75,3.75,5.75,
2003-09-08,,,,,,,,,,,,,,,,,,,,,,,,,,,,,,,,,,,,,,,,,5.25,6.75,3.75,5.75,
2003-09-09,,,,,,,,,,,,,,,,,,,,,,,,,,,,,,,,,,,,,,,,,5.25,6.75,3.75,5.75,
2003-09-10,,,,,,,,,,,,,,,,,,,,,,,,,,,,,,,,,,,,,,,,,5.25,6.75,3.75,5.75,
2003-09-11,,,,,,,,,,,,,,,,,,,,,,,,,,,,,,,,,,,,,,,,,5.25,6.75,3.75,5.75,
2003-09-12,,,,,,,,,,,,,,,,,,,,,,,,,,,,,,,,,,,,,,,,,5.25,6.75,3.75,5.75,
2003-09-13,,,,,,,,,,,,,,,,,,,,,,,,,,,,,,,,,,,,,,,,,5.25,6.75,3.75,5.75,
2003-09-14,,,,,,,,,,,,,,,,,,,,,,,,,,,,,,,,,,,,,,,,,5.25,6.75,3.75,5.75,
2003-09-15,,,,,,,,,,,,,,,,,,,,,,,,,,,,,,,,,,,,,,,,,5.25,6.75,3.75,5.75,
2003-09-16,,,,,,,,,,,,,,,,,,,,,,,,,,,,,,,,,,,,,,,,,5.25,6.75,3.75,5.75,
2003-09-17,,,,,,,,,,,,,,,,,,,,,,,,,,,,,,,,,,,,,,,,,5.25,6.75,3.75,5.75,
2003-09-18,,,,,,,,,,,,,,,,,,,,,,,,,,,,,,,,,,,,,,,,,5.25,6.75,3.75,5.75,
2003-09-19,,,,,,,,,,,,,,,,,,,,,,,,,,,,,,,,,,,,,,,,,5.25,6.75,3.75,5.75,
2003-09-20,,,,,,,,,,,,,,,,,,,,,,,,,,,,,,,,,,,,,,,,,5.25,6.75,3.75,5.75,
2003-09-21,,,,,,,,,,,,,,,,,,,,,,,,,,,,,,,,,,,,,,,,,5.25,6.75,3.75,5.75,
2003-09-22,,,,,,,,,,,,,,,,,,,,,,,,,,,,,,,,,,,,,,,,,5.25,6.75,3.75,5.75,
2003-09-23,,,,,,,,,,,,,,,,,,,,,,,,,,,,,,,,,,,,,,,,,5.25,6.75,3.75,5.75,
2003-09-24,,,,,,,,,,,,,,,,,,,,,,,,,,,,,,,,,,,,,,,,,5.25,6.75,3.75,5.75,
2003-09-25,,,,,,,,,,,,,,,,,,,,,,,,,,,,,,,,,,,,,,,,,5.25,6.75,3.75,5.75,
2003-09-26,,,,,,,,,,,,,,,,,,,,,,,,,,,,,,,,,,,,,,,,,5.25,6.75,3.75,5.75,
2003-09-27,,,,,,,,,,,,,,,,,,,,,,,,,,,,,,,,,,,,,,,,,5.25,6.75,3.75,5.75,
2003-09-28,,,,,,,,,,,,,,,,,,,,,,,,,,,,,,,,,,,,,,,,,5.25,6.75,3.75,5.75,
2003-09-29,,,,,,,,,,,,,,,,,,,,,,,,,,,,,,,,,,,,,,,,,5.25,6.75,3.75,5.75,
2003-09-30,,,,,,,,,,,,,,,,,,,,,,,,,,,,,,,,,,,,,,,,,5.25,6.75,3.75,5.75,
2003-10-01,,,,,,,,,,,,,,,,,,,,,,,,,,,,,,,,,,,,,,,,,5.25,6.75,3.75,5.75,
2003-10-02,,,,,,,,,,,,,,,,,,,,,,,,,,,,,,,,,,,,,,,,,5.25,6.75,3.75,5.75,
2003-10-03,,,,,,,,,,,,,,,,,,,,,,,,,,,,,,,,,,,,,,,,,5.25,6.75,3.75,5.75,
2003-10-04,,,,,,,,,,,,,,,,,,,,,,,,,,,,,,,,,,,,,,,,,5.25,6.75,3.75,5.75,
2003-10-05,,,,,,,,,,,,,,,,,,,,,,,,,,,,,,,,,,,,,,,,,5.25,6.75,3.75,5.75,
2003-10-06,,,,,,,,,,,,,,,,,,,,,,,,,,,,,,,,,,,,,,,,,5.25,6.75,3.75,5.75,
2003-10-07,,,,,,,,,,,,,,,,,,,,,,,,,,,,,,,,,,,,,,,,,5.25,6.75,3.75,5.75,
2003-10-08,,,,,,,,,,,,,,,,,,,,,,,,,,,,,,,,,,,,,,,,,5.25,6.75,3.75,5.75,
2003-10-09,,,,,,,,,,,,,,,,,,,,,,,,,,,,,,,,,,,,,,,,,5.25,6.75,3.75,5.75,
2003-10-10,,,,,,,,,,,,,,,,,,,,,,,,,,,,,,,,,,,,,,,,,5.25,6.75,3.75,5.75,
2003-10-11,,,,,,,,,,,,,,,,,,,,,,,,,,,,,,,,,,,,,,,,,5.25,6.75,3.75,5.75,
2003-10-12,,,,,,,,,,,,,,,,,,,,,,,,,,,,,,,,,,,,,,,,,5.25,6.75,3.75,5.75,
2003-10-13,,,,,,,,,,,,,,,,,,,,,,,,,,,,,,,,,,,,,,,,,5.25,6.75,3.75,5.75,
2003-10-14,,,,,,,,,,,,,,,,,,,,,,,,,,,,,,,,,,,,,,,,,5.25,6.75,3.75,5.75,
2003-10-15,,,,,,,,,,,,,,,,,,,,,,,,,,,,,,,,,,,,,,,,,5.25,6.75,3.75,5.75,
2003-10-16,,,,,,,,,,,,,,,,,,,,,,,,,,,,,,,,,,,,,,,,,5.25,6.75,3.75,5.75,
2003-10-17,,,,,,,,,,,,,,,,,,,,,,,,,,,,,,,,,,,,,,,,,5.25,6.75,3.75,5.75,
2003-10-18,,,,,,,,,,,,,,,,,,,,,,,,,,,,,,,,,,,,,,,,,5.25,6.75,3.75,5.75,
2003-10-19,,,,,,,,,,,,,,,,,,,,,,,,,,,,,,,,,,,,,,,,,5.25,6.75,3.75,5.75,
2003-10-20,,,,,,,,,,,,,,,,,,,,,,,,,,,,,,,,,,,,,,,,,5.25,6.75,3.75,5.75,
2003-10-21,,,,,,,,,,,,,,,,,,,,,,,,,,,,,,,,,,,,,,,,,5.25,6.75,3.75,5.75,
2003-10-22,,,,,,,,,,,,,,,,,,,,,,,,,,,,,,,,,,,,,,,,,5.25,6.75,3.75,5.75,
2003-10-23,,,,,,,,,,,,,,,,,,,,,,,,,,,,,,,,,,,,,,,,,5.25,6.75,3.75,5.75,
2003-10-24,,,,,,,,,,,,,,,,,,,,,,,,,,,,,,,,,,,,,,,,,5.25,6.75,3.75,5.75,
2003-10-25,,,,,,,,,,,,,,,,,,,,,,,,,,,,,,,,,,,,,,,,,5.25,6.75,3.75,5.75,
2003-10-26,,,,,,,,,,,,,,,,,,,,,,,,,,,,,,,,,,,,,,,,,5.25,6.75,3.75,5.75,
2003-10-27,,,,,,,,,,,,,,,,,,,,,,,,,,,,,,,,,,,,,,,,,5.25,6.75,3.75,5.75,
2003-10-28,,,,,,,,,,,,,,,,,,,,,,,,,,,,,,,,,,,,,,,,,5.25,6.75,3.75,5.75,
2003-10-29,,,,,,,,,,,,,,,,,,,,,,,,,,,,,,,,,,,,,,,,,5.25,6.75,3.75,5.75,
2003-10-30,,,,,,,,,,,,,,,,,,,,,,,,,,,,,,,,,,,,,,,,,5.25,6.75,3.75,5.75,
2003-10-31,,,,,,,,,,,,,,,,,,,,,,,,,,,,,,,,,,,,,,,,,5.25,6.75,3.75,5.75,
2003-11-01,,,,,,,,,,,,,,,,,,,,,,,,,,,,,,,,,,,,,,,,,5.25,6.75,3.75,5.75,
2003-11-02,,,,,,,,,,,,,,,,,,,,,,,,,,,,,,,,,,,,,,,,,5.25,6.75,3.75,5.75,
2003-11-03,,,,,,,,,,,,,,,,,,,,,,,,,,,,,,,,,,,,,,,,,5.25,6.75,3.75,5.75,
2003-11-04,,,,,,,,,,,,,,,,,,,,,,,,,,,,,,,,,,,,,,,,,5.25,6.75,3.75,5.75,
2003-11-05,,,,,,,,,,,,,,,,,,,,,,,,,,,,,,,,,,,,,,,,,5.25,6.75,3.75,5.75,
2003-11-06,,,,,,,,,,,,,,,,,,,,,,,,,,,,,,,,,,,,,,,,,5.25,6.75,3.75,5.75,
2003-11-07,,,,,,,,,,,,,,,,,,,,,,,,,,,,,,,,,,,,,,,,,5.25,6.75,3.75,5.75,
2003-11-08,,,,,,,,,,,,,,,,,,,,,,,,,,,,,,,,,,,,,,,,,5.25,6.75,3.75,5.75,
2003-11-09,,,,,,,,,,,,,,,,,,,,,,,,,,,,,,,,,,,,,,,,,5.25,6.75,3.75,5.75,
2003-11-10,,,,,,,,,,,,,,,,,,,,,,,,,,,,,,,,,,,,,,,,,5.25,6.75,3.75,5.75,
2003-11-11,,,,,,,,,,,,,,,,,,,,,,,,,,,,,,,,,,,,,,,,,5.25,6.75,3.75,5.75,
2003-11-12,,,,,,,,,,,,,,,,,,,,,,,,,,,,,,,,,,,,,,,,,5.25,6.75,3.75,5.75,
2003-11-13,,,,,,,,,,,,,,,,,,,,,,,,,,,,,,,,,,,,,,,,,5.25,6.75,3.75,5.75,
2003-11-14,,,,,,,,,,,,,,,,,,,,,,,,,,,,,,,,,,,,,,,,,5.25,6.75,3.75,5.75,
2003-11-15,,,,,,,,,,,,,,,,,,,,,,,,,,,,,,,,,,,,,,,,,5.25,6.75,3.75,5.75,
2003-11-16,,,,,,,,,,,,,,,,,,,,,,,,,,,,,,,,,,,,,,,,,5.25,6.75,3.75,5.75,
2003-11-17,,,,,,,,,,,,,,,,,,,,,,,,,,,,,,,,,,,,,,,,,5.25,6.75,3.75,5.75,
2003-11-18,,,,,,,,,,,,,,,,,,,,,,,,,,,,,,,,,,,,,,,,,5.25,6.75,3.75,5.75,
2003-11-19,,,,,,,,,,,,,,,,,,,,,,,,,,,,,,,,,,,,,,,,,5.25,6.75,3.75,5.75,
2003-11-20,,,,,,,,,,,,,,,,,,,,,,,,,,,,,,,,,,,,,,,,,5.25,6.75,3.75,5.75,
2003-11-21,,,,,,,,,,,,,,,,,,,,,,,,,,,,,,,,,,,,,,,,,5.25,6.75,3.75,5.75,
2003-11-22,,,,,,,,,,,,,,,,,,,,,,,,,,,,,,,,,,,,,,,,,5.25,6.75,3.75,5.75,
2003-11-23,,,,,,,,,,,,,,,,,,,,,,,,,,,,,,,,,,,,,,,,,5.25,6.75,3.75,5.75,
2003-11-24,,,,,,,,,,,,,,,,,,,,,,,,,,,,,,,,,,,,,,,,,5.25,6.75,3.75,5.75,
2003-11-25,,,,,,,,,,,,,,,,,,,,,,,,,,,,,,,,,,,,,,,,,5.25,6.75,3.75,5.75,
2003-11-26,,,,,,,,,,,,,,,,,,,,,,,,,,,,,,,,,,,,,,,,,5.25,6.75,3.75,5.75,
2003-11-27,,,,,,,,,,,,,,,,,,,,,,,,,,,,,,,,,,,,,,,,,5.25,6.75,3.75,5.75,
2003-11-28,,,,,,,,,,,,,,,,,,,,,,,,,,,,,,,,,,,,,,,,,5.25,6.75,3.75,5.75,
2003-11-29,,,,,,,,,,,,,,,,,,,,,,,,,,,,,,,,,,,,,,,,,5.25,6.75,3.75,5.75,
2003-11-30,,,,,,,,,,,,,,,,,,,,,,,,,,,,,,,,,,,,,,,,,5.25,6.75,3.75,5.75,
2003-12-01,,,,,,,,,,,,,,,,,,,,,,,,,,,,,,,,,,,,,,,,,5.25,6.75,3.75,5.75,
2003-12-02,,,,,,,,,,,,,,,,,,,,,,,,,,,,,,,,,,,,,,,,,5.25,6.75,3.75,5.75,
2003-12-03,,,,,,,,,,,,,,,,,,,,,,,,,,,,,,,,,,,,,,,,,5.25,6.75,3.75,5.75,
2003-12-04,,,,,,,,,,,,,,,,,,,,,,,,,,,,,,,,,,,,,,,,,5.25,6.75,3.75,5.75,
2003-12-05,,,,,,,,,,,,,,,,,,,,,,,,,,,,,,,,,,,,,,,,,5.25,6.75,3.75,5.75,
2003-12-06,,,,,,,,,,,,,,,,,,,,,,,,,,,,,,,,,,,,,,,,,5.25,6.75,3.75,5.75,
2003-12-07,,,,,,,,,,,,,,,,,,,,,,,,,,,,,,,,,,,,,,,,,5.25,6.75,3.75,5.75,
2003-12-08,,,,,,,,,,,,,,,,,,,,,,,,,,,,,,,,,,,,,,,,,5.25,6.75,3.75,5.75,
2003-12-09,,,,,,,,,,,,,,,,,,,,,,,,,,,,,,,,,,,,,,,,,5.25,6.75,3.75,5.75,
2003-12-10,,,,,,,,,,,,,,,,,,,,,,,,,,,,,,,,,,,,,,,,,5.25,6.75,3.75,5.75,
2003-12-11,,,,,,,,,,,,,,,,,,,,,,,,,,,,,,,,,,,,,,,,,5.25,6.75,3.75,5.75,
2003-12-12,,,,,,,,,,,,,,,,,,,,,,,,,,,,,,,,,,,,,,,,,5.25,6.75,3.75,5.75,
2003-12-13,,,,,,,,,,,,,,,,,,,,,,,,,,,,,,,,,,,,,,,,,5.25,6.75,3.75,5.75,
2003-12-14,,,,,,,,,,,,,,,,,,,,,,,,,,,,,,,,,,,,,,,,,5.25,6.75,3.75,5.75,
2003-12-15,,,,,,,,,,,,,,,,,,,,,,,,,,,,,,,,,,,,,,,,,5.25,6.75,3.75,5.75,
2003-12-16,,,,,,,,,,,,,,,,,,,,,,,,,,,,,,,,,,,,,,,,,5.25,6.75,3.75,5.75,
2003-12-17,,,,,,,,,,,,,,,,,,,,,,,,,,,,,,,,,,,,,,,,,5.25,6.75,3.75,5.75,
2003-12-18,,,,,,,,,,,,,,,,,,,,,,,,,,,,,,,,,,,,,,,,,5.25,6.75,3.75,5.75,
2003-12-19,,,,,,,,,,,,,,,,,,,,,,,,,,,,,,,,,,,,,,,,,5.25,6.75,3.75,5.75,
2003-12-20,,,,,,,,,,,,,,,,,,,,,,,,,,,,,,,,,,,,,,,,,5.25,6.75,3.75,5.75,
2003-12-21,,,,,,,,,,,,,,,,,,,,,,,,,,,,,,,,,,,,,,,,,5.25,6.75,3.75,5.75,
2003-12-22,,,,,,,,,,,,,,,,,,,,,,,,,,,,,,,,,,,,,,,,,5.25,6.75,3.75,5.75,
2003-12-23,,,,,,,,,,,,,,,,,,,,,,,,,,,,,,,,,,,,,,,,,5.25,6.75,3.75,5.75,
2003-12-24,,,,,,,,,,,,,,,,,,,,,,,,,,,,,,,,,,,,,,,,,5.25,6.75,3.75,5.75,
2003-12-25,,,,,,,,,,,,,,,,,,,,,,,,,,,,,,,,,,,,,,,,,5.25,6.75,3.75,5.75,
2003-12-26,,,,,,,,,,,,,,,,,,,,,,,,,,,,,,,,,,,,,,,,,5.25,6.75,3.75,5.75,
2003-12-27,,,,,,,,,,,,,,,,,,,,,,,,,,,,,,,,,,,,,,,,,5.25,6.75,3.75,5.75,
2003-12-28,,,,,,,,,,,,,,,,,,,,,,,,,,,,,,,,,,,,,,,,,5.25,6.75,3.75,5.75,
2003-12-29,,,,,,,,,,,,,,,,,,,,,,,,,,,,,,,,,,,,,,,,,5.25,6.75,3.75,5.75,
2003-12-30,,,,,,,,,,,,,,,,,,,,,,,,,,,,,,,,,,,,,,,,,5.25,6.75,3.75,5.75,
2003-12-31,,,,,,,,,,,,,,,,,,,,,,,,,,,,,,,,,,,,,,,,,5.25,6.75,3.75,5.75,
2004-01-01,,,,,,,,,,,,,,,,,,,,,,,,,,,,,,,,,,,,,,,,,5.25,6.75,3.75,5.75,
2004-01-02,,,,,,,,,,,,,,,,,,,,,,,,,,,,,,,,,,,,,,,,,5.25,6.75,3.75,5.75,
2004-01-03,,,,,,,,,,,,,,,,,,,,,,,,,,,,,,,,,,,,,,,,,5.25,6.75,3.75,5.75,
2004-01-04,,,,,,,,,,,,,,,,,,,,,,,,,,,,,,,,,,,,,,,,,5.25,6.75,3.75,5.75,
2004-01-05,,,,,,,,,,,,,,,,,,,,,,,,,,,,,,,,,,,,,,,,,5.25,6.75,3.75,5.75,
2004-01-06,,,,,,,,,,,,,,,,,,,,,,,,,,,,,,,,,,,,,,,,,5.25,6.75,3.75,5.75,
2004-01-07,,,,,,,,,,,,,,,,,,,,,,,,,,,,,,,,,,,,,,,,,5.25,6.75,3.75,5.75,
2004-01-08,,,,,,,,,,,,,,,,,,,,,,,,,,,,,,,,,,,,,,,,,5.25,6.75,3.75,5.75,
2004-01-09,,,,,,,,,,,,,,,,,,,,,,,,,,,,,,,,,,,,,,,,,5.25,6.75,3.75,5.75,
2004-01-10,,,,,,,,,,,,,,,,,,,,,,,,,,,,,,,,,,,,,,,,,5.25,6.75,3.75,5.75,
2004-01-11,,,,,,,,,,,,,,,,,,,,,,,,,,,,,,,,,,,,,,,,,5.25,6.75,3.75,5.75,
2004-01-12,,,,,,,,,,,,,,,,,,,,,,,,,,,,,,,,,,,,,,,,,5.25,6.75,3.75,5.75,
2004-01-13,,,,,,,,,,,,,,,,,,,,,,,,,,,,,,,,,,,,,,,,,5.25,6.75,3.75,5.75,
2004-01-14,,,,,,,,,,,,,,,,,,,,,,,,,,,,,,,,,,,,,,,,,5.25,6.75,3.75,5.75,
2004-01-15,,,,,,,,,,,,,,,,,,,,,,,,,,,,,,,,,,,,,,,,,5.25,6.75,3.75,5.75,
2004-01-16,,,,,,,,,,,,,,,,,,,,,,,,,,,,,,,,,,,,,,,,,5.25,6.75,3.75,5.75,
2004-01-17,,,,,,,,,,,,,,,,,,,,,,,,,,,,,,,,,,,,,,,,,5.25,6.75,3.75,5.75,
2004-01-18,,,,,,,,,,,,,,,,,,,,,,,,,,,,,,,,,,,,,,,,,5.25,6.75,3.75,5.75,
2004-01-19,,,,,,,,,,,,,,,,,,,,,,,,,,,,,,,,,,,,,,,,,5.25,6.75,3.75,5.75,
2004-01-20,,,,,,,,,,,,,,,,,,,,,,,,,,,,,,,,,,,,,,,,,5.25,6.75,3.75,5.75,
2004-01-21,,,,,,,,,,,,,,,,,,,,,,,,,,,,,,,,,,,,,,,,,5.25,6.75,3.75,5.75,
2004-01-22,,,,,,,,,,,,,,,,,,,,,,,,,,,,,,,,,,,,,,,,,5.25,6.75,3.75,5.75,
2004-01-23,,,,,,,,,,,,,,,,,,,,,,,,,,,,,,,,,,,,,,,,,5.25,6.75,3.75,5.75,
2004-01-24,,,,,,,,,,,,,,,,,,,,,,,,,,,,,,,,,,,,,,,,,5.25,6.75,3.75,5.75,
2004-01-25,,,,,,,,,,,,,,,,,,,,,,,,,,,,,,,,,,,,,,,,,5.25,6.75,3.75,5.75,
2004-01-26,,,,,,,,,,,,,,,,,,,,,,,,,,,,,,,,,,,,,,,,,5.25,6.75,3.75,5.75,
2004-01-27,,,,,,,,,,,,,,,,,,,,,,,,,,,,,,,,,,,,,,,,,5.25,6.75,3.75,5.75,
2004-01-28,,,,,,,,,,,,,,,,,,,,,,,,,,,,,,,,,,,,,,,,,5.25,6.75,3.75,5.75,
2004-01-29,,,,,,,,,,,,,,,,,,,,,,,,,,,,,,,,,,,,,,,,,5.25,6.75,3.75,5.75,
2004-01-30,,,,,,,,,,,,,,,,,,,,,,,,,,,,,,,,,,,,,,,,,5.25,6.75,3.75,5.75,
2004-01-31,,,,,,,,,,,,,,,,,,,,,,,,,,,,,,,,,,,,,,,,,5.25,6.75,3.75,5.75,
2004-02-01,,,,,,,,,,,,,,,,,,,,,,,,,,,,,,,,,,,,,,,,,5.25,6.75,3.75,5.75,
2004-02-02,,,,,,,,,,,,,,,,,,,,,,,,,,,,,,,,,,,,,,,,,5.25,6.75,3.75,5.75,
2004-02-03,,,,,,,,,,,,,,,,,,,,,,,,,,,,,,,,,,,,,,,,,5.25,6.75,3.75,5.75,
2004-02-04,,,,,,,,,,,,,,,,,,,,,,,,,,,,,,,,,,,,,,,,,5.25,6.75,3.75,5.75,
2004-02-05,,,,,,,,,,,,,,,,,,,,,,,,,,,,,,,,,,,,,,,,,5.25,6.75,3.75,5.75,
2004-02-06,,,,,,,,,,,,,,,,,,,,,,,,,,,,,,,,,,,,,,,,,5.25,6.75,3.75,5.75,
2004-02-07,,,,,,,,,,,,,,,,,,,,,,,,,,,,,,,,,,,,,,,,,5.25,6.75,3.75,5.75,
2004-02-08,,,,,,,,,,,,,,,,,,,,,,,,,,,,,,,,,,,,,,,,,5.25,6.75,3.75,5.75,
2004-02-09,,,,,,,,,,,,,,,,,,,,,,,,,,,,,,,,,,,,,,,,,5.25,6.75,3.75,5.75,
2004-02-10,,,,,,,,,,,,,,,,,,,,,,,,,,,,,,,,,,,,,,,,,5.25,6.75,3.75,5.75,
2004-02-11,,,,,,,,,,,,,,,,,,,,,,,,,,,,,,,,,,,,,,,,,5.25,6.75,3.75,5.75,
2004-02-12,,,,,,,,,,,,,,,,,,,,,,,,,,,,,,,,,,,,,,,,,5.25,6.75,3.75,5.75,
2004-02-13,,,,,,,,,,,,,,,,,,,,,,,,,,,,,,,,,,,,,,,,,5.25,6.75,3.75,5.75,
2004-02-14,,,,,,,,,,,,,,,,,,,,,,,,,,,,,,,,,,,,,,,,,5.25,6.75,3.75,5.75,
2004-02-15,,,,,,,,,,,,,,,,,,,,,,,,,,,,,,,,,,,,,,,,,5.25,6.75,3.75,5.75,
2004-02-16,,,,,,,,,,,,,,,,,,,,,,,,,,,,,,,,,,,,,,,,,5.25,6.75,3.75,5.75,
2004-02-17,,,,,,,,,,,,,,,,,,,,,,,,,,,,,,,,,,,,,,,,,5.25,6.75,3.75,5.75,
2004-02-18,,,,,,,,,,,,,,,,,,,,,,,,,,,,,,,,,,,,,,,,,5.25,6.75,3.75,5.75,
2004-02-19,,,,,,,,,,,,,,,,,,,,,,,,,,,,,,,,,,,,,,,,,5.25,6.75,3.75,5.75,
2004-02-20,,,,,,,,,,,,,,,,,,,,,,,,,,,,,,,,,,,,,,,,,5.25,6.75,3.75,5.75,
2004-02-21,,,,,,,,,,,,,,,,,,,,,,,,,,,,,,,,,,,,,,,,,5.25,6.75,3.75,5.75,
2004-02-22,,,,,,,,,,,,,,,,,,,,,,,,,,,,,,,,,,,,,,,,,5.25,6.75,3.75,5.75,
2004-02-23,,,,,,,,,,,,,,,,,,,,,,,,,,,,,,,,,,,,,,,,,5.25,6.75,3.75,5.75,
2004-02-24,,,,,,,,,,,,,,,,,,,,,,,,,,,,,,,,,,,,,,,,,5.25,6.75,3.75,5.75,
2004-02-25,,,,,,,,,,,,,,,,,,,,,,,,,,,,,,,,,,,,,,,,,5.25,6.75,3.75,5.75,
2004-02-26,,,,,,,,,,,,,,,,,,,,,,,,,,,,,,,,,,,,,,,,,5.25,6.75,3.75,5.75,
2004-02-27,,,,,,,,,,,,,,,,,,,,,,,,,,,,,,,,,,,,,,,,,5.25,6.75,3.75,5.75,
2004-02-28,,,,,,,,,,,,,,,,,,,,,,,,,,,,,,,,,,,,,,,,,5.25,6.75,3.75,5.75,
2004-02-29,,,,,,,,,,,,,,,,,,,,,,,,,,,,,,,,,,,,,,,,,5.25,6.75,3.75,5.75,
2004-03-01,,,,,,,,,,,,,,,,,,,,,,,,,,,,,,,,,,,,,,,,,5.25,6.75,3.75,5.75,
2004-03-02,,,,,,,,,,,,,,,,,,,,,,,,,,,,,,,,,,,,,,,,,5.25,6.75,3.75,5.75,
2004-03-03,,,,,,,,,,,,,,,,,,,,,,,,,,,,,,,,,,,,,,,,,5.25,6.75,3.75,5.75,
2004-03-04,,,,,,,,,,,,,,,,,,,,,,,,,,,,,,,,,,,,,,,,,5.25,6.75,3.75,5.75,
2004-03-05,,,,,,,,,,,,,,,,,,,,,,,,,,,,,,,,,,,,,,,,,5.25,6.75,3.75,5.75,
2004-03-06,,,,,,,,,,,,,,,,,,,,,,,,,,,,,,,,,,,,,,,,,5.25,6.75,3.75,5.75,
2004-03-07,,,,,,,,,,,,,,,,,,,,,,,,,,,,,,,,,,,,,,,,,5.25,6.75,3.75,5.75,
2004-03-08,,,,,,,,,,,,,,,,,,,,,,,,,,,,,,,,,,,,,,,,,5.25,6.75,3.75,5.75,
2004-03-09,,,,,,,,,,,,,,,,,,,,,,,,,,,,,,,,,,,,,,,,,5.25,6.75,3.75,5.75,
2004-03-10,,,,,,,,,,,,,,,,,,,,,,,,,,,,,,,,,,,,,,,,,5.25,6.75,3.75,5.75,
2004-03-11,,,,,,,,,,,,,,,,,,,,,,,,,,,,,,,,,,,,,,,,,5.25,6.75,3.75,5.75,
2004-03-12,,,,,,,,,,,,,,,,,,,,,,,,,,,,,,,,,,,,,,,,,5.25,6.75,3.75,5.75,
2004-03-13,,,,,,,,,,,,,,,,,,,,,,,,,,,,,,,,,,,,,,,,,5.25,6.75,3.75,5.75,
2004-03-14,,,,,,,,,,,,,,,,,,,,,,,,,,,,,,,,,,,,,,,,,5.25,6.75,3.75,5.75,
2004-03-15,,,,,,,,,,,,,,,,,,,,,,,,,,,,,,,,,,,,,,,,,5.25,6.75,3.75,5.75,
2004-03-16,,,,,,,,,,,,,,,,,,,,,,,,,,,,,,,,,,,,,,,,,5.25,6.75,3.75,5.75,
2004-03-17,,,,,,,,,,,,,,,,,,,,,,,,,,,,,,,,,,,,,,,,,5.25,6.75,3.75,5.75,
2004-03-18,,,,,,,,,,,,,,,,,,,,,,,,,,,,,,,,,,,,,,,,,5.25,6.75,3.75,5.75,
2004-03-19,,,,,,,,,,,,,,,,,,,,,,,,,,,,,,,,,,,,,,,,,5.25,6.75,3.75,5.75,
2004-03-20,,,,,,,,,,,,,,,,,,,,,,,,,,,,,,,,,,,,,,,,,5.25,6.75,3.75,5.75,
2004-03-21,,,,,,,,,,,,,,,,,,,,,,,,,,,,,,,,,,,,,,,,,5.25,6.75,3.75,5.75,
2004-03-22,,,,,,,,,,,,,,,,,,,,,,,,,,,,,,,,,,,,,,,,,5.25,6.75,3.75,5.75,
2004-03-23,,,,,,,,,,,,,,,,,,,,,,,,,,,,,,,,,,,,,,,,,5.25,6.75,3.75,5.75,
2004-03-24,,,,,,,,,,,,,,,,,,,,,,,,,,,,,,,,,,,,,,,,,5.25,6.75,3.75,5.75,
2004-03-25,,,,,,,,,,,,,,,,,,,,,,,,,,,,,,,,,,,,,,,,,5.25,6.75,3.75,5.75,
2004-03-26,,,,,,,,,,,,,,,,,,,,,,,,,,,,,,,,,,,,,,,,,5.25,6.75,3.75,5.75,
2004-03-27,,,,,,,,,,,,,,,,,,,,,,,,,,,,,,,,,,,,,,,,,5.25,6.75,3.75,5.75,
2004-03-28,,,,,,,,,,,,,,,,,,,,,,,,,,,,,,,,,,,,,,,,,5.25,6.75,3.75,5.75,
2004-03-29,,,,,,,,,,,,,,,,,,,,,,,,,,,,,,,,,,,,,,,,,5.25,6.75,3.75,5.75,
2004-03-30,,,,,,,,,,,,,,,,,,,,,,,,,,,,,,,,,,,,,,,,,5.25,6.75,3.75,5.75,
2004-03-31,,,,,,,,,,,,,,,,,,,,,,,,,,,,,,,,,,,,,,,,,5.25,6.75,3.75,5.75,
2004-04-01,,,,,,,,,,,,,,,,,,,,,,,,,,,,,,,,,,,,,,,,,5.25,6.75,3.75,5.75,
2004-04-02,,,,,,,,,,,,,,,,,,,,,,,,,,,,,,,,,,,,,,,,,5.25,6.75,3.75,5.75,
2004-04-03,,,,,,,,,,,,,,,,,,,,,,,,,,,,,,,,,,,,,,,,,5.25,6.75,3.75,5.75,
2004-04-04,,,,,,,,,,,,,,,,,,,,,,,,,,,,,,,,,,,,,,,,,5.25,6.75,3.75,5.75,
2004-04-05,,,,,,,,,,,,,,,,,,,,,,,,,,,,,,,,,,,,,,,,,5.25,6.75,3.75,5.75,
2004-04-06,,,,,,,,,,,,,,,,,,,,,,,,,,,,,,,,,,,,,,,,,5.25,6.75,3.75,5.75,
2004-04-07,,,,,,,,,,,,,,,,,,,,,,,,,,,,,,,,,,,,,,,,,5.25,6.75,3.75,5.75,
2004-04-08,,,,,,,,,,,,,,,,,,,,,,,,,,,,,,,,,,,,,,,,,5.25,6.75,3.75,5.75,
2004-04-09,,,,,,,,,,,,,,,,,,,,,,,,,,,,,,,,,,,,,,,,,5.25,6.75,3.75,5.75,
2004-04-10,,,,,,,,,,,,,,,,,,,,,,,,,,,,,,,,,,,,,,,,,5.25,6.75,3.75,5.75,
2004-04-11,,,,,,,,,,,,,,,,,,,,,,,,,,,,,,,,,,,,,,,,,5.25,6.75,3.75,5.75,
2004-04-12,,,,,,,,,,,,,,,,,,,,,,,,,,,,,,,,,,,,,,,,,5.25,6.75,3.75,5.75,
2004-04-13,,,,,,,,,,,,,,,,,,,,,,,,,,,,,,,,,,,,,,,,,5.25,6.75,3.75,5.75,
2004-04-14,,,,,,,,,,,,,,,,,,,,,,,,,,,,,,,,,,,,,,,,,5.25,6.75,3.75,5.75,
2004-04-15,,,,,,,,,,,,,,,,,,,,,,,,,,,,,,,,,,,,,,,,,5.25,6.75,3.75,5.75,
2004-04-16,,,,,,,,,,,,,,,,,,,,,,,,,,,,,,,,,,,,,,,,,5.25,6.75,3.75,5.75,
2004-04-17,,,,,,,,,,,,,,,,,,,,,,,,,,,,,,,,,,,,,,,,,5.25,6.75,3.75,5.75,
2004-04-18,,,,,,,,,,,,,,,,,,,,,,,,,,,,,,,,,,,,,,,,,5.25,6.75,3.75,5.75,
2004-04-19,,,,,,,,,,,,,,,,,,,,,,,,,,,,,,,,,,,,,,,,,5.25,6.75,3.75,5.75,
2004-04-20,,,,,,,,,,,,,,,,,,,,,,,,,,,,,,,,,,,,,,,,,5.25,6.75,3.75,5.75,
2004-04-21,,,,,,,,,,,,,,,,,,,,,,,,,,,,,,,,,,,,,,,,,5.25,6.75,3.75,5.75,
2004-04-22,,,,,,,,,,,,,,,,,,,,,,,,,,,,,,,,,,,,,,,,,5.25,6.75,3.75,5.75,
2004-04-23,,,,,,,,,,,,,,,,,,,,,,,,,,,,,,,,,,,,,,,,,5.25,6.75,3.75,5.75,
2004-04-24,,,,,,,,,,,,,,,,,,,,,,,,,,,,,,,,,,,,,,,,,5.25,6.75,3.75,5.75,
2004-04-25,,,,,,,,,,,,,,,,,,,,,,,,,,,,,,,,,,,,,,,,,5.25,6.75,3.75,5.75,
2004-04-26,,,,,,,,,,,,,,,,,,,,,,,,,,,,,,,,,,,,,,,,,5.25,6.75,3.75,5.75,
2004-04-27,,,,,,,,,,,,,,,,,,,,,,,,,,,,,,,,,,,,,,,,,5.25,6.75,3.75,5.75,
2004-04-28,,,,,,,,,,,,,,,,,,,,,,,,,,,,,,,,,,,,,,,,,5.25,6.75,3.75,5.75,
2004-04-29,,,,,,,,,,,,,,,,,,,,,,,,,,,,,,,,,,,,,,,,,5.25,6.75,3.75,5.75,
2004-04-30,,,,,,,,,,,,,,,,,,,,,,,,,,,,,,,,,,,,,,,,,5.25,6.75,3.75,5.75,
2004-05-01,,,,,,,,,,,,,,,,,,,,,,,,,,,,,,,,,,,,,,,,,5.25,6.75,3.75,5.75,
2004-05-02,,,,,,,,,,,,,,,,,,,,,,,,,,,,,,,,,,,,,,,,,5.25,6.75,3.75,5.75,
2004-05-03,,,,,,,,,,,,,,,,,,,,,,,,,,,,,,,,,,,,,,,,,5.25,6.75,3.75,5.75,
2004-05-04,,,,,,,,,,,,,,,,,,,,,,,,,,,,,,,,,,,,,,,,,5.25,6.75,3.75,5.75,
2004-05-05,,,,,,,,,,,,,,,,,,,,,,,,,,,,,,,,,,,,,,,,,5.25,6.75,3.75,5.75,
2004-05-06,,,,,,,,,,,,,,,,,,,,,,,,,,,,,,,,,,,,,,,,,5.25,6.75,3.75,5.75,
2004-05-07,,,,,,,,,,,,,,,,,,,,,,,,,,,,,,,,,,,,,,,,,5.25,6.75,3.75,5.75,
2004-05-08,,,,,,,,,,,,,,,,,,,,,,,,,,,,,,,,,,,,,,,,,5.25,6.75,3.75,5.75,
2004-05-09,,,,,,,,,,,,,,,,,,,,,,,,,,,,,,,,,,,,,,,,,5.25,6.75,3.75,5.75,
2004-05-10,,,,,,,,,,,,,,,,,,,,,,,,,,,,,,,,,,,,,,,,,5.25,6.75,3.75,5.75,
2004-05-11,,,,,,,,,,,,,,,,,,,,,,,,,,,,,,,,,,,,,,,,,5.25,6.75,3.75,5.75,
2004-05-12,,,,,,,,,,,,,,,,,,,,,,,,,,,,,,,,,,,,,,,,,5.25,6.75,3.75,5.75,
2004-05-13,,,,,,,,,,,,,,,,,,,,,,,,,,,,,,,,,,,,,,,,,5.25,6.75,3.75,5.75,
2004-05-14,,,,,,,,,,,,,,,,,,,,,,,,,,,,,,,,,,,,,,,,,5.25,6.75,3.75,5.75,
2004-05-15,,,,,,,,,,,,,,,,,,,,,,,,,,,,,,,,,,,,,,,,,5.25,6.75,3.75,5.75,
2004-05-16,,,,,,,,,,,,,,,,,,,,,,,,,,,,,,,,,,,,,,,,,5.25,6.75,3.75,5.75,
2004-05-17,,,,,,,,,,,,,,,,,,,,,,,,,,,,,,,,,,,,,,,,,5.25,6.75,3.75,5.75,
2004-05-18,,,,,,,,,,,,,,,,,,,,,,,,,,,,,,,,,,,,,,,,,5.25,6.75,3.75,5.75,
2004-05-19,,,,,,,,,,,,,,,,,,,,,,,,,,,,,,,,,,,,,,,,,5.25,6.75,3.75,5.75,
2004-05-20,,,,,,,,,,,,,,,,,,,,,,,,,,,,,,,,,,,,,,,,,5.25,6.75,3.75,5.75,
2004-05-21,,,,,,,,,,,,,,,,,,,,,,,,,,,,,,,,,,,,,,,,,5.25,6.75,3.75,5.75,
2004-05-22,,,,,,,,,,,,,,,,,,,,,,,,,,,,,,,,,,,,,,,,,5.25,6.75,3.75,5.75,
2004-05-23,,,,,,,,,,,,,,,,,,,,,,,,,,,,,,,,,,,,,,,,,5.25,6.75,3.75,5.75,
2004-05-24,,,,,,,,,,,,,,,,,,,,,,,,,,,,,,,,,,,,,,,,,5.25,6.75,3.75,5.75,
2004-05-25,,,,,,,,,,,,,,,,,,,,,,,,,,,,,,,,,,,,,,,,,5.25,6.75,3.75,5.75,
2004-05-26,,,,,,,,,,,,,,,,,,,,,,,,,,,,,,,,,,,,,,,,,5.25,6.75,3.75,5.75,
2004-05-27,,,,,,,,,,,,,,,,,,,,,,,,,,,,,,,,,,,,,,,,,5.25,6.75,3.75,5.75,
2004-05-28,,,,,,,,,,,,,,,,,,,,,,,,,,,,,,,,,,,,,,,,,5.25,6.75,3.75,5.75,
2004-05-29,,,,,,,,,,,,,,,,,,,,,,,,,,,,,,,,,,,,,,,,,5.25,6.75,3.75,5.75,
2004-05-30,,,,,,,,,,,,,,,,,,,,,,,,,,,,,,,,,,,,,,,,,5.25,6.75,3.75,5.75,
2004-05-31,,,,,,,,,,,,,,,,,,,,,,,,,,,,,,,,,,,,,,,,,5.25,6.75,3.75,5.75,
2004-06-01,,,,,,,,,,,,,,,,,,,,,,,,,,,,,,,,,,,,,,,,,5.25,6.75,3.75,5.75,
2004-06-02,,,,,,,,,,,,,,,,,,,,,,,,,,,,,,,,,,,,,,,,,5.25,6.75,3.75,5.75,
2004-06-03,,,,,,,,,,,,,,,,,,,,,,,,,,,,,,,,,,,,,,,,,5.25,6.75,3.75,5.75,
2004-06-04,,,,,,,,,,,,,,,,,,,,,,,,,,,,,,,,,,,,,,,,,5.25,6.75,3.75,5.75,
2004-06-05,,,,,,,,,,,,,,,,,,,,,,,,,,,,,,,,,,,,,,,,,5.25,6.75,3.75,5.75,
2004-06-06,,,,,,,,,,,,,,,,,,,,,,,,,,,,,,,,,,,,,,,,,5.25,6.75,3.75,5.75,
2004-06-07,,,,,,,,,,,,,,,,,,,,,,,,,,,,,,,,,,,,,,,,,5.25,6.75,3.75,5.75,
2004-06-08,,,,,,,,,,,,,,,,,,,,,,,,,,,,,,,,,,,,,,,,,5.25,6.75,3.75,5.75,
2004-06-09,,,,,,,,,,,,,,,,,,,,,,,,,,,,,,,,,,,,,,,,,5.25,6.75,3.75,5.75,
2004-06-10,,,,,,,,,,,,,,,,,,,,,,,,,,,,,,,,,,,,,,,,,5.25,6.75,3.75,5.75,
2004-06-11,,,,,,,,,,,,,,,,,,,,,,,,,,,,,,,,,,,,,,,,,5.25,6.75,3.75,5.75,
2004-06-12,,,,,,,,,,,,,,,,,,,,,,,,,,,,,,,,,,,,,,,,,5.25,6.75,3.75,5.75,
2004-06-13,,,,,,,,,,,,,,,,,,,,,,,,,,,,,,,,,,,,,,,,,5.25,6.75,3.75,5.75,
2004-06-14,,,,,,,,,,,,,,,,,,,,,,,,,,,,,,,,,,,,,,,,,5.25,6.75,3.75,5.75,
2004-06-15,,,,,,,,,,,,,,,,,,,,,,,,,,,,,,,,,,,,,,,,,5.25,6.75,3.75,5.75,
2004-06-16,,,,,,,,,,,,,,,,,,,,,,,,,,,,,,,,,,,,,,,,,5.25,6.75,3.75,5.75,
2004-06-17,,,,,,,,,,,,,,,,,,,,,,,,,,,,,,,,,,,,,,,,,5.25,6.75,3.75,5.75,
2004-06-18,,,,,,,,,,,,,,,,,,,,,,,,,,,,,,,,,,,,,,,,,5.25,6.75,3.75,5.75,
2004-06-19,,,,,,,,,,,,,,,,,,,,,,,,,,,,,,,,,,,,,,,,,5.25,6.75,3.75,5.75,
2004-06-20,,,,,,,,,,,,,,,,,,,,,,,,,,,,,,,,,,,,,,,,,5.25,6.75,3.75,5.75,
2004-06-21,,,,,,,,,,,,,,,,,,,,,,,,,,,,,,,,,,,,,,,,,5.25,6.75,3.75,5.75,
2004-06-22,,,,,,,,,,,,,,,,,,,,,,,,,,,,,,,,,,,,,,,,,5.25,6.75,3.75,5.75,
2004-06-23,,,,,,,,,,,,,,,,,,,,,,,,,,,,,,,,,,,,,,,,,5.25,6.75,3.75,5.75,
2004-06-24,,,,,,,,,,,,,,,,,,,,,,,,,,,,,,,,,,,,,,,,,5.25,6.75,3.75,5.75,
2004-06-25,,,,,,,,,,,,,,,,,,,,,,,,,,,,,,,,,,,,,,,,,5.25,6.75,3.75,5.75,
2004-06-26,,,,,,,,,,,,,,,,,,,,,,,,,,,,,,,,,,,,,,,,,5.25,6.75,3.75,5.75,
2004-06-27,,,,,,,,,,,,,,,,,,,,,,,,,,,,,,,,,,,,,,,,,5.25,6.75,3.75,5.75,
2004-06-28,,,,,,,,,,,,,,,,,,,,,,,,,,,,,,,,,,,,,,,,,5.25,6.75,3.75,5.75,
2004-06-29,,,,,,,,,,,,,,,,,,,,,,,,,,,,,,,,,,,,,,,,,5.25,6.75,3.75,5.75,
2004-06-30,,,,,,,,,,,,,,,,,,,,,,,,,,,,,,,,,,,,,,,,,5.25,6.75,3.75,5.75,
2004-07-01,,,,,,,,,,,,,,,,,,,,,,,,,,,,,,,,,,,,,,,,,5.75,7.25,4.25,6.25,
2004-07-02,,,,,,,,,,,,,,,,,,,,,,,,,,,,,,,,,,,,,,,,,5.75,7.25,4.25,6.25,
2004-07-03,,,,,,,,,,,,,,,,,,,,,,,,,,,,,,,,,,,,,,,,,5.75,7.25,4.25,6.25,
2004-07-04,,,,,,,,,,,,,,,,,,,,,,,,,,,,,,,,,,,,,,,,,5.75,7.25,4.25,6.25,
2004-07-05,,,,,,,,,,,,,,,,,,,,,,,,,,,,,,,,,,,,,,,,,5.75,7.25,4.25,6.25,
2004-07-06,,,,,,,,,,,,,,,,,,,,,,,,,,,,,,,,,,,,,,,,,5.75,7.25,4.25,6.25,
2004-07-07,,,,,,,,,,,,,,,,,,,,,,,,,,,,,,,,,,,,,,,,,5.75,7.25,4.25,6.25,
2004-07-08,,,,,,,,,,,,,,,,,,,,,,,,,,,,,,,,,,,,,,,,,5.75,7.25,4.25,6.25,
2004-07-09,,,,,,,,,,,,,,,,,,,,,,,,,,,,,,,,,,,,,,,,,5.75,7.25,4.25,6.25,
2004-07-10,,,,,,,,,,,,,,,,,,,,,,,,,,,,,,,,,,,,,,,,,5.75,7.25,4.25,6.25,
2004-07-11,,,,,,,,,,,,,,,,,,,,,,,,,,,,,,,,,,,,,,,,,5.75,7.25,4.25,6.25,
2004-07-12,,,,,,,,,,,,,,,,,,,,,,,,,,,,,,,,,,,,,,,,,5.75,7.25,4.25,6.25,
2004-07-13,,,,,,,,,,,,,,,,,,,,,,,,,,,,,,,,,,,,,,,,,5.75,7.25,4.25,6.25,
2004-07-14,,,,,,,,,,,,,,,,,,,,,,,,,,,,,,,,,,,,,,,,,5.75,7.25,4.25,6.25,
2004-07-15,,,,,,,,,,,,,,,,,,,,,,,,,,,,,,,,,,,,,,,,,5.75,7.25,4.25,6.25,
2004-07-16,,,,,,,,,,,,,,,,,,,,,,,,,,,,,,,,,,,,,,,,,5.75,7.25,4.25,6.25,
2004-07-17,,,,,,,,,,,,,,,,,,,,,,,,,,,,,,,,,,,,,,,,,5.75,7.25,4.25,6.25,
2004-07-18,,,,,,,,,,,,,,,,,,,,,,,,,,,,,,,,,,,,,,,,,5.75,7.25,4.25,6.25,
2004-07-19,,,,,,,,,,,,,,,,,,,,,,,,,,,,,,,,,,,,,,,,,5.75,7.25,4.25,6.25,
2004-07-20,,,,,,,,,,,,,,,,,,,,,,,,,,,,,,,,,,,,,,,,,5.75,7.25,4.25,6.25,
2004-07-21,,,,,,,,,,,,,,,,,,,,,,,,,,,,,,,,,,,,,,,,,5.75,7.25,4.25,6.25,
2004-07-22,,,,,,,,,,,,,,,,,,,,,,,,,,,,,,,,,,,,,,,,,5.75,7.25,4.25,6.25,
2004-07-23,,,,,,,,,,,,,,,,,,,,,,,,,,,,,,,,,,,,,,,,,5.75,7.25,4.25,6.25,
2004-07-24,,,,,,,,,,,,,,,,,,,,,,,,,,,,,,,,,,,,,,,,,5.75,7.25,4.25,6.25,
2004-07-25,,,,,,,,,,,,,,,,,,,,,,,,,,,,,,,,,,,,,,,,,5.75,7.25,4.25,6.25,
2004-07-26,,,,,,,,,,,,,,,,,,,,,,,,,,,,,,,,,,,,,,,,,5.75,7.25,4.25,6.25,
2004-07-27,,,,,,,,,,,,,,,,,,,,,,,,,,,,,,,,,,,,,,,,,5.75,7.25,4.25,6.25,
2004-07-28,,,,,,,,,,,,,,,,,,,,,,,,,,,,,,,,,,,,,,,,,5.75,7.25,4.25,6.25,
2004-07-29,,,,,,,,,,,,,,,,,,,,,,,,,,,,,,,,,,,,,,,,,6.0,7.5,4.5,6.5,
2004-07-30,,,,,,,,,,,,,,,,,,,,,,,,,,,,,,,,,,,,,,,,,6.0,7.5,4.5,6.5,
2004-07-31,,,,,,,,,,,,,,,,,,,,,,,,,,,,,,,,,,,,,,,,,6.0,7.5,4.5,6.5,
2004-08-01,,,,,,,,,,,,,,,,,,,,,,,,,,,,,,,,,,,,,,,,,6.0,7.5,4.5,6.5,
2004-08-02,,,,,,,,,,,,,,,,,,,,,,,,,,,,,,,,,,,,,,,,,6.0,7.5,4.5,6.5,
2004-08-03,,,,,,,,,,,,,,,,,,,,,,,,,,,,,,,,,,,,,,,,,6.0,7.5,4.5,6.5,
2004-08-04,,,,,,,,,,,,,,,,,,,,,,,,,,,,,,,,,,,,,,,,,6.0,7.5,4.5,6.5,
2004-08-05,,,,,,,,,,,,,,,,,,,,,,,,,,,,,,,,,,,,,,,,,6.0,7.5,4.5,6.5,
2004-08-06,,,,,,,,,,,,,,,,,,,,,,,,,,,,,,,,,,,,,,,,,6.0,7.5,4.5,6.5,
2004-08-07,,,,,,,,,,,,,,,,,,,,,,,,,,,,,,,,,,,,,,,,,6.0,7.5,4.5,6.5,
2004-08-08,,,,,,,,,,,,,,,,,,,,,,,,,,,,,,,,,,,,,,,,,6.0,7.5,4.5,6.5,
2004-08-09,,,,,,,,,,,,,,,,,,,,,,,,,,,,,,,,,,,,,,,,,6.0,7.5,4.5,6.5,
2004-08-10,,,,,,,,,,,,,,,,,,,,,,,,,,,,,,,,,,,,,,,,,6.0,7.5,4.5,6.5,
2004-08-11,,,,,,,,,,,,,,,,,,,,,,,,,,,,,,,,,,,,,,,,,6.0,7.5,4.5,6.5,
2004-08-12,,,,,,,,,,,,,,,,,,,,,,,,,,,,,,,,,,,,,,,,,6.0,7.5,4.5,6.5,
2004-08-13,,,,,,,,,,,,,,,,,,,,,,,,,,,,,,,,,,,,,,,,,6.0,7.5,4.5,6.5,
2004-08-14,,,,,,,,,,,,,,,,,,,,,,,,,,,,,,,,,,,,,,,,,6.0,7.5,4.5,6.5,
2004-08-15,,,,,,,,,,,,,,,,,,,,,,,,,,,,,,,,,,,,,,,,,6.0,7.5,4.5,6.5,
2004-08-16,,,,,,,,,,,,,,,,,,,,,,,,,,,,,,,,,,,,,,,,,6.0,7.5,4.5,6.5,
2004-08-17,,,,,,,,,,,,,,,,,,,,,,,,,,,,,,,,,,,,,,,,,6.0,7.5,4.5,6.5,
2004-08-18,,,,,,,,,,,,,,,,,,,,,,,,,,,,,,,,,,,,,,,,,6.0,7.5,4.5,6.5,
2004-08-19,,,,,,,,,,,,,,,,,,,,,,,,,,,,,,,,,,,,,,,,,6.0,7.5,4.5,6.5,
2004-08-20,,,,,,,,,,,,,,,,,,,,,,,,,,,,,,,,,,,,,,,,,6.0,7.5,4.5,6.5,
2004-08-21,,,,,,,,,,,,,,,,,,,,,,,,,,,,,,,,,,,,,,,,,6.0,7.5,4.5,6.5,
2004-08-22,,,,,,,,,,,,,,,,,,,,,,,,,,,,,,,,,,,,,,,,,6.0,7.5,4.5,6.5,
2004-08-23,,,,,,,,,,,,,,,,,,,,,,,,,,,,,,,,,,,,,,,,,6.0,7.5,4.5,6.5,
2004-08-24,,,,,,,,,,,,,,,,,,,,,,,,,,,,,,,,,,,,,,,,,6.0,7.5,4.5,6.5,
2004-08-25,,,,,,,,,,,,,,,,,,,,,,,,,,,,,,,,,,,,,,,,,6.0,7.5,4.5,6.5,
2004-08-26,,,,,,,,,,,,,,,,,,,,,,,,,,,,,,,,,,,,,,,,,6.5,8.0,5.0,7.0,
2004-08-27,,,,,,,,,,,,,,,,,,,,,,,,,,,,,,,,,,,,,,,,,6.5,8.0,5.0,7.0,
2004-08-28,,,,,,,,,,,,,,,,,,,,,,,,,,,,,,,,,,,,,,,,,6.5,8.0,5.0,7.0,
2004-08-29,,,,,,,,,,,,,,,,,,,,,,,,,,,,,,,,,,,,,,,,,6.5,8.0,5.0,7.0,
2004-08-30,,,,,,,,,,,,,,,,,,,,,,,,,,,,,,,,,,,,,,,,,6.5,8.0,5.0,7.0,
2004-08-31,,,,,,,,,,,,,,,,,,,,,,,,,,,,,,,,,,,,,,,,,6.5,8.0,5.0,7.0,
2004-09-01,,,,,,,,,,,,,,,,,,,,,,,,,,,,,,,,,,,,,,,,,6.5,8.0,5.0,7.0,
2004-09-02,,,,,,,,,,,,,,,,,,,,,,,,,,,,,,,,,,,,,,,,,6.5,8.0,5.0,7.0,
2004-09-03,,,,,,,,,,,,,,,,,,,,,,,,,,,,,,,,,,,,,,,,,6.5,8.0,5.0,7.0,
2004-09-04,,,,,,,,,,,,,,,,,,,,,,,,,,,,,,,,,,,,,,,,,6.5,8.0,5.0,7.0,
2004-09-05,,,,,,,,,,,,,,,,,,,,,,,,,,,,,,,,,,,,,,,,,6.5,8.0,5.0,7.0,
2004-09-06,,,,,,,,,,,,,,,,,,,,,,,,,,,,,,,,,,,,,,,,,6.5,8.0,5.0,7.0,
2004-09-07,,,,,,,,,,,,,,,,,,,,,,,,,,,,,,,,,,,,,,,,,6.5,8.0,5.0,7.0,
2004-09-08,,,,,,,,,,,,,,,,,,,,,,,,,,,,,,,,,,,,,,,,,6.5,8.0,5.0,7.0,
2004-09-09,,,,,,,,,,,,,,,,,,,,,,,,,,,,,,,,,,,,,,,,,6.5,8.0,5.0,7.0,
2004-09-10,,,,,,,,,,,,,,,,,,,,,,,,,,,,,,,,,,,,,,,,,6.5,8.0,5.0,7.0,
2004-09-11,,,,,,,,,,,,,,,,,,,,,,,,,,,,,,,,,,,,,,,,,6.5,8.0,5.0,7.0,
2004-09-12,,,,,,,,,,,,,,,,,,,,,,,,,,,,,,,,,,,,,,,,,6.5,8.0,5.0,7.0,
2004-09-13,,,,,,,,,,,,,,,,,,,,,,,,,,,,,,,,,,,,,,,,,6.5,8.0,5.0,7.0,
2004-09-14,,,,,,,,,,,,,,,,,,,,,,,,,,,,,,,,,,,,,,,,,6.5,8.0,5.0,7.0,
2004-09-15,,,,,,,,,,,,,,,,,,,,,,,,,,,,,,,,,,,,,,,,,6.5,8.0,5.0,7.0,
2004-09-16,,,,,,,,,,,,,,,,,,,,,,,,,,,,,,,,,,,,,,,,,6.5,8.0,5.0,7.0,
2004-09-17,,,,,,,,,,,,,,,,,,,,,,,,,,,,,,,,,,,,,,,,,6.5,8.0,5.0,7.0,
2004-09-18,,,,,,,,,,,,,,,,,,,,,,,,,,,,,,,,,,,,,,,,,6.5,8.0,5.0,7.0,
2004-09-19,,,,,,,,,,,,,,,,,,,,,,,,,,,,,,,,,,,,,,,,,6.5,8.0,5.0,7.0,
2004-09-20,,,,,,,,,,,,,,,,,,,,,,,,,,,,,,,,,,,,,,,,,6.5,8.0,5.0,7.0,
2004-09-21,,,,,,,,,,,,,,,,,,,,,,,,,,,,,,,,,,,,,,,,,6.5,8.0,5.0,7.0,
2004-09-22,,,,,,,,,,,,,,,,,,,,,,,,,,,,,,,,,,,,,,,,,6.5,8.0,5.0,7.0,
2004-09-23,,,,,,,,,,,,,,,,,,,,,,,,,,,,,,,,,,,,,,,,,6.5,8.0,5.0,7.0,
2004-09-24,,,,,,,,,,,,,,,,,,,,,,,,,,,,,,,,,,,,,,,,,6.5,8.0,5.0,7.0,
2004-09-25,,,,,,,,,,,,,,,,,,,,,,,,,,,,,,,,,,,,,,,,,6.5,8.0,5.0,7.0,
2004-09-26,,,,,,,,,,,,,,,,,,,,,,,,,,,,,,,,,,,,,,,,,6.5,8.0,5.0,7.0,
2004-09-27,,,,,,,,,,,,,,,,,,,,,,,,,,,,,,,,,,,,,,,,,6.5,8.0,5.0,7.0,
2004-09-28,,,,,,,,,,,,,,,,,,,,,,,,,,,,,,,,,,,,,,,,,6.5,8.0,5.0,7.0,
2004-09-29,,,,,,,,,,,,,,,,,,,,,,,,,,,,,,,,,,,,,,,,,6.5,8.0,5.0,7.0,
2004-09-30,,,,,,,,,,,,,,,,,,,,,,,,,,,,,,,,,,,,,,,,,6.5,8.0,5.0,7.0,
2004-10-01,,,,,,,,,,,,,,,,,,,,,,,,,,,,,,,,,,,,,,,,,6.5,8.0,5.0,7.0,
2004-10-02,,,,,,,,,,,,,,,,,,,,,,,,,,,,,,,,,,,,,,,,,6.5,8.0,5.0,7.0,
2004-10-03,,,,,,,,,,,,,,,,,,,,,,,,,,,,,,,,,,,,,,,,,6.5,8.0,5.0,7.0,
2004-10-04,,,,,,,,,,,,,,,,,,,,,,,,,,,,,,,,,,,,,,,,,6.5,8.0,5.0,7.0,
2004-10-05,,,,,,,,,,,,,,,,,,,,,,,,,,,,,,,,,,,,,,,,,6.5,8.0,5.0,7.0,
2004-10-06,,,,,,,,,,,,,,,,,,,,,,,,,,,,,,,,,,,,,,,,,6.5,8.0,5.0,7.0,
2004-10-07,,,,,,,,,,,,,,,,,,,,,,,,,,,,,,,,,,,,,,,,,6.5,8.0,5.0,7.0,
2004-10-08,,,,,,,,,,,,,,,,,,,,,,,,,,,,,,,,,,,,,,,,,6.5,8.0,5.0,7.0,
2004-10-09,,,,,,,,,,,,,,,,,,,,,,,,,,,,,,,,,,,,,,,,,6.5,8.0,5.0,7.0,
2004-10-10,,,,,,,,,,,,,,,,,,,,,,,,,,,,,,,,,,,,,,,,,6.5,8.0,5.0,7.0,
2004-10-11,,,,,,,,,,,,,,,,,,,,,,,,,,,,,,,,,,,,,,,,,6.5,8.0,5.0,7.0,
2004-10-12,,,,,,,,,,,,,,,,,,,,,,,,,,,,,,,,,,,,,,,,,6.5,8.0,5.0,7.0,
2004-10-13,,,,,,,,,,,,,,,,,,,,,,,,,,,,,,,,,,,,,,,,,6.5,8.0,5.0,7.0,
2004-10-14,,,,,,,,,,,,,,,,,,,,,,,,,,,,,,,,,,,,,,,,,6.5,8.0,5.0,7.0,
2004-10-15,,,,,,,,,,,,,,,,,,,,,,,,,,,,,,,,,,,,,,,,,6.5,8.0,5.0,7.0,
2004-10-16,,,,,,,,,,,,,,,,,,,,,,,,,,,,,,,,,,,,,,,,,6.5,8.0,5.0,7.0,
2004-10-17,,,,,,,,,,,,,,,,,,,,,,,,,,,,,,,,,,,,,,,,,6.5,8.0,5.0,7.0,
2004-10-18,,,,,,,,,,,,,,,,,,,,,,,,,,,,,,,,,,,,,,,,,6.5,8.0,5.0,7.0,
2004-10-19,,,,,,,,,,,,,,,,,,,,,,,,,,,,,,,,,,,,,,,,,6.5,8.0,5.0,7.0,
2004-10-20,,,,,,,,,,,,,,,,,,,,,,,,,,,,,,,,,,,,,,,,,6.5,8.0,5.0,7.0,
2004-10-21,,,,,,,,,,,,,,,,,,,,,,,,,,,,,,,,,,,,,,,,,6.5,8.0,5.0,7.0,
2004-10-22,,,,,,,,,,,,,,,,,,,,,,,,,,,,,,,,,,,,,,,,,6.5,8.0,5.0,7.0,
2004-10-23,,,,,,,,,,,,,,,,,,,,,,,,,,,,,,,,,,,,,,,,,6.5,8.0,5.0,7.0,
2004-10-24,,,,,,,,,,,,,,,,,,,,,,,,,,,,,,,,,,,,,,,,,6.5,8.0,5.0,7.0,
2004-10-25,,,,,,,,,,,,,,,,,,,,,,,,,,,,,,,,,,,,,,,,,6.5,8.0,5.0,7.0,
2004-10-26,,,,,,,,,,,,,,,,,,,,,,,,,,,,,,,,,,,,,,,,,6.5,8.0,5.0,7.0,
2004-10-27,,,,,,,,,,,,,,,,,,,,,,,,,,,,,,,,,,,,,,,,,6.5,8.0,5.0,7.0,
2004-10-28,,,,,,,,,,,,,,,,,,,,,,,,,,,,,,,,,,,,,,,,,6.5,8.0,5.0,7.0,
2004-10-29,,,,,,,,,,,,,,,,,,,,,,,,,,,,,,,,,,,,,,,,,6.5,8.0,5.0,7.0,
2004-10-30,,,,,,,,,,,,,,,,,,,,,,,,,,,,,,,,,,,,,,,,,6.5,8.0,5.0,7.0,
2004-10-31,,,,,,,,,,,,,,,,,,,,,,,,,,,,,,,,,,,,,,,,,6.5,8.0,5.0,7.0,
2004-11-01,,,,,,,,,,,,,,,,,,,,,,,,,,,,,,,,,,,,,,,,,6.5,8.0,5.0,7.0,
2004-11-02,,,,,,,,,,,,,,,,,,,,,,,,,,,,,,,,,,,,,,,,,6.5,8.0,5.0,7.0,
2004-11-03,,,,,,,,,,,,,,,,,,,,,,,,,,,,,,,,,,,,,,,,,6.5,8.0,5.0,7.0,
2004-11-04,,,,,,,,,,,,,,,,,,,,,,,,,,,,,,,,,,,,,,,,,6.5,8.0,5.0,7.0,
2004-11-05,,,,,,,,,,,,,,,,,,,,,,,,,,,,,,,,,,,,,,,,,6.5,8.0,5.0,7.0,
2004-11-06,,,,,,,,,,,,,,,,,,,,,,,,,,,,,,,,,,,,,,,,,6.5,8.0,5.0,7.0,
2004-11-07,,,,,,,,,,,,,,,,,,,,,,,,,,,,,,,,,,,,,,,,,6.5,8.0,5.0,7.0,
2004-11-08,,,,,,,,,,,,,,,,,,,,,,,,,,,,,,,,,,,,,,,,,6.5,8.0,5.0,7.0,
2004-11-09,,,,,,,,,,,,,,,,,,,,,,,,,,,,,,,,,,,,,,,,,6.5,8.0,5.0,7.0,
2004-11-10,,,,,,,,,,,,,,,,,,,,,,,,,,,,,,,,,,,,,,,,,6.5,8.0,5.0,7.0,
2004-11-11,,,,,,,,,,,,,,,,,,,,,,,,,,,,,,,,,,,,,,,,,6.5,8.0,5.0,7.0,
2004-11-12,,,,,,,,,,,,,,,,,,,,,,,,,,,,,,,,,,,,,,,,,6.5,8.0,5.0,7.0,
2004-11-13,,,,,,,,,,,,,,,,,,,,,,,,,,,,,,,,,,,,,,,,,6.5,8.0,5.0,7.0,
2004-11-14,,,,,,,,,,,,,,,,,,,,,,,,,,,,,,,,,,,,,,,,,6.5,8.0,5.0,7.0,
2004-11-15,,,,,,,,,,,,,,,,,,,,,,,,,,,,,,,,,,,,,,,,,6.5,8.0,5.0,7.0,
2004-11-16,,,,,,,,,,,,,,,,,,,,,,,,,,,,,,,,,,,,,,,,,6.5,8.0,5.0,7.0,
2004-11-17,,,,,,,,,,,,,,,,,,,,,,,,,,,,,,,,,,,,,,,,,6.5,8.0,5.0,7.0,
2004-11-18,,,,,,,,,,,,,,,,,,,,,,,,,,,,,,,,,,,,,,,,,6.5,8.0,5.0,7.0,
2004-11-19,,,,,,,,,,,,,,,,,,,,,,,,,,,,,,,,,,,,,,,,,6.5,8.0,5.0,7.0,
2004-11-20,,,,,,,,,,,,,,,,,,,,,,,,,,,,,,,,,,,,,,,,,6.5,8.0,5.0,7.0,
2004-11-21,,,,,,,,,,,,,,,,,,,,,,,,,,,,,,,,,,,,,,,,,6.5,8.0,5.0,7.0,
2004-11-22,,,,,,,,,,,,,,,,,,,,,,,,,,,,,,,,,,,,,,,,,6.5,8.0,5.0,7.0,
2004-11-23,,,,,,,,,,,,,,,,,,,,,,,,,,,,,,,,,,,,,,,,,6.5,8.0,5.0,7.0,
2004-11-24,,,,,,,,,,,,,,,,,,,,,,,,,,,,,,,,,,,,,,,,,6.5,8.0,5.0,7.0,
2004-11-25,,,,,,,,,,,,,,,,,,,,,,,,,,,,,,,,,,,,,,,,,6.5,8.0,5.0,7.0,
2004-11-26,,,,,,,,,,,,,,,,,,,,,,,,,,,,,,,,,,,,,,,,,6.5,8.0,5.0,7.0,
2004-11-27,,,,,,,,,,,,,,,,,,,,,,,,,,,,,,,,,,,,,,,,,6.5,8.0,5.0,7.0,
2004-11-28,,,,,,,,,,,,,,,,,,,,,,,,,,,,,,,,,,,,,,,,,6.5,8.0,5.0,7.0,
2004-11-29,,,,,,,,,,,,,,,,,,,,,,,,,,,,,,,,,,,,,,,,,6.5,8.0,5.0,7.0,
2004-11-30,,,,,,,,,,,,,,,,,,,,,,,,,,,,,,,,,,,,,,,,,6.5,8.0,5.0,7.0,
2004-12-01,,,,,,,,,,,,,,,,,,,,,,,,,,,,,,,,,,,,,,,,,6.5,8.0,5.0,7.0,
2004-12-02,,,,,,,,,,,,,,,,,,,,,,,,,,,,,,,,,,,,,,,,,6.5,8.0,5.0,7.0,
2004-12-03,,,,,,,,,,,,,,,,,,,,,,,,,,,,,,,,,,,,,,,,,6.5,8.0,5.0,7.0,
2004-12-04,,,,,,,,,,,,,,,,,,,,,,,,,,,,,,,,,,,,,,,,,6.5,8.0,5.0,7.0,
2004-12-05,,,,,,,,,,,,,,,,,,,,,,,,,,,,,,,,,,,,,,,,,6.5,8.0,5.0,7.0,
2004-12-06,,,,,,,,,,,,,,,,,,,,,,,,,,,,,,,,,,,,,,,,,6.5,8.0,5.0,7.0,
2004-12-07,,,,,,,,,,,,,,,,,,,,,,,,,,,,,,,,,,,,,,,,,6.5,8.0,5.0,7.0,
2004-12-08,,,,,,,,,,,,,,,,,,,,,,,,,,,,,,,,,,,,,,,,,6.5,8.0,5.0,7.0,
2004-12-09,,,,,,,,,,,,,,,,,,,,,,,,,,,,,,,,,,,,,,,,,6.5,8.0,5.0,7.0,
2004-12-10,,,,,,,,,,,,,,,,,,,,,,,,,,,,,,,,,,,,,,,,,6.5,8.0,5.0,7.0,
2004-12-11,,,,,,,,,,,,,,,,,,,,,,,,,,,,,,,,,,,,,,,,,6.5,8.0,5.0,7.0,
2004-12-12,,,,,,,,,,,,,,,,,,,,,,,,,,,,,,,,,,,,,,,,,6.5,8.0,5.0,7.0,
2004-12-13,,,,,,,,,,,,,,,,,,,,,,,,,,,,,,,,,,,,,,,,,6.5,8.0,5.0,7.0,
2004-12-14,,,,,,,,,,,,,,,,,,,,,,,,,,,,,,,,,,,,,,,,,6.5,8.0,5.0,7.0,
2004-12-15,,,,,,,,,,,,,,,,,,,,,,,,,,,,,,,,,,,,,,,,,6.5,8.0,5.0,7.0,
2004-12-16,,,,,,,,,,,,,,,,,,,,,,,,,,,,,,,,,,,,,,,,,6.5,8.0,5.0,7.0,
2004-12-17,,,,,,,,,,,,,,,,,,,,,,,,,,,,,,,,,,,,,,,,,6.5,8.0,5.0,7.0,
2004-12-18,,,,,,,,,,,,,,,,,,,,,,,,,,,,,,,,,,,,,,,,,6.5,8.0,5.0,7.0,
2004-12-19,,,,,,,,,,,,,,,,,,,,,,,,,,,,,,,,,,,,,,,,,6.5,8.0,5.0,7.0,
2004-12-20,,,,,,,,,,,,,,,,,,,,,,,,,,,,,,,,,,,,,,,,,6.5,8.0,5.0,7.0,
2004-12-21,,,,,,,,,,,,,,,,,,,,,,,,,,,,,,,,,,,,,,,,,6.5,8.0,5.0,7.0,
2004-12-22,,,,,,,,,,,,,,,,,,,,,,,,,,,,,,,,,,,,,,,,,6.5,8.0,5.0,7.0,
2004-12-23,,,,,,,,,,,,,,,,,,,,,,,,,,,,,,,,,,,,,,,,,6.5,8.0,5.0,7.0,
2004-12-24,,,,,,,,,,,,,,,,,,,,,,,,,,,,,,,,,,,,,,,,,6.5,8.0,5.0,7.0,
2004-12-25,,,,,,,,,,,,,,,,,,,,,,,,,,,,,,,,,,,,,,,,,6.5,8.0,5.0,7.0,
2004-12-26,,,,,,,,,,,,,,,,,,,,,,,,,,,,,,,,,,,,,,,,,6.5,8.0,5.0,7.0,
2004-12-27,,,,,,,,,,,,,,,,,,,,,,,,,,,,,,,,,,,,,,,,,6.5,8.0,5.0,7.0,
2004-12-28,,,,,,,,,,,,,,,,,,,,,,,,,,,,,,,,,,,,,,,,,6.5,8.0,5.0,7.0,
2004-12-29,,,,,,,,,,,,,,,,,,,,,,,,,,,,,,,,,,,,,,,,,6.5,8.0,5.0,7.0,
2004-12-30,,,,,,,,,,,,,,,,,,,,,,,,,,,,,,,,,,,,,,,,,6.5,8.0,5.0,7.0,
2004-12-31,,,,,,,,,,,,,,,,,,,,,,,,,,,,,,,,,,,,,,,,,6.5,8.0,5.0,7.0,
2005-01-01,,,,,,,,,,,,,,,,,,,,,,,,,,,,,,,,,,,,,,,,,6.5,8.0,5.0,7.0,
2005-01-02,,,,,,,,,,,,,,,,,,,,,,,,,,,,,,,,,,,,,,,,,6.5,8.0,5.0,7.0,
2005-01-03,,,,,,,,,,,,,,,,,,,,,,,,,,,,,,,,,,,,,,,,,6.5,8.0,5.0,7.0,
2005-01-04,,,,,,,,,,,,,,,,,,,,,,,,,,,,,,,,,,,,,,,,,6.5,8.0,5.0,7.0,
2005-01-05,,,,,,,,,,,,,,,,,,,,,,,,,,,,,,,,,,,,,,,,,6.5,8.0,5.0,7.0,
2005-01-06,,,,,,,,,,,,,,,,,,,,,,,,,,,,,,,,,,,,,,,,,6.5,8.0,5.0,7.0,
2005-01-07,,,,,,,,,,,,,,,,,,,,,,,,,,,,,,,,,,,,,,,,,6.5,8.0,5.0,7.0,
2005-01-08,,,,,,,,,,,,,,,,,,,,,,,,,,,,,,,,,,,,,,,,,6.5,8.0,5.0,7.0,
2005-01-09,,,,,,,,,,,,,,,,,,,,,,,,,,,,,,,,,,,,,,,,,6.5,8.0,5.0,7.0,
2005-01-10,,,,,,,,,,,,,,,,,,,,,,,,,,,,,,,,,,,,,,,,,6.5,8.0,5.0,7.0,
2005-01-11,,,,,,,,,,,,,,,,,,,,,,,,,,,,,,,,,,,,,,,,,6.5,8.0,5.0,7.0,
2005-01-12,,,,,,,,,,,,,,,,,,,,,,,,,,,,,,,,,,,,,,,,,6.5,8.0,5.0,7.0,
2005-01-13,,,,,,,,,,,,,,,,,,,,,,,,,,,,,,,,,,,,,,,,,6.5,8.0,5.0,7.0,
2005-01-14,,,,,,,,,,,,,,,,,,,,,,,,,,,,,,,,,,,,,,,,,6.5,8.0,5.0,7.0,
2005-01-15,,,,,,,,,,,,,,,,,,,,,,,,,,,,,,,,,,,,,,,,,6.5,8.0,5.0,7.0,
2005-01-16,,,,,,,,,,,,,,,,,,,,,,,,,,,,,,,,,,,,,,,,,6.5,8.0,5.0,7.0,
2005-01-17,,,,,,,,,,,,,,,,,,,,,,,,,,,,,,,,,,,,,,,,,6.5,8.0,5.0,7.0,
2005-01-18,,,,,,,,,,,,,,,,,,,,,,,,,,,,,,,,,,,,,,,,,6.5,8.0,5.0,7.0,
2005-01-19,,,,,,,,,,,,,,,,,,,,,,,,,,,,,,,,,,,,,,,,,6.5,8.0,5.0,7.0,
2005-01-20,,,,,,,,,,,,,,,,,,,,,,,,,,,,,,,,,,,,,,,,,6.5,8.0,5.0,7.0,
2005-01-21,,,,,,,,,,,,,,,,,,,,,,,,,,,,,,,,,,,,,,,,,6.5,8.0,5.0,7.0,
2005-01-22,,,,,,,,,,,,,,,,,,,,,,,,,,,,,,,,,,,,,,,,,6.5,8.0,5.0,7.0,
2005-01-23,,,,,,,,,,,,,,,,,,,,,,,,,,,,,,,,,,,,,,,,,6.5,8.0,5.0,7.0,
2005-01-24,,,,,,,,,,,,,,,,,,,,,,,,,,,,,,,,,,,,,,,,,6.5,8.0,5.0,7.0,
2005-01-25,,,,,,,,,,,,,,,,,,,,,,,,,,,,,,,,,,,,,,,,,6.5,8.0,5.0,7.0,
2005-01-26,,,,,,,,,,,,,,,,,,,,,,,,,,,,,,,,,,,,,,,,,6.5,8.0,5.0,7.0,
2005-01-27,,,,,,,,,,,,,,,,,,,,,,,,,,,,,,,,,,,,,,,,,6.5,8.0,5.0,7.0,
2005-01-28,,,,,,,,,,,,,,,,,,,,,,,,,,,,,,,,,,,,,,,,,6.5,8.0,5.0,7.0,
2005-01-29,,,,,,,,,,,,,,,,,,,,,,,,,,,,,,,,,,,,,,,,,6.5,8.0,5.0,7.0,
2005-01-30,,,,,,,,,,,,,,,,,,,,,,,,,,,,,,,,,,,,,,,,,6.5,8.0,5.0,7.0,
2005-01-31,,,,,,,,,,,,,,,,,,,,,,,,,,,,,,,,,,,,,,,,,6.5,8.0,5.0,7.0,
2005-02-01,,,,,,,,,,,,,,,,,,,,,,,,,,,,,,,,,,,,,,,,,6.5,8.0,5.0,7.0,
2005-02-02,,,,,,,,,,,,,,,,,,,,,,,,,,,,,,,,,,,,,,,,,6.5,8.0,5.0,7.0,
2005-02-03,,,,,,,,,,,,,,,,,,,,,,,,,,,,,,,,,,,,,,,,,6.5,8.0,5.0,7.0,
2005-02-04,,,,,,,,,,,,,,,,,,,,,,,,,,,,,,,,,,,,,,,,,6.5,8.0,5.0,7.0,
2005-02-05,,,,,,,,,,,,,,,,,,,,,,,,,,,,,,,,,,,,,,,,,6.5,8.0,5.0,7.0,
2005-02-06,,,,,,,,,,,,,,,,,,,,,,,,,,,,,,,,,,,,,,,,,6.5,8.0,5.0,7.0,
2005-02-07,,,,,,,,,,,,,,,,,,,,,,,,,,,,,,,,,,,,,,,,,6.5,8.0,5.0,7.0,
2005-02-08,,,,,,,,,,,,,,,,,,,,,,,,,,,,,,,,,,,,,,,,,6.5,8.0,5.0,7.0,
2005-02-09,,,,,,,,,,,,,,,,,,,,,,,,,,,,,,,,,,,,,,,,,6.5,8.0,5.0,7.0,
2005-02-10,,,,,,,,,,,,,,,,,,,,,,,,,,,,,,,,,,,,,,,,,6.5,8.0,5.0,7.0,
2005-02-11,,,,,,,,,,,,,,,,,,,,,,,,,,,,,,,,,,,,,,,,,6.5,8.0,5.0,7.0,
2005-02-12,,,,,,,,,,,,,,,,,,,,,,,,,,,,,,,,,,,,,,,,,6.5,8.0,5.0,7.0,
2005-02-13,,,,,,,,,,,,,,,,,,,,,,,,,,,,,,,,,,,,,,,,,6.5,8.0,5.0,7.0,
2005-02-14,,,,,,,,,,,,,,,,,,,,,,,,,,,,,,,,,,,,,,,,,6.5,8.0,5.0,7.0,
2005-02-15,,,,,,,,,,,,,,,,,,,,,,,,,,,,,,,,,,,,,,,,,6.5,8.0,5.0,7.0,
2005-02-16,,,,,,,,,,,,,,,,,,,,,,,,,,,,,,,,,,,,,,,,,6.5,8.0,5.0,7.0,
2005-02-17,,,,,,,,,,,,,,,,,,,,,,,,,,,,,,,,,,,,,,,,,6.5,8.0,5.0,7.0,
2005-02-18,,,,,,,,,,,,,,,,,,,,,,,,,,,,,,,,,,,,,,,,,6.5,8.0,5.0,7.0,
2005-02-19,,,,,,,,,,,,,,,,,,,,,,,,,,,,,,,,,,,,,,,,,6.5,8.0,5.0,7.0,
2005-02-20,,,,,,,,,,,,,,,,,,,,,,,,,,,,,,,,,,,,,,,,,6.5,8.0,5.0,7.0,
2005-02-21,,,,,,,,,,,,,,,,,,,,,,,,,,,,,,,,,,,,,,,,,6.5,8.0,5.0,7.0,
2005-02-22,,,,,,,,,,,,,,,,,,,,,,,,,,,,,,,,,,,,,,,,,6.5,8.0,5.0,7.0,
2005-02-23,,,,,,,,,,,,,,,,,,,,,,,,,,,,,,,,,,,,,,,,,6.5,8.0,5.0,7.0,
2005-02-24,,,,,,,,,,,,,,,,,,,,,,,,,,,,,,,,,,,,,,,,,6.5,8.0,5.0,7.0,
2005-02-25,,,,,,,,,,,,,,,,,,,,,,,,,,,,,,,,,,,,,,,,,6.5,8.0,5.0,7.0,
2005-02-26,,,,,,,,,,,,,,,,,,,,,,,,,,,,,,,,,,,,,,,,,6.5,8.0,5.0,7.0,
2005-02-27,,,,,,,,,,,,,,,,,,,,,,,,,,,,,,,,,,,,,,,,,6.5,8.0,5.0,7.0,
2005-02-28,,,,,,,,,,,,,,,,,,,,,,,,,,,,,,,,,,,,,,,,,6.5,8.0,5.0,7.0,
2005-03-01,,,,,,,,,,,,,,,,,,,,,,,,,,,,,,,,,,,,,,,,,6.5,8.0,5.0,7.0,
2005-03-02,,,,,,,,,,,,,,,,,,,,,,,,,,,,,,,,,,,,,,,,,6.5,8.0,5.0,7.0,
2005-03-03,,,,,,,,,,,,,,,,,,,,,,,,,,,,,,,,,,,,,,,,,6.5,8.0,5.0,7.0,
2005-03-04,,,,,,,,,,,,,,,,,,,,,,,,,,,,,,,,,,,,,,,,,6.5,8.0,5.0,7.0,
2005-03-05,,,,,,,,,,,,,,,,,,,,,,,,,,,,,,,,,,,,,,,,,6.5,8.0,5.0,7.0,
2005-03-06,,,,,,,,,,,,,,,,,,,,,,,,,,,,,,,,,,,,,,,,,6.5,8.0,5.0,7.0,
2005-03-07,,,,,,,,,,,,,,,,,,,,,,,,,,,,,,,,,,,,,,,,,6.5,8.0,5.0,7.0,
2005-03-08,,,,,,,,,,,,,,,,,,,,,,,,,,,,,,,,,,,,,,,,,6.5,8.0,5.0,7.0,
2005-03-09,,,,,,,,,,,,,,,,,,,,,,,,,,,,,,,,,,,,,,,,,6.5,8.0,5.0,7.0,
2005-03-10,,,,,,,,,,,,,,,,,,,,,,,,,,,,,,,,,,,,,,,,,6.5,8.0,5.0,7.0,
2005-03-11,,,,,,,,,,,,,,,,,,,,,,,,,,,,,,,,,,,,,,,,,6.5,8.0,5.0,7.0,
2005-03-12,,,,,,,,,,,,,,,,,,,,,,,,,,,,,,,,,,,,,,,,,6.5,8.0,5.0,7.0,
2005-03-13,,,,,,,,,,,,,,,,,,,,,,,,,,,,,,,,,,,,,,,,,6.5,8.0,5.0,7.0,
2005-03-14,,,,,,,,,,,,,,,,,,,,,,,,,,,,,,,,,,,,,,,,,6.5,8.0,5.0,7.0,
2005-03-15,,,,,,,,,,,,,,,,,,,,,,,,,,,,,,,,,,,,,,,,,6.5,8.0,5.0,7.0,
2005-03-16,,,,,,,,,,,,,,,,,,,,,,,,,,,,,,,,,,,,,,,,,6.5,8.0,5.0,7.0,
2005-03-17,,,,,,,,,,,,,,,,,,,,,,,,,,,,,,,,,,,,,,,,,6.5,8.0,5.0,7.0,
2005-03-18,,,,,,,,,,,,,,,,,,,,,,,,,,,,,,,,,,,,,,,,,6.5,8.0,5.0,7.0,
2005-03-19,,,,,,,,,,,,,,,,,,,,,,,,,,,,,,,,,,,,,,,,,6.5,8.0,5.0,7.0,
2005-03-20,,,,,,,,,,,,,,,,,,,,,,,,,,,,,,,,,,,,,,,,,6.5,8.0,5.0,7.0,
2005-03-21,,,,,,,,,,,,,,,,,,,,,,,,,,,,,,,,,,,,,,,,,6.5,8.0,5.0,7.0,
2005-03-22,,,,,,,,,,,,,,,,,,,,,,,,,,,,,,,,,,,,,,,,,6.5,8.0,5.0,7.0,
2005-03-23,,,,,,,,,,,,,,,,,,,,,,,,,,,,,,,,,,,,,,,,,6.5,8.0,5.0,7.0,
2005-03-24,,,,,,,,,,,,,,,,,,,,,,,,,,,,,,,,,,,,,,,,,6.5,8.0,5.0,7.0,
2005-03-25,,,,,,,,,,,,,,,,,,,,,,,,,,,,,,,,,,,,,,,,,6.5,8.0,5.0,7.0,
2005-03-26,,,,,,,,,,,,,,,,,,,,,,,,,,,,,,,,,,,,,,,,,6.5,8.0,5.0,7.0,
2005-03-27,,,,,,,,,,,,,,,,,,,,,,,,,,,,,,,,,,,,,,,,,6.5,8.0,5.0,7.0,
2005-03-28,,,,,,,,,,,,,,,,,,,,,,,,,,,,,,,,,,,,,,,,,6.5,8.0,5.0,7.0,
2005-03-29,,,,,,,,,,,,,,,,,,,,,,,,,,,,,,,,,,,,,,,,,6.5,8.0,5.0,7.0,
2005-03-30,,,,,,,,,,,,,,,,,,,,,,,,,,,,,,,,,,,,,,,,,6.5,8.0,5.0,7.0,
2005-03-31,,,,,,,,,,,,,,,,,,,,,,,,,,,,,,,,,,,,,,,,,6.0,7.5,4.5,6.5,
2005-04-01,,,,,,,,,,,,,,,,,,,,,,,,,,,,,,,,,,,,,,,,,6.0,7.5,4.5,6.5,
2005-04-02,,,,,,,,,,,,,,,,,,,,,,,,,,,,,,,,,,,,,,,,,6.0,7.5,4.5,6.5,
2005-04-03,,,,,,,,,,,,,,,,,,,,,,,,,,,,,,,,,,,,,,,,,6.0,7.5,4.5,6.5,
2005-04-04,,,,,,,,,,,,,,,,,,,,,,,,,,,,,,,,,,,,,,,,,6.0,7.5,4.5,6.5,
2005-04-05,,,,,,,,,,,,,,,,,,,,,,,,,,,,,,,,,,,,,,,,,6.0,7.5,4.5,6.5,
2005-04-06,,,,,,,,,,,,,,,,,,,,,,,,,,,,,,,,,,,,,,,,,6.0,7.5,4.5,6.5,
2005-04-07,,,,,,,,,,,,,,,,,,,,,,,,,,,,,,,,,,,,,,,,,6.0,7.5,4.5,6.5,
2005-04-08,,,,,,,,,,,,,,,,,,,,,,,,,,,,,,,,,,,,,,,,,6.0,7.5,4.5,6.5,
2005-04-09,,,,,,,,,,,,,,,,,,,,,,,,,,,,,,,,,,,,,,,,,6.0,7.5,4.5,6.5,
2005-04-10,,,,,,,,,,,,,,,,,,,,,,,,,,,,,,,,,,,,,,,,,6.0,7.5,4.5,6.5,
2005-04-11,,,,,,,,,,,,,,,,,,,,,,,,,,,,,,,,,,,,,,,,,6.0,7.5,4.5,6.5,
2005-04-12,,,,,,,,,,,,,,,,,,,,,,,,,,,,,,,,,,,,,,,,,6.0,7.5,4.5,6.5,
2005-04-13,,,,,,,,,,,,,,,,,,,,,,,,,,,,,,,,,,,,,,,,,6.0,7.5,4.5,6.5,
2005-04-14,,,,,,,,,,,,,,,,,,,,,,,,,,,,,,,,,,,,,,,,,6.0,7.5,4.5,6.5,
2005-04-15,,,,,,,,,,,,,,,,,,,,,,,,,,,,,,,,,,,,,,,,,6.0,7.5,4.5,6.5,
2005-04-16,,,,,,,,,,,,,,,,,,,,,,,,,,,,,,,,,,,,,,,,,6.0,7.5,4.5,6.5,
2005-04-17,,,,,,,,,,,,,,,,,,,,,,,,,,,,,,,,,,,,,,,,,6.0,7.5,4.5,6.5,
2005-04-18,,,,,,,,,,,,,,,,,,,,,,,,,,,,,,,,,,,,,,,,,6.0,7.5,4.5,6.5,
2005-04-19,,,,,,,,,,,,,,,,,,,,,,,,,,,,,,,,,,,,,,,,,6.0,7.5,4.5,6.5,
2005-04-20,,,,,,,,,,,,,,,,,,,,,,,,,,,,,,,,,,,,,,,,,6.0,7.5,4.5,6.5,
2005-04-21,,,,,,,,,,,,,,,,,,,,,,,,,,,,,,,,,,,,,,,,,6.0,7.5,4.5,6.5,
2005-04-22,,,,,,,,,,,,,,,,,,,,,,,,,,,,,,,,,,,,,,,,,6.0,7.5,4.5,6.5,
2005-04-23,,,,,,,,,,,,,,,,,,,,,,,,,,,,,,,,,,,,,,,,,6.0,7.5,4.5,6.5,
2005-04-24,,,,,,,,,,,,,,,,,,,,,,,,,,,,,,,,,,,,,,,,,6.0,7.5,4.5,6.5,
2005-04-25,,,,,,,,,,,,,,,,,,,,,,,,,,,,,,,,,,,,,,,,,6.0,7.5,4.5,6.5,
2005-04-26,,,,,,,,,,,,,,,,,,,,,,,,,,,,,,,,,,,,,,,,,6.0,7.5,4.5,6.5,
2005-04-27,,,,,,,,,,,,,,,,,,,,,,,,,,,,,,,,,,,,,,,,,6.0,7.5,4.5,6.5,
2005-04-28,,,,,,,,,,,,,,,,,,,,,,,,,,,,,,,,,,,,,,,,,5.5,7.0,4.0,6.0,
2005-04-29,,,,,,,,,,,,,,,,,,,,,,,,,,,,,,,,,,,,,,,,,5.5,7.0,4.0,6.0,
2005-04-30,,,,,,,,,,,,,,,,,,,,,,,,,,,,,,,,,,,,,,,,,5.5,7.0,4.0,6.0,
2005-05-01,,,,,,,,,,,,,,,,,,,,,,,,,,,,,,,,,,,,,,,,,5.5,7.0,4.0,6.0,
2005-05-02,,,,,,,,,,,,,,,,,,,,,,,,,,,,,,,,,,,,,,,,,5.5,7.0,4.0,6.0,
2005-05-03,,,,,,,,,,,,,,,,,,,,,,,,,,,,,,,,,,,,,,,,,5.5,7.0,4.0,6.0,
2005-05-04,,,,,,,,,,,,,,,,,,,,,,,,,,,,,,,,,,,,,,,,,5.5,7.0,4.0,6.0,
2005-05-05,,,,,,,,,,,,,,,,,,,,,,,,,,,,,,,,,,,,,,,,,5.5,7.0,4.0,6.0,
2005-05-06,,,,,,,,,,,,,,,,,,,,,,,,,,,,,,,,,,,,,,,,,5.5,7.0,4.0,6.0,
2005-05-07,,,,,,,,,,,,,,,,,,,,,,,,,,,,,,,,,,,,,,,,,5.5,7.0,4.0,6.0,
2005-05-08,,,,,,,,,,,,,,,,,,,,,,,,,,,,,,,,,,,,,,,,,5.5,7.0,4.0,6.0,
2005-05-09,,,,,,,,,,,,,,,,,,,,,,,,,,,,,,,,,,,,,,,,,5.5,7.0,4.0,6.0,
2005-05-10,,,,,,,,,,,,,,,,,,,,,,,,,,,,,,,,,,,,,,,,,5.5,7.0,4.0,6.0,
2005-05-11,,,,,,,,,,,,,,,,,,,,,,,,,,,,,,,,,,,,,,,,,5.5,7.0,4.0,6.0,
2005-05-12,,,,,,,,,,,,,,,,,,,,,,,,,,,,,,,,,,,,,,,,,5.5,7.0,4.0,6.0,
2005-05-13,,,,,,,,,,,,,,,,,,,,,,,,,,,,,,,,,,,,,,,,,5.5,7.0,4.0,6.0,
2005-05-14,,,,,,,,,,,,,,,,,,,,,,,,,,,,,,,,,,,,,,,,,5.5,7.0,4.0,6.0,
2005-05-15,,,,,,,,,,,,,,,,,,,,,,,,,,,,,,,,,,,,,,,,,5.5,7.0,4.0,6.0,
2005-05-16,,,,,,,,,,,,,,,,,,,,,,,,,,,,,,,,,,,,,,,,,5.5,7.0,4.0,6.0,
2005-05-17,,,,,,,,,,,,,,,,,,,,,,,,,,,,,,,,,,,,,,,,,5.5,7.0,4.0,6.0,
2005-05-18,,,,,,,,,,,,,,,,,,,,,,,,,,,,,,,,,,,,,,,,,5.5,7.0,4.0,6.0,
2005-05-19,,,,,,,,,,,,,,,,,,,,,,,,,,,,,,,,,,,,,,,,,5.5,7.0,4.0,6.0,
2005-05-20,,,,,,,,,,,,,,,,,,,,,,,,,,,,,,,,,,,,,,,,,5.5,7.0,4.0,6.0,
2005-05-21,,,,,,,,,,,,,,,,,,,,,,,,,,,,,,,,,,,,,,,,,5.5,7.0,4.0,6.0,
2005-05-22,,,,,,,,,,,,,,,,,,,,,,,,,,,,,,,,,,,,,,,,,5.5,7.0,4.0,6.0,
2005-05-23,,,,,,,,,,,,,,,,,,,,,,,,,,,,,,,,,,,,,,,,,5.5,7.0,4.0,6.0,
2005-05-24,,,,,,,,,,,,,,,,,,,,,,,,,,,,,,,,,,,,,,,,,5.5,7.0,4.0,6.0,
2005-05-25,,,,,,,,,,,,,,,,,,,,,,,,,,,,,,,,,,,,,,,,,5.5,7.0,4.0,6.0,
2005-05-26,,,,,,,,,,,,,,,,,,,,,,,,,,,,,,,,,,,,,,,,,5.5,7.0,4.0,6.0,
2005-05-27,,,,,,,,,,,,,,,,,,,,,,,,,,,,,,,,,,,,,,,,,5.5,7.0,4.0,6.0,
2005-05-28,,,,,,,,,,,,,,,,,,,,,,,,,,,,,,,,,,,,,,,,,5.5,7.0,4.0,6.0,
2005-05-29,,,,,,,,,,,,,,,,,,,,,,,,,,,,,,,,,,,,,,,,,5.5,7.0,4.0,6.0,
2005-05-30,,,,,,,,,,,,,,,,,,,,,,,,,,,,,,,,,,,,,,,,,5.5,7.0,4.0,6.0,
2005-05-31,,,,,,,,,,,,,,,,,,,,,,,,,,,,,,,,,,,,,,,,,5.5,7.0,4.0,6.0,
2005-06-01,,,,,,,,,,,,,,,,,,,,,,,,,,,,,,,,,,,,,,,,,5.5,7.0,4.0,6.0,
2005-06-02,,,,,,,,,,,,,,,,,,,,,,,,,,,,,,,,,,,,,,,,,5.5,7.0,4.0,6.0,
2005-06-03,,,,,,,,,,,,,,,,,,,,,,,,,,,,,,,,,,,,,,,,,5.5,7.0,4.0,6.0,
2005-06-04,,,,,,,,,,,,,,,,,,,,,,,,,,,,,,,,,,,,,,,,,5.5,7.0,4.0,6.0,
2005-06-05,,,,,,,,,,,,,,,,,,,,,,,,,,,,,,,,,,,,,,,,,5.5,7.0,4.0,6.0,
2005-06-06,,,,,,,,,,,,,,,,,,,,,,,,,,,,,,,,,,,,,,,,,5.5,7.0,4.0,6.0,
2005-06-07,,,,,,,,,,,,,,,,,,,,,,,,,,,,,,,,,,,,,,,,,5.5,7.0,4.0,6.0,
2005-06-08,,,,,,,,,,,,,,,,,,,,,,,,,,,,,,,,,,,,,,,,,5.5,7.0,4.0,6.0,
2005-06-09,,,,,,,,,,,,,,,,,,,,,,,,,,,,,,,,,,,,,,,,,5.5,7.0,4.0,6.0,
2005-06-10,,,,,,,,,,,,,,,,,,,,,,,,,,,,,,,,,,,,,,,,,5.5,7.0,4.0,6.0,
2005-06-11,,,,,,,,,,,,,,,,,,,,,,,,,,,,,,,,,,,,,,,,,5.5,7.0,4.0,6.0,
2005-06-12,,,,,,,,,,,,,,,,,,,,,,,,,,,,,,,,,,,,,,,,,5.5,7.0,4.0,6.0,
2005-06-13,,,,,,,,,,,,,,,,,,,,,,,,,,,,,,,,,,,,,,,,,5.5,7.0,4.0,6.0,
2005-06-14,,,,,,,,,,,,,,,,,,,,,,,,,,,,,,,,,,,,,,,,,5.5,7.0,4.0,6.0,
2005-06-15,,,,,,,,,,,,,,,,,,,,,,,,,,,,,,,,,,,,,,,,,5.5,7.0,4.0,6.0,
2005-06-16,,,,,,,,,,,,,,,,,,,,,,,,,,,,,,,,,,,,,,,,,5.5,7.0,4.0,6.0,
2005-06-17,,,,,,,,,,,,,,,,,,,,,,,,,,,,,,,,,,,,,,,,,5.5,7.0,4.0,6.0,
2005-06-18,,,,,,,,,,,,,,,,,,,,,,,,,,,,,,,,,,,,,,,,,5.5,7.0,4.0,6.0,
2005-06-19,,,,,,,,,,,,,,,,,,,,,,,,,,,,,,,,,,,,,,,,,5.5,7.0,4.0,6.0,
2005-06-20,,,,,,,,,,,,,,,,,,,,,,,,,,,,,,,,,,,,,,,,,5.5,7.0,4.0,6.0,
2005-06-21,,,,,,,,,,,,,,,,,,,,,,,,,,,,,,,,,,,,,,,,,5.5,7.0,4.0,6.0,
2005-06-22,,,,,,,,,,,,,,,,,,,,,,,,,,,,,,,,,,,,,,,,,5.5,7.0,4.0,6.0,
2005-06-23,,,,,,,,,,,,,,,,,,,,,,,,,,,,,,,,,,,,,,,,,5.5,7.0,4.0,6.0,
2005-06-24,,,,,,,,,,,,,,,,,,,,,,,,,,,,,,,,,,,,,,,,,5.5,7.0,4.0,6.0,
2005-06-25,,,,,,,,,,,,,,,,,,,,,,,,,,,,,,,,,,,,,,,,,5.5,7.0,4.0,6.0,
2005-06-26,,,,,,,,,,,,,,,,,,,,,,,,,,,,,,,,,,,,,,,,,5.5,7.0,4.0,6.0,
2005-06-27,,,,,,,,,,,,,,,,,,,,,,,,,,,,,,,,,,,,,,,,,5.5,7.0,4.0,6.0,
2005-06-28,,,,,,,,,,,,,,,,,,,,,,,,,,,,,,,,,,,,,,,,,5.5,7.0,4.0,6.0,
2005-06-29,,,,,,,,,,,,,,,,,,,,,,,,,,,,,,,,,,,,,,,,,5.5,7.0,4.0,6.0,
2005-06-30,,,,,,,,,,,,,,,,,,,,,,,,,,,,,,,,,,,,,,,,,5.0,6.5,3.5,5.5,
2005-07-01,,,,,,,,,,,,,,,,,,,,,,,,,,,,,,,,,,,,,,,,,5.0,6.5,3.5,5.5,
2005-07-02,,,,,,,,,,,,,,,,,,,,,,,,,,,,,,,,,,,,,,,,,5.0,6.5,3.5,5.5,
2005-07-03,,,,,,,,,,,,,,,,,,,,,,,,,,,,,,,,,,,,,,,,,5.0,6.5,3.5,5.5,
2005-07-04,,,,,,,,,,,,,,,,,,,,,,,,,,,,,,,,,,,,,,,,,5.0,6.5,3.5,5.5,
2005-07-05,,,,,,,,,,,,,,,,,,,,,,,,,,,,,,,,,,,,,,,,,5.0,6.5,3.5,5.5,
2005-07-06,,,,,,,,,,,,,,,,,,,,,,,,,,,,,,,,,,,,,,,,,5.0,6.5,3.5,5.5,
2005-07-07,,,,,,,,,,,,,,,,,,,,,,,,,,,,,,,,,,,,,,,,,5.0,6.5,3.5,5.5,
2005-07-08,,,,,,,,,,,,,,,,,,,,,,,,,,,,,,,,,,,,,,,,,5.0,6.5,3.5,5.5,
2005-07-09,,,,,,,,,,,,,,,,,,,,,,,,,,,,,,,,,,,,,,,,,5.0,6.5,3.5,5.5,
2005-07-10,,,,,,,,,,,,,,,,,,,,,,,,,,,,,,,,,,,,,,,,,5.0,6.5,3.5,5.5,
2005-07-11,,,,,,,,,,,,,,,,,,,,,,,,,,,,,,,,,,,,,,,,,5.0,6.5,3.5,5.5,
2005-07-12,,,,,,,,,,,,,,,,,,,,,,,,,,,,,,,,,,,,,,,,,5.0,6.5,3.5,5.5,
2005-07-13,,,,,,,,,,,,,,,,,,,,,,,,,,,,,,,,,,,,,,,,,5.0,6.5,3.5,5.5,
2005-07-14,,,,,,,,,,,,,,,,,,,,,,,,,,,,,,,,,,,,,,,,,5.0,6.5,3.5,5.5,
2005-07-15,,,,,,,,,,,,,,,,,,,,,,,,,,,,,,,,,,,,,,,,,5.0,6.5,3.5,5.5,
2005-07-16,,,,,,,,,,,,,,,,,,,,,,,,,,,,,,,,,,,,,,,,,5.0,6.5,3.5,5.5,
2005-07-17,,,,,,,,,,,,,,,,,,,,,,,,,,,,,,,,,,,,,,,,,5.0,6.5,3.5,5.5,
2005-07-18,,,,,,,,,,,,,,,,,,,,,,,,,,,,,,,,,,,,,,,,,5.0,6.5,3.5,5.5,
2005-07-19,,,,,,,,,,,,,,,,,,,,,,,,,,,,,,,,,,,,,,,,,5.0,6.5,3.5,5.5,
2005-07-20,,,,,,,,,,,,,,,,,,,,,,,,,,,,,,,,,,,,,,,,,5.0,6.5,3.5,5.5,
2005-07-21,,,,,,,,,,,,,,,,,,,,,,,,,,,,,,,,,,,,,,,,,5.0,6.5,3.5,5.5,
2005-07-22,,,,,,,,,,,,,,,,,,,,,,,,,,,,,,,,,,,,,,,,,5.0,6.5,3.5,5.5,
2005-07-23,,,,,,,,,,,,,,,,,,,,,,,,,,,,,,,,,,,,,,,,,5.0,6.5,3.5,5.5,
2005-07-24,,,,,,,,,,,,,,,,,,,,,,,,,,,,,,,,,,,,,,,,,5.0,6.5,3.5,5.5,
2005-07-25,,,,,,,,,,,,,,,,,,,,,,,,,,,,,,,,,,,,,,,,,5.0,6.5,3.5,5.5,
2005-07-26,,,,,,,,,,,,,,,,,,,,,,,,,,,,,,,,,,,,,,,,,5.0,6.5,3.5,5.5,
2005-07-27,,,,,,,,,,,,,,,,,,,,,,,,,,,,,,,,,,,,,,,,,5.0,6.5,3.5,5.5,
2005-07-28,,,,,,,,,,,,,,,,,,,,,,,,,,,,,,,,,,,,,,,,,4.75,6.25,3.25,5.25,
2005-07-29,,,,,,,,,,,,,,,,,,,,,,,,,,,,,,,,,,,,,,,,,4.75,6.25,3.25,5.25,
2005-07-30,,,,,,,,,,,,,,,,,,,,,,,,,,,,,,,,,,,,,,,,,4.75,6.25,3.25,5.25,
2005-07-31,,,,,,,,,,,,,,,,,,,,,,,,,,,,,,,,,,,,,,,,,4.75,6.25,3.25,5.25,
2005-08-01,,,,,,,,,,,,,,,,,,,,,,,,,,,,,,,,,,,,,,,,,4.75,6.25,3.25,5.25,
2005-08-02,,,,,,,,,,,,,,,,,,,,,,,,,,,,,,,,,,,,,,,,,4.75,6.25,3.25,5.25,
2005-08-03,,,,,,,,,,,,,,,,,,,,,,,,,,,,,,,,,,,,,,,,,4.75,6.25,3.25,5.25,
2005-08-04,,,,,,,,,,,,,,,,,,,,,,,,,,,,,,,,,,,,,,,,,4.75,6.25,3.25,5.25,
2005-08-05,,,,,,,,,,,,,,,,,,,,,,,,,,,,,,,,,,,,,,,,,4.75,6.25,3.25,5.25,
2005-08-06,,,,,,,,,,,,,,,,,,,,,,,,,,,,,,,,,,,,,,,,,4.75,6.25,3.25,5.25,
2005-08-07,,,,,,,,,,,,,,,,,,,,,,,,,,,,,,,,,,,,,,,,,4.75,6.25,3.25,5.25,
2005-08-08,,,,,,,,,,,,,,,,,,,,,,,,,,,,,,,,,,,,,,,,,4.75,6.25,3.25,5.25,
2005-08-09,,,,,,,,,,,,,,,,,,,,,,,,,,,,,,,,,,,,,,,,,4.75,6.25,3.25,5.25,
2005-08-10,,,,,,,,,,,,,,,,,,,,,,,,,,,,,,,,,,,,,,,,,4.75,6.25,3.25,5.25,
2005-08-11,,,,,,,,,,,,,,,,,,,,,,,,,,,,,,,,,,,,,,,,,4.75,6.25,3.25,5.25,
2005-08-12,,,,,,,,,,,,,,,,,,,,,,,,,,,,,,,,,,,,,,,,,4.75,6.25,3.25,5.25,
2005-08-13,,,,,,,,,,,,,,,,,,,,,,,,,,,,,,,,,,,,,,,,,4.75,6.25,3.25,5.25,
2005-08-14,,,,,,,,,,,,,,,,,,,,,,,,,,,,,,,,,,,,,,,,,4.75,6.25,3.25,5.25,
2005-08-15,,,,,,,,,,,,,,,,,,,,,,,,,,,,,,,,,,,,,,,,,4.75,6.25,3.25,5.25,
2005-08-16,,,,,,,,,,,,,,,,,,,,,,,,,,,,,,,,,,,,,,,,,4.75,6.25,3.25,5.25,
2005-08-17,,,,,,,,,,,,,,,,,,,,,,,,,,,,,,,,,,,,,,,,,4.75,6.25,3.25,5.25,
2005-08-18,,,,,,,,,,,,,,,,,,,,,,,,,,,,,,,,,,,,,,,,,4.75,6.25,3.25,5.25,
2005-08-19,,,,,,,,,,,,,,,,,,,,,,,,,,,,,,,,,,,,,,,,,4.75,6.25,3.25,5.25,
2005-08-20,,,,,,,,,,,,,,,,,,,,,,,,,,,,,,,,,,,,,,,,,4.75,6.25,3.25,5.25,
2005-08-21,,,,,,,,,,,,,,,,,,,,,,,,,,,,,,,,,,,,,,,,,4.75,6.25,3.25,5.25,
2005-08-22,,,,,,,,,,,,,,,,,,,,,,,,,,,,,,,,,,,,,,,,,4.75,6.25,3.25,5.25,
2005-08-23,,,,,,,,,,,,,,,,,,,,,,,,,,,,,,,,,,,,,,,,,4.75,6.25,3.25,5.25,
2005-08-24,,,,,,,,,,,,,,,,,,,,,,,,,,,,,,,,,,,,,,,,,4.75,6.25,3.25,5.25,
2005-08-25,,,,,,,,,,,,,,,,,,,,,,,,,,,,,,,,,,,,,,,,,4.75,6.25,3.25,5.25,
2005-08-26,,,,,,,,,,,,,,,,,,,,,,,,,,,,,,,,,,,,,,,,,4.75,6.25,3.25,5.25,
2005-08-27,,,,,,,,,,,,,,,,,,,,,,,,,,,,,,,,,,,,,,,,,4.75,6.25,3.25,5.25,
2005-08-28,,,,,,,,,,,,,,,,,,,,,,,,,,,,,,,,,,,,,,,,,4.75,6.25,3.25,5.25,
2005-08-29,,,,,,,,,,,,,,,,,,,,,,,,,,,,,,,,,,,,,,,,,4.75,6.25,3.25,5.25,
2005-08-30,,,,,,,,,,,,,,,,,,,,,,,,,,,,,,,,,,,,,,,,,4.75,6.25,3.25,5.25,
2005-08-31,,,,,,,,,,,,,,,,,,,,,,,,,,,,,,,,,,,,,,,,,4.75,6.25,3.25,5.25,
2005-09-01,,,,,,,,,,,,,,,,,,,,,,,,,,,,,,,,,,,,,,,,,4.5,6.0,3.0,4.75,
2005-09-02,,,,,,,,,,,,,,,,,,,,,,,,,,,,,,,,,,,,,,,,,4.5,6.0,3.0,4.75,
2005-09-03,,,,,,,,,,,,,,,,,,,,,,,,,,,,,,,,,,,,,,,,,4.5,6.0,3.0,4.75,
2005-09-04,,,,,,,,,,,,,,,,,,,,,,,,,,,,,,,,,,,,,,,,,4.5,6.0,3.0,4.75,
2005-09-05,,,,,,,,,,,,,,,,,,,,,,,,,,,,,,,,,,,,,,,,,4.5,6.0,3.0,4.75,
2005-09-06,,,,,,,,,,,,,,,,,,,,,,,,,,,,,,,,,,,,,,,,,4.5,6.0,3.0,4.75,
2005-09-07,,,,,,,,,,,,,,,,,,,,,,,,,,,,,,,,,,,,,,,,,4.5,6.0,3.0,4.75,
2005-09-08,,,,,,,,,,,,,,,,,,,,,,,,,,,,,,,,,,,,,,,,,4.5,6.0,3.0,4.75,
2005-09-09,,,,,,,,,,,,,,,,,,,,,,,,,,,,,,,,,,,,,,,,,4.5,6.0,3.0,4.75,
2005-09-10,,,,,,,,,,,,,,,,,,,,,,,,,,,,,,,,,,,,,,,,,4.5,6.0,3.0,4.75,
2005-09-11,,,,,,,,,,,,,,,,,,,,,,,,,,,,,,,,,,,,,,,,,4.5,6.0,3.0,4.75,
2005-09-12,,,,,,,,,,,,,,,,,,,,,,,,,,,,,,,,,,,,,,,,,4.5,6.0,3.0,4.75,
2005-09-13,,,,,,,,,,,,,,,,,,,,,,,,,,,,,,,,,,,,,,,,,4.5,6.0,3.0,4.75,
2005-09-14,,,,,,,,,,,,,,,,,,,,,,,,,,,,,,,,,,,,,,,,,4.5,6.0,3.0,4.75,
2005-09-15,,,,,,,,,,,,,,,,,,,,,,,,,,,,,,,,,,,,,,,,,4.5,6.0,3.0,4.75,
2005-09-16,,,,,,,,,,,,,,,,,,,,,,,,,,,,,,,,,,,,,,,,,4.5,6.0,3.0,4.75,
2005-09-17,,,,,,,,,,,,,,,,,,,,,,,,,,,,,,,,,,,,,,,,,4.5,6.0,3.0,4.75,
2005-09-18,,,,,,,,,,,,,,,,,,,,,,,,,,,,,,,,,,,,,,,,,4.5,6.0,3.0,4.75,
2005-09-19,,,,,,,,,,,,,,,,,,,,,,,,,,,,,,,,,,,,,,,,,4.5,6.0,3.0,4.75,
2005-09-20,,,,,,,,,,,,,,,,,,,,,,,,,,,,,,,,,,,,,,,,,4.5,6.0,3.0,4.75,
2005-09-21,,,,,,,,,,,,,,,,,,,,,,,,,,,,,,,,,,,,,,,,,4.5,6.0,3.0,4.75,
2005-09-22,,,,,,,,,,,,,,,,,,,,,,,,,,,,,,,,,,,,,,,,,4.5,6.0,3.0,4.75,
2005-09-23,,,,,,,,,,,,,,,,,,,,,,,,,,,,,,,,,,,,,,,,,4.5,6.0,3.0,4.75,
2005-09-24,,,,,,,,,,,,,,,,,,,,,,,,,,,,,,,,,,,,,,,,,4.5,6.0,3.0,4.75,
2005-09-25,,,,,,,,,,,,,,,,,,,,,,,,,,,,,,,,,,,,,,,,,4.5,6.0,3.0,4.75,
2005-09-26,,,,,,,,,,,,,,,,,,,,,,,,,,,,,,,,,,,,,,,,,4.5,6.0,3.0,4.75,
2005-09-27,,,,,,,,,,,,,,,,,,,,,,,,,,,,,,,,,,,,,,,,,4.5,6.0,3.0,4.75,
2005-09-28,,,,,,,,,,,,,,,,,,,,,,,,,,,,,,,,,,,,,,,,,4.5,6.0,3.0,4.75,
2005-09-29,,,,,,,,,,,,,,,,,,,,,,,,,,,,,,,,,,,,,,,,,4.5,6.0,3.0,4.75,
2005-09-30,,,,,,,,,,,,,,,,,,,,,,,,,,,,,,,,,,,,,,,,,4.5,6.0,3.0,4.75,
2005-10-01,,,,,,,,,,,,,,,,,,,,,,,,,,,,,,,,,,,,,,,,,4.5,6.0,3.0,4.75,
2005-10-02,,,,,,,,,,,,,,,,,,,,,,,,,,,,,,,,,,,,,,,,,4.5,6.0,3.0,4.75,
2005-10-03,,,,,,,,,,,,,,,,,,,,,,,,,,,,,,,,,,,,,,,,,4.5,6.0,3.0,4.75,
2005-10-04,,,,,,,,,,,,,,,,,,,,,,,,,,,,,,,,,,,,,,,,,4.5,6.0,3.0,4.75,
2005-10-05,,,,,,,,,,,,,,,,,,,,,,,,,,,,,,,,,,,,,,,,,4.5,6.0,3.0,4.75,
2005-10-06,,,,,,,,,,,,,,,,,,,,,,,,,,,,,,,,,,,,,,,,,4.5,6.0,3.0,4.75,
2005-10-07,,,,,,,,,,,,,,,,,,,,,,,,,,,,,,,,,,,,,,,,,4.5,6.0,3.0,4.75,
2005-10-08,,,,,,,,,,,,,,,,,,,,,,,,,,,,,,,,,,,,,,,,,4.5,6.0,3.0,4.75,
2005-10-09,,,,,,,,,,,,,,,,,,,,,,,,,,,,,,,,,,,,,,,,,4.5,6.0,3.0,4.75,
2005-10-10,,,,,,,,,,,,,,,,,,,,,,,,,,,,,,,,,,,,,,,,,4.5,6.0,3.0,4.75,
2005-10-11,,,,,,,,,,,,,,,,,,,,,,,,,,,,,,,,,,,,,,,,,4.5,6.0,3.0,4.75,
2005-10-12,,,,,,,,,,,,,,,,,,,,,,,,,,,,,,,,,,,,,,,,,4.5,6.0,3.0,4.75,
2005-10-13,,,,,,,,,,,,,,,,,,,,,,,,,,,,,,,,,,,,,,,,,4.5,6.0,3.0,4.75,
2005-10-14,,,,,,,,,,,,,,,,,,,,,,,,,,,,,,,,,,,,,,,,,4.5,6.0,3.0,4.75,
2005-10-15,,,,,,,,,,,,,,,,,,,,,,,,,,,,,,,,,,,,,,,,,4.5,6.0,3.0,4.75,
2005-10-16,,,,,,,,,,,,,,,,,,,,,,,,,,,,,,,,,,,,,,,,,4.5,6.0,3.0,4.75,
2005-10-17,,,,,,,,,,,,,,,,,,,,,,,,,,,,,,,,,,,,,,,,,4.5,6.0,3.0,4.75,
2005-10-18,,,,,,,,,,,,,,,,,,,,,,,,,,,,,,,,,,,,,,,,,4.5,6.0,3.0,4.75,
2005-10-19,,,,,,,,,,,,,,,,,,,,,,,,,,,,,,,,,,,,,,,,,4.5,6.0,3.0,4.75,
2005-10-20,,,,,,,,,,,,,,,,,,,,,,,,,,,,,,,,,,,,,,,,,4.5,6.0,3.0,4.75,
2005-10-21,,,,,,,,,,,,,,,,,,,,,,,,,,,,,,,,,,,,,,,,,4.5,6.0,3.0,4.75,
2005-10-22,,,,,,,,,,,,,,,,,,,,,,,,,,,,,,,,,,,,,,,,,4.5,6.0,3.0,4.75,
2005-10-23,,,,,,,,,,,,,,,,,,,,,,,,,,,,,,,,,,,,,,,,,4.5,6.0,3.0,4.75,
2005-10-24,,,,,,,,,,,,,,,,,,,,,,,,,,,,,,,,,,,,,,,,,4.5,6.0,3.0,4.75,
2005-10-25,,,,,,,,,,,,,,,,,,,,,,,,,,,,,,,,,,,,,,,,,4.5,6.0,3.0,4.75,
2005-10-26,,,,,,,,,,,,,,,,,,,,,,,,,,,,,,,,,,,,,,,,,4.5,6.0,3.0,4.75,
2005-10-27,,,,,,,,,,,,,,,,,,,,,,,,,,,,,,,,,,,,,,,,,4.5,6.0,3.0,4.75,
2005-10-28,,,,,,,,,,,,,,,,,,,,,,,,,,,,,,,,,,,,,,,,,4.5,6.0,3.0,4.75,
2005-10-29,,,,,,,,,,,,,,,,,,,,,,,,,,,,,,,,,,,,,,,,,4.5,6.0,3.0,4.75,
2005-10-30,,,,,,,,,,,,,,,,,,,,,,,,,,,,,,,,,,,,,,,,,4.5,6.0,3.0,4.75,
2005-10-31,,,,,,,,,,,,,,,,,,,,,,,,,,,,,,,,,,,,,,,,,4.5,6.0,3.0,4.75,
2005-11-01,,,,,,,,,,,,,,,,,,,,,,,,,,,,,,,,,,,,,,,,,4.5,6.0,3.0,4.75,
2005-11-02,,,,,,,,,,,,,,,,,,,,,,,,,,,,,,,,,,,,,,,,,4.5,6.0,3.0,4.75,
2005-11-03,,,,,,,,,,,,,,,,,,,,,,,,,,,,,,,,,,,,,,,,,4.5,6.0,3.0,4.75,
2005-11-04,,,,,,,,,,,,,,,,,,,,,,,,,,,,,,,,,,,,,,,,,4.5,6.0,3.0,4.75,
2005-11-05,,,,,,,,,,,,,,,,,,,,,,,,,,,,,,,,,,,,,,,,,4.5,6.0,3.0,4.75,
2005-11-06,,,,,,,,,,,,,,,,,,,,,,,,,,,,,,,,,,,,,,,,,4.5,6.0,3.0,4.75,
2005-11-07,,,,,,,,,,,,,,,,,,,,,,,,,,,,,,,,,,,,,,,,,4.5,6.0,3.0,4.75,
2005-11-08,,,,,,,,,,,,,,,,,,,,,,,,,,,,,,,,,,,,,,,,,4.5,6.0,3.0,4.75,
2005-11-09,,,,,,,,,,,,,,,,,,,,,,,,,,,,,,,,,,,,,,,,,4.5,6.0,3.0,4.75,
2005-11-10,,,,,,,,,,,,,,,,,,,,,,,,,,,,,,,,,,,,,,,,,4.5,6.0,3.0,4.75,
2005-11-11,,,,,,,,,,,,,,,,,,,,,,,,,,,,,,,,,,,,,,,,,4.5,6.0,3.0,4.75,
2005-11-12,,,,,,,,,,,,,,,,,,,,,,,,,,,,,,,,,,,,,,,,,4.5,6.0,3.0,4.75,
2005-11-13,,,,,,,,,,,,,,,,,,,,,,,,,,,,,,,,,,,,,,,,,4.5,6.0,3.0,4.75,
2005-11-14,,,,,,,,,,,,,,,,,,,,,,,,,,,,,,,,,,,,,,,,,4.5,6.0,3.0,4.75,
2005-11-15,,,,,,,,,,,,,,,,,,,,,,,,,,,,,,,,,,,,,,,,,4.5,6.0,3.0,4.75,
2005-11-16,,,,,,,,,,,,,,,,,,,,,,,,,,,,,,,,,,,,,,,,,4.5,6.0,3.0,4.75,
2005-11-17,,,,,,,,,,,,,,,,,,,,,,,,,,,,,,,,,,,,,,,,,4.5,6.0,3.0,4.75,
2005-11-18,,,,,,,,,,,,,,,,,,,,,,,,,,,,,,,,,,,,,,,,,4.5,6.0,3.0,4.75,
2005-11-19,,,,,,,,,,,,,,,,,,,,,,,,,,,,,,,,,,,,,,,,,4.5,6.0,3.0,4.75,
2005-11-20,,,,,,,,,,,,,,,,,,,,,,,,,,,,,,,,,,,,,,,,,4.5,6.0,3.0,4.75,
2005-11-21,,,,,,,,,,,,,,,,,,,,,,,,,,,,,,,,,,,,,,,,,4.5,6.0,3.0,4.75,
2005-11-22,,,,,,,,,,,,,,,,,,,,,,,,,,,,,,,,,,,,,,,,,4.5,6.0,3.0,4.75,
2005-11-23,,,,,,,,,,,,,,,,,,,,,,,,,,,,,,,,,,,,,,,,,4.5,6.0,3.0,4.75,
2005-11-24,,,,,,,,,,,,,,,,,,,,,,,,,,,,,,,,,,,,,,,,,4.5,6.0,3.0,4.75,
2005-11-25,,,,,,,,,,,,,,,,,,,,,,,,,,,,,,,,,,,,,,,,,4.5,6.0,3.0,4.75,
2005-11-26,,,,,,,,,,,,,,,,,,,,,,,,,,,,,,,,,,,,,,,,,4.5,6.0,3.0,4.75,
2005-11-27,,,,,,,,,,,,,,,,,,,,,,,,,,,,,,,,,,,,,,,,,4.5,6.0,3.0,4.75,
2005-11-28,,,,,,,,,,,,,,,,,,,,,,,,,,,,,,,,,,,,,,,,,4.5,6.0,3.0,4.75,
2005-11-29,,,,,,,,,,,,,,,,,,,,,,,,,,,,,,,,,,,,,,,,,4.5,6.0,3.0,4.75,
2005-11-30,,,,,,,,,,,,,,,,,,,,,,,,,,,,,,,,,,,,,,,,,4.5,6.0,3.0,4.75,
2005-12-01,,,,,,,,,,,,,,,,,,,,,,,,,,,,,,,,,,,,,,,,,4.5,6.0,3.0,4.75,
2005-12-02,,,,,,,,,,,,,,,,,,,,,,,,,,,,,,,,,,,,,,,,,4.5,6.0,3.0,4.75,
2005-12-03,,,,,,,,,,,,,,,,,,,,,,,,,,,,,,,,,,,,,,,,,4.5,6.0,3.0,4.75,
2005-12-04,,,,,,,,,,,,,,,,,,,,,,,,,,,,,,,,,,,,,,,,,4.5,6.0,3.0,4.75,
2005-12-05,,,,,,,,,,,,,,,,,,,,,,,,,,,,,,,,,,,,,,,,,4.5,6.0,3.0,4.75,
2005-12-06,,,,,,,,,,,,,,,,,,,,,,,,,,,,,,,,,,,,,,,,,4.5,6.0,3.0,4.75,
2005-12-07,,,,,,,,,,,,,,,,,,,,,,,,,,,,,,,,,,,,,,,,,4.5,6.0,3.0,4.75,
2005-12-08,,,,,,,,,,,,,,,,,,,,,,,,,,,,,,,,,,,,,,,,,4.5,6.0,3.0,4.75,
2005-12-09,,,,,,,,,,,,,,,,,,,,,,,,,,,,,,,,,,,,,,,,,4.5,6.0,3.0,4.75,
2005-12-10,,,,,,,,,,,,,,,,,,,,,,,,,,,,,,,,,,,,,,,,,4.5,6.0,3.0,4.75,
2005-12-11,,,,,,,,,,,,,,,,,,,,,,,,,,,,,,,,,,,,,,,,,4.5,6.0,3.0,4.75,
2005-12-12,,,,,,,,,,,,,,,,,,,,,,,,,,,,,,,,,,,,,,,,,4.5,6.0,3.0,4.75,
2005-12-13,,,,,,,,,,,,,,,,,,,,,,,,,,,,,,,,,,,,,,,,,4.5,6.0,3.0,4.75,
2005-12-14,,,,,,,,,,,,,,,,,,,,,,,,,,,,,,,,,,,,,,,,,4.5,6.0,3.0,4.75,
2005-12-15,,,,,,,,,,,,,,,,,,,,,,,,,,,,,,,,,,,,,,,,,4.5,6.0,3.0,4.75,
2005-12-16,,,,,,,,,,,,,,,,,,,,,,,,,,,,,,,,,,,,,,,,,4.5,6.0,3.0,4.75,
2005-12-17,,,,,,,,,,,,,,,,,,,,,,,,,,,,,,,,,,,,,,,,,4.5,6.0,3.0,4.75,
2005-12-18,,,,,,,,,,,,,,,,,,,,,,,,,,,,,,,,,,,,,,,,,4.5,6.0,3.0,4.75,
2005-12-19,,,,,,,,,,,,,,,,,,,,,,,,,,,,,,,,,,,,,,,,,4.5,6.0,3.0,4.75,
2005-12-20,,,,,,,,,,,,,,,,,,,,,,,,,,,,,,,,,,,,,,,,,4.5,6.0,3.0,4.75,
2005-12-21,,,,,,,,,,,,,,,,,,,,,,,,,,,,,,,,,,,,,,,,,4.5,6.0,3.0,4.75,
2005-12-22,,,,,,,,,,,,,,,,,,,,,,,,,,,,,,,,,,,,,,,,,4.5,6.0,3.0,4.75,
2005-12-23,,,,,,,,,,,,,,,,,,,,,,,,,,,,,,,,,,,,,,,,,4.5,6.0,3.0,4.75,
2005-12-24,,,,,,,,,,,,,,,,,,,,,,,,,,,,,,,,,,,,,,,,,4.5,6.0,3.0,4.75,
2005-12-25,,,,,,,,,,,,,,,,,,,,,,,,,,,,,,,,,,,,,,,,,4.5,6.0,3.0,4.75,
2005-12-26,,,,,,,,,,,,,,,,,,,,,,,,,,,,,,,,,,,,,,,,,4.5,6.0,3.0,4.75,
2005-12-27,,,,,,,,,,,,,,,,,,,,,,,,,,,,,,,,,,,,,,,,,4.5,6.0,3.0,4.75,
2005-12-28,,,,,,,,,,,,,,,,,,,,,,,,,,,,,,,,,,,,,,,,,4.5,6.0,3.0,4.75,
2005-12-29,,,,,,,,,,,,,,,,,,,,,,,,,,,,,,,,,,,,,,,,,4.5,6.0,3.0,4.75,
2005-12-30,,,,,,,,,,,,,,,,,,,,,,,,,,,,,,,,,,,,,,,,,4.5,6.0,3.0,4.75,
2005-12-31,,,,,,,,,,,,,,,,,,,,,,,,,,,,,,,,,,,,,,,,,4.5,6.0,3.0,4.75,
2006-01-01,,,,,,,,,,,,,,,,,,,,,,,,,,,,,,,,,,,,,,,,,4.5,6.0,3.0,4.75,
2006-01-02,,,,,,,,,,,,,,,,,,,,,,,,,,,,,,,,,,,,,,,,,4.5,6.0,3.0,4.75,
2006-01-03,,,,,,,,,,,,,,,,,,,,,,,,,,,,,,,,,,,,,,,,,4.5,6.0,3.0,4.75,
2006-01-04,,,,,,,,,,,,,,,,,,,,,,,,,,,,,,,,,,,,,,,,,4.5,6.0,3.0,4.75,
2006-01-05,,,,,,,,,,,,,,,,,,,,,,,,,,,,,,,,,,,,,,,,,4.5,6.0,3.0,4.75,
2006-01-06,,,,,,,,,,,,,,,,,,,,,,,,,,,,,,,,,,,,,,,,,4.5,6.0,3.0,4.75,
2006-01-07,,,,,,,,,,,,,,,,,,,,,,,,,,,,,,,,,,,,,,,,,4.5,6.0,3.0,4.75,
2006-01-08,,,,,,,,,,,,,,,,,,,,,,,,,,,,,,,,,,,,,,,,,4.5,6.0,3.0,4.75,
2006-01-09,,,,,,,,,,,,,,,,,,,,,,,,,,,,,,,,,,,,,,,,,4.5,6.0,3.0,4.75,
2006-01-10,,,,,,,,,,,,,,,,,,,,,,,,,,,,,,,,,,,,,,,,,4.5,6.0,3.0,4.75,
2006-01-11,,,,,,,,,,,,,,,,,,,,,,,,,,,,,,,,,,,,,,,,,4.5,6.0,3.0,4.75,
2006-01-12,,,,,,,,,,,,,,,,,,,,,,,,,,,,,,,,,,,,,,,,,4.5,6.0,3.0,4.75,
2006-01-13,,,,,,,,,,,,,,,,,,,,,,,,,,,,,,,,,,,,,,,,,4.5,6.0,3.0,4.75,
2006-01-14,,,,,,,,,,,,,,,,,,,,,,,,,,,,,,,,,,,,,,,,,4.5,6.0,3.0,4.75,
2006-01-15,,,,,,,,,,,,,,,,,,,,,,,,,,,,,,,,,,,,,,,,,4.5,6.0,3.0,4.75,
2006-01-16,,,,,,,,,,,,,,,,,,,,,,,,,,,,,,,,,,,,,,,,,4.5,6.0,3.0,4.75,
2006-01-17,,,,,,,,,,,,,,,,,,,,,,,,,,,,,,,,,,,,,,,,,4.5,6.0,3.0,4.75,
2006-01-18,,,,,,,,,,,,,,,,,,,,,,,,,,,,,,,,,,,,,,,,,4.5,6.0,3.0,4.75,
2006-01-19,,,,,,,,,,,,,,,,,,,,,,,,,,,,,,,,,,,,,,,,,4.5,6.0,3.0,4.75,
2006-01-20,,,,,,,,,,,,,,,,,,,,,,,,,,,,,,,,,,,,,,,,,4.5,6.0,3.0,4.75,
2006-01-21,,,,,,,,,,,,,,,,,,,,,,,,,,,,,,,,,,,,,,,,,4.5,6.0,3.0,4.75,
2006-01-22,,,,,,,,,,,,,,,,,,,,,,,,,,,,,,,,,,,,,,,,,4.5,6.0,3.0,4.75,
2006-01-23,,,,,,,,,,,,,,,,,,,,,,,,,,,,,,,,,,,,,,,,,4.5,6.0,3.0,4.75,
2006-01-24,,,,,,,,,,,,,,,,,,,,,,,,,,,,,,,,,,,,,,,,,4.5,6.0,3.0,4.75,
2006-01-25,,,,,,,,,,,,,,,,,,,,,,,,,,,,,,,,,,,,,,,,,4.5,6.0,3.0,4.75,
2006-01-26,,,,,,,,,,,,,,,,,,,,,,,,,,,,,,,,,,,,,,,,,4.5,6.0,3.0,4.75,
2006-01-27,,,,,,,,,,,,,,,,,,,,,,,,,,,,,,,,,,,,,,,,,4.5,6.0,3.0,4.75,
2006-01-28,,,,,,,,,,,,,,,,,,,,,,,,,,,,,,,,,,,,,,,,,4.5,6.0,3.0,4.75,
2006-01-29,,,,,,,,,,,,,,,,,,,,,,,,,,,,,,,,,,,,,,,,,4.5,6.0,3.0,4.75,
2006-01-30,,,,,,,,,,,,,,,,,,,,,,,,,,,,,,,,,,,,,,,,,4.5,6.0,3.0,4.75,
2006-01-31,,,,,,,,,,,,,,,,,,,,,,,,,,,,,,,,,,,,,,,,,4.5,6.0,3.0,4.75,
2006-02-01,,,,,,,,,,,,,,,,,,,,,,,,,,,,,,,,,,,,,,,,,4.25,5.75,2.75,4.5,
2006-02-02,,,,,,,,,,,,,,,,,,,,,,,,,,,,,,,,,,,,,,,,,4.25,5.75,2.75,4.5,
2006-02-03,,,,,,,,,,,,,,,,,,,,,,,,,,,,,,,,,,,,,,,,,4.25,5.75,2.75,4.5,
2006-02-04,,,,,,,,,,,,,,,,,,,,,,,,,,,,,,,,,,,,,,,,,4.25,5.75,2.75,4.5,
2006-02-05,,,,,,,,,,,,,,,,,,,,,,,,,,,,,,,,,,,,,,,,,4.25,5.75,2.75,4.5,
2006-02-06,,,,,,,,,,,,,,,,,,,,,,,,,,,,,,,,,,,,,,,,,4.25,5.75,2.75,4.5,
2006-02-07,,,,,,,,,,,,,,,,,,,,,,,,,,,,,,,,,,,,,,,,,4.25,5.75,2.75,4.5,
2006-02-08,,,,,,,,,,,,,,,,,,,,,,,,,,,,,,,,,,,,,,,,,4.25,5.75,2.75,4.5,
2006-02-09,,,,,,,,,,,,,,,,,,,,,,,,,,,,,,,,,,,,,,,,,4.25,5.75,2.75,4.5,
2006-02-10,,,,,,,,,,,,,,,,,,,,,,,,,,,,,,,,,,,,,,,,,4.25,5.75,2.75,4.5,
2006-02-11,,,,,,,,,,,,,,,,,,,,,,,,,,,,,,,,,,,,,,,,,4.25,5.75,2.75,4.5,
2006-02-12,,,,,,,,,,,,,,,,,,,,,,,,,,,,,,,,,,,,,,,,,4.25,5.75,2.75,4.5,
2006-02-13,,,,,,,,,,,,,,,,,,,,,,,,,,,,,,,,,,,,,,,,,4.25,5.75,2.75,4.5,
2006-02-14,,,,,,,,,,,,,,,,,,,,,,,,,,,,,,,,,,,,,,,,,4.25,5.75,2.75,4.5,
2006-02-15,,,,,,,,,,,,,,,,,,,,,,,,,,,,,,,,,,,,,,,,,4.25,5.75,2.75,4.5,
2006-02-16,,,,,,,,,,,,,,,,,,,,,,,,,,,,,,,,,,,,,,,,,4.25,5.75,2.75,4.5,
2006-02-17,,,,,,,,,,,,,,,,,,,,,,,,,,,,,,,,,,,,,,,,,4.25,5.75,2.75,4.5,
2006-02-18,,,,,,,,,,,,,,,,,,,,,,,,,,,,,,,,,,,,,,,,,4.25,5.75,2.75,4.5,
2006-02-19,,,,,,,,,,,,,,,,,,,,,,,,,,,,,,,,,,,,,,,,,4.25,5.75,2.75,4.5,
2006-02-20,,,,,,,,,,,,,,,,,,,,,,,,,,,,,,,,,,,,,,,,,4.25,5.75,2.75,4.5,
2006-02-21,,,,,,,,,,,,,,,,,,,,,,,,,,,,,,,,,,,,,,,,,4.25,5.75,2.75,4.5,
2006-02-22,,,,,,,,,,,,,,,,,,,,,,,,,,,,,,,,,,,,,,,,,4.25,5.75,2.75,4.5,
2006-02-23,,,,,,,,,,,,,,,,,,,,,,,,,,,,,,,,,,,,,,,,,4.25,5.75,2.75,4.5,
2006-02-24,,,,,,,,,,,,,,,,,,,,,,,,,,,,,,,,,,,,,,,,,4.25,5.75,2.75,4.5,
2006-02-25,,,,,,,,,,,,,,,,,,,,,,,,,,,,,,,,,,,,,,,,,4.25,5.75,2.75,4.5,
2006-02-26,,,,,,,,,,,,,,,,,,,,,,,,,,,,,,,,,,,,,,,,,4.25,5.75,2.75,4.5,
2006-02-27,,,,,,,,,,,,,,,,,,,,,,,,,,,,,,,,,,,,,,,,,4.25,5.75,2.75,4.5,
2006-02-28,,,,,,,,,,,,,,,,,,,,,,,,,,,,,,,,,,,,,,,,,4.25,5.75,2.75,4.5,
2006-03-01,,,,,,,,,,,,,,,,,,,,,,,,,,,,,,,,,,,,,,,,,4.0,5.5,2.5,4.25,
2006-03-02,,,,,,,,,,,,,,,,,,,,,,,,,,,,,,,,,,,,,,,,,4.0,5.5,2.5,4.25,
2006-03-03,,,,,,,,,,,,,,,,,,,,,,,,,,,,,,,,,,,,,,,,,4.0,5.5,2.5,4.25,
2006-03-04,,,,,,,,,,,,,,,,,,,,,,,,,,,,,,,,,,,,,,,,,4.0,5.5,2.5,4.25,
2006-03-05,,,,,,,,,,,,,,,,,,,,,,,,,,,,,,,,,,,,,,,,,4.0,5.5,2.5,4.25,
2006-03-06,,,,,,,,,,,,,,,,,,,,,,,,,,,,,,,,,,,,,,,,,4.0,5.5,2.5,4.25,
2006-03-07,,,,,,,,,,,,,,,,,,,,,,,,,,,,,,,,,,,,,,,,,4.0,5.5,2.5,4.25,
2006-03-08,,,,,,,,,,,,,,,,,,,,,,,,,,,,,,,,,,,,,,,,,4.0,5.5,2.5,4.25,
2006-03-09,,,,,,,,,,,,,,,,,,,,,,,,,,,,,,,,,,,,,,,,,4.0,5.5,2.5,4.25,
2006-03-10,,,,,,,,,,,,,,,,,,,,,,,,,,,,,,,,,,,,,,,,,4.0,5.5,2.5,4.25,
2006-03-11,,,,,,,,,,,,,,,,,,,,,,,,,,,,,,,,,,,,,,,,,4.0,5.5,2.5,4.25,
2006-03-12,,,,,,,,,,,,,,,,,,,,,,,,,,,,,,,,,,,,,,,,,4.0,5.5,2.5,4.25,
2006-03-13,,,,,,,,,,,,,,,,,,,,,,,,,,,,,,,,,,,,,,,,,4.0,5.5,2.5,4.25,
2006-03-14,,,,,,,,,,,,,,,,,,,,,,,,,,,,,,,,,,,,,,,,,4.0,5.5,2.5,4.25,
2006-03-15,,,,,,,,,,,,,,,,,,,,,,,,,,,,,,,,,,,,,,,,,4.0,5.5,2.5,4.25,
2006-03-16,,,,,,,,,,,,,,,,,,,,,,,,,,,,,,,,,,,,,,,,,4.0,5.5,2.5,4.25,
2006-03-17,,,,,,,,,,,,,,,,,,,,,,,,,,,,,,,,,,,,,,,,,4.0,5.5,2.5,4.25,
2006-03-18,,,,,,,,,,,,,,,,,,,,,,,,,,,,,,,,,,,,,,,,,4.0,5.5,2.5,4.25,
2006-03-19,,,,,,,,,,,,,,,,,,,,,,,,,,,,,,,,,,,,,,,,,4.0,5.5,2.5,4.25,
2006-03-20,,,,,,,,,,,,,,,,,,,,,,,,,,,,,,,,,,,,,,,,,4.0,5.5,2.5,4.25,
2006-03-21,,,,,,,,,,,,,,,,,,,,,,,,,,,,,,,,,,,,,,,,,4.0,5.5,2.5,4.25,
2006-03-22,,,,,,,,,,,,,,,,,,,,,,,,,,,,,,,,,,,,,,,,,4.0,5.5,2.5,4.25,
2006-03-23,,,,,,,,,,,,,,,,,,,,,,,,,,,,,,,,,,,,,,,,,4.0,5.5,2.5,4.25,
2006-03-24,,,,,,,,,,,,,,,,,,,,,,,,,,,,,,,,,,,,,,,,,4.0,5.5,2.5,4.25,
2006-03-25,,,,,,,,,,,,,,,,,,,,,,,,,,,,,,,,,,,,,,,,,4.0,5.5,2.5,4.25,
2006-03-26,,,,,,,,,,,,,,,,,,,,,,,,,,,,,,,,,,,,,,,,,4.0,5.5,2.5,4.25,
2006-03-27,,,,,,,,,,,,,,,,,,,,,,,,,,,,,,,,,,,,,,,,,4.0,5.5,2.5,4.25,
2006-03-28,,,,,,,,,,,,,,,,,,,,,,,,,,,,,,,,,,,,,,,,,4.0,5.5,2.5,4.25,
2006-03-29,,,,,,,,,,,,,,,,,,,,,,,,,,,,,,,,,,,,,,,,,4.0,5.5,2.5,4.25,
2006-03-30,,,,,,,,,,,,,,,,,,,,,,,,,,,,,,,,,,,,,,,,,4.0,5.5,2.5,4.25,
2006-03-31,,,,,,,,,,,,,,,,,,,,,,,,,,,,,,,,,,,,,,,,,4.0,5.5,2.5,4.25,
2006-04-01,,,,,,,,,,,,,,,,,,,,,,,,,,,,,,,,,,,,,,,,,4.0,5.5,2.5,4.25,
2006-04-02,,,,,,,,,,,,,,,,,,,,,,,,,,,,,,,,,,,,,,,,,4.0,5.5,2.5,4.25,
2006-04-03,,,,,,,,,,,,,,,,,,,,,,,,,,,,,,,,,,,,,,,,,4.0,5.5,2.5,4.25,
2006-04-04,,,,,,,,,,,,,,,,,,,,,,,,,,,,,,,,,,,,,,,,,4.0,5.5,2.5,4.25,
2006-04-05,,,,,,,,,,,,,,,,,,,,,,,,,,,,,,,,,,,,,,,,,4.0,5.5,2.5,4.25,
2006-04-06,,,,,,,,,,,,,,,,,,,,,,,,,,,,,,,,,,,,,,,,,4.0,5.5,2.5,4.25,
2006-04-07,,,,,,,,,,,,,,,,,,,,,,,,,,,,,,,,,,,,,,,,,4.0,5.5,2.5,4.25,
2006-04-08,,,,,,,,,,,,,,,,,,,,,,,,,,,,,,,,,,,,,,,,,4.0,5.5,2.5,4.25,
2006-04-09,,,,,,,,,,,,,,,,,,,,,,,,,,,,,,,,,,,,,,,,,4.0,5.5,2.5,4.25,
2006-04-10,,,,,,,,,,,,,,,,,,,,,,,,,,,,,,,,,,,,,,,,,4.0,5.5,2.5,4.25,
2006-04-11,,,,,,,,,,,,,,,,,,,,,,,,,,,,,,,,,,,,,,,,,4.0,5.5,2.5,4.25,
2006-04-12,,,,,,,,,,,,,,,,,,,,,,,,,,,,,,,,,,,,,,,,,4.0,5.5,2.5,4.25,
2006-04-13,,,,,,,,,,,,,,,,,,,,,,,,,,,,,,,,,,,,,,,,,4.0,5.5,2.5,4.25,
2006-04-14,,,,,,,,,,,,,,,,,,,,,,,,,,,,,,,,,,,,,,,,,4.0,5.5,2.5,4.25,
2006-04-15,,,,,,,,,,,,,,,,,,,,,,,,,,,,,,,,,,,,,,,,,4.0,5.5,2.5,4.25,
2006-04-16,,,,,,,,,,,,,,,,,,,,,,,,,,,,,,,,,,,,,,,,,4.0,5.5,2.5,4.25,
2006-04-17,,,,,,,,,,,,,,,,,,,,,,,,,,,,,,,,,,,,,,,,,4.0,5.5,2.5,4.25,
2006-04-18,,,,,,,,,,,,,,,,,,,,,,,,,,,,,,,,,,,,,,,,,4.0,5.5,2.5,4.25,
2006-04-19,,,,,,,,,,,,,,,,,,,,,,,,,,,,,,,,,,,,,,,,,4.0,5.5,2.5,4.25,
2006-04-20,,,,,,,,,,,,,,,,,,,,,,,,,,,,,,,,,,,,,,,,,4.0,5.5,2.5,4.25,
2006-04-21,,,,,,,,,,,,,,,,,,,,,,,,,,,,,,,,,,,,,,,,,4.0,5.5,2.5,4.25,
2006-04-22,,,,,,,,,,,,,,,,,,,,,,,,,,,,,,,,,,,,,,,,,4.0,5.5,2.5,4.25,
2006-04-23,,,,,,,,,,,,,,,,,,,,,,,,,,,,,,,,,,,,,,,,,4.0,5.5,2.5,4.25,
2006-04-24,,,,,,,,,,,,,,,,,,,,,,,,,,,,,,,,,,,,,,,,,4.0,5.5,2.5,4.25,
2006-04-25,,,,,,,,,,,,,,,,,,,,,,,,,,,,,,,,,,,,,,,,,4.0,5.5,2.5,4.25,
2006-04-26,,,,,,,,,,,,,,,,,,,,,,,,,,,,,,,,,,,,,,,,,4.0,5.5,2.5,4.25,
2006-04-27,,,,,,,,,,,,,,,,,,,,,,,,,,,,,,,,,,,,,,,,,4.0,5.5,2.5,4.25,
2006-04-28,,,,,,,,,,,,,,,,,,,,,,,,,,,,,,,,,,,,,,,,,4.0,5.5,2.5,4.25,
2006-04-29,,,,,,,,,,,,,,,,,,,,,,,,,,,,,,,,,,,,,,,,,4.0,5.5,2.5,4.25,
2006-04-30,,,,,,,,,,,,,,,,,,,,,,,,,,,,,,,,,,,,,,,,,4.0,5.5,2.5,4.25,
2006-05-01,,,,,,,,,,,,,,,,,,,,,,,,,,,,,,,,,,,,,,,,,4.0,5.5,2.5,4.25,
2006-05-02,,,,,,,,,,,,,,,,,,,,,,,,,,,,,,,,,,,,,,,,,4.0,5.5,2.5,4.25,
2006-05-03,,,,,,,,,,,,,,,,,,,,,,,,,,,,,,,,,,,,,,,,,4.0,5.5,2.5,4.25,
2006-05-04,,,,,,,,,,,,,,,,,,,,,,,,,,,,,,,,,,,,,,,,,4.0,5.5,2.5,4.25,
2006-05-05,,,,,,,,,,,,,,,,,,,,,,,,,,,,,,,,,,,,,,,,,4.0,5.5,2.5,4.25,
2006-05-06,,,,,,,,,,,,,,,,,,,,,,,,,,,,,,,,,,,,,,,,,4.0,5.5,2.5,4.25,
2006-05-07,,,,,,,,,,,,,,,,,,,,,,,,,,,,,,,,,,,,,,,,,4.0,5.5,2.5,4.25,
2006-05-08,,,,,,,,,,,,,,,,,,,,,,,,,,,,,,,,,,,,,,,,,4.0,5.5,2.5,4.25,
2006-05-09,,,,,,,,,,,,,,,,,,,,,,,,,,,,,,,,,,,,,,,,,4.0,5.5,2.5,4.25,
2006-05-10,,,,,,,,,,,,,,,,,,,,,,,,,,,,,,,,,,,,,,,,,4.0,5.5,2.5,4.25,
2006-05-11,,,,,,,,,,,,,,,,,,,,,,,,,,,,,,,,,,,,,,,,,4.0,5.5,2.5,4.25,
2006-05-12,,,,,,,,,,,,,,,,,,,,,,,,,,,,,,,,,,,,,,,,,4.0,5.5,2.5,4.25,
2006-05-13,,,,,,,,,,,,,,,,,,,,,,,,,,,,,,,,,,,,,,,,,4.0,5.5,2.5,4.25,
2006-05-14,,,,,,,,,,,,,,,,,,,,,,,,,,,,,,,,,,,,,,,,,4.0,5.5,2.5,4.25,
2006-05-15,,,,,,,,,,,,,,,,,,,,,,,,,,,,,,,,,,,,,,,,,4.0,5.5,2.5,4.25,
2006-05-16,,,,,,,,,,,,,,,,,,,,,,,,,,,,,,,,,,,,,,,,,4.0,5.5,2.5,4.25,
2006-05-17,,,,,,,,,,,,,,,,,,,,,,,,,,,,,,,,,,,,,,,,,4.0,5.5,2.5,4.25,
2006-05-18,,,,,,,,,,,,,,,,,,,,,,,,,,,,,,,,,,,,,,,,,4.0,5.5,2.5,4.25,
2006-05-19,,,,,,,,,,,,,,,,,,,,,,,,,,,,,,,,,,,,,,,,,4.0,5.5,2.5,4.25,
2006-05-20,,,,,,,,,,,,,,,,,,,,,,,,,,,,,,,,,,,,,,,,,4.0,5.5,2.5,4.25,
2006-05-21,,,,,,,,,,,,,,,,,,,,,,,,,,,,,,,,,,,,,,,,,4.0,5.5,2.5,4.25,
2006-05-22,,,,,,,,,,,,,,,,,,,,,,,,,,,,,,,,,,,,,,,,,4.0,5.5,2.5,4.25,
2006-05-23,,,,,,,,,,,,,,,,,,,,,,,,,,,,,,,,,,,,,,,,,4.0,5.5,2.5,4.25,
2006-05-24,,,,,,,,,,,,,,,,,,,,,,,,,,,,,,,,,,,,,,,,,4.0,5.5,2.5,4.25,
2006-05-25,,,,,,,,,,,,,,,,,,,,,,,,,,,,,,,,,,,,,,,,,4.0,5.5,2.5,4.25,
2006-05-26,,,,,,,,,,,,,,,,,,,,,,,,,,,,,,,,,,,,,,,,,4.0,5.5,2.5,4.25,
2006-05-27,,,,,,,,,,,,,,,,,,,,,,,,,,,,,,,,,,,,,,,,,4.0,5.5,2.5,4.25,
2006-05-28,,,,,,,,,,,,,,,,,,,,,,,,,,,,,,,,,,,,,,,,,4.0,5.5,2.5,4.25,
2006-05-29,,,,,,,,,,,,,,,,,,,,,,,,,,,,,,,,,,,,,,,,,4.0,5.5,2.5,4.25,
2006-05-30,,,,,,,,,,,,,,,,,,,,,,,,,,,,,,,,,,,,,,,,,4.0,5.5,2.5,4.25,
2006-05-31,,,,,,,,,,,,,,,,,,,,,,,,,,,,,,,,,,,,,,,,,4.0,5.5,2.5,4.25,
2006-06-01,,,,,,,,,,,,,,,,,,,,,,,,,,,,,,,,,,,,,,,,,4.0,5.5,2.5,4.25,
2006-06-02,,,,,,,,,,,,,,,,,,,,,,,,,,,,,,,,,,,,,,,,,4.0,5.5,2.5,4.25,
2006-06-03,,,,,,,,,,,,,,,,,,,,,,,,,,,,,,,,,,,,,,,,,4.0,5.5,2.5,4.25,
2006-06-04,,,,,,,,,,,,,,,,,,,,,,,,,,,,,,,,,,,,,,,,,4.0,5.5,2.5,4.25,
2006-06-05,,,,,,,,,,,,,,,,,,,,,,,,,,,,,,,,,,,,,,,,,4.0,5.5,2.5,4.25,
2006-06-06,,,,,,,,,,,,,,,,,,,,,,,,,,,,,,,,,,,,,,,,,4.0,5.5,2.5,4.25,
2006-06-07,,,,,,,,,,,,,,,,,,,,,,,,,,,,,,,,,,,,,,,,,4.0,5.5,2.5,4.25,
2006-06-08,,,,,,,,,,,,,,,,,,,,,,,,,,,,,,,,,,,,,,,,,4.0,5.5,2.5,4.25,
2006-06-09,,,,,,,,,,,,,,,,,,,,,,,,,,,,,,,,,,,,,,,,,4.0,5.5,2.5,4.25,
2006-06-10,,,,,,,,,,,,,,,,,,,,,,,,,,,,,,,,,,,,,,,,,4.0,5.5,2.5,4.25,
2006-06-11,,,,,,,,,,,,,,,,,,,,,,,,,,,,,,,,,,,,,,,,,4.0,5.5,2.5,4.25,
2006-06-12,,,,,,,,,,,,,,,,,,,,,,,,,,,,,,,,,,,,,,,,,4.0,5.5,2.5,4.25,
2006-06-13,,,,,,,,,,,,,,,,,,,,,,,,,,,,,,,,,,,,,,,,,4.0,5.5,2.5,4.25,
2006-06-14,,,,,,,,,,,,,,,,,,,,,,,,,,,,,,,,,,,,,,,,,4.0,5.5,2.5,4.25,
2006-06-15,,,,,,,,,,,,,,,,,,,,,,,,,,,,,,,,,,,,,,,,,4.0,5.5,2.5,4.25,
2006-06-16,,,,,,,,,,,,,,,,,,,,,,,,,,,,,,,,,,,,,,,,,4.0,5.5,2.5,4.25,
2006-06-17,,,,,,,,,,,,,,,,,,,,,,,,,,,,,,,,,,,,,,,,,4.0,5.5,2.5,4.25,
2006-06-18,,,,,,,,,,,,,,,,,,,,,,,,,,,,,,,,,,,,,,,,,4.0,5.5,2.5,4.25,
2006-06-19,,,,,,,,,,,,,,,,,,,,,,,,,,,,,,,,,,,,,,,,,4.0,5.5,2.5,4.25,
2006-06-20,,,,,,,,,,,,,,,,,,,,,,,,,,,,,,,,,,,,,,,,,4.0,5.5,2.5,4.25,
2006-06-21,,,,,,,,,,,,,,,,,,,,,,,,,,,,,,,,,,,,,,,,,4.0,5.5,2.5,4.25,
2006-06-22,,,,,,,,,,,,,,,,,,,,,,,,,,,,,,,,,,,,,,,,,4.0,5.5,2.5,4.25,
2006-06-23,,,,,,,,,,,,,,,,,,,,,,,,,,,,,,,,,,,,,,,,,4.0,5.5,2.5,4.25,
2006-06-24,,,,,,,,,,,,,,,,,,,,,,,,,,,,,,,,,,,,,,,,,4.0,5.5,2.5,4.25,
2006-06-25,,,,,,,,,,,,,,,,,,,,,,,,,,,,,,,,,,,,,,,,,4.0,5.5,2.5,4.25,
2006-06-26,,,,,,,,,,,,,,,,,,,,,,,,,,,,,,,,,,,,,,,,,4.0,5.5,2.5,4.25,
2006-06-27,,,,,,,,,,,,,,,,,,,,,,,,,,,,,,,,,,,,,,,,,4.0,5.5,2.5,4.25,
2006-06-28,,,,,,,,,,,,,,,,,,,,,,,,,,,,,,,,,,,,,,,,,4.0,5.5,2.5,4.25,
2006-06-29,,,,,,,,,,,,,,,,,,,,,,,,,,,,,,,,,,,,,,,,,4.0,5.5,2.5,4.25,
2006-06-30,,,,,,,,,,,,,,,,,,,,,,,,,,,,,,,,,,,,,,,,,4.0,5.5,2.5,4.25,
2006-07-01,,,,,,,,,,,,,,,,,,,,,,,,,,,,,,,,,,,,,,,,,4.0,5.5,2.5,4.25,
2006-07-02,,,,,,,,,,,,,,,,,,,,,,,,,,,,,,,,,,,,,,,,,4.0,5.5,2.5,4.25,
2006-07-03,,,,,,,,,,,,,,,,,,,,,,,,,,,,,,,,,,,,,,,,,4.0,5.5,2.5,4.25,
2006-07-04,,,,,,,,,,,,,,,,,,,,,,,,,,,,,,,,,,,,,,,,,4.0,5.5,2.5,4.25,
2006-07-05,,,,,,,,,,,,,,,,,,,,,,,,,,,,,,,,,,,,,,,,,4.0,5.5,2.5,4.25,
2006-07-06,,,,,,,,,,,,,,,,,,,,,,,,,,,,,,,,,,,,,,,,,4.0,5.5,2.5,4.25,
2006-07-07,,,,,,,,,,,,,,,,,,,,,,,,,,,,,,,,,,,,,,,,,4.0,5.5,2.5,4.25,
2006-07-08,,,,,,,,,,,,,,,,,,,,,,,,,,,,,,,,,,,,,,,,,4.0,5.5,2.5,4.25,
2006-07-09,,,,,,,,,,,,,,,,,,,,,,,,,,,,,,,,,,,,,,,,,4.0,5.5,2.5,4.25,
2006-07-10,,,,,,,,,,,,,,,,,,,,,,,,,,,,,,,,,,,,,,,,,4.0,5.5,2.5,4.25,
2006-07-11,,,,,,,,,,,,,,,,,,,,,,,,,,,,,,,,,,,,,,,,,4.0,5.5,2.5,4.25,
2006-07-12,,,,,,,,,,,,,,,,,,,,,,,,,,,,,,,,,,,,,,,,,4.0,5.5,2.5,4.25,
2006-07-13,,,,,,,,,,,,,,,,,,,,,,,,,,,,,,,,,,,,,,,,,4.0,5.5,2.5,4.25,
2006-07-14,,,,,,,,,,,,,,,,,,,,,,,,,,,,,,,,,,,,,,,,,4.0,5.5,2.5,4.25,
2006-07-15,,,,,,,,,,,,,,,,,,,,,,,,,,,,,,,,,,,,,,,,,4.0,5.5,2.5,4.25,
2006-07-16,,,,,,,,,,,,,,,,,,,,,,,,,,,,,,,,,,,,,,,,,4.0,5.5,2.5,4.25,
2006-07-17,,,,,,,,,,,,,,,,,,,,,,,,,,,,,,,,,,,,,,,,,4.0,5.5,2.5,4.25,
2006-07-18,,,,,,,,,,,,,,,,,,,,,,,,,,,,,,,,,,,,,,,,,4.0,5.5,2.5,4.25,
2006-07-19,,,,,,,,,,,,,,,,,,,,,,,,,,,,,,,,,,,,,,,,,4.0,5.5,2.5,4.25,
2006-07-20,,,,,,,,,,,,,,,,,,,,,,,,,,,,,,,,,,,,,,,,,4.0,5.5,2.5,4.25,
2006-07-21,,,,,,,,,,,,,,,,,,,,,,,,,,,,,,,,,,,,,,,,,4.0,5.5,2.5,4.25,
2006-07-22,,,,,,,,,,,,,,,,,,,,,,,,,,,,,,,,,,,,,,,,,4.0,5.5,2.5,4.25,
2006-07-23,,,,,,,,,,,,,,,,,,,,,,,,,,,,,,,,,,,,,,,,,4.0,5.5,2.5,4.25,
2006-07-24,,,,,,,,,,,,,,,,,,,,,,,,,,,,,,,,,,,,,,,,,4.0,5.5,2.5,4.25,
2006-07-25,,,,,,,,,,,,,,,,,,,,,,,,,,,,,,,,,,,,,,,,,4.0,5.5,2.5,4.25,
2006-07-26,,,,,,,,,,,,,,,,,,,,,,,,,,,,,,,,,,,,,,,,,4.0,5.5,2.5,4.25,
2006-07-27,,,,,,,,,,,,,,,,,,,,,,,,,,,,,,,,,,,,,,,,,4.0,5.5,2.5,4.25,
2006-07-28,,,,,,,,,,,,,,,,,,,,,,,,,,,,,,,,,,,,,,,,,4.0,5.5,2.5,4.25,
2006-07-29,,,,,,,,,,,,,,,,,,,,,,,,,,,,,,,,,,,,,,,,,4.0,5.5,2.5,4.25,
2006-07-30,,,,,,,,,,,,,,,,,,,,,,,,,,,,,,,,,,,,,,,,,4.0,5.5,2.5,4.25,
2006-07-31,,,,,,,,,,,,,,,,,,,,,,,,,,,,,,,,,,,,,,,,,4.0,5.5,2.5,4.25,
2006-08-01,,,,,,,,,,,,,,,,,,,,,,,,,,,,,,,,,,,,,,,,,4.0,5.5,2.5,4.25,
2006-08-02,,,,,,,,,,,,,,,,,,,,,,,,,,,,,,,,,,,,,,,,,4.0,5.5,2.5,4.25,
2006-08-03,,,,,,,,,,,,,,,,,,,,,,,,,,,,,,,,,,,,,,,,,4.0,5.5,2.5,4.25,
2006-08-04,,,,,,,,,,,,,,,,,,,,,,,,,,,,,,,,,,,,,,,,,4.0,5.5,2.5,4.25,
2006-08-05,,,,,,,,,,,,,,,,,,,,,,,,,,,,,,,,,,,,,,,,,4.0,5.5,2.5,4.25,
2006-08-06,,,,,,,,,,,,,,,,,,,,,,,,,,,,,,,,,,,,,,,,,4.0,5.5,2.5,4.25,
2006-08-07,,,,,,,,,,,,,,,,,,,,,,,,,,,,,,,,,,,,,,,,,4.0,5.5,2.5,4.25,
2006-08-08,,,,,,,,,,,,,,,,,,,,,,,,,,,,,,,,,,,,,,,,,4.0,5.5,2.5,4.25,
2006-08-09,,,,,,,,,,,,,,,,,,,,,,,,,,,,,,,,,,,,,,,,,4.0,5.5,2.5,4.25,
2006-08-10,,,,,,,,,,,,,,,,,,,,,,,,,,,,,,,,,,,,,,,,,4.0,5.5,2.5,4.25,
2006-08-11,,,,,,,,,,,,,,,,,,,,,,,,,,,,,,,,,,,,,,,,,4.0,5.5,2.5,4.25,
2006-08-12,,,,,,,,,,,,,,,,,,,,,,,,,,,,,,,,,,,,,,,,,4.0,5.5,2.5,4.25,
2006-08-13,,,,,,,,,,,,,,,,,,,,,,,,,,,,,,,,,,,,,,,,,4.0,5.5,2.5,4.25,
2006-08-14,,,,,,,,,,,,,,,,,,,,,,,,,,,,,,,,,,,,,,,,,4.0,5.5,2.5,4.25,
2006-08-15,,,,,,,,,,,,,,,,,,,,,,,,,,,,,,,,,,,,,,,,,4.0,5.5,2.5,4.25,
2006-08-16,,,,,,,,,,,,,,,,,,,,,,,,,,,,,,,,,,,,,,,,,4.0,5.5,2.5,4.25,
2006-08-17,,,,,,,,,,,,,,,,,,,,,,,,,,,,,,,,,,,,,,,,,4.0,5.5,2.5,4.25,
2006-08-18,,,,,,,,,,,,,,,,,,,,,,,,,,,,,,,,,,,,,,,,,4.0,5.5,2.5,4.25,
2006-08-19,,,,,,,,,,,,,,,,,,,,,,,,,,,,,,,,,,,,,,,,,4.0,5.5,2.5,4.25,
2006-08-20,,,,,,,,,,,,,,,,,,,,,,,,,,,,,,,,,,,,,,,,,4.0,5.5,2.5,4.25,
2006-08-21,,,,,,,,,,,,,,,,,,,,,,,,,,,,,,,,,,,,,,,,,4.0,5.5,2.5,4.25,
2006-08-22,,,,,,,,,,,,,,,,,,,,,,,,,,,,,,,,,,,,,,,,,4.0,5.5,2.5,4.25,
2006-08-23,,,,,,,,,,,,,,,,,,,,,,,,,,,,,,,,,,,,,,,,,4.0,5.5,2.5,4.25,
2006-08-24,,,,,,,,,,,,,,,,,,,,,,,,,,,,,,,,,,,,,,,,,4.0,5.5,2.5,4.25,
2006-08-25,,,,,,,,,,,,,,,,,,,,,,,,,,,,,,,,,,,,,,,,,4.0,5.5,2.5,4.25,
2006-08-26,,,,,,,,,,,,,,,,,,,,,,,,,,,,,,,,,,,,,,,,,4.0,5.5,2.5,4.25,
2006-08-27,,,,,,,,,,,,,,,,,,,,,,,,,,,,,,,,,,,,,,,,,4.0,5.5,2.5,4.25,
2006-08-28,,,,,,,,,,,,,,,,,,,,,,,,,,,,,,,,,,,,,,,,,4.0,5.5,2.5,4.25,
2006-08-29,,,,,,,,,,,,,,,,,,,,,,,,,,,,,,,,,,,,,,,,,4.0,5.5,2.5,4.25,
2006-08-30,,,,,,,,,,,,,,,,,,,,,,,,,,,,,,,,,,,,,,,,,4.0,5.5,2.5,4.25,
2006-08-31,,,,,,,,,,,,,,,,,,,,,,,,,,,,,,,,,,,,,,,,,4.0,5.5,2.5,4.25,
2006-09-01,,,,,,,,,,,,,,,,,,,,,,,,,,,,,,,,,,,,,,,,,4.0,5.5,2.5,4.25,
2006-09-02,,,,,,,,,,,,,,,,,,,,,,,,,,,,,,,,,,,,,,,,,4.0,5.5,2.5,4.25,
2006-09-03,,,,,,,,,,,,,,,,,,,,,,,,,,,,,,,,,,,,,,,,,4.0,5.5,2.5,4.25,
2006-09-04,,,,,,,,,,,,,,,,,,,,,,,,,,,,,,,,,,,,,,,,,4.0,5.5,2.5,4.25,
2006-09-05,,,,,,,,,,,,,,,,,,,,,,,,,,,,,,,,,,,,,,,,,4.0,5.5,2.5,4.25,
2006-09-06,,,,,,,,,,,,,,,,,,,,,,,,,,,,,,,,,,,,,,,,,4.0,5.5,2.5,4.25,
2006-09-07,,,,,,,,,,,,,,,,,,,,,,,,,,,,,,,,,,,,,,,,,4.0,5.5,2.5,4.25,
2006-09-08,,,,,,,,,,,,,,,,,,,,,,,,,,,,,,,,,,,,,,,,,4.0,5.5,2.5,4.25,
2006-09-09,,,,,,,,,,,,,,,,,,,,,,,,,,,,,,,,,,,,,,,,,4.0,5.5,2.5,4.25,
2006-09-10,,,,,,,,,,,,,,,,,,,,,,,,,,,,,,,,,,,,,,,,,4.0,5.5,2.5,4.25,
2006-09-11,,,,,,,,,,,,,,,,,,,,,,,,,,,,,,,,,,,,,,,,,4.0,5.5,2.5,4.25,
2006-09-12,,,,,,,,,,,,,,,,,,,,,,,,,,,,,,,,,,,,,,,,,4.0,5.5,2.5,4.25,
2006-09-13,,,,,,,,,,,,,,,,,,,,,,,,,,,,,,,,,,,,,,,,,4.0,5.5,2.5,4.25,
2006-09-14,,,,,,,,,,,,,,,,,,,,,,,,,,,,,,,,,,,,,,,,,4.0,5.5,2.5,4.25,
2006-09-15,,,,,,,,,,,,,,,,,,,,,,,,,,,,,,,,,,,,,,,,,4.0,5.5,2.5,4.25,
2006-09-16,,,,,,,,,,,,,,,,,,,,,,,,,,,,,,,,,,,,,,,,,4.0,5.5,2.5,4.25,
2006-09-17,,,,,,,,,,,,,,,,,,,,,,,,,,,,,,,,,,,,,,,,,4.0,5.5,2.5,4.25,
2006-09-18,,,,,,,,,,,,,,,,,,,,,,,,,,,,,,,,,,,,,,,,,4.0,5.5,2.5,4.25,
2006-09-19,,,,,,,,,,,,,,,,,,,,,,,,,,,,,,,,,,,,,,,,,4.0,5.5,2.5,4.25,
2006-09-20,,,,,,,,,,,,,,,,,,,,,,,,,,,,,,,,,,,,,,,,,4.0,5.5,2.5,4.25,
2006-09-21,,,,,,,,,,,,,,,,,,,,,,,,,,,,,,,,,,,,,,,,,4.0,5.5,2.5,4.25,
2006-09-22,,,,,,,,,,,,,,,,,,,,,,,,,,,,,,,,,,,,,,,,,4.0,5.5,2.5,4.25,
2006-09-23,,,,,,,,,,,,,,,,,,,,,,,,,,,,,,,,,,,,,,,,,4.0,5.5,2.5,4.25,
2006-09-24,,,,,,,,,,,,,,,,,,,,,,,,,,,,,,,,,,,,,,,,,4.0,5.5,2.5,4.25,
2006-09-25,,,,,,,,,,,,,,,,,,,,,,,,,,,,,,,,,,,,,,,,,4.0,5.5,2.5,4.25,
2006-09-26,,,,,,,,,,,,,,,,,,,,,,,,,,,,,,,,,,,,,,,,,4.0,5.5,2.5,4.25,
2006-09-27,,,,,,,,,,,,,,,,,,,,,,,,,,,,,,,,,,,,,,,,,4.0,5.5,2.5,4.25,
2006-09-28,,,,,,,,,,,,,,,,,,,,,,,,,,,,,,,,,,,,,,,,,4.0,5.5,2.5,4.25,
2006-09-29,,,,,,,,,,,,,,,,,,,,,,,,,,,,,,,,,,,,,,,,,4.0,5.5,2.5,4.25,
2006-09-30,,,,,,,,,,,,,,,,,,,,,,,,,,,,,,,,,,,,,,,,,4.0,5.5,2.5,4.25,
2006-10-01,,,,,,,,,,,,,,,,,,,,,,,,,,,,,,,,,,,,,,,,,4.0,5.5,2.5,4.25,
2006-10-02,,,,,,,,,,,,,,,,,,,,,,,,,,,,,,,,,,,,,,,,,4.0,5.5,2.5,4.25,
2006-10-03,,,,,,,,,,,,,,,,,,,,,,,,,,,,,,,,,,,,,,,,,4.0,5.5,2.5,4.25,
2006-10-04,,,,,,,,,,,,,,,,,,,,,,,,,,,,,,,,,,,,,,,,,4.0,5.5,2.5,4.25,
2006-10-05,,,,,,,,,,,,,,,,,,,,,,,,,,,,,,,,,,,,,,,,,4.0,5.5,2.5,4.25,
2006-10-06,,,,,,,,,,,,,,,,,,,,,,,,,,,,,,,,,,,,,,,,,4.0,5.5,2.5,4.25,
2006-10-07,,,,,,,,,,,,,,,,,,,,,,,,,,,,,,,,,,,,,,,,,4.0,5.5,2.5,4.25,
2006-10-08,,,,,,,,,,,,,,,,,,,,,,,,,,,,,,,,,,,,,,,,,4.0,5.5,2.5,4.25,
2006-10-09,,,,,,,,,,,,,,,,,,,,,,,,,,,,,,,,,,,,,,,,,4.0,5.5,2.5,4.25,
2006-10-10,,,,,,,,,,,,,,,,,,,,,,,,,,,,,,,,,,,,,,,,,4.0,5.5,2.5,4.25,
2006-10-11,,,,,,,,,,,,,,,,,,,,,,,,,,,,,,,,,,,,,,,,,4.0,5.5,2.5,4.25,
2006-10-12,,,,,,,,,,,,,,,,,,,,,,,,,,,,,,,,,,,,,,,,,4.0,5.5,2.5,4.25,
2006-10-13,,,,,,,,,,,,,,,,,,,,,,,,,,,,,,,,,,,,,,,,,4.0,5.5,2.5,4.25,
2006-10-14,,,,,,,,,,,,,,,,,,,,,,,,,,,,,,,,,,,,,,,,,4.0,5.5,2.5,4.25,
2006-10-15,,,,,,,,,,,,,,,,,,,,,,,,,,,,,,,,,,,,,,,,,4.0,5.5,2.5,4.25,
2006-10-16,,,,,,,,,,,,,,,,,,,,,,,,,,,,,,,,,,,,,,,,,4.0,5.5,2.5,4.25,
2006-10-17,,,,,,,,,,,,,,,,,,,,,,,,,,,,,,,,,,,,,,,,,4.0,5.5,2.5,4.25,
2006-10-18,,,,,,,,,,,,,,,,,,,,,,,,,,,,,,,,,,,,,,,,,4.0,5.5,2.5,4.25,
2006-10-19,,,,,,,,,,,,,,,,,,,,,,,,,,,,,,,,,,,,,,,,,4.0,5.5,2.5,4.25,
2006-10-20,,,,,,,,,,,,,,,,,,,,,,,,,,,,,,,,,,,,,,,,,4.0,5.5,2.5,4.25,
2006-10-21,,,,,,,,,,,,,,,,,,,,,,,,,,,,,,,,,,,,,,,,,4.0,5.5,2.5,4.25,
2006-10-22,,,,,,,,,,,,,,,,,,,,,,,,,,,,,,,,,,,,,,,,,4.0,5.5,2.5,4.25,
2006-10-23,,,,,,,,,,,,,,,,,,,,,,,,,,,,,,,,,,,,,,,,,4.0,5.5,2.5,4.25,
2006-10-24,,,,,,,,,,,,,,,,,,,,,,,,,,,,,,,,,,,,,,,,,4.0,5.5,2.5,4.25,
2006-10-25,,,,,,,,,,,,,,,,,,,,,,,,,,,,,,,,,,,,,,,,,4.0,5.5,2.5,4.25,
2006-10-26,,,,,,,,,,,,,,,,,,,,,,,,,,,,,,,,,,,,,,,,,4.0,5.5,2.5,4.25,
2006-10-27,,,,,,,,,,,,,,,,,,,,,,,,,,,,,,,,,,,,,,,,,4.0,5.5,2.5,4.25,
2006-10-28,,,,,,,,,,,,,,,,,,,,,,,,,,,,,,,,,,,,,,,,,4.0,5.5,2.5,4.25,
2006-10-29,,,,,,,,,,,,,,,,,,,,,,,,,,,,,,,,,,,,,,,,,4.0,5.5,2.5,4.25,
2006-10-30,,,,,,,,,,,,,,,,,,,,,,,,,,,,,,,,,,,,,,,,,4.0,5.5,2.5,4.25,
2006-10-31,,,,,,,,,,,,,,,,,,,,,,,,,,,,,,,,,,,,,,,,,4.0,5.5,2.5,4.25,
2006-11-01,,,,,,,,,,,,,,,,,,,,,,,,,,,,,,,,,,,,,,,,,4.0,5.5,2.5,4.25,
2006-11-02,,,,,,,,,,,,,,,,,,,,,,,,,,,,,,,,,,,,,,,,,4.0,5.5,2.5,4.25,
2006-11-03,,,,,,,,,,,,,,,,,,,,,,,,,,,,,,,,,,,,,,,,,4.0,5.5,2.5,4.25,
2006-11-04,,,,,,,,,,,,,,,,,,,,,,,,,,,,,,,,,,,,,,,,,4.0,5.5,2.5,4.25,
2006-11-05,,,,,,,,,,,,,,,,,,,,,,,,,,,,,,,,,,,,,,,,,4.0,5.5,2.5,4.25,
2006-11-06,,,,,,,,,,,,,,,,,,,,,,,,,,,,,,,,,,,,,,,,,4.0,5.5,2.5,4.25,
2006-11-07,,,,,,,,,,,,,,,,,,,,,,,,,,,,,,,,,,,,,,,,,4.0,5.5,2.5,4.25,
2006-11-08,,,,,,,,,,,,,,,,,,,,,,,,,,,,,,,,,,,,,,,,,4.0,5.5,2.5,4.25,
2006-11-09,,,,,,,,,,,,,,,,,,,,,,,,,,,,,,,,,,,,,,,,,4.0,5.5,2.5,4.25,
2006-11-10,,,,,,,,,,,,,,,,,,,,,,,,,,,,,,,,,,,,,,,,,4.0,5.5,2.5,4.25,
2006-11-11,,,,,,,,,,,,,,,,,,,,,,,,,,,,,,,,,,,,,,,,,4.0,5.5,2.5,4.25,
2006-11-12,,,,,,,,,,,,,,,,,,,,,,,,,,,,,,,,,,,,,,,,,4.0,5.5,2.5,4.25,
2006-11-13,,,,,,,,,,,,,,,,,,,,,,,,,,,,,,,,,,,,,,,,,4.0,5.5,2.5,4.25,
2006-11-14,,,,,,,,,,,,,,,,,,,,,,,,,,,,,,,,,,,,,,,,,4.0,5.5,2.5,4.25,
2006-11-15,,,,,,,,,,,,,,,,,,,,,,,,,,,,,,,,,,,,,,,,,4.0,5.5,2.5,4.25,
2006-11-16,,,,,,,,,,,,,,,,,,,,,,,,,,,,,,,,,,,,,,,,,4.0,5.5,2.5,4.25,
2006-11-17,,,,,,,,,,,,,,,,,,,,,,,,,,,,,,,,,,,,,,,,,4.0,5.5,2.5,4.25,
2006-11-18,,,,,,,,,,,,,,,,,,,,,,,,,,,,,,,,,,,,,,,,,4.0,5.5,2.5,4.25,
2006-11-19,,,,,,,,,,,,,,,,,,,,,,,,,,,,,,,,,,,,,,,,,4.0,5.5,2.5,4.25,
2006-11-20,,,,,,,,,,,,,,,,,,,,,,,,,,,,,,,,,,,,,,,,,4.0,5.5,2.5,4.25,
2006-11-21,,,,,,,,,,,,,,,,,,,,,,,,,,,,,,,,,,,,,,,,,4.0,5.5,2.5,4.25,
2006-11-22,,,,,,,,,,,,,,,,,,,,,,,,,,,,,,,,,,,,,,,,,4.0,5.5,2.5,4.25,
2006-11-23,,,,,,,,,,,,,,,,,,,,,,,,,,,,,,,,,,,,,,,,,4.0,5.5,2.5,4.25,
2006-11-24,,,,,,,,,,,,,,,,,,,,,,,,,,,,,,,,,,,,,,,,,4.0,5.5,2.5,4.25,
2006-11-25,,,,,,,,,,,,,,,,,,,,,,,,,,,,,,,,,,,,,,,,,4.0,5.5,2.5,4.25,
2006-11-26,,,,,,,,,,,,,,,,,,,,,,,,,,,,,,,,,,,,,,,,,4.0,5.5,2.5,4.25,
2006-11-27,,,,,,,,,,,,,,,,,,,,,,,,,,,,,,,,,,,,,,,,,4.0,5.5,2.5,4.25,
2006-11-28,,,,,,,,,,,,,,,,,,,,,,,,,,,,,,,,,,,,,,,,,4.0,5.5,2.5,4.25,
2006-11-29,,,,,,,,,,,,,,,,,,,,,,,,,,,,,,,,,,,,,,,,,4.0,5.5,2.5,4.25,
2006-11-30,,,,,,,,,,,,,,,,,,,,,,,,,,,,,,,,,,,,,,,,,4.0,5.5,2.5,4.25,
2006-12-01,,,,,,,,,,,,,,,,,,,,,,,,,,,,,,,,,,,,,,,,,4.0,5.5,2.5,4.25,
2006-12-02,,,,,,,,,,,,,,,,,,,,,,,,,,,,,,,,,,,,,,,,,4.0,5.5,2.5,4.25,
2006-12-03,,,,,,,,,,,,,,,,,,,,,,,,,,,,,,,,,,,,,,,,,4.0,5.5,2.5,4.25,
2006-12-04,,,,,,,,,,,,,,,,,,,,,,,,,,,,,,,,,,,,,,,,,4.0,5.5,2.5,4.25,
2006-12-05,,,,,,,,,,,,,,,,,,,,,,,,,,,,,,,,,,,,,,,,,4.0,5.5,2.5,4.25,
2006-12-06,,,,,,,,,,,,,,,,,,,,,,,,,,,,,,,,,,,,,,,,,4.0,5.5,2.5,4.25,
2006-12-07,,,,,,,,,,,,,,,,,,,,,,,,,,,,,,,,,,,,,,,,,4.0,5.5,2.5,4.25,
2006-12-08,,,,,,,,,,,,,,,,,,,,,,,,,,,,,,,,,,,,,,,,,4.0,5.5,2.5,4.25,
2006-12-09,,,,,,,,,,,,,,,,,,,,,,,,,,,,,,,,,,,,,,,,,4.0,5.5,2.5,4.25,
2006-12-10,,,,,,,,,,,,,,,,,,,,,,,,,,,,,,,,,,,,,,,,,4.0,5.5,2.5,4.25,
2006-12-11,,,,,,,,,,,,,,,,,,,,,,,,,,,,,,,,,,,,,,,,,4.0,5.5,2.5,4.25,
2006-12-12,,,,,,,,,,,,,,,,,,,,,,,,,,,,,,,,,,,,,,,,,4.0,5.5,2.5,4.25,
2006-12-13,,,,,,,,,,,,,,,,,,,,,,,,,,,,,,,,,,,,,,,,,4.0,5.5,2.5,4.25,
2006-12-14,,,,,,,,,,,,,,,,,,,,,,,,,,,,,,,,,,,,,,,,,4.0,5.5,2.5,4.25,
2006-12-15,,,,,,,,,,,,,,,,,,,,,,,,,,,,,,,,,,,,,,,,,4.0,5.5,2.5,4.25,
2006-12-16,,,,,,,,,,,,,,,,,,,,,,,,,,,,,,,,,,,,,,,,,4.0,5.5,2.5,4.25,
2006-12-17,,,,,,,,,,,,,,,,,,,,,,,,,,,,,,,,,,,,,,,,,4.0,5.5,2.5,4.25,
2006-12-18,,,,,,,,,,,,,,,,,,,,,,,,,,,,,,,,,,,,,,,,,4.0,5.5,2.5,4.25,
2006-12-19,,,,,,,,,,,,,,,,,,,,,,,,,,,,,,,,,,,,,,,,,4.0,5.5,2.5,4.25,
2006-12-20,,,,,,,,,,,,,,,,,,,,,,,,,,,,,,,,,,,,,,,,,4.0,5.5,2.5,4.25,
2006-12-21,,,,,,,,,,,,,,,,,,,,,,,,,,,,,,,,,,,,,,,,,4.0,5.5,2.5,4.25,
2006-12-22,,,,,,,,,,,,,,,,,,,,,,,,,,,,,,,,,,,,,,,,,4.0,5.5,2.5,4.25,
2006-12-23,,,,,,,,,,,,,,,,,,,,,,,,,,,,,,,,,,,,,,,,,4.0,5.5,2.5,4.25,
2006-12-24,,,,,,,,,,,,,,,,,,,,,,,,,,,,,,,,,,,,,,,,,4.0,5.5,2.5,4.25,
2006-12-25,,,,,,,,,,,,,,,,,,,,,,,,,,,,,,,,,,,,,,,,,4.0,5.5,2.5,4.25,
2006-12-26,,,,,,,,,,,,,,,,,,,,,,,,,,,,,,,,,,,,,,,,,4.0,5.5,2.5,4.25,
2006-12-27,,,,,,,,,,,,,,,,,,,,,,,,,,,,,,,,,,,,,,,,,4.0,5.5,2.5,4.25,
2006-12-28,,,,,,,,,,,,,,,,,,,,,,,,,,,,,,,,,,,,,,,,,4.0,5.5,2.5,4.25,
2006-12-29,,,,,,,,,,,,,,,,,,,,,,,,,,,,,,,,,,,,,,,,,4.0,5.5,2.5,4.25,
2006-12-30,,,,,,,,,,,,,,,,,,,,,,,,,,,,,,,,,,,,,,,,,4.0,5.5,2.5,4.25,
2006-12-31,,,,,,,,,,,,,,,,,,,,,,,,,,,,,,,,,,,,,,,,,4.0,5.5,2.5,4.25,
2007-01-01,,,,,,,,,,,,,,,,,,,,,,,,,,,,,,,,,,,,,,,,,4.0,5.5,2.5,4.25,
2007-01-02,,,,,,,,,,,,,,,,,,,,,,,,,,,,,,,,,,,,,,,,,4.0,5.5,2.5,4.25,
2007-01-03,,,,,,,,,,,,,,,,,,,,,,,,,,,,,,,,,,,,,,,,,4.0,5.5,2.5,4.25,
2007-01-04,,,,,,,,,,,,,,,,,,,,,,,,,,,,,,,,,,,,,,,,,4.0,5.5,2.5,4.25,
2007-01-05,,,,,,,,,,,,,,,,,,,,,,,,,,,,,,,,,,,,,,,,,4.0,5.5,2.5,4.25,
2007-01-06,,,,,,,,,,,,,,,,,,,,,,,,,,,,,,,,,,,,,,,,,4.0,5.5,2.5,4.25,
2007-01-07,,,,,,,,,,,,,,,,,,,,,,,,,,,,,,,,,,,,,,,,,4.0,5.5,2.5,4.25,
2007-01-08,,,,,,,,,,,,,,,,,,,,,,,,,,,,,,,,,,,,,,,,,4.0,5.5,2.5,4.25,
2007-01-09,,,,,,,,,,,,,,,,,,,,,,,,,,,,,,,,,,,,,,,,,4.0,5.5,2.5,4.25,
2007-01-10,,,,,,,,,,,,,,,,,,,,,,,,,,,,,,,,,,,,,,,,,4.0,5.5,2.5,4.25,
2007-01-11,,,,,,,,,,,,,,,,,,,,,,,,,,,,,,,,,,,,,,,,,4.0,5.5,2.5,4.25,
2007-01-12,,,,,,,,,,,,,,,,,,,,,,,,,,,,,,,,,,,,,,,,,4.0,5.5,2.5,4.25,
2007-01-13,,,,,,,,,,,,,,,,,,,,,,,,,,,,,,,,,,,,,,,,,4.0,5.5,2.5,4.25,
2007-01-14,,,,,,,,,,,,,,,,,,,,,,,,,,,,,,,,,,,,,,,,,4.0,5.5,2.5,4.25,
2007-01-15,,,,,,,,,,,,,,,,,,,,,,,,,,,,,,,,,,,,,,,,,4.0,5.5,2.5,4.25,
2007-01-16,,,,,,,,,,,,,,,,,,,,,,,,,,,,,,,,,,,,,,,,,4.0,5.5,2.5,4.25,
2007-01-17,,,,,,,,,,,,,,,,,,,,,,,,,,,,,,,,,,,,,,,,,4.0,5.5,2.5,4.25,
2007-01-18,,,,,,,,,,,,,,,,,,,,,,,,,,,,,,,,,,,,,,,,,4.0,5.5,2.5,4.25,
2007-01-19,,,,,,,,,,,,,,,,,,,,,,,,,,,,,,,,,,,,,,,,,4.0,5.5,2.5,4.25,
2007-01-20,,,,,,,,,,,,,,,,,,,,,,,,,,,,,,,,,,,,,,,,,4.0,5.5,2.5,4.25,
2007-01-21,,,,,,,,,,,,,,,,,,,,,,,,,,,,,,,,,,,,,,,,,4.0,5.5,2.5,4.25,
2007-01-22,,,,,,,,,,,,,,,,,,,,,,,,,,,,,,,,,,,,,,,,,4.0,5.5,2.5,4.25,
2007-01-23,,,,,,,,,,,,,,,,,,,,,,,,,,,,,,,,,,,,,,,,,4.0,5.5,2.5,4.25,
2007-01-24,,,,,,,,,,,,,,,,,,,,,,,,,,,,,,,,,,,,,,,,,4.0,5.5,2.5,4.25,
2007-01-25,,,,,,,,,,,,,,,,,,,,,,,,,,,,,,,,,,,,,,,,,4.0,5.5,2.5,4.25,
2007-01-26,,,,,,,,,,,,,,,,,,,,,,,,,,,,,,,,,,,,,,,,,4.0,5.5,2.5,4.25,
2007-01-27,,,,,,,,,,,,,,,,,,,,,,,,,,,,,,,,,,,,,,,,,4.0,5.5,2.5,4.25,
2007-01-28,,,,,,,,,,,,,,,,,,,,,,,,,,,,,,,,,,,,,,,,,4.0,5.5,2.5,4.25,
2007-01-29,,,,,,,,,,,,,,,,,,,,,,,,,,,,,,,,,,,,,,,,,4.0,5.5,2.5,4.25,
2007-01-30,,,,,,,,,,,,,,,,,,,,,,,,,,,,,,,,,,,,,,,,,4.0,5.5,2.5,4.25,
2007-01-31,,,,,,,,,,,,,,,,,,,,,,,,,,,,,,,,,,,,,,,,,4.0,5.5,2.5,4.25,
2007-02-01,,,,,,,,,,,,,,,,,,,,,,,,,,,,,,,,,,,,,,,,,4.0,5.5,2.5,4.25,
2007-02-02,,,,,,,,,,,,,,,,,,,,,,,,,,,,,,,,,,,,,,,,,4.0,5.5,2.5,4.25,
2007-02-03,,,,,,,,,,,,,,,,,,,,,,,,,,,,,,,,,,,,,,,,,4.0,5.5,2.5,4.25,
2007-02-04,,,,,,,,,,,,,,,,,,,,,,,,,,,,,,,,,,,,,,,,,4.0,5.5,2.5,4.25,
2007-02-05,,,,,,,,,,,,,,,,,,,,,,,,,,,,,,,,,,,,,,,,,4.0,5.5,2.5,4.25,
2007-02-06,,,,,,,,,,,,,,,,,,,,,,,,,,,,,,,,,,,,,,,,,4.0,5.5,2.5,4.25,
2007-02-07,,,,,,,,,,,,,,,,,,,,,,,,,,,,,,,,,,,,,,,,,4.0,5.5,2.5,4.25,
2007-02-08,,,,,,,,,,,,,,,,,,,,,,,,,,,,,,,,,,,,,,,,,4.0,5.5,2.5,4.25,
2007-02-09,,,,,,,,,,,,,,,,,,,,,,,,,,,,,,,,,,,,,,,,,4.0,5.5,2.5,4.25,
2007-02-10,,,,,,,,,,,,,,,,,,,,,,,,,,,,,,,,,,,,,,,,,4.0,5.5,2.5,4.25,
2007-02-11,,,,,,,,,,,,,,,,,,,,,,,,,,,,,,,,,,,,,,,,,4.0,5.5,2.5,4.25,
2007-02-12,,,,,,,,,,,,,,,,,,,,,,,,,,,,,,,,,,,,,,,,,4.0,5.5,2.5,4.25,
2007-02-13,,,,,,,,,,,,,,,,,,,,,,,,,,,,,,,,,,,,,,,,,4.0,5.5,2.5,4.25,
2007-02-14,,,,,,,,,,,,,,,,,,,,,,,,,,,,,,,,,,,,,,,,,4.0,5.5,2.5,4.25,
2007-02-15,,,,,,,,,,,,,,,,,,,,,,,,,,,,,,,,,,,,,,,,,4.0,5.5,2.5,4.25,
2007-02-16,,,,,,,,,,,,,,,,,,,,,,,,,,,,,,,,,,,,,,,,,4.0,5.5,2.5,4.25,
2007-02-17,,,,,,,,,,,,,,,,,,,,,,,,,,,,,,,,,,,,,,,,,4.0,5.5,2.5,4.25,
2007-02-18,,,,,,,,,,,,,,,,,,,,,,,,,,,,,,,,,,,,,,,,,4.0,5.5,2.5,4.25,
2007-02-19,,,,,,,,,,,,,,,,,,,,,,,,,,,,,,,,,,,,,,,,,4.0,5.5,2.5,4.25,
2007-02-20,,,,,,,,,,,,,,,,,,,,,,,,,,,,,,,,,,,,,,,,,4.0,5.5,2.5,4.25,
2007-02-21,,,,,,,,,,,,,,,,,,,,,,,,,,,,,,,,,,,,,,,,,4.0,5.5,2.5,4.25,
2007-02-22,,,,,,,,,,,,,,,,,,,,,,,,,,,,,,,,,,,,,,,,,4.0,5.5,2.5,4.25,
2007-02-23,,,,,,,,,,,,,,,,,,,,,,,,,,,,,,,,,,,,,,,,,4.0,5.5,2.5,4.25,
2007-02-24,,,,,,,,,,,,,,,,,,,,,,,,,,,,,,,,,,,,,,,,,4.0,5.5,2.5,4.25,
2007-02-25,,,,,,,,,,,,,,,,,,,,,,,,,,,,,,,,,,,,,,,,,4.0,5.5,2.5,4.25,
2007-02-26,,,,,,,,,,,,,,,,,,,,,,,,,,,,,,,,,,,,,,,,,4.0,5.5,2.5,4.25,
2007-02-27,,,,,,,,,,,,,,,,,,,,,,,,,,,,,,,,,,,,,,,,,4.0,5.5,2.5,4.25,
2007-02-28,,,,,,,,,,,,,,,,,,,,,,,,,,,,,,,,,,,,,,,,,4.0,5.5,2.5,4.25,
2007-03-01,,,,,,,,,,,,,,,,,,,,,,,,,,,,,,,,,,,,,,,,,4.0,5.5,2.5,4.25,
2007-03-02,,,,,,,,,,,,,,,,,,,,,,,,,,,,,,,,,,,,,,,,,4.0,5.5,2.5,4.25,
2007-03-03,,,,,,,,,,,,,,,,,,,,,,,,,,,,,,,,,,,,,,,,,4.0,5.5,2.5,4.25,
2007-03-04,,,,,,,,,,,,,,,,,,,,,,,,,,,,,,,,,,,,,,,,,4.0,5.5,2.5,4.25,
2007-03-05,,,,,,,,,,,,,,,,,,,,,,,,,,,,,,,,,,,,,,,,,4.0,5.5,2.5,4.25,
2007-03-06,,,,,,,,,,,,,,,,,,,,,,,,,,,,,,,,,,,,,,,,,4.0,5.5,2.5,4.25,
2007-03-07,,,,,,,,,,,,,,,,,,,,,,,,,,,,,,,,,,,,,,,,,4.0,5.5,2.5,4.25,
2007-03-08,,,,,,,,,,,,,,,,,,,,,,,,,,,,,,,,,,,,,,,,,4.0,5.5,2.5,4.25,
2007-03-09,,,,,,,,,,,,,,,,,,,,,,,,,,,,,,,,,,,,,,,,,4.0,5.5,2.5,4.25,
2007-03-10,,,,,,,,,,,,,,,,,,,,,,,,,,,,,,,,,,,,,,,,,4.0,5.5,2.5,4.25,
2007-03-11,,,,,,,,,,,,,,,,,,,,,,,,,,,,,,,,,,,,,,,,,4.0,5.5,2.5,4.25,
2007-03-12,,,,,,,,,,,,,,,,,,,,,,,,,,,,,,,,,,,,,,,,,4.0,5.5,2.5,4.25,
2007-03-13,,,,,,,,,,,,,,,,,,,,,,,,,,,,,,,,,,,,,,,,,4.0,5.5,2.5,4.25,
2007-03-14,,,,,,,,,,,,,,,,,,,,,,,,,,,,,,,,,,,,,,,,,4.0,5.5,2.5,4.25,
2007-03-15,,,,,,,,,,,,,,,,,,,,,,,,,,,,,,,,,,,,,,,,,4.0,5.5,2.5,4.25,
2007-03-16,,,,,,,,,,,,,,,,,,,,,,,,,,,,,,,,,,,,,,,,,4.0,5.5,2.5,4.25,
2007-03-17,,,,,,,,,,,,,,,,,,,,,,,,,,,,,,,,,,,,,,,,,4.0,5.5,2.5,4.25,
2007-03-18,,,,,,,,,,,,,,,,,,,,,,,,,,,,,,,,,,,,,,,,,4.0,5.5,2.5,4.25,
2007-03-19,,,,,,,,,,,,,,,,,,,,,,,,,,,,,,,,,,,,,,,,,4.0,5.5,2.5,4.25,
2007-03-20,,,,,,,,,,,,,,,,,,,,,,,,,,,,,,,,,,,,,,,,,4.0,5.5,2.5,4.25,
2007-03-21,,,,,,,,,,,,,,,,,,,,,,,,,,,,,,,,,,,,,,,,,4.0,5.5,2.5,4.25,
2007-03-22,,,,,,,,,,,,,,,,,,,,,,,,,,,,,,,,,,,,,,,,,4.0,5.5,2.5,4.25,
2007-03-23,,,,,,,,,,,,,,,,,,,,,,,,,,,,,,,,,,,,,,,,,4.0,5.5,2.5,4.25,
2007-03-24,,,,,,,,,,,,,,,,,,,,,,,,,,,,,,,,,,,,,,,,,4.0,5.5,2.5,4.25,
2007-03-25,,,,,,,,,,,,,,,,,,,,,,,,,,,,,,,,,,,,,,,,,4.0,5.5,2.5,4.25,
2007-03-26,,,,,,,,,,,,,,,,,,,,,,,,,,,,,,,,,,,,,,,,,4.0,5.5,2.5,4.25,
2007-03-27,,,,,,,,,,,,,,,,,,,,,,,,,,,,,,,,,,,,,,,,,4.0,5.5,2.5,4.25,
2007-03-28,,,,,,,,,,,,,,,,,,,,,,,,,,,,,,,,,,,,,,,,,4.0,5.5,2.5,4.25,
2007-03-29,,,,,,,,,,,,,,,,,,,,,,,,,,,,,,,,,,,,,,,,,4.0,5.5,2.5,4.25,
2007-03-30,,,,,,,,,,,,,,,,,,,,,,,,,,,,,,,,,,,,,,,,,4.0,5.5,2.5,4.25,
2007-03-31,,,,,,,,,,,,,,,,,,,,,,,,,,,,,,,,,,,,,,,,,4.0,5.5,2.5,4.25,
2007-04-01,,,,,,,,,,,,,,,,,,,,,,,,,,,,,,,,,,,,,,,,,4.0,5.5,2.5,4.25,
2007-04-02,,,,,,,,,,,,,,,,,,,,,,,,,,,,,,,,,,,,,,,,,4.0,5.5,2.5,4.25,
2007-04-03,,,,,,,,,,,,,,,,,,,,,,,,,,,,,,,,,,,,,,,,,4.0,5.5,2.5,4.25,
2007-04-04,,,,,,,,,,,,,,,,,,,,,,,,,,,,,,,,,,,,,,,,,4.0,5.5,2.5,4.25,
2007-04-05,,,,,,,,,,,,,,,,,,,,,,,,,,,,,,,,,,,,,,,,,4.0,5.5,2.5,4.25,
2007-04-06,,,,,,,,,,,,,,,,,,,,,,,,,,,,,,,,,,,,,,,,,4.0,5.5,2.5,4.25,
2007-04-07,,,,,,,,,,,,,,,,,,,,,,,,,,,,,,,,,,,,,,,,,4.0,5.5,2.5,4.25,
2007-04-08,,,,,,,,,,,,,,,,,,,,,,,,,,,,,,,,,,,,,,,,,4.0,5.5,2.5,4.25,
2007-04-09,,,,,,,,,,,,,,,,,,,,,,,,,,,,,,,,,,,,,,,,,4.0,5.5,2.5,4.25,
2007-04-10,,,,,,,,,,,,,,,,,,,,,,,,,,,,,,,,,,,,,,,,,4.0,5.5,2.5,4.25,
2007-04-11,,,,,,,,,,,,,,,,,,,,,,,,,,,,,,,,,,,,,,,,,4.0,5.5,2.5,4.25,
2007-04-12,,,,,,,,,,,,,,,,,,,,,,,,,,,,,,,,,,,,,,,,,4.0,5.5,2.5,4.25,
2007-04-13,,,,,,,,,,,,,,,,,,,,,,,,,,,,,,,,,,,,,,,,,4.0,5.5,2.5,4.25,
2007-04-14,,,,,,,,,,,,,,,,,,,,,,,,,,,,,,,,,,,,,,,,,4.0,5.5,2.5,4.25,
2007-04-15,,,,,,,,,,,,,,,,,,,,,,,,,,,,,,,,,,,,,,,,,4.0,5.5,2.5,4.25,
2007-04-16,,,,,,,,,,,,,,,,,,,,,,,,,,,,,,,,,,,,,,,,,4.0,5.5,2.5,4.25,
2007-04-17,,,,,,,,,,,,,,,,,,,,,,,,,,,,,,,,,,,,,,,,,4.0,5.5,2.5,4.25,
2007-04-18,,,,,,,,,,,,,,,,,,,,,,,,,,,,,,,,,,,,,,,,,4.0,5.5,2.5,4.25,
2007-04-19,,,,,,,,,,,,,,,,,,,,,,,,,,,,,,,,,,,,,,,,,4.0,5.5,2.5,4.25,
2007-04-20,,,,,,,,,,,,,,,,,,,,,,,,,,,,,,,,,,,,,,,,,4.0,5.5,2.5,4.25,
2007-04-21,,,,,,,,,,,,,,,,,,,,,,,,,,,,,,,,,,,,,,,,,4.0,5.5,2.5,4.25,
2007-04-22,,,,,,,,,,,,,,,,,,,,,,,,,,,,,,,,,,,,,,,,,4.0,5.5,2.5,4.25,
2007-04-23,,,,,,,,,,,,,,,,,,,,,,,,,,,,,,,,,,,,,,,,,4.0,5.5,2.5,4.25,
2007-04-24,,,,,,,,,,,,,,,,,,,,,,,,,,,,,,,,,,,,,,,,,4.0,5.5,2.5,4.25,
2007-04-25,,,,,,,,,,,,,,,,,,,,,,,,,,,,,,,,,,,,,,,,,4.0,5.5,2.5,4.25,
2007-04-26,,,,,,,,,,,,,,,,,,,,,,,,,,,,,,,,,,,,,,,,,4.25,5.75,2.75,4.5,
2007-04-27,,,,,,,,,,,,,,,,,,,,,,,,,,,,,,,,,,,,,,,,,4.25,5.75,2.75,4.5,
2007-04-28,,,,,,,,,,,,,,,,,,,,,,,,,,,,,,,,,,,,,,,,,4.25,5.75,2.75,4.5,
2007-04-29,,,,,,,,,,,,,,,,,,,,,,,,,,,,,,,,,,,,,,,,,4.25,5.75,2.75,4.5,
2007-04-30,,,,,,,,,,,,,,,,,,,,,,,,,,,,,,,,,,,,,,,,,4.25,5.75,2.75,4.5,
2007-05-01,,,,,,,,,,,,,,,,,,,,,,,,,,,,,,,,,,,,,,,,,4.25,5.75,2.75,4.5,
2007-05-02,,,,,,,,,,,,,,,,,,,,,,,,,,,,,,,,,,,,,,,,,4.25,5.75,2.75,4.5,
2007-05-03,,,,,,,,,,,,,,,,,,,,,,,,,,,,,,,,,,,,,,,,,4.25,5.75,2.75,4.5,
2007-05-04,,,,,,,,,,,,,,,,,,,,,,,,,,,,,,,,,,,,,,,,,4.25,5.75,2.75,4.5,
2007-05-05,,,,,,,,,,,,,,,,,,,,,,,,,,,,,,,,,,,,,,,,,4.25,5.75,2.75,4.5,
2007-05-06,,,,,,,,,,,,,,,,,,,,,,,,,,,,,,,,,,,,,,,,,4.25,5.75,2.75,4.5,
2007-05-07,,,,,,,,,,,,,,,,,,,,,,,,,,,,,,,,,,,,,,,,,4.25,5.75,2.75,4.5,
2007-05-08,,,,,,,,,,,,,,,,,,,,,,,,,,,,,,,,,,,,,,,,,4.25,5.75,2.75,4.5,
2007-05-09,,,,,,,,,,,,,,,,,,,,,,,,,,,,,,,,,,,,,,,,,4.25,5.75,2.75,4.5,
2007-05-10,,,,,,,,,,,,,,,,,,,,,,,,,,,,,,,,,,,,,,,,,4.25,5.75,2.75,4.5,
2007-05-11,,,,,,,,,,,,,,,,,,,,,,,,,,,,,,,,,,,,,,,,,4.25,5.75,2.75,4.5,
2007-05-12,,,,,,,,,,,,,,,,,,,,,,,,,,,,,,,,,,,,,,,,,4.25,5.75,2.75,4.5,
2007-05-13,,,,,,,,,,,,,,,,,,,,,,,,,,,,,,,,,,,,,,,,,4.25,5.75,2.75,4.5,
2007-05-14,,,,,,,,,,,,,,,,,,,,,,,,,,,,,,,,,,,,,,,,,4.25,5.75,2.75,4.5,
2007-05-15,,,,,,,,,,,,,,,,,,,,,,,,,,,,,,,,,,,,,,,,,4.25,5.75,2.75,4.5,
2007-05-16,,,,,,,,,,,,,,,,,,,,,,,,,,,,,,,,,,,,,,,,,4.25,5.75,2.75,4.5,
2007-05-17,,,,,,,,,,,,,,,,,,,,,,,,,,,,,,,,,,,,,,,,,4.25,5.75,2.75,4.5,
2007-05-18,,,,,,,,,,,,,,,,,,,,,,,,,,,,,,,,,,,,,,,,,4.25,5.75,2.75,4.5,
2007-05-19,,,,,,,,,,,,,,,,,,,,,,,,,,,,,,,,,,,,,,,,,4.25,5.75,2.75,4.5,
2007-05-20,,,,,,,,,,,,,,,,,,,,,,,,,,,,,,,,,,,,,,,,,4.25,5.75,2.75,4.5,
2007-05-21,,,,,,,,,,,,,,,,,,,,,,,,,,,,,,,,,,,,,,,,,4.25,5.75,2.75,4.5,
2007-05-22,,,,,,,,,,,,,,,,,,,,,,,,,,,,,,,,,,,,,,,,,4.25,5.75,2.75,4.5,
2007-05-23,,,,,,,,,,,,,,,,,,,,,,,,,,,,,,,,,,,,,,,,,4.25,5.75,2.75,4.5,
2007-05-24,,,,,,,,,,,,,,,,,,,,,,,,,,,,,,,,,,,,,,,,,4.25,5.75,2.75,4.5,
2007-05-25,,,,,,,,,,,,,,,,,,,,,,,,,,,,,,,,,,,,,,,,,4.25,5.75,2.75,4.5,
2007-05-26,,,,,,,,,,,,,,,,,,,,,,,,,,,,,,,,,,,,,,,,,4.25,5.75,2.75,4.5,
2007-05-27,,,,,,,,,,,,,,,,,,,,,,,,,,,,,,,,,,,,,,,,,4.25,5.75,2.75,4.5,
2007-05-28,,,,,,,,,,,,,,,,,,,,,,,,,,,,,,,,,,,,,,,,,4.25,5.75,2.75,4.5,
2007-05-29,,,,,,,,,,,,,,,,,,,,,,,,,,,,,,,,,,,,,,,,,4.25,5.75,2.75,4.5,
2007-05-30,,,,,,,,,,,,,,,,,,,,,,,,,,,,,,,,,,,,,,,,,4.25,5.75,2.75,4.5,
2007-05-31,,,,,,,,,,,,,,,,,,,,,,,,,,,,,,,,,,,,,,,,,4.25,5.75,2.75,4.5,
2007-06-01,,,,,,,,,,,,,,,,,,,,,,,,,,,,,,,,,,,,,,,,,4.25,5.75,2.75,4.5,
2007-06-02,,,,,,,,,,,,,,,,,,,,,,,,,,,,,,,,,,,,,,,,,4.25,5.75,2.75,4.5,
2007-06-03,,,,,,,,,,,,,,,,,,,,,,,,,,,,,,,,,,,,,,,,,4.25,5.75,2.75,4.5,
2007-06-04,,,,,,,,,,,,,,,,,,,,,,,,,,,,,,,,,,,,,,,,,4.25,5.75,2.75,4.5,
2007-06-05,,,,,,,,,,,,,,,,,,,,,,,,,,,,,,,,,,,,,,,,,4.25,5.75,2.75,4.5,
2007-06-06,,,,,,,,,,,,,,,,,,,,,,,,,,,,,,,,,,,,,,,,,4.25,5.75,2.75,4.5,
2007-06-07,,,,,,,,,,,,,,,,,,,,,,,,,,,,,,,,,,,,,,,,,4.25,5.75,2.75,4.5,
2007-06-08,,,,,,,,,,,,,,,,,,,,,,,,,,,,,,,,,,,,,,,,,4.25,5.75,2.75,4.5,
2007-06-09,,,,,,,,,,,,,,,,,,,,,,,,,,,,,,,,,,,,,,,,,4.25,5.75,2.75,4.5,
2007-06-10,,,,,,,,,,,,,,,,,,,,,,,,,,,,,,,,,,,,,,,,,4.25,5.75,2.75,4.5,
2007-06-11,,,,,,,,,,,,,,,,,,,,,,,,,,,,,,,,,,,,,,,,,4.25,5.75,2.75,4.5,
2007-06-12,,,,,,,,,,,,,,,,,,,,,,,,,,,,,,,,,,,,,,,,,4.25,5.75,2.75,4.5,
2007-06-13,,,,,,,,,,,,,,,,,,,,,,,,,,,,,,,,,,,,,,,,,4.25,5.75,2.75,4.5,
2007-06-14,,,,,,,,,,,,,,,,,,,,,,,,,,,,,,,,,,,,,,,,,4.25,5.75,2.75,4.5,
2007-06-15,,,,,,,,,,,,,,,,,,,,,,,,,,,,,,,,,,,,,,,,,4.25,5.75,2.75,4.5,
2007-06-16,,,,,,,,,,,,,,,,,,,,,,,,,,,,,,,,,,,,,,,,,4.25,5.75,2.75,4.5,
2007-06-17,,,,,,,,,,,,,,,,,,,,,,,,,,,,,,,,,,,,,,,,,4.25,5.75,2.75,4.5,
2007-06-18,,,,,,,,,,,,,,,,,,,,,,,,,,,,,,,,,,,,,,,,,4.25,5.75,2.75,4.5,
2007-06-19,,,,,,,,,,,,,,,,,,,,,,,,,,,,,,,,,,,,,,,,,4.25,5.75,2.75,4.5,
2007-06-20,,,,,,,,,,,,,,,,,,,,,,,,,,,,,,,,,,,,,,,,,4.25,5.75,2.75,4.5,
2007-06-21,,,,,,,,,,,,,,,,,,,,,,,,,,,,,,,,,,,,,,,,,4.25,5.75,2.75,4.5,
2007-06-22,,,,,,,,,,,,,,,,,,,,,,,,,,,,,,,,,,,,,,,,,4.25,5.75,2.75,4.5,
2007-06-23,,,,,,,,,,,,,,,,,,,,,,,,,,,,,,,,,,,,,,,,,4.25,5.75,2.75,4.5,
2007-06-24,,,,,,,,,,,,,,,,,,,,,,,,,,,,,,,,,,,,,,,,,4.25,5.75,2.75,4.5,
2007-06-25,,,,,,,,,,,,,,,,,,,,,,,,,,,,,,,,,,,,,,,,,4.25,5.75,2.75,4.5,
2007-06-26,,,,,,,,,,,,,,,,,,,,,,,,,,,,,,,,,,,,,,,,,4.25,5.75,2.75,4.5,
2007-06-27,,,,,,,,,,,,,,,,,,,,,,,,,,,,,,,,,,,,,,,,,4.25,5.75,2.75,4.5,
2007-06-28,,,,,,,,,,,,,,,,,,,,,,,,,,,,,,,,,,,,,,,,,4.5,6.0,3.0,4.75,
2007-06-29,,,,,,,,,,,,,,,,,,,,,,,,,,,,,,,,,,,,,,,,,4.5,6.0,3.0,4.75,
2007-06-30,,,,,,,,,,,,,,,,,,,,,,,,,,,,,,,,,,,,,,,,,4.5,6.0,3.0,4.75,
2007-07-01,,,,,,,,,,,,,,,,,,,,,,,,,,,,,,,,,,,,,,,,,4.5,6.0,3.0,4.75,
2007-07-02,,,,,,,,,,,,,,,,,,,,,,,,,,,,,,,,,,,,,,,,,4.5,6.0,3.0,4.75,
2007-07-03,,,,,,,,,,,,,,,,,,,,,,,,,,,,,,,,,,,,,,,,,4.5,6.0,3.0,4.75,
2007-07-04,,,,,,,,,,,,,,,,,,,,,,,,,,,,,,,,,,,,,,,,,4.5,6.0,3.0,4.75,
2007-07-05,,,,,,,,,,,,,,,,,,,,,,,,,,,,,,,,,,,,,,,,,4.5,6.0,3.0,4.75,
2007-07-06,,,,,,,,,,,,,,,,,,,,,,,,,,,,,,,,,,,,,,,,,4.5,6.0,3.0,4.75,
2007-07-07,,,,,,,,,,,,,,,,,,,,,,,,,,,,,,,,,,,,,,,,,4.5,6.0,3.0,4.75,
2007-07-08,,,,,,,,,,,,,,,,,,,,,,,,,,,,,,,,,,,,,,,,,4.5,6.0,3.0,4.75,
2007-07-09,,,,,,,,,,,,,,,,,,,,,,,,,,,,,,,,,,,,,,,,,4.5,6.0,3.0,4.75,
2007-07-10,,,,,,,,,,,,,,,,,,,,,,,,,,,,,,,,,,,,,,,,,4.5,6.0,3.0,4.75,
2007-07-11,,,,,,,,,,,,,,,,,,,,,,,,,,,,,,,,,,,,,,,,,4.5,6.0,3.0,4.75,
2007-07-12,,,,,,,,,,,,,,,,,,,,,,,,,,,,,,,,,,,,,,,,,4.5,6.0,3.0,4.75,
2007-07-13,,,,,,,,,,,,,,,,,,,,,,,,,,,,,,,,,,,,,,,,,4.5,6.0,3.0,4.75,
2007-07-14,,,,,,,,,,,,,,,,,,,,,,,,,,,,,,,,,,,,,,,,,4.5,6.0,3.0,4.75,
2007-07-15,,,,,,,,,,,,,,,,,,,,,,,,,,,,,,,,,,,,,,,,,4.5,6.0,3.0,4.75,
2007-07-16,,,,,,,,,,,,,,,,,,,,,,,,,,,,,,,,,,,,,,,,,4.5,6.0,3.0,4.75,
2007-07-17,,,,,,,,,,,,,,,,,,,,,,,,,,,,,,,,,,,,,,,,,4.5,6.0,3.0,4.75,
2007-07-18,,,,,,,,,,,,,,,,,,,,,,,,,,,,,,,,,,,,,,,,,4.5,6.0,3.0,4.75,
2007-07-19,,,,,,,,,,,,,,,,,,,,,,,,,,,,,,,,,,,,,,,,,4.5,6.0,3.0,4.75,
2007-07-20,,,,,,,,,,,,,,,,,,,,,,,,,,,,,,,,,,,,,,,,,4.5,6.0,3.0,4.75,
2007-07-21,,,,,,,,,,,,,,,,,,,,,,,,,,,,,,,,,,,,,,,,,4.5,6.0,3.0,4.75,
2007-07-22,,,,,,,,,,,,,,,,,,,,,,,,,,,,,,,,,,,,,,,,,4.5,6.0,3.0,4.75,
2007-07-23,,,,,,,,,,,,,,,,,,,,,,,,,,,,,,,,,,,,,,,,,4.5,6.0,3.0,4.75,
2007-07-24,,,,,,,,,,,,,,,,,,,,,,,,,,,,,,,,,,,,,,,,,4.5,6.0,3.0,4.75,
2007-07-25,,,,,,,,,,,,,,,,,,,,,,,,,,,,,,,,,,,,,,,,,4.5,6.0,3.0,4.75,
2007-07-26,,,,,,,,,,,,,,,,,,,,,,,,,,,,,,,,,,,,,,,,,4.5,6.0,3.0,4.75,
2007-07-27,,,,,,,,,,,,,,,,,,,,,,,,,,,,,,,,,,,,,,,,,4.5,6.0,3.0,4.75,
2007-07-28,,,,,,,,,,,,,,,,,,,,,,,,,,,,,,,,,,,,,,,,,4.5,6.0,3.0,4.75,
2007-07-29,,,,,,,,,,,,,,,,,,,,,,,,,,,,,,,,,,,,,,,,,4.5,6.0,3.0,4.75,
2007-07-30,,,,,,,,,,,,,,,,,,,,,,,,,,,,,,,,,,,,,,,,,4.5,6.0,3.0,4.75,
2007-07-31,,,,,,,,,,,,,,,,,,,,,,,,,,,,,,,,,,,,,,,,,4.5,6.0,3.0,4.75,
2007-08-01,,,,,,,,,,,,,,,,,,,,,,,,,,,,,,,,,,,,,,,,,4.5,6.0,3.0,4.75,
2007-08-02,,,,,,,,,,,,,,,,,,,,,,,,,,,,,,,,,,,,,,,,,4.5,6.0,3.0,4.75,
2007-08-03,,,,,,,,,,,,,,,,,,,,,,,,,,,,,,,,,,,,,,,,,4.5,6.0,3.0,4.75,
2007-08-04,,,,,,,,,,,,,,,,,,,,,,,,,,,,,,,,,,,,,,,,,4.5,6.0,3.0,4.75,
2007-08-05,,,,,,,,,,,,,,,,,,,,,,,,,,,,,,,,,,,,,,,,,4.5,6.0,3.0,4.75,
2007-08-06,,,,,,,,,,,,,,,,,,,,,,,,,,,,,,,,,,,,,,,,,4.5,6.0,3.0,4.75,
2007-08-07,,,,,,,,,,,,,,,,,,,,,,,,,,,,,,,,,,,,,,,,,4.5,6.0,3.0,4.75,
2007-08-08,,,,,,,,,,,,,,,,,,,,,,,,,,,,,,,,,,,,,,,,,4.5,6.0,3.0,4.75,
2007-08-09,,,,,,,,,,,,,,,,,,,,,,,,,,,,,,,,,,,,,,,,,4.5,6.0,3.0,4.75,
2007-08-10,,,,,,,,,,,,,,,,,,,,,,,,,,,,,,,,,,,,,,,,,4.5,6.0,3.0,4.75,
2007-08-11,,,,,,,,,,,,,,,,,,,,,,,,,,,,,,,,,,,,,,,,,4.5,6.0,3.0,4.75,
2007-08-12,,,,,,,,,,,,,,,,,,,,,,,,,,,,,,,,,,,,,,,,,4.5,6.0,3.0,4.75,
2007-08-13,,,,,,,,,,,,,,,,,,,,,,,,,,,,,,,,,,,,,,,,,4.5,6.0,3.0,4.75,
2007-08-14,,,,,,,,,,,,,,,,,,,,,,,,,,,,,,,,,,,,,,,,,4.5,6.0,3.0,4.75,
2007-08-15,,,,,,,,,,,,,,,,,,,,,,,,,,,,,,,,,,,,,,,,,4.5,6.0,3.0,4.75,
2007-08-16,,,,,,,,,,,,,,,,,,,,,,,,,,,,,,,,,,,,,,,,,4.5,6.0,3.0,4.75,
2007-08-17,,,,,,,,,,,,,,,,,,,,,,,,,,,,,,,,,,,,,,,,,4.5,6.0,3.0,4.75,
2007-08-18,,,,,,,,,,,,,,,,,,,,,,,,,,,,,,,,,,,,,,,,,4.5,6.0,3.0,4.75,
2007-08-19,,,,,,,,,,,,,,,,,,,,,,,,,,,,,,,,,,,,,,,,,4.5,6.0,3.0,4.75,
2007-08-20,,,,,,,,,,,,,,,,,,,,,,,,,,,,,,,,,,,,,,,,,4.5,6.0,3.0,4.75,
2007-08-21,,,,,,,,,,,,,,,,,,,,,,,,,,,,,,,,,,,,,,,,,4.5,6.0,3.0,4.75,
2007-08-22,,,,,,,,,,,,,,,,,,,,,,,,,,,,,,,,,,,,,,,,,4.5,6.0,3.0,4.75,
2007-08-23,,,,,,,,,,,,,,,,,,,,,,,,,,,,,,,,,,,,,,,,,4.5,6.0,3.0,4.75,
2007-08-24,,,,,,,,,,,,,,,,,,,,,,,,,,,,,,,,,,,,,,,,,4.5,6.0,3.0,4.75,
2007-08-25,,,,,,,,,,,,,,,,,,,,,,,,,,,,,,,,,,,,,,,,,4.5,6.0,3.0,4.75,
2007-08-26,,,,,,,,,,,,,,,,,,,,,,,,,,,,,,,,,,,,,,,,,4.5,6.0,3.0,4.75,
2007-08-27,,,,,,,,,,,,,,,,,,,,,,,,,,,,,,,,,,,,,,,,,4.5,6.0,3.0,4.75,
2007-08-28,,,,,,,,,,,,,,,,,,,,,,,,,,,,,,,,,,,,,,,,,4.5,6.0,3.0,4.75,
2007-08-29,,,,,,,,,,,,,,,,,,,,,,,,,,,,,,,,,,,,,,,,,4.5,6.0,3.0,4.75,
2007-08-30,,,,,,,,,,,,,,,,,,,,,,,,,,,,,,,,,,,,,,,,,4.75,6.25,3.25,5.0,
2007-08-31,,,,,,,,,,,,,,,,,,,,,,,,,,,,,,,,,,,,,,,,,4.75,6.25,3.25,5.0,
2007-09-01,,,,,,,,,,,,,,,,,,,,,,,,,,,,,,,,,,,,,,,,,4.75,6.25,3.25,5.0,
2007-09-02,,,,,,,,,,,,,,,,,,,,,,,,,,,,,,,,,,,,,,,,,4.75,6.25,3.25,5.0,
2007-09-03,,,,,,,,,,,,,,,,,,,,,,,,,,,,,,,,,,,,,,,,,4.75,6.25,3.25,5.0,
2007-09-04,,,,,,,,,,,,,,,,,,,,,,,,,,,,,,,,,,,,,,,,,4.75,6.25,3.25,5.0,
2007-09-05,,,,,,,,,,,,,,,,,,,,,,,,,,,,,,,,,,,,,,,,,4.75,6.25,3.25,5.0,
2007-09-06,,,,,,,,,,,,,,,,,,,,,,,,,,,,,,,,,,,,,,,,,4.75,6.25,3.25,5.0,
2007-09-07,,,,,,,,,,,,,,,,,,,,,,,,,,,,,,,,,,,,,,,,,4.75,6.25,3.25,5.0,
2007-09-08,,,,,,,,,,,,,,,,,,,,,,,,,,,,,,,,,,,,,,,,,4.75,6.25,3.25,5.0,
2007-09-09,,,,,,,,,,,,,,,,,,,,,,,,,,,,,,,,,,,,,,,,,4.75,6.25,3.25,5.0,
2007-09-10,,,,,,,,,,,,,,,,,,,,,,,,,,,,,,,,,,,,,,,,,4.75,6.25,3.25,5.0,
2007-09-11,,,,,,,,,,,,,,,,,,,,,,,,,,,,,,,,,,,,,,,,,4.75,6.25,3.25,5.0,
2007-09-12,,,,,,,,,,,,,,,,,,,,,,,,,,,,,,,,,,,,,,,,,4.75,6.25,3.25,5.0,
2007-09-13,,,,,,,,,,,,,,,,,,,,,,,,,,,,,,,,,,,,,,,,,4.75,6.25,3.25,5.0,
2007-09-14,,,,,,,,,,,,,,,,,,,,,,,,,,,,,,,,,,,,,,,,,4.75,6.25,3.25,5.0,
2007-09-15,,,,,,,,,,,,,,,,,,,,,,,,,,,,,,,,,,,,,,,,,4.75,6.25,3.25,5.0,
2007-09-16,,,,,,,,,,,,,,,,,,,,,,,,,,,,,,,,,,,,,,,,,4.75,6.25,3.25,5.0,
2007-09-17,,,,,,,,,,,,,,,,,,,,,,,,,,,,,,,,,,,,,,,,,4.75,6.25,3.25,5.0,
2007-09-18,,,,,,,,,,,,,,,,,,,,,,,,,,,,,,,,,,,,,,,,,4.75,6.25,3.25,5.0,
2007-09-19,,,,,,,,,,,,,,,,,,,,,,,,,,,,,,,,,,,,,,,,,4.75,6.25,3.25,5.0,
2007-09-20,,,,,,,,,,,,,,,,,,,,,,,,,,,,,,,,,,,,,,,,,4.75,6.25,3.25,5.0,
2007-09-21,,,,,,,,,,,,,,,,,,,,,,,,,,,,,,,,,,,,,,,,,4.75,6.25,3.25,5.0,
2007-09-22,,,,,,,,,,,,,,,,,,,,,,,,,,,,,,,,,,,,,,,,,4.75,6.25,3.25,5.0,
2007-09-23,,,,,,,,,,,,,,,,,,,,,,,,,,,,,,,,,,,,,,,,,4.75,6.25,3.25,5.0,
2007-09-24,,,,,,,,,,,,,,,,,,,,,,,,,,,,,,,,,,,,,,,,,4.75,6.25,3.25,5.0,
2007-09-25,,,,,,,,,,,,,,,,,,,,,,,,,,,,,,,,,,,,,,,,,4.75,6.25,3.25,5.0,
2007-09-26,,,,,,,,,,,,,,,,,,,,,,,,,,,,,,,,,,,,,,,,,4.75,6.25,3.25,5.0,
2007-09-27,,,,,,,,,,,,,,,,,,,,,,,,,,,,,,,,,,,,,,,,,4.75,6.25,3.25,5.0,
2007-09-28,,,,,,,,,,,,,,,,,,,,,,,,,,,,,,,,,,,,,,,,,4.75,6.25,3.25,5.0,
2007-09-29,,,,,,,,,,,,,,,,,,,,,,,,,,,,,,,,,,,,,,,,,4.75,6.25,3.25,5.0,
2007-09-30,,,,,,,,,,,,,,,,,,,,,,,,,,,,,,,,,,,,,,,,,4.75,6.25,3.25,5.0,
2007-10-01,,,,,,,,,,,,,,,,,,,,,,,,,,,,,,,,,,,,,,,,,4.75,6.25,3.25,5.0,
2007-10-02,,,,,,,,,,,,,,,,,,,,,,,,,,,,,,,,,,,,,,,,,4.75,6.25,3.25,5.0,
2007-10-03,,,,,,,,,,,,,,,,,,,,,,,,,,,,,,,,,,,,,,,,,4.75,6.25,3.25,5.0,
2007-10-04,,,,,,,,,,,,,,,,,,,,,,,,,,,,,,,,,,,,,,,,,4.75,6.25,3.25,5.0,
2007-10-05,,,,,,,,,,,,,,,,,,,,,,,,,,,,,,,,,,,,,,,,,4.75,6.25,3.25,5.0,
2007-10-06,,,,,,,,,,,,,,,,,,,,,,,,,,,,,,,,,,,,,,,,,4.75,6.25,3.25,5.0,
2007-10-07,,,,,,,,,,,,,,,,,,,,,,,,,,,,,,,,,,,,,,,,,4.75,6.25,3.25,5.0,
2007-10-08,,,,,,,,,,,,,,,,,,,,,,,,,,,,,,,,,,,,,,,,,4.75,6.25,3.25,5.0,
2007-10-09,,,,,,,,,,,,,,,,,,,,,,,,,,,,,,,,,,,,,,,,,4.75,6.25,3.25,5.0,
2007-10-10,,,,,,,,,,,,,,,,,,,,,,,,,,,,,,,,,,,,,,,,,4.75,6.25,3.25,5.0,
2007-10-11,,,,,,,,,,,,,,,,,,,,,,,,,,,,,,,,,,,,,,,,,4.75,6.25,3.25,5.0,
2007-10-12,,,,,,,,,,,,,,,,,,,,,,,,,,,,,,,,,,,,,,,,,4.75,6.25,3.25,5.0,
2007-10-13,,,,,,,,,,,,,,,,,,,,,,,,,,,,,,,,,,,,,,,,,4.75,6.25,3.25,5.0,
2007-10-14,,,,,,,,,,,,,,,,,,,,,,,,,,,,,,,,,,,,,,,,,4.75,6.25,3.25,5.0,
2007-10-15,,,,,,,,,,,,,,,,,,,,,,,,,,,,,,,,,,,,,,,,,4.75,6.25,3.25,5.0,
2007-10-16,,,,,,,,,,,,,,,,,,,,,,,,,,,,,,,,,,,,,,,,,4.75,6.25,3.25,5.0,
2007-10-17,,,,,,,,,,,,,,,,,,,,,,,,,,,,,,,,,,,,,,,,,4.75,6.25,3.25,5.0,
2007-10-18,,,,,,,,,,,,,,,,,,,,,,,,,,,,,,,,,,,,,,,,,4.75,6.25,3.25,5.0,
2007-10-19,,,,,,,,,,,,,,,,,,,,,,,,,,,,,,,,,,,,,,,,,4.75,6.25,3.25,5.0,
2007-10-20,,,,,,,,,,,,,,,,,,,,,,,,,,,,,,,,,,,,,,,,,4.75,6.25,3.25,5.0,
2007-10-21,,,,,,,,,,,,,,,,,,,,,,,,,,,,,,,,,,,,,,,,,4.75,6.25,3.25,5.0,
2007-10-22,,,,,,,,,,,,,,,,,,,,,,,,,,,,,,,,,,,,,,,,,4.75,6.25,3.25,5.0,
2007-10-23,,,,,,,,,,,,,,,,,,,,,,,,,,,,,,,,,,,,,,,,,4.75,6.25,3.25,5.0,
2007-10-24,,,,,,,,,,,,,,,,,,,,,,,,,,,,,,,,,,,,,,,,,4.75,6.25,3.25,5.0,
2007-10-25,,,,,,,,,,,,,,,,,,,,,,,,,,,,,,,,,,,,,,,,,4.75,6.25,3.25,5.0,
2007-10-26,,,,,,,,,,,,,,,,,,,,,,,,,,,,,,,,,,,,,,,,,4.75,6.25,3.25,5.0,
2007-10-27,,,,,,,,,,,,,,,,,,,,,,,,,,,,,,,,,,,,,,,,,4.75,6.25,3.25,5.0,
2007-10-28,,,,,,,,,,,,,,,,,,,,,,,,,,,,,,,,,,,,,,,,,4.75,6.25,3.25,5.0,
2007-10-29,,,,,,,,,,,,,,,,,,,,,,,,,,,,,,,,,,,,,,,,,4.75,6.25,3.25,5.0,
2007-10-30,,,,,,,,,,,,,,,,,,,,,,,,,,,,,,,,,,,,,,,,,4.75,6.25,3.25,5.0,
2007-10-31,,,,,,,,,,,,,,,,,,,,,,,,,,,,,,,,,,,,,,,,,4.75,6.25,3.25,5.0,
2007-11-01,,,,,,,,,,,,,,,,,,,,,,,,,,,,,,,,,,,,,,,,,4.75,6.25,3.25,5.0,
2007-11-02,,,,,,,,,,,,,,,,,,,,,,,,,,,,,,,,,,,,,,,,,4.75,6.25,3.25,5.0,
2007-11-03,,,,,,,,,,,,,,,,,,,,,,,,,,,,,,,,,,,,,,,,,4.75,6.25,3.25,5.0,
2007-11-04,,,,,,,,,,,,,,,,,,,,,,,,,,,,,,,,,,,,,,,,,4.75,6.25,3.25,5.0,
2007-11-05,,,,,,,,,,,,,,,,,,,,,,,,,,,,,,,,,,,,,,,,,4.75,6.25,3.25,5.0,
2007-11-06,,,,,,,,,,,,,,,,,,,,,,,,,,,,,,,,,,,,,,,,,4.75,6.25,3.25,5.0,
2007-11-07,,,,,,,,,,,,,,,,,,,,,,,,,,,,,,,,,,,,,,,,,4.75,6.25,3.25,5.0,
2007-11-08,,,,,,,,,,,,,,,,,,,,,,,,,,,,,,,,,,,,,,,,,4.75,6.25,3.25,5.0,
2007-11-09,,,,,,,,,,,,,,,,,,,,,,,,,,,,,,,,,,,,,,,,,4.75,6.25,3.25,5.0,
2007-11-10,,,,,,,,,,,,,,,,,,,,,,,,,,,,,,,,,,,,,,,,,4.75,6.25,3.25,5.0,
2007-11-11,,,,,,,,,,,,,,,,,,,,,,,,,,,,,,,,,,,,,,,,,4.75,6.25,3.25,5.0,
2007-11-12,,,,,,,,,,,,,,,,,,,,,,,,,,,,,,,,,,,,,,,,,4.75,6.25,3.25,5.0,
2007-11-13,,,,,,,,,,,,,,,,,,,,,,,,,,,,,,,,,,,,,,,,,4.75,6.25,3.25,5.0,
2007-11-14,,,,,,,,,,,,,,,,,,,,,,,,,,,,,,,,,,,,,,,,,4.75,6.25,3.25,5.0,
2007-11-15,,,,,,,,,,,,,,,,,,,,,,,,,,,,,,,,,,,,,,,,,4.75,6.25,3.25,5.0,
2007-11-16,,,,,,,,,,,,,,,,,,,,,,,,,,,,,,,,,,,,,,,,,4.75,6.25,3.25,5.0,
2007-11-17,,,,,,,,,,,,,,,,,,,,,,,,,,,,,,,,,,,,,,,,,4.75,6.25,3.25,5.0,
2007-11-18,,,,,,,,,,,,,,,,,,,,,,,,,,,,,,,,,,,,,,,,,4.75,6.25,3.25,5.0,
2007-11-19,,,,,,,,,,,,,,,,,,,,,,,,,,,,,,,,,,,,,,,,,4.75,6.25,3.25,5.0,
2007-11-20,,,,,,,,,,,,,,,,,,,,,,,,,,,,,,,,,,,,,,,,,4.75,6.25,3.25,5.0,
2007-11-21,,,,,,,,,,,,,,,,,,,,,,,,,,,,,,,,,,,,,,,,,4.75,6.25,3.25,5.0,
2007-11-22,,,,,,,,,,,,,,,,,,,,,,,,,,,,,,,,,,,,,,,,,4.75,6.25,3.25,5.0,
2007-11-23,,,,,,,,,,,,,,,,,,,,,,,,,,,,,,,,,,,,,,,,,4.75,6.25,3.25,5.0,
2007-11-24,,,,,,,,,,,,,,,,,,,,,,,,,,,,,,,,,,,,,,,,,4.75,6.25,3.25,5.0,
2007-11-25,,,,,,,,,,,,,,,,,,,,,,,,,,,,,,,,,,,,,,,,,4.75,6.25,3.25,5.0,
2007-11-26,,,,,,,,,,,,,,,,,,,,,,,,,,,,,,,,,,,,,,,,,4.75,6.25,3.25,5.0,
2007-11-27,,,,,,,,,,,,,,,,,,,,,,,,,,,,,,,,,,,,,,,,,4.75,6.25,3.25,5.0,
2007-11-28,,,,,,,,,,,,,,,,,,,,,,,,,,,,,,,,,,,,,,,,,4.75,6.25,3.25,5.0,
2007-11-29,,,,,,,,,,,,,,,,,,,,,,,,,,,,,,,,,,,,,,,,,5.0,6.5,3.5,5.25,
2007-11-30,,,,,,,,,,,,,,,,,,,,,,,,,,,,,,,,,,,,,,,,,5.0,6.5,3.5,5.25,
2007-12-01,,,,,,,,,,,,,,,,,,,,,,,,,,,,,,,,,,,,,,,,,5.0,6.5,3.5,5.25,
2007-12-02,,,,,,,,,,,,,,,,,,,,,,,,,,,,,,,,,,,,,,,,,5.0,6.5,3.5,5.25,
2007-12-03,,,,,,,,,,,,,,,,,,,,,,,,,,,,,,,,,,,,,,,,,5.0,6.5,3.5,5.25,
2007-12-04,,,,,,,,,,,,,,,,,,,,,,,,,,,,,,,,,,,,,,,,,5.0,6.5,3.5,5.25,
2007-12-05,,,,,,,,,,,,,,,,,,,,,,,,,,,,,,,,,,,,,,,,,5.0,6.5,3.5,5.25,
2007-12-06,,,,,,,,,,,,,,,,,,,,,,,,,,,,,,,,,,,,,,,,,5.0,6.5,3.5,5.25,
2007-12-07,,,,,,,,,,,,,,,,,,,,,,,,,,,,,,,,,,,,,,,,,5.0,6.5,3.5,5.25,
2007-12-08,,,,,,,,,,,,,,,,,,,,,,,,,,,,,,,,,,,,,,,,,5.0,6.5,3.5,5.25,
2007-12-09,,,,,,,,,,,,,,,,,,,,,,,,,,,,,,,,,,,,,,,,,5.0,6.5,3.5,5.25,
2007-12-10,,,,,,,,,,,,,,,,,,,,,,,,,,,,,,,,,,,,,,,,,5.0,6.5,3.5,5.25,
2007-12-11,,,,,,,,,,,,,,,,,,,,,,,,,,,,,,,,,,,,,,,,,5.0,6.5,3.5,5.25,
2007-12-12,,,,,,,,,,,,,,,,,,,,,,,,,,,,,,,,,,,,,,,,,5.0,6.5,3.5,5.25,
2007-12-13,,,,,,,,,,,,,,,,,,,,,,,,,,,,,,,,,,,,,,,,,5.0,6.5,3.5,5.25,
2007-12-14,,,,,,,,,,,,,,,,,,,,,,,,,,,,,,,,,,,,,,,,,5.0,6.5,3.5,5.25,
2007-12-15,,,,,,,,,,,,,,,,,,,,,,,,,,,,,,,,,,,,,,,,,5.0,6.5,3.5,5.25,
2007-12-16,,,,,,,,,,,,,,,,,,,,,,,,,,,,,,,,,,,,,,,,,5.0,6.5,3.5,5.25,
2007-12-17,,,,,,,,,,,,,,,,,,,,,,,,,,,,,,,,,,,,,,,,,5.0,6.5,3.5,5.25,
2007-12-18,,,,,,,,,,,,,,,,,,,,,,,,,,,,,,,,,,,,,,,,,5.0,6.5,3.5,5.25,
2007-12-19,,,,,,,,,,,,,,,,,,,,,,,,,,,,,,,,,,,,,,,,,5.0,6.5,3.5,5.25,
2007-12-20,,,,,,,,,,,,,,,,,,,,,,,,,,,,,,,,,,,,,,,,,5.0,6.5,3.5,5.25,
2007-12-21,,,,,,,,,,,,,,,,,,,,,,,,,,,,,,,,,,,,,,,,,5.0,6.5,3.5,5.25,
2007-12-22,,,,,,,,,,,,,,,,,,,,,,,,,,,,,,,,,,,,,,,,,5.0,6.5,3.5,5.25,
2007-12-23,,,,,,,,,,,,,,,,,,,,,,,,,,,,,,,,,,,,,,,,,5.0,6.5,3.5,5.25,
2007-12-24,,,,,,,,,,,,,,,,,,,,,,,,,,,,,,,,,,,,,,,,,5.0,6.5,3.5,5.25,
2007-12-25,,,,,,,,,,,,,,,,,,,,,,,,,,,,,,,,,,,,,,,,,5.0,6.5,3.5,5.25,
2007-12-26,,,,,,,,,,,,,,,,,,,,,,,,,,,,,,,,,,,,,,,,,5.0,6.5,3.5,5.25,
2007-12-27,,,,,,,,,,,,,,,,,,,,,,,,,,,,,,,,,,,,,,,,,5.0,6.5,3.5,5.25,
2007-12-28,,,,,,,,,,,,,,,,,,,,,,,,,,,,,,,,,,,,,,,,,5.0,6.5,3.5,5.25,
2007-12-29,,,,,,,,,,,,,,,,,,,,,,,,,,,,,,,,,,,,,,,,,5.0,6.5,3.5,5.25,
2007-12-30,,,,,,,,,,,,,,,,,,,,,,,,,,,,,,,,,,,,,,,,,5.0,6.5,3.5,5.25,
2007-12-31,,,,,,,,,,,,,,,,,,,,,,,,,,,,,,,,,,,,,,,,,5.0,6.5,3.5,5.25,
2008-01-01,,,,,,,,,,,,,,,,,,,,,,,,,,,,,,,,,,,,,,,,,5.0,6.5,3.5,5.25,
2008-01-02,,,,,,,,,,,,,,,,,,,,,,,,,,,,,,,,,,,,,,,,,5.0,6.5,3.5,5.25,
2008-01-03,,,,,,,,,,,,,,,,,,,,,,,,,,,,,,,,,,,,,,,,,5.0,6.5,3.5,5.25,
2008-01-04,,,,,,,,,,,,,,,,,,,,,,,,,,,,,,,,,,,,,,,,,5.0,6.5,3.5,5.25,
2008-01-05,,,,,,,,,,,,,,,,,,,,,,,,,,,,,,,,,,,,,,,,,5.0,6.5,3.5,5.25,
2008-01-06,,,,,,,,,,,,,,,,,,,,,,,,,,,,,,,,,,,,,,,,,5.0,6.5,3.5,5.25,
2008-01-07,,,,,,,,,,,,,,,,,,,,,,,,,,,,,,,,,,,,,,,,,5.0,6.5,3.5,5.25,
2008-01-08,,,,,,,,,,,,,,,,,,,,,,,,,,,,,,,,,,,,,,,,,5.0,6.5,3.5,5.25,
2008-01-09,,,,,,,,,,,,,,,,,,,,,,,,,,,,,,,,,,,,,,,,,5.0,6.5,3.5,5.25,
2008-01-10,,,,,,,,,,,,,,,,,,,,,,,,,,,,,,,,,,,,,,,,,5.0,6.5,3.5,5.25,
2008-01-11,,,,,,,,,,,,,,,,,,,,,,,,,,,,,,,,,,,,,,,,,5.0,6.5,3.5,5.25,
2008-01-12,,,,,,,,,,,,,,,,,,,,,,,,,,,,,,,,,,,,,,,,,5.0,6.5,3.5,5.25,
2008-01-13,,,,,,,,,,,,,,,,,,,,,,,,,,,,,,,,,,,,,,,,,5.0,6.5,3.5,5.25,
2008-01-14,,,,,,,,,,,,,,,,,,,,,,,,,,,,,,,,,,,,,,,,,5.0,6.5,3.5,5.25,
2008-01-15,,,,,,,,,,,,,,,,,,,,,,,,,,,,,,,,,,,,,,,,,5.0,6.5,3.5,5.25,
2008-01-16,,,,,,,,,,,,,,,,,,,,,,,,,,,,,,,,,,,,,,,,,5.0,6.5,3.5,5.25,
2008-01-17,,,,,,,,,,,,,,,,,,,,,,,,,,,,,,,,,,,,,,,,,5.0,6.5,3.5,5.25,
2008-01-18,,,,,,,,,,,,,,,,,,,,,,,,,,,,,,,,,,,,,,,,,5.0,6.5,3.5,5.25,
2008-01-19,,,,,,,,,,,,,,,,,,,,,,,,,,,,,,,,,,,,,,,,,5.0,6.5,3.5,5.25,
2008-01-20,,,,,,,,,,,,,,,,,,,,,,,,,,,,,,,,,,,,,,,,,5.0,6.5,3.5,5.25,
2008-01-21,,,,,,,,,,,,,,,,,,,,,,,,,,,,,,,,,,,,,,,,,5.0,6.5,3.5,5.25,
2008-01-22,,,,,,,,,,,,,,,,,,,,,,,,,,,,,,,,,,,,,,,,,5.0,6.5,3.5,5.25,
2008-01-23,,,,,,,,,,,,,,,,,,,,,,,,,,,,,,,,,,,,,,,,,5.0,6.5,3.5,5.25,
2008-01-24,,,,,,,,,,,,,,,,,,,,,,,,,,,,,,,,,,,,,,,,,5.0,6.5,3.5,5.25,
2008-01-25,,,,,,,,,,,,,,,,,,,,,,,,,,,,,,,,,,,,,,,,,5.0,6.5,3.5,5.25,
2008-01-26,,,,,,,,,,,,,,,,,,,,,,,,,,,,,,,,,,,,,,,,,5.0,6.5,3.5,5.25,
2008-01-27,,,,,,,,,,,,,,,,,,,,,,,,,,,,,,,,,,,,,,,,,5.0,6.5,3.5,5.25,
2008-01-28,,,,,,,,,,,,,,,,,,,,,,,,,,,,,,,,,,,,,,,,,5.0,6.5,3.5,5.25,
2008-01-29,,,,,,,,,,,,,,,,,,,,,,,,,,,,,,,,,,,,,,,,,5.0,6.5,3.5,5.25,
2008-01-30,,,,,,,,,,,,,,,,,,,,,,,,,,,,,,,,,,,,,,,,,5.0,6.5,3.5,5.25,
2008-01-31,,,,,,,,,,,,,,,,,,,,,,,,,,,,,,,,,,,,,,,,,5.25,6.75,3.75,5.5,
2008-02-01,,,,,,,,,,,,,,,,,,,,,,,,,,,,,,,,,,,,,,,,,5.25,6.75,3.75,5.5,
2008-02-02,,,,,,,,,,,,,,,,,,,,,,,,,,,,,,,,,,,,,,,,,5.25,6.75,3.75,5.5,
2008-02-03,,,,,,,,,,,,,,,,,,,,,,,,,,,,,,,,,,,,,,,,,5.25,6.75,3.75,5.5,
2008-02-04,,,,,,,,,,,,,,,,,,,,,,,,,,,,,,,,,,,,,,,,,5.25,6.75,3.75,5.5,
2008-02-05,,,,,,,,,,,,,,,,,,,,,,,,,,,,,,,,,,,,,,,,,5.25,6.75,3.75,5.5,
2008-02-06,,,,,,,,,,,,,,,,,,,,,,,,,,,,,,,,,,,,,,,,,5.25,6.75,3.75,5.5,
2008-02-07,,,,,,,,,,,,,,,,,,,,,,,,,,,,,,,,,,,,,,,,,5.25,6.75,3.75,5.5,
2008-02-08,,,,,,,,,,,,,,,,,,,,,,,,,,,,,,,,,,,,,,,,,5.25,6.75,3.75,5.5,
2008-02-09,,,,,,,,,,,,,,,,,,,,,,,,,,,,,,,,,,,,,,,,,5.25,6.75,3.75,5.5,
2008-02-10,,,,,,,,,,,,,,,,,,,,,,,,,,,,,,,,,,,,,,,,,5.25,6.75,3.75,5.5,
2008-02-11,,,,,,,,,,,,,,,,,,,,,,,,,,,,,,,,,,,,,,,,,5.25,6.75,3.75,5.5,
2008-02-12,,,,,,,,,,,,,,,,,,,,,,,,,,,,,,,,,,,,,,,,,5.25,6.75,3.75,5.5,
2008-02-13,,,,,,,,,,,,,,,,,,,,,,,,,,,,,,,,,,,,,,,,,5.25,6.75,3.75,5.5,
2008-02-14,,,,,,,,,,,,,,,,,,,,,,,,,,,,,,,,,,,,,,,,,5.25,6.75,3.75,5.5,
2008-02-15,,,,,,,,,,,,,,,,,,,,,,,,,,,,,,,,,,,,,,,,,5.25,6.75,3.75,5.5,
2008-02-16,,,,,,,,,,,,,,,,,,,,,,,,,,,,,,,,,,,,,,,,,5.25,6.75,3.75,5.5,
2008-02-17,,,,,,,,,,,,,,,,,,,,,,,,,,,,,,,,,,,,,,,,,5.25,6.75,3.75,5.5,
2008-02-18,,,,,,,,,,,,,,,,,,,,,,,,,,,,,,,,,,,,,,,,,5.25,6.75,3.75,5.5,
2008-02-19,,,,,,,,,,,,,,,,,,,,,,,,,,,,,,,,,,,,,,,,,5.25,6.75,3.75,5.5,
2008-02-20,,,,,,,,,,,,,,,,,,,,,,,,,,,,,,,,,,,,,,,,,5.25,6.75,3.75,5.5,
2008-02-21,,,,,,,,,,,,,,,,,,,,,,,,,,,,,,,,,,,,,,,,,5.25,6.75,3.75,5.5,
2008-02-22,,,,,,,,,,,,,,,,,,,,,,,,,,,,,,,,,,,,,,,,,5.25,6.75,3.75,5.5,
2008-02-23,,,,,,,,,,,,,,,,,,,,,,,,,,,,,,,,,,,,,,,,,5.25,6.75,3.75,5.5,
2008-02-24,,,,,,,,,,,,,,,,,,,,,,,,,,,,,,,,,,,,,,,,,5.25,6.75,3.75,5.5,
2008-02-25,,,,,,,,,,,,,,,,,,,,,,,,,,,,,,,,,,,,,,,,,5.25,6.75,3.75,5.5,
2008-02-26,,,,,,,,,,,,,,,,,,,,,,,,,,,,,,,,,,,,,,,,,5.25,6.75,3.75,5.5,
2008-02-27,,,,,,,,,,,,,,,,,,,,,,,,,,,,,,,,,,,,,,,,,5.25,6.75,3.75,5.5,
2008-02-28,,,,,,,,,,,,,,,,,,,,,,,,,,,,,,,,,,,,,,,,,5.5,7.0,4.0,5.75,
2008-02-29,,,,,,,,,,,,,,,,,,,,,,,,,,,,,,,,,,,,,,,,,5.5,7.0,4.0,5.75,
2008-03-01,,,,,,,,,,,,,,,,,,,,,,,,,,,,,,,,,,,,,,,,,5.5,7.0,4.0,5.75,
2008-03-02,,,,,,,,,,,,,,,,,,,,,,,,,,,,,,,,,,,,,,,,,5.5,7.0,4.0,5.75,
2008-03-03,,,,,,,,,,,,,,,,,,,,,,,,,,,,,,,,,,,,,,,,,5.5,7.0,4.0,5.75,
2008-03-04,,,,,,,,,,,,,,,,,,,,,,,,,,,,,,,,,,,,,,,,,5.5,7.0,4.0,5.75,
2008-03-05,,,,,,,,,,,,,,,,,,,,,,,,,,,,,,,,,,,,,,,,,5.5,7.0,4.0,5.75,
2008-03-06,,,,,,,,,,,,,,,,,,,,,,,,,,,,,,,,,,,,,,,,,5.5,7.0,4.0,5.75,
2008-03-07,,,,,,,,,,,,,,,,,,,,,,,,,,,,,,,,,,,,,,,,,5.5,7.0,4.0,5.75,
2008-03-08,,,,,,,,,,,,,,,,,,,,,,,,,,,,,,,,,,,,,,,,,5.5,7.0,4.0,5.75,
2008-03-09,,,,,,,,,,,,,,,,,,,,,,,,,,,,,,,,,,,,,,,,,5.5,7.0,4.0,5.75,
2008-03-10,,,,,,,,,,,,,,,,,,,,,,,,,,,,,,,,,,,,,,,,,5.5,7.0,4.0,5.75,
2008-03-11,,,,,,,,,,,,,,,,,,,,,,,,,,,,,,,,,,,,,,,,,5.5,7.0,4.0,5.75,
2008-03-12,,,,,,,,,,,,,,,,,,,,,,,,,,,,,,,,,,,,,,,,,5.5,7.0,4.0,5.75,
2008-03-13,,,,,,,,,,,,,,,,,,,,,,,,,,,,,,,,,,,,,,,,,5.5,7.0,4.0,5.75,
2008-03-14,,,,,,,,,,,,,,,,,,,,,,,,,,,,,,,,,,,,,,,,,5.5,7.0,4.0,5.75,
2008-03-15,,,,,,,,,,,,,,,,,,,,,,,,,,,,,,,,,,,,,,,,,5.5,7.0,4.0,5.75,
2008-03-16,,,,,,,,,,,,,,,,,,,,,,,,,,,,,,,,,,,,,,,,,5.5,7.0,4.0,5.75,
2008-03-17,,,,,,,,,,,,,,,,,,,,,,,,,,,,,,,,,,,,,,,,,5.5,7.0,4.0,5.75,
2008-03-18,,,,,,,,,,,,,,,,,,,,,,,,,,,,,,,,,,,,,,,,,5.5,7.0,4.0,5.75,
2008-03-19,,,,,,,,,,,,,,,,,,,,,,,,,,,,,,,,,,,,,,,,,5.5,7.0,4.0,5.75,
2008-03-20,,,,,,,,,,,,,,,,,,,,,,,,,,,,,,,,,,,,,,,,,5.5,7.0,4.0,5.75,
2008-03-21,,,,,,,,,,,,,,,,,,,,,,,,,,,,,,,,,,,,,,,,,5.5,7.0,4.0,5.75,
2008-03-22,,,,,,,,,,,,,,,,,,,,,,,,,,,,,,,,,,,,,,,,,5.5,7.0,4.0,5.75,
2008-03-23,,,,,,,,,,,,,,,,,,,,,,,,,,,,,,,,,,,,,,,,,5.5,7.0,4.0,5.75,
2008-03-24,,,,,,,,,,,,,,,,,,,,,,,,,,,,,,,,,,,,,,,,,5.5,7.0,4.0,5.75,
2008-03-25,,,,,,,,,,,,,,,,,,,,,,,,,,,,,,,,,,,,,,,,,5.5,7.0,4.0,5.75,
2008-03-26,,,,,,,,,,,,,,,,,,,,,,,,,,,,,,,,,,,,,,,,,5.5,7.0,4.0,5.75,
2008-03-27,,,,,,,,,,,,,,,,,,,,,,,,,,,,,,,,,,,,,,,,,5.75,7.25,4.25,6.0,
2008-03-28,,,,,,,,,,,,,,,,,,,,,,,,,,,,,,,,,,,,,,,,,5.75,7.25,4.25,6.0,
2008-03-29,,,,,,,,,,,,,,,,,,,,,,,,,,,,,,,,,,,,,,,,,5.75,7.25,4.25,6.0,
2008-03-30,,,,,,,,,,,,,,,,,,,,,,,,,,,,,,,,,,,,,,,,,5.75,7.25,4.25,6.0,
2008-03-31,,,,,,,,,,,,,,,,,,,,,,,,,,,,,,,,,,,,,,,,,5.75,7.25,4.25,6.0,
2008-04-01,,,,,,,,,,,,,,,,,,,,,,,,,,,,,,,,,,,,,,,,,5.75,7.25,4.25,6.0,
2008-04-02,,,,,,,,,,,,,,,,,,,,,,,,,,,,,,,,,,,,,,,,,5.75,7.25,4.25,6.0,
2008-04-03,,,,,,,,,,,,,,,,,,,,,,,,,,,,,,,,,,,,,,,,,5.75,7.25,4.25,6.0,
2008-04-04,,,,,,,,,,,,,,,,,,,,,,,,,,,,,,,,,,,,,,,,,5.75,7.25,4.25,6.0,
2008-04-05,,,,,,,,,,,,,,,,,,,,,,,,,,,,,,,,,,,,,,,,,5.75,7.25,4.25,6.0,
2008-04-06,,,,,,,,,,,,,,,,,,,,,,,,,,,,,,,,,,,,,,,,,5.75,7.25,4.25,6.0,
2008-04-07,,,,,,,,,,,,,,,,,,,,,,,,,,,,,,,,,,,,,,,,,5.75,7.25,4.25,6.0,
2008-04-08,,,,,,,,,,,,,,,,,,,,,,,,,,,,,,,,,,,,,,,,,5.75,7.25,4.25,6.0,
2008-04-09,,,,,,,,,,,,,,,,,,,,,,,,,,,,,,,,,,,,,,,,,5.75,7.25,4.25,6.0,
2008-04-10,,,,,,,,,,,,,,,,,,,,,,,,,,,,,,,,,,,,,,,,,5.75,7.25,4.25,6.0,
2008-04-11,,,,,,,,,,,,,,,,,,,,,,,,,,,,,,,,,,,,,,,,,5.75,7.25,4.25,6.0,
2008-04-12,,,,,,,,,,,,,,,,,,,,,,,,,,,,,,,,,,,,,,,,,5.75,7.25,4.25,6.0,
2008-04-13,,,,,,,,,,,,,,,,,,,,,,,,,,,,,,,,,,,,,,,,,5.75,7.25,4.25,6.0,
2008-04-14,,,,,,,,,,,,,,,,,,,,,,,,,,,,,,,,,,,,,,,,,5.75,7.25,4.25,6.0,
2008-04-15,,,,,,,,,,,,,,,,,,,,,,,,,,,,,,,,,,,,,,,,,5.75,7.25,4.25,6.0,
2008-04-16,,,,,,,,,,,,,,,,,,,,,,,,,,,,,,,,,,,,,,,,,5.75,7.25,4.25,6.0,
2008-04-17,,,,,,,,,,,,,,,,,,,,,,,,,,,,,,,,,,,,,,,,,5.75,7.25,4.25,6.0,
2008-04-18,,,,,,,,,,,,,,,,,,,,,,,,,,,,,,,,,,,,,,,,,5.75,7.25,4.25,6.0,
2008-04-19,,,,,,,,,,,,,,,,,,,,,,,,,,,,,,,,,,,,,,,,,5.75,7.25,4.25,6.0,
2008-04-20,,,,,,,,,,,,,,,,,,,,,,,,,,,,,,,,,,,,,,,,,5.75,7.25,4.25,6.0,
2008-04-21,,,,,,,,,,,,,,,,,,,,,,,,,,,,,,,,,,,,,,,,,5.75,7.25,4.25,6.0,
2008-04-22,,,,,,,,,,,,,,,,,,,,,,,,,,,,,,,,,,,,,,,,,5.75,7.25,4.25,6.0,
2008-04-23,,,,,,,,,,,,,,,,,,,,,,,,,,,,,,,,,,,,,,,,,5.75,7.25,4.25,6.0,
2008-04-24,,,,,,,,,,,,,,,,,,,,,,,,,,,,,,,,,,,,,,,,,5.75,7.25,4.25,6.0,
2008-04-25,,,,,,,,,,,,,,,,,,,,,,,,,,,,,,,,,,,,,,,,,5.75,7.25,4.25,6.0,
2008-04-26,,,,,,,,,,,,,,,,,,,,,,,,,,,,,,,,,,,,,,,,,5.75,7.25,4.25,6.0,
2008-04-27,,,,,,,,,,,,,,,,,,,,,,,,,,,,,,,,,,,,,,,,,5.75,7.25,4.25,6.0,
2008-04-28,,,,,,,,,,,,,,,,,,,,,,,,,,,,,,,,,,,,,,,,,5.75,7.25,4.25,6.0,
2008-04-29,,,,,,,,,,,,,,,,,,,,,,,,,,,,,,,,,,,,,,,,,5.75,7.25,4.25,6.0,
2008-04-30,,,,,,,,,,,,,,,,,,,,,,,,,,,,,,,,,,,,,,,,,5.75,7.25,4.25,6.0,
2008-05-01,,,,,,,,,,,,,,,,,,,,,,,,,,,,,,,,,,,,,,,,,5.75,7.25,4.25,6.0,
2008-05-02,,,,,,,,,,,,,,,,,,,,,,,,,,,,,,,,,,,,,,,,,5.75,7.25,4.25,6.0,
2008-05-03,,,,,,,,,,,,,,,,,,,,,,,,,,,,,,,,,,,,,,,,,5.75,7.25,4.25,6.0,
2008-05-04,,,,,,,,,,,,,,,,,,,,,,,,,,,,,,,,,,,,,,,,,5.75,7.25,4.25,6.0,
2008-05-05,,,,,,,,,,,,,,,,,,,,,,,,,,,,,,,,,,,,,,,,,5.75,7.25,4.25,6.0,
2008-05-06,,,,,,,,,,,,,,,,,,,,,,,,,,,,,,,,,,,,,,,,,5.75,7.25,4.25,6.0,
2008-05-07,,,,,,,,,,,,,,,,,,,,,,,,,,,,,,,,,,,,,,,,,5.75,7.25,4.25,6.0,
2008-05-08,,,,,,,,,,,,,,,,,,,,,,,,,,,,,,,,,,,,,,,,,5.75,7.25,4.25,6.0,
2008-05-09,,,,,,,,,,,,,,,,,,,,,,,,,,,,,,,,,,,,,,,,,5.75,7.25,4.25,6.0,
2008-05-10,,,,,,,,,,,,,,,,,,,,,,,,,,,,,,,,,,,,,,,,,5.75,7.25,4.25,6.0,
2008-05-11,,,,,,,,,,,,,,,,,,,,,,,,,,,,,,,,,,,,,,,,,5.75,7.25,4.25,6.0,
2008-05-12,,,,,,,,,,,,,,,,,,,,,,,,,,,,,,,,,,,,,,,,,5.75,7.25,4.25,6.0,
2008-05-13,,,,,,,,,,,,,,,,,,,,,,,,,,,,,,,,,,,,,,,,,5.75,7.25,4.25,6.0,
2008-05-14,,,,,,,,,,,,,,,,,,,,,,,,,,,,,,,,,,,,,,,,,5.75,7.25,4.25,6.0,
2008-05-15,,,,,,,,,,,,,,,,,,,,,,,,,,,,,,,,,,,,,,,,,5.75,7.25,4.25,6.0,
2008-05-16,,,,,,,,,,,,,,,,,,,,,,,,,,,,,,,,,,,,,,,,,5.75,7.25,4.25,6.0,
2008-05-17,,,,,,,,,,,,,,,,,,,,,,,,,,,,,,,,,,,,,,,,,5.75,7.25,4.25,6.0,
2008-05-18,,,,,,,,,,,,,,,,,,,,,,,,,,,,,,,,,,,,,,,,,5.75,7.25,4.25,6.0,
2008-05-19,,,,,,,,,,,,,,,,,,,,,,,,,,,,,,,,,,,,,,,,,5.75,7.25,4.25,6.0,
2008-05-20,,,,,,,,,,,,,,,,,,,,,,,,,,,,,,,,,,,,,,,,,5.75,7.25,4.25,6.0,
2008-05-21,,,,,,,,,,,,,,,,,,,,,,,,,,,,,,,,,,,,,,,,,5.75,7.25,4.25,6.0,
2008-05-22,,,,,,,,,,,,,,,,,,,,,,,,,,,,,,,,,,,,,,,,,5.75,7.25,4.25,6.0,
2008-05-23,,,,,,,,,,,,,,,,,,,,,,,,,,,,,,,,,,,,,,,,,5.75,7.25,4.25,6.0,
2008-05-24,,,,,,,,,,,,,,,,,,,,,,,,,,,,,,,,,,,,,,,,,5.75,7.25,4.25,6.0,
2008-05-25,,,,,,,,,,,,,,,,,,,,,,,,,,,,,,,,,,,,,,,,,5.75,7.25,4.25,6.0,
2008-05-26,,,,,,,,,,,,,,,,,,,,,,,,,,,,,,,,,,,,,,,,,5.75,7.25,4.25,6.0,
2008-05-27,,,,,,,,,,,,,,,,,,,,,,,,,,,,,,,,,,,,,,,,,5.75,7.25,4.25,6.0,
2008-05-28,,,,,,,,,,,,,,,,,,,,,,,,,,,,,,,,,,,,,,,,,5.75,7.25,4.25,6.0,
2008-05-29,,,,,,,,,,,,,,,,,,,,,,,,,,,,,,,,,,,,,,,,,5.75,7.25,4.25,6.0,
2008-05-30,,,,,,,,,,,,,,,,,,,,,,,,,,,,,,,,,,,,,,,,,5.75,7.25,4.25,6.0,
2008-05-31,,,,,,,,,,,,,,,,,,,,,,,,,,,,,,,,,,,,,,,,,5.75,7.25,4.25,6.0,
2008-06-01,,,,,,,,,,,,,,,,,,,,,,,,,,,,,,,,,,,,,,,,,5.75,7.25,4.25,6.0,
2008-06-02,,,,,,,,,,,,,,,,,,,,,,,,,,,,,,,,,,,,,,,,,5.75,7.25,4.25,6.0,
2008-06-03,,,,,,,,,,,,,,,,,,,,,,,,,,,,,,,,,,,,,,,,,5.75,7.25,4.25,6.0,
2008-06-04,,,,,,,,,,,,,,,,,,,,,,,,,,,,,,,,,,,,,,,,,5.75,7.25,4.25,6.0,
2008-06-05,,,,,,,,,,,,,,,,,,,,,,,,,,,,,,,,,,,,,,,,,5.75,7.25,4.25,6.0,
2008-06-06,,,,,,,,,,,,,,,,,,,,,,,,,,,,,,,,,,,,,,,,,5.75,7.25,4.25,6.0,
2008-06-07,,,,,,,,,,,,,,,,,,,,,,,,,,,,,,,,,,,,,,,,,5.75,7.25,4.25,6.0,
2008-06-08,,,,,,,,,,,,,,,,,,,,,,,,,,,,,,,,,,,,,,,,,5.75,7.25,4.25,6.0,
2008-06-09,,,,,,,,,,,,,,,,,,,,,,,,,,,,,,,,,,,,,,,,,5.75,7.25,4.25,6.0,
2008-06-10,,,,,,,,,,,,,,,,,,,,,,,,,,,,,,,,,,,,,,,,,5.75,7.25,4.25,6.0,
2008-06-11,,,,,,,,,,,,,,,,,,,,,,,,,,,,,,,,,,,,,,,,,5.75,7.25,4.25,6.0,
2008-06-12,,,,,,,,,,,,,,,,,,,,,,,,,,,,,,,,,,,,,,,,,5.75,7.25,4.25,6.0,
2008-06-13,,,,,,,,,,,,,,,,,,,,,,,,,,,,,,,,,,,,,,,,,5.75,7.25,4.25,6.0,
2008-06-14,,,,,,,,,,,,,,,,,,,,,,,,,,,,,,,,,,,,,,,,,5.75,7.25,4.25,6.0,
2008-06-15,,,,,,,,,,,,,,,,,,,,,,,,,,,,,,,,,,,,,,,,,5.75,7.25,4.25,6.0,
2008-06-16,,,,,,,,,,,,,,,,,,,,,,,,,,,,,,,,,,,,,,,,,5.75,7.25,4.25,6.0,
2008-06-17,,,,,,,,,,,,,,,,,,,,,,,,,,,,,,,,,,,,,,,,,5.75,7.25,4.25,6.0,
2008-06-18,,,,,,,,,,,,,,,,,,,,,,,,,,,,,,,,,,,,,,,,,5.75,7.25,4.25,6.0,
2008-06-19,,,,,,,,,,,,,,,,,,,,,,,,,,,,,,,,,,,,,,,,,5.75,7.25,4.25,6.0,
2008-06-20,,,,,,,,,,,,,,,,,,,,,,,,,,,,,,,,,,,,,,,,,5.75,7.25,4.25,6.0,
2008-06-21,,,,,,,,,,,,,,,,,,,,,,,,,,,,,,,,,,,,,,,,,5.75,7.25,4.25,6.0,
2008-06-22,,,,,,,,,,,,,,,,,,,,,,,,,,,,,,,,,,,,,,,,,5.75,7.25,4.25,6.0,
2008-06-23,,,,,,,,,,,,,,,,,,,,,,,,,,,,,,,,,,,,,,,,,5.75,7.25,4.25,6.0,
2008-06-24,,,,,,,,,,,,,,,,,,,,,,,,,,,,,,,,,,,,,,,,,5.75,7.25,4.25,6.0,
2008-06-25,,,,,,,,,,,,,,,,,,,,,,,,,,,,,,,,,,,,,,,,,5.75,7.25,4.25,6.0,
2008-06-26,,,,,,,,,,,,,,,,,,,,,,,,,,,,,,,,,,,,,,,,,6.0,7.5,4.5,6.25,
2008-06-27,,,,,,,,,,,,,,,,,,,,,,,,,,,,,,,,,,,,,,,,,6.0,7.5,4.5,6.25,
2008-06-28,,,,,,,,,,,,,,,,,,,,,,,,,,,,,,,,,,,,,,,,,6.0,7.5,4.5,6.25,
2008-06-29,,,,,,,,,,,,,,,,,,,,,,,,,,,,,,,,,,,,,,,,,6.0,7.5,4.5,6.25,
2008-06-30,,,,,,,,,,,,,,,,,,,,,,,,,,,,,,,,,,,,,,,,,6.0,7.5,4.5,6.25,
2008-07-01,,,,,,,,,,,,,,,,,,,,,,,,,,,,,,,,,,,,,,,,,6.0,7.5,4.5,6.25,
2008-07-02,,,,,,,,,,,,,,,,,,,,,,,,,,,,,,,,,,,,,,,,,6.0,7.5,4.5,6.25,
2008-07-03,,,,,,,,,,,,,,,,,,,,,,,,,,,,,,,,,,,,,,,,,6.0,7.5,4.5,6.25,
2008-07-04,,,,,,,,,,,,,,,,,,,,,,,,,,,,,,,,,,,,,,,,,6.0,7.5,4.5,6.25,
2008-07-05,,,,,,,,,,,,,,,,,,,,,,,,,,,,,,,,,,,,,,,,,6.0,7.5,4.5,6.25,
2008-07-06,,,,,,,,,,,,,,,,,,,,,,,,,,,,,,,,,,,,,,,,,6.0,7.5,4.5,6.25,
2008-07-07,,,,,,,,,,,,,,,,,,,,,,,,,,,,,,,,,,,,,,,,,6.0,7.5,4.5,6.25,
2008-07-08,,,,,,,,,,,,,,,,,,,,,,,,,,,,,,,,,,,,,,,,,6.0,7.5,4.5,6.25,
2008-07-09,,,,,,,,,,,,,,,,,,,,,,,,,,,,,,,,,,,,,,,,,6.0,7.5,4.5,6.25,
2008-07-10,,,,,,,,,,,,,,,,,,,,,,,,,,,,,,,,,,,,,,,,,6.0,7.5,4.5,6.25,
2008-07-11,,,,,,,,,,,,,,,,,,,,,,,,,,,,,,,,,,,,,,,,,6.0,7.5,4.5,6.25,
2008-07-12,,,,,,,,,,,,,,,,,,,,,,,,,,,,,,,,,,,,,,,,,6.0,7.5,4.5,6.25,
2008-07-13,,,,,,,,,,,,,,,,,,,,,,,,,,,,,,,,,,,,,,,,,6.0,7.5,4.5,6.25,
2008-07-14,,,,,,,,,,,,,,,,,,,,,,,,,,,,,,,,,,,,,,,,,6.0,7.5,4.5,6.25,
2008-07-15,,,,,,,,,,,,,,,,,,,,,,,,,,,,,,,,,,,,,,,,,6.0,7.5,4.5,6.25,
2008-07-16,,,,,,,,,,,,,,,,,,,,,,,,,,,,,,,,,,,,,,,,,6.0,7.5,4.5,6.25,
2008-07-17,,,,,,,,,,,,,,,,,,,,,,,,,,,,,,,,,,,,,,,,,6.0,7.5,4.5,6.25,
2008-07-18,,,,,,,,,,,,,,,,,,,,,,,,,,,,,,,,,,,,,,,,,6.0,7.5,4.5,6.25,
2008-07-19,,,,,,,,,,,,,,,,,,,,,,,,,,,,,,,,,,,,,,,,,6.0,7.5,4.5,6.25,
2008-07-20,,,,,,,,,,,,,,,,,,,,,,,,,,,,,,,,,,,,,,,,,6.0,7.5,4.5,6.25,
2008-07-21,,,,,,,,,,,,,,,,,,,,,,,,,,,,,,,,,,,,,,,,,6.0,7.5,4.5,6.25,
2008-07-22,,,,,,,,,,,,,,,,,,,,,,,,,,,,,,,,,,,,,,,,,6.0,7.5,4.5,6.25,
2008-07-23,,,,,,,,,,,,,,,,,,,,,,,,,,,,,,,,,,,,,,,,,6.0,7.5,4.5,6.25,
2008-07-24,,,,,,,,,,,,,,,,,,,,,,,,,,,,,,,,,,,,,,,,,6.0,7.5,4.5,6.25,
2008-07-25,,,,,,,,,,,,,,,,,,,,,,,,,,,,,,,,,,,,,,,,,6.0,7.5,4.5,6.25,
2008-07-26,,,,,,,,,,,,,,,,,,,,,,,,,,,,,,,,,,,,,,,,,6.0,7.5,4.5,6.25,
2008-07-27,,,,,,,,,,,,,,,,,,,,,,,,,,,,,,,,,,,,,,,,,6.0,7.5,4.5,6.25,
2008-07-28,,,,,,,,,,,,,,,,,,,,,,,,,,,,,,,,,,,,,,,,,6.0,7.5,4.5,6.25,
2008-07-29,,,,,,,,,,,,,,,,,,,,,,,,,,,,,,,,,,,,,,,,,6.0,7.5,4.5,6.25,
2008-07-30,,,,,,,,,,,,,,,,,,,,,,,,,,,,,,,,,,,,,,,,,6.0,7.5,4.5,6.25,
2008-07-31,,,,,,,,,,,,,,,,,,,,,,,,,,,,,,,,,,,,,,,,,6.0,7.5,4.5,6.25,
2008-08-01,,,,,,,,,,,,,,,,,,,,,,,,,,,,,,,,,,,,,,,,,6.0,7.5,4.5,6.25,
2008-08-02,,,,,,,,,,,,,,,,,,,,,,,,,,,,,,,,,,,,,,,,,6.0,7.5,4.5,6.25,
2008-08-03,,,,,,,,,,,,,,,,,,,,,,,,,,,,,,,,,,,,,,,,,6.0,7.5,4.5,6.25,
2008-08-04,,,,,,,,,,,,,,,,,,,,,,,,,,,,,,,,,,,,,,,,,6.0,7.5,4.5,6.25,
2008-08-05,,,,,,,,,,,,,,,,,,,,,,,,,,,,,,,,,,,,,,,,,6.0,7.5,4.5,6.25,
2008-08-06,,,,,,,,,,,,,,,,,,,,,,,,,,,,,,,,,,,,,,,,,6.0,7.5,4.5,6.25,
2008-08-07,,,,,,,,,,,,,,,,,,,,,,,,,,,,,,,,,,,,,,,,,6.0,7.5,4.5,6.25,
2008-08-08,,,,,,,,,,,,,,,,,,,,,,,,,,,,,,,,,,,,,,,,,6.0,7.5,4.5,6.25,
2008-08-09,,,,,,,,,,,,,,,,,,,,,,,,,,,,,,,,,,,,,,,,,6.0,7.5,4.5,6.25,
2008-08-10,,,,,,,,,,,,,,,,,,,,,,,,,,,,,,,,,,,,,,,,,6.0,7.5,4.5,6.25,
2008-08-11,,,,,,,,,,,,,,,,,,,,,,,,,,,,,,,,,,,,,,,,,6.0,7.5,4.5,6.25,
2008-08-12,,,,,,,,,,,,,,,,,,,,,,,,,,,,,,,,,,,,,,,,,6.0,7.5,4.5,6.25,
2008-08-13,,,,,,,,,,,,,,,,,,,,,,,,,,,,,,,,,,,,,,,,,6.0,7.5,4.5,6.25,
2008-08-14,,,,,,,,,,,,,,,,,,,,,,,,,,,,,,,,,,,,,,,,,6.0,7.5,4.5,6.25,
2008-08-15,,,,,,,,,,,,,,,,,,,,,,,,,,,,,,,,,,,,,,,,,6.0,7.5,4.5,6.25,
2008-08-16,,,,,,,,,,,,,,,,,,,,,,,,,,,,,,,,,,,,,,,,,6.0,7.5,4.5,6.25,
2008-08-17,,,,,,,,,,,,,,,,,,,,,,,,,,,,,,,,,,,,,,,,,6.0,7.5,4.5,6.25,
2008-08-18,,,,,,,,,,,,,,,,,,,,,,,,,,,,,,,,,,,,,,,,,6.0,7.5,4.5,6.25,
2008-08-19,,,,,,,,,,,,,,,,,,,,,,,,,,,,,,,,,,,,,,,,,6.0,7.5,4.5,6.25,
2008-08-20,,,,,,,,,,,,,,,,,,,,,,,,,,,,,,,,,,,,,,,,,6.0,7.5,4.5,6.25,
2008-08-21,,,,,,,,,,,,,,,,,,,,,,,,,,,,,,,,,,,,,,,,,6.0,7.5,4.5,6.25,
2008-08-22,,,,,,,,,,,,,,,,,,,,,,,,,,,,,,,,,,,,,,,,,6.0,7.5,4.5,6.25,
2008-08-23,,,,,,,,,,,,,,,,,,,,,,,,,,,,,,,,,,,,,,,,,6.0,7.5,4.5,6.25,
2008-08-24,,,,,,,,,,,,,,,,,,,,,,,,,,,,,,,,,,,,,,,,,6.0,7.5,4.5,6.25,
2008-08-25,,,,,,,,,,,,,,,,,,,,,,,,,,,,,,,,,,,,,,,,,6.0,7.5,4.5,6.25,
2008-08-26,,,,,,,,,,,,,,,,,,,,,,,,,,,,,,,,,,,,,,,,,6.0,7.5,4.5,6.25,
2008-08-27,,,,,,,,,,,,,,,,,,,,,,,,,,,,,,,,,,,,,,,,,6.0,7.5,4.5,6.25,
2008-08-28,,,,,,,,,,,,,,,,,,,,,,,,,,,,,,,,,,,,,,,,,6.0,7.5,4.5,6.25,
2008-08-29,,,,,,,,,,,,,,,,,,,,,,,,,,,,,,,,,,,,,,,,,6.0,7.5,4.5,6.25,
2008-08-30,,,,,,,,,,,,,,,,,,,,,,,,,,,,,,,,,,,,,,,,,6.0,7.5,4.5,6.25,
2008-08-31,,,,,,,,,,,,,,,,,,,,,,,,,,,,,,,,,,,,,,,,,6.0,7.5,4.5,6.25,
2008-09-01,,,,,,,,,,,,,,,,,,,,,,,,,,,,,,,,,,,,,,,,,6.0,7.5,4.5,6.25,
2008-09-02,,,,,,,,,,,,,,,,,,,,,,,,,,,,,,,,,,,,,,,,,6.0,7.5,4.5,6.25,
2008-09-03,,,,,,,,,,,,,,,,,,,,,,,,,,,,,,,,,,,,,,,,,6.0,7.5,4.5,6.25,
2008-09-04,,,,,,,,,,,,,,,,,,,,,,,,,,,,,,,,,,,,,,,,,6.0,7.5,4.5,6.25,
2008-09-05,,,,,,,,,,,,,,,,,,,,,,,,,,,,,,,,,,,,,,,,,6.0,7.5,4.5,6.25,
2008-09-06,,,,,,,,,,,,,,,,,,,,,,,,,,,,,,,,,,,,,,,,,6.0,7.5,4.5,6.25,
2008-09-07,,,,,,,,,,,,,,,,,,,,,,,,,,,,,,,,,,,,,,,,,6.0,7.5,4.5,6.25,
2008-09-08,,,,,,,,,,,,,,,,,,,,,,,,,,,,,,,,,,,,,,,,,6.0,7.5,4.5,6.25,
2008-09-09,,,,,,,,,,,,,,,,,,,,,,,,,,,,,,,,,,,,,,,,,6.0,7.5,4.5,6.25,
2008-09-10,,,,,,,,,,,,,,,,,,,,,,,,,,,,,,,,,,,,,,,,,6.0,7.5,4.5,6.25,
2008-09-11,,,,,,,,,,,,,,,,,,,,,,,,,,,,,,,,,,,,,,,,,6.0,7.5,4.5,6.25,
2008-09-12,,,,,,,,,,,,,,,,,,,,,,,,,,,,,,,,,,,,,,,,,6.0,7.5,4.5,6.25,
2008-09-13,,,,,,,,,,,,,,,,,,,,,,,,,,,,,,,,,,,,,,,,,6.0,7.5,4.5,6.25,
2008-09-14,,,,,,,,,,,,,,,,,,,,,,,,,,,,,,,,,,,,,,,,,6.0,7.5,4.5,6.25,
2008-09-15,,,,,,,,,,,,,,,,,,,,,,,,,,,,,,,,,,,,,,,,,6.0,7.5,4.5,6.25,
2008-09-16,,,,,,,,,,,,,,,,,,,,,,,,,,,,,,,,,,,,,,,,,6.0,7.5,4.5,6.25,
2008-09-17,,,,,,,,,,,,,,,,,,,,,,,,,,,,,,,,,,,,,,,,,6.0,7.5,4.5,6.25,
2008-09-18,,,,,,,,,,,,,,,,,,,,,,,,,,,,,,,,,,,,,,,,,6.0,7.5,4.5,6.25,
2008-09-19,,,,,,,,,,,,,,,,,,,,,,,,,,,,,,,,,,,,,,,,,6.0,7.5,4.5,6.25,
2008-09-20,,,,,,,,,,,,,,,,,,,,,,,,,,,,,,,,,,,,,,,,,6.0,7.5,4.5,6.25,
2008-09-21,,,,,,,,,,,,,,,,,,,,,,,,,,,,,,,,,,,,,,,,,6.0,7.5,4.5,6.25,
2008-09-22,,,,,,,,,,,,,,,,,,,,,,,,,,,,,,,,,,,,,,,,,6.0,7.5,4.5,6.25,
2008-09-23,,,,,,,,,,,,,,,,,,,,,,,,,,,,,,,,,,,,,,,,,6.0,7.5,4.5,6.25,
2008-09-24,,,,,,,,,,,,,,,,,,,,,,,,,,,,,,,,,,,,,,,,,6.0,7.5,4.5,6.25,
2008-09-25,,,,,,,,,,,,,,,,,,,,,,,,,,,,,,,,,,,,,,,,,6.0,7.5,4.5,6.25,
2008-09-26,,,,,,,,,,,,,,,,,,,,,,,,,,,,,,,,,,,,,,,,,6.0,7.5,4.5,6.25,
2008-09-27,,,,,,,,,,,,,,,,,,,,,,,,,,,,,,,,,,,,,,,,,6.0,7.5,4.5,6.25,
2008-09-28,,,,,,,,,,,,,,,,,,,,,,,,,,,,,,,,,,,,,,,,,6.0,7.5,4.5,6.25,
2008-09-29,,,,,,,,,,,,,,,,,,,,,,,,,,,,,,,,,,,,,,,,,6.0,7.5,4.5,6.25,
2008-09-30,,,,,,,,,,,,,,,,,,,,,,,,,,,,,,,,,,,,,,,,,6.0,7.5,4.5,6.25,
2008-10-01,,,,,,,,,,,,,,,,,,,,,,,,,,,,,,,,,,,,,,,,,6.0,7.5,4.5,6.25,
2008-10-02,,,,,,,,,,,,,,,,,,,,,,,,,,,,,,,,,,,,,,,,,6.0,7.5,4.5,6.25,
2008-10-03,,,,,,,,,,,,,,,,,,,,,,,,,,,,,,,,,,,,,,,,,6.0,7.5,4.5,6.25,
2008-10-04,,,,,,,,,,,,,,,,,,,,,,,,,,,,,,,,,,,,,,,,,6.0,7.5,4.5,6.25,
2008-10-05,,,,,,,,,,,,,,,,,,,,,,,,,,,,,,,,,,,,,,,,,6.0,7.5,4.5,6.25,
2008-10-06,,,,,,,,,,,,,,,,,,,,,,,,,,,,,,,,,,,,,,,,,6.0,7.5,4.5,6.25,
2008-10-07,,,,,,,,,,,,,,,,,,,,,,,,,,,,,,,,,,,,,,,,,6.0,7.5,4.5,6.25,
2008-10-08,,,,,,,,,,,,,,,,,,,,,,,,,,,,,,,,,,,,,,,,,6.0,7.5,4.5,6.25,
2008-10-09,,,,,,,,,,,,,,,,,,,,,,,,,,,,,,,,,,,,,,,,,6.0,7.5,4.5,6.25,
2008-10-10,,,,,,,,,,,,,,,,,,,,,,,,,,,,,,,,,,,,,,,,,6.0,7.5,4.5,6.25,
2008-10-11,,,,,,,,,,,,,,,,,,,,,,,,,,,,,,,,,,,,,,,,,6.0,7.5,4.5,6.25,
2008-10-12,,,,,,,,,,,,,,,,,,,,,,,,,,,,,,,,,,,,,,,,,6.0,7.5,4.5,6.25,
2008-10-13,,,,,,,,,,,,,,,,,,,,,,,,,,,,,,,,,,,,,,,,,6.0,7.5,4.5,6.25,
2008-10-14,,,,,,,,,,,,,,,,,,,,,,,,,,,,,,,,,,,,,,,,,6.0,7.5,4.5,6.25,
2008-10-15,,,,,,,,,,,,,,,,,,,,,,,,,,,,,,,,,,,,,,,,,6.0,7.5,4.5,6.25,
2008-10-16,,,,,,,,,,,,,,,,,,,,,,,,,,,,,,,,,,,,,,,,,6.0,7.5,4.5,6.25,
2008-10-17,,,,,,,,,,,,,,,,,,,,,,,,,,,,,,,,,,,,,,,,,6.0,7.5,4.5,6.25,
2008-10-18,,,,,,,,,,,,,,,,,,,,,,,,,,,,,,,,,,,,,,,,,6.0,7.5,4.5,6.25,
2008-10-19,,,,,,,,,,,,,,,,,,,,,,,,,,,,,,,,,,,,,,,,,6.0,7.5,4.5,6.25,
2008-10-20,,,,,,,,,,,,,,,,,,,,,,,,,,,,,,,,,,,,,,,,,6.0,7.5,4.5,6.25,
2008-10-21,,,,,,,,,,,,,,,,,,,,,,,,,,,,,,,,,,,,,,,,,6.0,7.5,4.5,6.25,
2008-10-22,,,,,,,,,,,,,,,,,,,,,,,,,,,,,,,,,,,,,,,,,6.0,7.5,4.5,6.25,
2008-10-23,,,,,,,,,,,,,,,,,,,,,,,,,,,,,,,,,,,,,,,,,6.0,7.5,4.5,6.25,
2008-10-24,,,,,,,,,,,,,,,,,,,,,,,,,,,,,,,,,,,,,,,,,6.0,7.5,4.5,6.25,
2008-10-25,,,,,,,,,,,,,,,,,,,,,,,,,,,,,,,,,,,,,,,,,6.0,7.5,4.5,6.25,
2008-10-26,,,,,,,,,,,,,,,,,,,,,,,,,,,,,,,,,,,,,,,,,6.0,7.5,4.5,6.25,
2008-10-27,,,,,,,,,,,,,,,,,,,,,,,,,,,,,,,,,,,,,,,,,6.0,7.5,4.5,6.25,
2008-10-28,,,,,,,,,,,,,,,,,,,,,,,,,,,,,,,,,,,,,,,,,6.0,7.5,4.5,6.25,
2008-10-29,,,,,,,,,,,,,,,,,,,,,,,,,,,,,,,,,,,,,,,,,6.0,7.5,4.5,6.25,
2008-10-30,,,,,,,,,,,,,,,,,,,,,,,,,,,,,,,,,,,,,,,,,6.0,7.5,4.5,6.25,
2008-10-31,,,,,,,,,,,,,,,,,,,,,,,,,,,,,,,,,,,,,,,,,6.0,7.5,4.5,6.25,
2008-11-01,,,,,,,,,,,,,,,,,,,,,,,,,,,,,,,,,,,,,,,,,6.0,7.5,4.5,6.25,
2008-11-02,,,,,,,,,,,,,,,,,,,,,,,,,,,,,,,,,,,,,,,,,6.0,7.5,4.5,6.25,
2008-11-03,,,,,,,,,,,,,,,,,,,,,,,,,,,,,,,,,,,,,,,,,6.0,7.5,4.5,6.25,
2008-11-04,,,,,,,,,,,,,,,,,,,,,,,,,,,,,,,,,,,,,,,,,6.0,7.5,4.5,6.25,
2008-11-05,,,,,,,,,,,,,,,,,,,,,,,,,,,,,,,,,,,,,,,,,6.0,7.5,4.5,6.25,
2008-11-06,,,,,,,,,,,,,,,,,,,,,,,,,,,,,,,,,,,,,,,,,6.0,7.5,4.5,6.25,
2008-11-07,,,,,,,,,,,,,,,,,,,,,,,,,,,,,,,,,,,,,,,,,6.0,7.5,4.5,6.25,
2008-11-08,,,,,,,,,,,,,,,,,,,,,,,,,,,,,,,,,,,,,,,,,6.0,7.5,4.5,6.25,
2008-11-09,,,,,,,,,,,,,,,,,,,,,,,,,,,,,,,,,,,,,,,,,6.0,7.5,4.5,6.25,
2008-11-10,,,,,,,,,,,,,,,,,,,,,,,,,,,,,,,,,,,,,,,,,6.0,7.5,4.5,6.25,
2008-11-11,,,,,,,,,,,,,,,,,,,,,,,,,,,,,,,,,,,,,,,,,6.0,7.5,4.5,6.25,
2008-11-12,,,,,,,,,,,,,,,,,,,,,,,,,,,,,,,,,,,,,,,,,6.0,7.5,4.5,6.25,
2008-11-13,,,,,,,,,,,,,,,,,,,,,,,,,,,,,,,,,,,,,,,,,6.0,7.5,4.5,6.25,
2008-11-14,,,,,,,,,,,,,,,,,,,,,,,,,,,,,,,,,,,,,,,,,6.0,7.5,4.5,6.25,
2008-11-15,,,,,,,,,,,,,,,,,,,,,,,,,,,,,,,,,,,,,,,,,6.0,7.5,4.5,6.25,
2008-11-16,,,,,,,,,,,,,,,,,,,,,,,,,,,,,,,,,,,,,,,,,6.0,7.5,4.5,6.25,
2008-11-17,,,,,,,,,,,,,,,,,,,,,,,,,,,,,,,,,,,,,,,,,6.0,7.5,4.5,6.25,
2008-11-18,,,,,,,,,,,,,,,,,,,,,,,,,,,,,,,,,,,,,,,,,6.0,7.5,4.5,6.25,
2008-11-19,,,,,,,,,,,,,,,,,,,,,,,,,,,,,,,,,,,,,,,,,6.0,7.5,4.5,6.25,
2008-11-20,,,,,,,,,,,,,,,,,,,,,,,,,,,,,,,,,,,,,,,,,6.0,7.5,4.5,6.25,
2008-11-21,,,,,,,,,,,,,,,,,,,,,,,,,,,,,,,,,,,,,,,,,6.0,7.5,4.5,6.25,
2008-11-22,,,,,,,,,,,,,,,,,,,,,,,,,,,,,,,,,,,,,,,,,6.0,7.5,4.5,6.25,
2008-11-23,,,,,,,,,,,,,,,,,,,,,,,,,,,,,,,,,,,,,,,,,6.0,7.5,4.5,6.25,
2008-11-24,,,,,,,,,,,,,,,,,,,,,,,,,,,,,,,,,,,,,,,,,6.0,7.5,4.5,6.25,
2008-11-25,,,,,,,,,,,,,,,,,,,,,,,,,,,,,,,,,,,,,,,,,6.0,7.5,4.5,6.25,
2008-11-26,,,,,,,,,,,,,,,,,,,,,,,,,,,,,,,,,,,,,,,,,6.0,7.5,4.5,6.25,
2008-11-27,,,,,,,,,,,,,,,,,,,,,,,,,,,,,,,,,,,,,,,,,5.75,7.25,4.25,6.0,
2008-11-28,,,,,,,,,,,,,,,,,,,,,,,,,,,,,,,,,,,,,,,,,5.75,7.25,4.25,6.0,
2008-11-29,,,,,,,,,,,,,,,,,,,,,,,,,,,,,,,,,,,,,,,,,5.75,7.25,4.25,6.0,
2008-11-30,,,,,,,,,,,,,,,,,,,,,,,,,,,,,,,,,,,,,,,,,5.75,7.25,4.25,6.0,
2008-12-01,,,,,,,,,,,,,,,,,,,,,,,,,,,,,,,,,,,,,,,,,5.75,7.25,4.25,6.0,
2008-12-02,,,,,,,,,,,,,,,,,,,,,,,,,,,,,,,,,,,,,,,,,5.75,7.25,4.25,6.0,
2008-12-03,,,,,,,,,,,,,,,,,,,,,,,,,,,,,,,,,,,,,,,,,5.75,7.25,4.25,6.0,
2008-12-04,,,,,,,,,,,,,,,,,,,,,,,,,,,,,,,,,,,,,,,,,5.75,7.25,4.25,6.0,
2008-12-05,,,,,,,,,,,,,,,,,,,,,,,,,,,,,,,,,,,,,,,,,5.75,7.25,4.25,6.0,
2008-12-06,,,,,,,,,,,,,,,,,,,,,,,,,,,,,,,,,,,,,,,,,5.75,7.25,4.25,6.0,
2008-12-07,,,,,,,,,,,,,,,,,,,,,,,,,,,,,,,,,,,,,,,,,5.75,7.25,4.25,6.0,
2008-12-08,,,,,,,,,,,,,,,,,,,,,,,,,,,,,,,,,,,,,,,,,5.75,7.25,4.25,6.0,
2008-12-09,,,,,,,,,,,,,,,,,,,,,,,,,,,,,,,,,,,,,,,,,5.75,7.25,4.25,6.0,
2008-12-10,,,,,,,,,,,,,,,,,,,,,,,,,,,,,,,,,,,,,,,,,5.75,7.25,4.25,6.0,
2008-12-11,,,,,,,,,,,,,,,,,,,,,,,,,,,,,,,,,,,,,,,,,5.75,7.25,4.25,6.0,
2008-12-12,,,,,,,,,,,,,,,,,,,,,,,,,,,,,,,,,,,,,,,,,5.75,7.25,4.25,6.0,
2008-12-13,,,,,,,,,,,,,,,,,,,,,,,,,,,,,,,,,,,,,,,,,5.75,7.25,4.25,6.0,
2008-12-14,,,,,,,,,,,,,,,,,,,,,,,,,,,,,,,,,,,,,,,,,5.75,7.25,4.25,6.0,
2008-12-15,,,,,,,,,,,,,,,,,,,,,,,,,,,,,,,,,,,,,,,,,5.75,7.25,4.25,6.0,
2008-12-16,,,,,,,,,,,,,,,,,,,,,,,,,,,,,,,,,,,,,,,,,5.75,7.25,4.25,6.0,
2008-12-17,,,,,,,,,,,,,,,,,,,,,,,,,,,,,,,,,,,,,,,,,5.75,7.25,4.25,6.0,
2008-12-18,,,,,,,,,,,,,,,,,,,,,,,,,,,,,,,,,,,,,,,,,5.75,7.25,4.25,6.0,
2008-12-19,,,,,,,,,,,,,,,,,,,,,,,,,,,,,,,,,,,,,,,,,5.75,7.25,4.25,6.0,
2008-12-20,,,,,,,,,,,,,,,,,,,,,,,,,,,,,,,,,,,,,,,,,5.75,7.25,4.25,6.0,
2008-12-21,,,,,,,,,,,,,,,,,,,,,,,,,,,,,,,,,,,,,,,,,5.75,7.25,4.25,6.0,
2008-12-22,,,,,,,,,,,,,,,,,,,,,,,,,,,,,,,,,,,,,,,,,5.75,7.25,4.25,6.0,
2008-12-23,,,,,,,,,,,,,,,,,,,,,,,,,,,,,,,,,,,,,,,,,5.75,7.25,4.25,6.0,
2008-12-24,,,,,,,,,,,,,,,,,,,,,,,,,,,,,,,,,,,,,,,,,5.0,6.5,3.5,5.25,
2008-12-25,,,,,,,,,,,,,,,,,,,,,,,,,,,,,,,,,,,,,,,,,5.0,6.5,3.5,5.25,
2008-12-26,,,,,,,,,,,,,,,,,,,,,,,,,,,,,,,,,,,,,,,,,5.0,6.5,3.5,5.25,
2008-12-27,,,,,,,,,,,,,,,,,,,,,,,,,,,,,,,,,,,,,,,,,5.0,6.5,3.5,5.25,
2008-12-28,,,,,,,,,,,,,,,,,,,,,,,,,,,,,,,,,,,,,,,,,5.0,6.5,3.5,5.25,
2008-12-29,,,,,,,,,,,,,,,,,,,,,,,,,,,,,,,,,,,,,,,,,5.0,6.5,3.5,5.25,
2008-12-30,,,,,,,,,,,,,,,,,,,,,,,,,,,,,,,,,,,,,,,,,5.0,6.5,3.5,5.25,
2008-12-31,,,,,,,,,,,,,,,,,,,,,,,,,,,,,,,,,,,,,,,,,5.0,6.5,3.5,5.25,
2009-01-01,,,,,,,,,,,,,,,,,,,,,,,,,,,,,,,,,,,,,,,,,5.0,6.5,3.5,5.25,
2009-01-02,,,,,,,,,,,,,,,,,,,,,,,,,,,,,,,,,,,,,,,,,5.0,6.5,3.5,5.25,
2009-01-03,,,,,,,,,,,,,,,,,,,,,,,,,,,,,,,,,,,,,,,,,5.0,6.5,3.5,5.25,
2009-01-04,,,,,,,,,,,,,,,,,,,,,,,,,,,,,,,,,,,,,,,,,5.0,6.5,3.5,5.25,
2009-01-05,,,,,,,,,,,,,,,,,,,,,,,,,,,,,,,,,,,,,,,,,5.0,6.5,3.5,5.25,
2009-01-06,,,,,,,,,,,,,,,,,,,,,,,,,,,,,,,,,,,,,,,,,5.0,6.5,3.5,5.25,
2009-01-07,,,,,,,,,,,,,,,,,,,,,,,,,,,,,,,,,,,,,,,,,5.0,6.5,3.5,5.25,
2009-01-08,,,,,,,,,,,,,,,,,,,,,,,,,,,,,,,,,,,,,,,,,5.0,6.5,3.5,5.25,
2009-01-09,,,,,,,,,,,,,,,,,,,,,,,,,,,,,,,,,,,,,,,,,5.0,6.5,3.5,5.25,
2009-01-10,,,,,,,,,,,,,,,,,,,,,,,,,,,,,,,,,,,,,,,,,5.0,6.5,3.5,5.25,
2009-01-11,,,,,,,,,,,,,,,,,,,,,,,,,,,,,,,,,,,,,,,,,5.0,6.5,3.5,5.25,
2009-01-12,,,,,,,,,,,,,,,,,,,,,,,,,,,,,,,,,,,,,,,,,5.0,6.5,3.5,5.25,
2009-01-13,,,,,,,,,,,,,,,,,,,,,,,,,,,,,,,,,,,,,,,,,5.0,6.5,3.5,5.25,
2009-01-14,,,,,,,,,,,,,,,,,,,,,,,,,,,,,,,,,,,,,,,,,5.0,6.5,3.5,5.25,
2009-01-15,,,,,,,,,,,,,,,,,,,,,,,,,,,,,,,,,,,,,,,,,5.0,6.5,3.5,5.25,
2009-01-16,,,,,,,,,,,,,,,,,,,,,,,,,,,,,,,,,,,,,,,,,5.0,6.5,3.5,5.25,
2009-01-17,,,,,,,,,,,,,,,,,,,,,,,,,,,,,,,,,,,,,,,,,5.0,6.5,3.5,5.25,
2009-01-18,,,,,,,,,,,,,,,,,,,,,,,,,,,,,,,,,,,,,,,,,5.0,6.5,3.5,5.25,
2009-01-19,,,,,,,,,,,,,,,,,,,,,,,,,,,,,,,,,,,,,,,,,5.0,6.5,3.5,5.25,
2009-01-20,,,,,,,,,,,,,,,,,,,,,,,,,,,,,,,,,,,,,,,,,5.0,6.5,3.5,5.25,
2009-01-21,,,,,,,,,,,,,,,,,,,,,,,,,,,,,,,,,,,,,,,,,5.0,6.5,3.5,5.25,
2009-01-22,,,,,,,,,,,,,,,,,,,,,,,,,,,,,,,,,,,,,,,,,5.0,6.5,3.5,5.25,
2009-01-23,,,,,,,,,,,,,,,,,,,,,,,,,,,,,,,,,,,,,,,,,5.0,6.5,3.5,5.25,
2009-01-24,,,,,,,,,,,,,,,,,,,,,,,,,,,,,,,,,,,,,,,,,5.0,6.5,3.5,5.25,
2009-01-25,,,,,,,,,,,,,,,,,,,,,,,,,,,,,,,,,,,,,,,,,5.0,6.5,3.5,5.25,
2009-01-26,,,,,,,,,,,,,,,,,,,,,,,,,,,,,,,,,,,,,,,,,5.0,6.5,3.5,5.25,
2009-01-27,,,,,,,,,,,,,,,,,,,,,,,,,,,,,,,,,,,,,,,,,5.0,6.5,3.5,5.25,
2009-01-28,,,,,,,,,,,,,,,,,,,,,,,,,,,,,,,,,,,,,,,,,4.25,5.75,2.75,4.5,
2009-01-29,,,,,,,,,,,,,,,,,,,,,,,,,,,,,,,,,,,,,,,,,4.25,5.75,2.75,4.5,
2009-01-30,,,,,,,,,,,,,,,,,,,,,,,,,,,,,,,,,,,,,,,,,4.25,5.75,2.75,4.5,
2009-01-31,,,,,,,,,,,,,,,,,,,,,,,,,,,,,,,,,,,,,,,,,4.25,5.75,2.75,4.5,
2009-02-01,,,,,,,,,,,,,,,,,,,,,,,,,,,,,,,,,,,,,,,,,4.25,5.75,2.75,4.5,
2009-02-02,,,,,,,,,,,,,,,,,,,,,,,,,,,,,,,,,,,,,,,,,4.25,5.75,2.75,4.5,
2009-02-03,,,,,,,,,,,,,,,,,,,,,,,,,,,,,,,,,,,,,,,,,4.25,5.75,2.75,4.5,
2009-02-04,,,,,,,,,,,,,,,,,,,,,,,,,,,,,,,,,,,,,,,,,4.25,5.75,2.75,4.5,
2009-02-05,,,,,,,,,,,,,,,,,,,,,,,,,,,,,,,,,,,,,,,,,4.25,5.75,2.75,4.5,
2009-02-06,,,,,,,,,,,,,,,,,,,,,,,,,,,,,,,,,,,,,,,,,4.25,5.75,2.75,4.5,
2009-02-07,,,,,,,,,,,,,,,,,,,,,,,,,,,,,,,,,,,,,,,,,4.25,5.75,2.75,4.5,
2009-02-08,,,,,,,,,,,,,,,,,,,,,,,,,,,,,,,,,,,,,,,,,4.25,5.75,2.75,4.5,
2009-02-09,,,,,,,,,,,,,,,,,,,,,,,,,,,,,,,,,,,,,,,,,4.25,5.75,2.75,4.5,
2009-02-10,,,,,,,,,,,,,,,,,,,,,,,,,,,,,,,,,,,,,,,,,4.25,5.75,2.75,4.5,
2009-02-11,,,,,,,,,,,,,,,,,,,,,,,,,,,,,,,,,,,,,,,,,4.25,5.75,2.75,4.5,
2009-02-12,,,,,,,,,,,,,,,,,,,,,,,,,,,,,,,,,,,,,,,,,4.25,5.75,2.75,4.5,
2009-02-13,,,,,,,,,,,,,,,,,,,,,,,,,,,,,,,,,,,,,,,,,4.25,5.75,2.75,4.5,
2009-02-14,,,,,,,,,,,,,,,,,,,,,,,,,,,,,,,,,,,,,,,,,4.25,5.75,2.75,4.5,
2009-02-15,,,,,,,,,,,,,,,,,,,,,,,,,,,,,,,,,,,,,,,,,4.25,5.75,2.75,4.5,
2009-02-16,,,,,,,,,,,,,,,,,,,,,,,,,,,,,,,,,,,,,,,,,4.25,5.75,2.75,4.5,
2009-02-17,,,,,,,,,,,,,,,,,,,,,,,,,,,,,,,,,,,,,,,,,4.25,5.75,2.75,4.5,
2009-02-18,,,,,,,,,,,,,,,,,,,,,,,,,,,,,,,,,,,,,,,,,4.25,5.75,2.75,4.5,
2009-02-19,,,,,,,,,,,,,,,,,,,,,,,,,,,,,,,,,,,,,,,,,4.25,5.75,2.75,4.5,
2009-02-20,,,,,,,,,,,,,,,,,,,,,,,,,,,,,,,,,,,,,,,,,4.25,5.75,2.75,4.5,
2009-02-21,,,,,,,,,,,,,,,,,,,,,,,,,,,,,,,,,,,,,,,,,4.25,5.75,2.75,4.5,
2009-02-22,,,,,,,,,,,,,,,,,,,,,,,,,,,,,,,,,,,,,,,,,4.25,5.75,2.75,4.5,
2009-02-23,,,,,,,,,,,,,,,,,,,,,,,,,,,,,,,,,,,,,,,,,4.25,5.75,2.75,4.5,
2009-02-24,,,,,,,,,,,,,,,,,,,,,,,,,,,,,,,,,,,,,,,,,4.25,5.75,2.75,4.5,
2009-02-25,,,,,,,,,,,,,,,,,,,,,,,,,,,,,,,,,,,,,,,,,4.25,5.75,2.75,4.5,
2009-02-26,,,,,,,,,,,,,,,,,,,,,,,,,,,,,,,,,,,,,,,,,4.0,5.5,2.5,4.25,
2009-02-27,,,,,,,,,,,,,,,,,,,,,,,,,,,,,,,,,,,,,,,,,4.0,5.5,2.5,4.25,
2009-02-28,,,,,,,,,,,,,,,,,,,,,,,,,,,,,,,,,,,,,,,,,4.0,5.5,2.5,4.25,
2009-03-01,,,,,,,,,,,,,,,,,,,,,,,,,,,,,,,,,,,,,,,,,4.0,5.5,2.5,4.25,
2009-03-02,,,,,,,,,,,,,,,,,,,,,,,,,,,,,,,,,,,,,,,,,4.0,5.5,2.5,4.25,
2009-03-03,,,,,,,,,,,,,,,,,,,,,,,,,,,,,,,,,,,,,,,,,4.0,5.5,2.5,4.25,
2009-03-04,,,,,,,,,,,,,,,,,,,,,,,,,,,,,,,,,,,,,,,,,4.0,5.5,2.5,4.25,
2009-03-05,,,,,,,,,,,,,,,,,,,,,,,,,,,,,,,,,,,,,,,,,4.0,5.5,2.5,4.25,
2009-03-06,,,,,,,,,,,,,,,,,,,,,,,,,,,,,,,,,,,,,,,,,4.0,5.5,2.5,4.25,
2009-03-07,,,,,,,,,,,,,,,,,,,,,,,,,,,,,,,,,,,,,,,,,4.0,5.5,2.5,4.25,
2009-03-08,,,,,,,,,,,,,,,,,,,,,,,,,,,,,,,,,,,,,,,,,4.0,5.5,2.5,4.25,
2009-03-09,,,,,,,,,,,,,,,,,,,,,,,,,,,,,,,,,,,,,,,,,4.0,5.5,2.5,4.25,
2009-03-10,,,,,,,,,,,,,,,,,,,,,,,,,,,,,,,,,,,,,,,,,4.0,5.5,2.5,4.25,
2009-03-11,,,,,,,,,,,,,,,,,,,,,,,,,,,,,,,,,,,,,,,,,4.0,5.5,2.5,4.25,
2009-03-12,,,,,,,,,,,,,,,,,,,,,,,,,,,,,,,,,,,,,,,,,4.0,5.5,2.5,4.25,
2009-03-13,,,,,,,,,,,,,,,,,,,,,,,,,,,,,,,,,,,,,,,,,4.0,5.5,2.5,4.25,
2009-03-14,,,,,,,,,,,,,,,,,,,,,,,,,,,,,,,,,,,,,,,,,4.0,5.5,2.5,4.25,
2009-03-15,,,,,,,,,,,,,,,,,,,,,,,,,,,,,,,,,,,,,,,,,4.0,5.5,2.5,4.25,
2009-03-16,,,,,,,,,,,,,,,,,,,,,,,,,,,,,,,,,,,,,,,,,4.0,5.5,2.5,4.25,
2009-03-17,,,,,,,,,,,,,,,,,,,,,,,,,,,,,,,,,,,,,,,,,4.0,5.5,2.5,4.25,
2009-03-18,,,,,,,,,,,,,,,,,,,,,,,,,,,,,,,,,,,,,,,,,4.0,5.5,2.5,4.25,
2009-03-19,,,,,,,,,,,,,,,,,,,,,,,,,,,,,,,,,,,,,,,,,4.0,5.5,2.5,4.25,
2009-03-20,,,,,,,,,,,,,,,,,,,,,,,,,,,,,,,,,,,,,,,,,4.0,5.5,2.5,4.25,
2009-03-21,,,,,,,,,,,,,,,,,,,,,,,,,,,,,,,,,,,,,,,,,4.0,5.5,2.5,4.25,
2009-03-22,,,,,,,,,,,,,,,,,,,,,,,,,,,,,,,,,,,,,,,,,4.0,5.5,2.5,4.25,
2009-03-23,,,,,,,,,,,,,,,,,,,,,,,,,,,,,,,,,,,,,,,,,4.0,5.5,2.5,4.25,
2009-03-24,,,,,,,,,,,,,,,,,,,,,,,,,,,,,,,,,,,,,,,,,4.0,5.5,2.5,4.25,
2009-03-25,,,,,,,,,,,,,,,,,,,,,,,,,,,,,,,,,,,,,,,,,4.0,5.5,2.5,4.25,
2009-03-26,,,,,,,,,,,,,,,,,,,,,,,,,,,,,,,,,,,,,,,,,3.75,5.25,2.25,4.0,
2009-03-27,,,,,,,,,,,,,,,,,,,,,,,,,,,,,,,,,,,,,,,,,3.75,5.25,2.25,4.0,
2009-03-28,,,,,,,,,,,,,,,,,,,,,,,,,,,,,,,,,,,,,,,,,3.75,5.25,2.25,4.0,
2009-03-29,,,,,,,,,,,,,,,,,,,,,,,,,,,,,,,,,,,,,,,,,3.75,5.25,2.25,4.0,
2009-03-30,,,,,,,,,,,,,,,,,,,,,,,,,,,,,,,,,,,,,,,,,3.75,5.25,2.25,4.0,
2009-03-31,,,,,,,,,,,,,,,,,,,,,,,,,,,,,,,,,,,,,,,,,3.75,5.25,2.25,4.0,
2009-04-01,,,,,,,,,,,,,,,,,,,,,,,,,,,,,,,,,,,,,,,,,3.75,5.25,2.25,4.0,
2009-04-02,,,,,,,,,,,,,,,,,,,,,,,,,,,,,,,,,,,,,,,,,3.75,5.25,2.25,4.0,
2009-04-03,,,,,,,,,,,,,,,,,,,,,,,,,,,,,,,,,,,,,,,,,3.75,5.25,2.25,4.0,
2009-04-04,,,,,,,,,,,,,,,,,,,,,,,,,,,,,,,,,,,,,,,,,3.75,5.25,2.25,4.0,
2009-04-05,,,,,,,,,,,,,,,,,,,,,,,,,,,,,,,,,,,,,,,,,3.75,5.25,2.25,4.0,
2009-04-06,,,,,,,,,,,,,,,,,,,,,,,,,,,,,,,,,,,,,,,,,3.75,5.25,2.25,4.0,
2009-04-07,,,,,,,,,,,,,,,,,,,,,,,,,,,,,,,,,,,,,,,,,3.75,5.25,2.25,4.0,
2009-04-08,,,,,,,,,,,,,,,,,,,,,,,,,,,,,,,,,,,,,,,,,3.75,5.25,2.25,4.0,
2009-04-09,,,,,,,,,,,,,,,,,,,,,,,,,,,,,,,,,,,,,,,,,3.75,5.25,2.25,4.0,
2009-04-10,,,,,,,,,,,,,,,,,,,,,,,,,,,,,,,,,,,,,,,,,3.75,5.25,2.25,4.0,
2009-04-11,,,,,,,,,,,,,,,,,,,,,,,,,,,,,,,,,,,,,,,,,3.75,5.25,2.25,4.0,
2009-04-12,,,,,,,,,,,,,,,,,,,,,,,,,,,,,,,,,,,,,,,,,3.75,5.25,2.25,4.0,
2009-04-13,,,,,,,,,,,,,,,,,,,,,,,,,,,,,,,,,,,,,,,,,3.75,5.25,2.25,4.0,
2009-04-14,,,,,,,,,,,,,,,,,,,,,,,,,,,,,,,,,,,,,,,,,3.75,5.25,2.25,4.0,
2009-04-15,,,,,,,,,,,,,,,,,,,,,,,,,,,,,,,,,,,,,,,,,3.75,5.25,2.25,4.0,
2009-04-16,,,,,,,,,,,,,,,,,,,,,,,,,,,,,,,,,,,,,,,,,3.75,5.25,2.25,4.0,
2009-04-17,,,,,,,,,,,,,,,,,,,,,,,,,,,,,,,,,,,,,,,,,3.75,5.25,2.25,4.0,
2009-04-18,,,,,,,,,,,,,,,,,,,,,,,,,,,,,,,,,,,,,,,,,3.75,5.25,2.25,4.0,
2009-04-19,,,,,,,,,,,,,,,,,,,,,,,,,,,,,,,,,,,,,,,,,3.75,5.25,2.25,4.0,
2009-04-20,,,,,,,,,,,,,,,,,,,,,,,,,,,,,,,,,,,,,,,,,3.75,5.25,2.25,4.0,
2009-04-21,,,,,,,,,,,,,,,,,,,,,,,,,,,,,,,,,,,,,,,,,3.75,5.25,2.25,4.0,
2009-04-22,,,,,,,,,,,,,,,,,,,,,,,,,,,,,,,,,,,,,,,,,3.75,5.25,2.25,4.0,
2009-04-23,,,,,,,,,,,,,,,,,,,,,,,,,,,,,,,,,,,,,,,,,3.75,5.25,2.25,4.0,
2009-04-24,,,,,,,,,,,,,,,,,,,,,,,,,,,,,,,,,,,,,,,,,3.75,5.25,2.25,4.0,
2009-04-25,,,,,,,,,,,,,,,,,,,,,,,,,,,,,,,,,,,,,,,,,3.75,5.25,2.25,4.0,
2009-04-26,,,,,,,,,,,,,,,,,,,,,,,,,,,,,,,,,,,,,,,,,3.75,5.25,2.25,4.0,
2009-04-27,,,,,,,,,,,,,,,,,,,,,,,,,,,,,,,,,,,,,,,,,3.75,5.25,2.25,4.0,
2009-04-28,,,,,,,,,,,,,,,,,,,,,,,,,,,,,,,,,,,,,,,,,3.75,5.25,2.25,4.0,
2009-04-29,,,,,,,,,,,,,,,,,,,,,,,,,,,,,,,,,,,,,,,,,3.75,5.25,2.25,4.0,
2009-04-30,,,,,,,,,,,,,,,,,,,,,,,,,,,,,,,,,,,,,,,,,3.75,5.25,2.25,4.0,
2009-05-01,,,,,,,,,,,,,,,,,,,,,,,,,,,,,,,,,,,,,,,,,3.75,5.25,2.25,4.0,
2009-05-02,,,,,,,,,,,,,,,,,,,,,,,,,,,,,,,,,,,,,,,,,3.75,5.25,2.25,4.0,
2009-05-03,,,,,,,,,,,,,,,,,,,,,,,,,,,,,,,,,,,,,,,,,3.75,5.25,2.25,4.0,
2009-05-04,,,,,,,,,,,,,,,,,,,,,,,,,,,,,,,,,,,,,,,,,3.75,5.25,2.25,4.0,
2009-05-05,,,,,,,,,,,,,,,,,,,,,,,,,,,,,,,,,,,,,,,,,3.75,5.25,2.25,4.0,
2009-05-06,,,,,,,,,,,,,,,,,,,,,,,,,,,,,,,,,,,,,,,,,3.75,5.25,2.25,4.0,
2009-05-07,,,,,,,,,,,,,,,,,,,,,,,,,,,,,,,,,,,,,,,,,3.75,5.25,2.25,4.0,
2009-05-08,,,,,,,,,,,,,,,,,,,,,,,,,,,,,,,,,,,,,,,,,3.75,5.25,2.25,4.0,
2009-05-09,,,,,,,,,,,,,,,,,,,,,,,,,,,,,,,,,,,,,,,,,3.75,5.25,2.25,4.0,
2009-05-10,,,,,,,,,,,,,,,,,,,,,,,,,,,,,,,,,,,,,,,,,3.75,5.25,2.25,4.0,
2009-05-11,,,,,,,,,,,,,,,,,,,,,,,,,,,,,,,,,,,,,,,,,3.75,5.25,2.25,4.0,
2009-05-12,,,,,,,,,,,,,,,,,,,,,,,,,,,,,,,,,,,,,,,,,3.75,5.25,2.25,4.0,
2009-05-13,,,,,,,,,,,,,,,,,,,,,,,,,,,,,,,,,,,,,,,,,3.75,5.25,2.25,4.0,
2009-05-14,,,,,,,,,,,,,,,,,,,,,,,,,,,,,,,,,,,,,,,,,3.75,5.25,2.25,4.0,
2009-05-15,,,,,,,,,,,,,,,,,,,,,,,,,,,,,,,,,,,,,,,,,3.75,5.25,2.25,4.0,
2009-05-16,,,,,,,,,,,,,,,,,,,,,,,,,,,,,,,,,,,,,,,,,3.75,5.25,2.25,4.0,
2009-05-17,,,,,,,,,,,,,,,,,,,,,,,,,,,,,,,,,,,,,,,,,3.75,5.25,2.25,4.0,
2009-05-18,,,,,,,,,,,,,,,,,,,,,,,,,,,,,,,,,,,,,,,,,3.75,5.25,2.25,4.0,
2009-05-19,,,,,,,,,,,,,,,,,,,,,,,,,,,,,,,,,,,,,,,,,3.75,5.25,2.25,4.0,
2009-05-20,,,,,,,,,,,,,,,,,,,,,,,,,,,,,,,,,,,,,,,,,3.75,5.25,2.25,4.0,
2009-05-21,,,,,,,,,,,,,,,,,,,,,,,,,,,,,,,,,,,,,,,,,3.75,5.25,2.25,4.0,
2009-05-22,,,,,,,,,,,,,,,,,,,,,,,,,,,,,,,,,,,,,,,,,3.75,5.25,2.25,4.0,
2009-05-23,,,,,,,,,,,,,,,,,,,,,,,,,,,,,,,,,,,,,,,,,3.75,5.25,2.25,4.0,
2009-05-24,,,,,,,,,,,,,,,,,,,,,,,,,,,,,,,,,,,,,,,,,3.75,5.25,2.25,4.0,
2009-05-25,,,,,,,,,,,,,,,,,,,,,,,,,,,,,,,,,,,,,,,,,3.75,5.25,2.25,4.0,
2009-05-26,,,,,,,,,,,,,,,,,,,,,,,,,,,,,,,,,,,,,,,,,3.75,5.25,2.25,4.0,
2009-05-27,,,,,,,,,,,,,,,,,,,,,,,,,,,,,,,,,,,,,,,,,3.75,5.25,2.25,4.0,
2009-05-28,,,,,,,,,,,,,,,,,,,,,,,,,,,,,,,,,,,,,,,,,3.75,5.25,2.25,4.0,
2009-05-29,,,,,,,,,,,,,,,,,,,,,,,,,,,,,,,,,,,,,,,,,3.75,5.25,2.25,4.0,
2009-05-30,,,,,,,,,,,,,,,,,,,,,,,,,,,,,,,,,,,,,,,,,3.75,5.25,2.25,4.0,
2009-05-31,,,,,,,,,,,,,,,,,,,,,,,,,,,,,,,,,,,,,,,,,3.75,5.25,2.25,4.0,
2009-06-01,,,,,,,,,,,,,,,,,,,,,,,,,,,,,,,,,,,,,,,,,3.75,5.25,2.25,4.0,
2009-06-02,,,,,,,,,,,,,,,,,,,,,,,,,,,,,,,,,,,,,,,,,3.75,5.25,2.25,4.0,
2009-06-03,,,,,,,,,,,,,,,,,,,,,,,,,,,,,,,,,,,,,,,,,3.75,5.25,2.25,4.0,
2009-06-04,,,,,,,,,,,,,,,,,,,,,,,,,,,,,,,,,,,,,,,,,3.75,5.25,2.25,4.0,
2009-06-05,,,,,,,,,,,,,,,,,,,,,,,,,,,,,,,,,,,,,,,,,3.75,5.25,2.25,4.0,
2009-06-06,,,,,,,,,,,,,,,,,,,,,,,,,,,,,,,,,,,,,,,,,3.75,5.25,2.25,4.0,
2009-06-07,,,,,,,,,,,,,,,,,,,,,,,,,,,,,,,,,,,,,,,,,3.75,5.25,2.25,4.0,
2009-06-08,,,,,,,,,,,,,,,,,,,,,,,,,,,,,,,,,,,,,,,,,3.75,5.25,2.25,4.0,
2009-06-09,,,,,,,,,,,,,,,,,,,,,,,,,,,,,,,,,,,,,,,,,3.75,5.25,2.25,4.0,
2009-06-10,,,,,,,,,,,,,,,,,,,,,,,,,,,,,,,,,,,,,,,,,3.75,5.25,2.25,4.0,
2009-06-11,,,,,,,,,,,,,,,,,,,,,,,,,,,,,,,,,,,,,,,,,3.75,5.25,2.25,4.0,
2009-06-12,,,,,,,,,,,,,,,,,,,,,,,,,,,,,,,,,,,,,,,,,3.75,5.25,2.25,4.0,
2009-06-13,,,,,,,,,,,,,,,,,,,,,,,,,,,,,,,,,,,,,,,,,3.75,5.25,2.25,4.0,
2009-06-14,,,,,,,,,,,,,,,,,,,,,,,,,,,,,,,,,,,,,,,,,3.75,5.25,2.25,4.0,
2009-06-15,,,,,,,,,,,,,,,,,,,,,,,,,,,,,,,,,,,,,,,,,3.75,5.25,2.25,4.0,
2009-06-16,,,,,,,,,,,,,,,,,,,,,,,,,,,,,,,,,,,,,,,,,3.75,5.25,2.25,4.0,
2009-06-17,,,,,,,,,,,,,,,,,,,,,,,,,,,,,,,,,,,,,,,,,3.75,5.25,2.25,4.0,
2009-06-18,,,,,,,,,,,,,,,,,,,,,,,,,,,,,,,,,,,,,,,,,3.75,5.25,2.25,4.0,
2009-06-19,,,,,,,,,,,,,,,,,,,,,,,,,,,,,,,,,,,,,,,,,3.75,5.25,2.25,4.0,
2009-06-20,,,,,,,,,,,,,,,,,,,,,,,,,,,,,,,,,,,,,,,,,3.75,5.25,2.25,4.0,
2009-06-21,,,,,,,,,,,,,,,,,,,,,,,,,,,,,,,,,,,,,,,,,3.75,5.25,2.25,4.0,
2009-06-22,,,,,,,,,,,,,,,,,,,,,,,,,,,,,,,,,,,,,,,,,3.75,5.25,2.25,4.0,
2009-06-23,,,,,,,,,,,,,,,,,,,,,,,,,,,,,,,,,,,,,,,,,3.75,5.25,2.25,4.0,
2009-06-24,,,,,,,,,,,,,,,,,,,,,,,,,,,,,,,,,,,,,,,,,3.75,5.25,2.25,4.0,
2009-06-25,,,,,,,,,,,,,,,,,,,,,,,,,,,,,,,,,,,,,,,,,3.5,5.0,2.0,3.75,
2009-06-26,,,,,,,,,,,,,,,,,,,,,,,,,,,,,,,,,,,,,,,,,3.5,5.0,2.0,3.75,
2009-06-27,,,,,,,,,,,,,,,,,,,,,,,,,,,,,,,,,,,,,,,,,3.5,5.0,2.0,3.75,
2009-06-28,,,,,,,,,,,,,,,,,,,,,,,,,,,,,,,,,,,,,,,,,3.5,5.0,2.0,3.75,
2009-06-29,,,,,,,,,,,,,,,,,,,,,,,,,,,,,,,,,,,,,,,,,3.5,5.0,2.0,3.75,
2009-06-30,,,,,,,,,,,,,,,,,,,,,,,,,,,,,,,,,,,,,,,,,3.5,5.0,2.0,3.75,
2009-07-01,,,,,,,,,,,,,,,,,,,,,,,,,,,,,,,,,,,,,,,,,3.5,5.0,2.0,3.75,
2009-07-02,,,,,,,,,,,,,,,,,,,,,,,,,,,,,,,,,,,,,,,,,3.5,5.0,2.0,3.75,
2009-07-03,,,,,,,,,,,,,,,,,,,,,,,,,,,,,,,,,,,,,,,,,3.5,5.0,2.0,3.75,
2009-07-04,,,,,,,,,,,,,,,,,,,,,,,,,,,,,,,,,,,,,,,,,3.5,5.0,2.0,3.75,
2009-07-05,,,,,,,,,,,,,,,,,,,,,,,,,,,,,,,,,,,,,,,,,3.5,5.0,2.0,3.75,
2009-07-06,,,,,,,,,,,,,,,,,,,,,,,,,,,,,,,,,,,,,,,,,3.5,5.0,2.0,3.75,
2009-07-07,,,,,,,,,,,,,,,,,,,,,,,,,,,,,,,,,,,,,,,,,3.5,5.0,2.0,3.75,
2009-07-08,,,,,,,,,,,,,,,,,,,,,,,,,,,,,,,,,,,,,,,,,3.5,5.0,2.0,3.75,
2009-07-09,,,,,,,,,,,,,,,,,,,,,,,,,,,,,,,,,,,,,,,,,3.5,5.0,2.0,3.75,
2009-07-10,,,,,,,,,,,,,,,,,,,,,,,,,,,,,,,,,,,,,,,,,3.5,5.0,2.0,3.75,
2009-07-11,,,,,,,,,,,,,,,,,,,,,,,,,,,,,,,,,,,,,,,,,3.5,5.0,2.0,3.75,
2009-07-12,,,,,,,,,,,,,,,,,,,,,,,,,,,,,,,,,,,,,,,,,3.5,5.0,2.0,3.75,
2009-07-13,,,,,,,,,,,,,,,,,,,,,,,,,,,,,,,,,,,,,,,,,3.5,5.0,2.0,3.75,
2009-07-14,,,,,,,,,,,,,,,,,,,,,,,,,,,,,,,,,,,,,,,,,3.5,5.0,2.0,3.75,
2009-07-15,,,,,,,,,,,,,,,,,,,,,,,,,,,,,,,,,,,,,,,,,3.5,5.0,2.0,3.75,
2009-07-16,,,,,,,,,,,,,,,,,,,,,,,,,,,,,,,,,,,,,,,,,3.5,5.0,2.0,3.75,
2009-07-17,,,,,,,,,,,,,,,,,,,,,,,,,,,,,,,,,,,,,,,,,3.5,5.0,2.0,3.75,
2009-07-18,,,,,,,,,,,,,,,,,,,,,,,,,,,,,,,,,,,,,,,,,3.5,5.0,2.0,3.75,
2009-07-19,,,,,,,,,,,,,,,,,,,,,,,,,,,,,,,,,,,,,,,,,3.5,5.0,2.0,3.75,
2009-07-20,,,,,,,,,,,,,,,,,,,,,,,,,,,,,,,,,,,,,,,,,3.5,5.0,2.0,3.75,
2009-07-21,,,,,,,,,,,,,,,,,,,,,,,,,,,,,,,,,,,,,,,,,3.5,5.0,2.0,3.75,
2009-07-22,,,,,,,,,,,,,,,,,,,,,,,,,,,,,,,,,,,,,,,,,3.5,5.0,2.0,3.75,
2009-07-23,,,,,,,,,,,,,,,,,,,,,,,,,,,,,,,,,,,,,,,,,3.5,5.0,2.0,3.75,
2009-07-24,,,,,,,,,,,,,,,,,,,,,,,,,,,,,,,,,,,,,,,,,3.5,5.0,2.0,3.75,
2009-07-25,,,,,,,,,,,,,,,,,,,,,,,,,,,,,,,,,,,,,,,,,3.5,5.0,2.0,3.75,
2009-07-26,,,,,,,,,,,,,,,,,,,,,,,,,,,,,,,,,,,,,,,,,3.5,5.0,2.0,3.75,
2009-07-27,,,,,,,,,,,,,,,,,,,,,,,,,,,,,,,,,,,,,,,,,3.5,5.0,2.0,3.75,
2009-07-28,,,,,,,,,,,,,,,,,,,,,,,,,,,,,,,,,,,,,,,,,3.5,5.0,2.0,3.75,
2009-07-29,,,,,,,,,,,,,,,,,,,,,,,,,,,,,,,,,,,,,,,,,3.5,5.0,2.0,3.75,
2009-07-30,,,,,,,,,,,,,,,,,,,,,,,,,,,,,,,,,,,,,,,,,3.5,5.0,2.0,3.75,
2009-07-31,,,,,,,,,,,,,,,,,,,,,,,,,,,,,,,,,,,,,,,,,3.5,5.0,2.0,3.75,
2009-08-01,,,,,,,,,,,,,,,,,,,,,,,,,,,,,,,,,,,,,,,,,3.5,5.0,2.0,3.75,
2009-08-02,,,,,,,,,,,,,,,,,,,,,,,,,,,,,,,,,,,,,,,,,3.5,5.0,2.0,3.75,
2009-08-03,,,,,,,,,,,,,,,,,,,,,,,,,,,,,,,,,,,,,,,,,3.5,5.0,2.0,3.75,
2009-08-04,,,,,,,,,,,,,,,,,,,,,,,,,,,,,,,,,,,,,,,,,3.5,5.0,2.0,3.75,
2009-08-05,,,,,,,,,,,,,,,,,,,,,,,,,,,,,,,,,,,,,,,,,3.5,5.0,2.0,3.75,
2009-08-06,,,,,,,,,,,,,,,,,,,,,,,,,,,,,,,,,,,,,,,,,3.5,5.0,2.0,3.75,
2009-08-07,,,,,,,,,,,,,,,,,,,,,,,,,,,,,,,,,,,,,,,,,3.5,5.0,2.0,3.75,
2009-08-08,,,,,,,,,,,,,,,,,,,,,,,,,,,,,,,,,,,,,,,,,3.5,5.0,2.0,3.75,
2009-08-09,,,,,,,,,,,,,,,,,,,,,,,,,,,,,,,,,,,,,,,,,3.5,5.0,2.0,3.75,
2009-08-10,,,,,,,,,,,,,,,,,,,,,,,,,,,,,,,,,,,,,,,,,3.5,5.0,2.0,3.75,
2009-08-11,,,,,,,,,,,,,,,,,,,,,,,,,,,,,,,,,,,,,,,,,3.5,5.0,2.0,3.75,
2009-08-12,,,,,,,,,,,,,,,,,,,,,,,,,,,,,,,,,,,,,,,,,3.5,5.0,2.0,3.75,
2009-08-13,,,,,,,,,,,,,,,,,,,,,,,,,,,,,,,,,,,,,,,,,3.5,5.0,2.0,3.75,
2009-08-14,,,,,,,,,,,,,,,,,,,,,,,,,,,,,,,,,,,,,,,,,3.5,5.0,2.0,3.75,
2009-08-15,,,,,,,,,,,,,,,,,,,,,,,,,,,,,,,,,,,,,,,,,3.5,5.0,2.0,3.75,
2009-08-16,,,,,,,,,,,,,,,,,,,,,,,,,,,,,,,,,,,,,,,,,3.5,5.0,2.0,3.75,
2009-08-17,,,,,,,,,,,,,,,,,,,,,,,,,,,,,,,,,,,,,,,,,3.5,5.0,2.0,3.75,
2009-08-18,,,,,,,,,,,,,,,,,,,,,,,,,,,,,,,,,,,,,,,,,3.5,5.0,2.0,3.75,
2009-08-19,,,,,,,,,,,,,,,,,,,,,,,,,,,,,,,,,,,,,,,,,3.5,5.0,2.0,3.75,
2009-08-20,,,,,,,,,,,,,,,,,,,,,,,,,,,,,,,,,,,,,,,,,3.5,5.0,2.0,3.75,
2009-08-21,,,,,,,,,,,,,,,,,,,,,,,,,,,,,,,,,,,,,,,,,3.5,5.0,2.0,3.75,
2009-08-22,,,,,,,,,,,,,,,,,,,,,,,,,,,,,,,,,,,,,,,,,3.5,5.0,2.0,3.75,
2009-08-23,,,,,,,,,,,,,,,,,,,,,,,,,,,,,,,,,,,,,,,,,3.5,5.0,2.0,3.75,
2009-08-24,,,,,,,,,,,,,,,,,,,,,,,,,,,,,,,,,,,,,,,,,3.5,5.0,2.0,3.75,
2009-08-25,,,,,,,,,,,,,,,,,,,,,,,,,,,,,,,,,,,,,,,,,3.5,5.0,2.0,3.75,
2009-08-26,,,,,,,,,,,,,,,,,,,,,,,,,,,,,,,,,,,,,,,,,3.5,5.0,2.0,3.75,
2009-08-27,,,,,,,,,,,,,,,,,,,,,,,,,,,,,,,,,,,,,,,,,3.5,5.0,2.0,3.75,
2009-08-28,,,,,,,,,,,,,,,,,,,,,,,,,,,,,,,,,,,,,,,,,3.5,5.0,2.0,3.75,
2009-08-29,,,,,,,,,,,,,,,,,,,,,,,,,,,,,,,,,,,,,,,,,3.5,5.0,2.0,3.75,
2009-08-30,,,,,,,,,,,,,,,,,,,,,,,,,,,,,,,,,,,,,,,,,3.5,5.0,2.0,3.75,
2009-08-31,,,,,,,,,,,,,,,,,,,,,,,,,,,,,,,,,,,,,,,,,3.5,5.0,2.0,3.75,
2009-09-01,,,,,,,,,,,,,,,,,,,,,,,,,,,,,,,,,,,,,,,,,3.5,5.0,2.0,3.75,
2009-09-02,,,,,,,,,,,,,,,,,,,,,,,,,,,,,,,,,,,,,,,,,3.5,5.0,2.0,3.75,
2009-09-03,,,,,,,,,,,,,,,,,,,,,,,,,,,,,,,,,,,,,,,,,3.5,5.0,2.0,3.75,
2009-09-04,,,,,,,,,,,,,,,,,,,,,,,,,,,,,,,,,,,,,,,,,3.5,5.0,2.0,3.75,
2009-09-05,,,,,,,,,,,,,,,,,,,,,,,,,,,,,,,,,,,,,,,,,3.5,5.0,2.0,3.75,
2009-09-06,,,,,,,,,,,,,,,,,,,,,,,,,,,,,,,,,,,,,,,,,3.5,5.0,2.0,3.75,
2009-09-07,,,,,,,,,,,,,,,,,,,,,,,,,,,,,,,,,,,,,,,,,3.5,5.0,2.0,3.75,
2009-09-08,,,,,,,,,,,,,,,,,,,,,,,,,,,,,,,,,,,,,,,,,3.5,5.0,2.0,3.75,
2009-09-09,,,,,,,,,,,,,,,,,,,,,,,,,,,,,,,,,,,,,,,,,3.5,5.0,2.0,3.75,
2009-09-10,,,,,,,,,,,,,,,,,,,,,,,,,,,,,,,,,,,,,,,,,3.5,5.0,2.0,3.75,
2009-09-11,,,,,,,,,,,,,,,,,,,,,,,,,,,,,,,,,,,,,,,,,3.5,5.0,2.0,3.75,
2009-09-12,,,,,,,,,,,,,,,,,,,,,,,,,,,,,,,,,,,,,,,,,3.5,5.0,2.0,3.75,
2009-09-13,,,,,,,,,,,,,,,,,,,,,,,,,,,,,,,,,,,,,,,,,3.5,5.0,2.0,3.75,
2009-09-14,,,,,,,,,,,,,,,,,,,,,,,,,,,,,,,,,,,,,,,,,3.5,5.0,2.0,3.75,
2009-09-15,,,,,,,,,,,,,,,,,,,,,,,,,,,,,,,,,,,,,,,,,3.5,5.0,2.0,3.75,
2009-09-16,,,,,,,,,,,,,,,,,,,,,,,,,,,,,,,,,,,,,,,,,3.5,5.0,2.0,3.75,
2009-09-17,,,,,,,,,,,,,,,,,,,,,,,,,,,,,,,,,,,,,,,,,3.5,5.0,2.0,3.75,
2009-09-18,,,,,,,,,,,,,,,,,,,,,,,,,,,,,,,,,,,,,,,,,3.5,5.0,2.0,3.75,
2009-09-19,,,,,,,,,,,,,,,,,,,,,,,,,,,,,,,,,,,,,,,,,3.5,5.0,2.0,3.75,
2009-09-20,,,,,,,,,,,,,,,,,,,,,,,,,,,,,,,,,,,,,,,,,3.5,5.0,2.0,3.75,
2009-09-21,,,,,,,,,,,,,,,,,,,,,,,,,,,,,,,,,,,,,,,,,3.5,5.0,2.0,3.75,
2009-09-22,,,,,,,,,,,,,,,,,,,,,,,,,,,,,,,,,,,,,,,,,3.5,5.0,2.0,3.75,
2009-09-23,,,,,,,,,,,,,,,,,,,,,,,,,,,,,,,,,,,,,,,,,3.5,5.0,2.0,3.75,
2009-09-24,,,,,,,,,,,,,,,,,,,,,,,,,,,,,,,,,,,,,,,,,3.5,5.0,2.0,3.75,
2009-09-25,,,,,,,,,,,,,,,,,,,,,,,,,,,,,,,,,,,,,,,,,3.5,5.0,2.0,3.75,
2009-09-26,,,,,,,,,,,,,,,,,,,,,,,,,,,,,,,,,,,,,,,,,3.5,5.0,2.0,3.75,
2009-09-27,,,,,,,,,,,,,,,,,,,,,,,,,,,,,,,,,,,,,,,,,3.5,5.0,2.0,3.75,
2009-09-28,,,,,,,,,,,,,,,,,,,,,,,,,,,,,,,,,,,,,,,,,3.5,5.0,2.0,3.75,
2009-09-29,,,,,,,,,,,,,,,,,,,,,,,,,,,,,,,,,,,,,,,,,3.5,5.0,2.0,3.75,
2009-09-30,,,,,,,,,,,,,,,,,,,,,,,,,,,,,,,,,,,,,,,,,3.5,5.0,2.0,3.75,
2009-10-01,,,,,,,,,,,,,,,,,,,,,,,,,,,,,,,,,,,,,,,,,3.5,5.0,2.0,3.75,
2009-10-02,,,,,,,,,,,,,,,,,,,,,,,,,,,,,,,,,,,,,,,,,3.5,5.0,2.0,3.75,
2009-10-03,,,,,,,,,,,,,,,,,,,,,,,,,,,,,,,,,,,,,,,,,3.5,5.0,2.0,3.75,
2009-10-04,,,,,,,,,,,,,,,,,,,,,,,,,,,,,,,,,,,,,,,,,3.5,5.0,2.0,3.75,
2009-10-05,,,,,,,,,,,,,,,,,,,,,,,,,,,,,,,,,,,,,,,,,3.5,5.0,2.0,3.75,
2009-10-06,,,,,,,,,,,,,,,,,,,,,,,,,,,,,,,,,,,,,,,,,3.5,5.0,2.0,3.75,
2009-10-07,,,,,,,,,,,,,,,,,,,,,,,,,,,,,,,,,,,,,,,,,3.5,5.0,2.0,3.75,
2009-10-08,,,,,,,,,,,,,,,,,,,,,,,,,,,,,,,,,,,,,,,,,3.5,5.0,2.0,3.75,
2009-10-09,,,,,,,,,,,,,,,,,,,,,,,,,,,,,,,,,,,,,,,,,3.5,5.0,2.0,3.75,
2009-10-10,,,,,,,,,,,,,,,,,,,,,,,,,,,,,,,,,,,,,,,,,3.5,5.0,2.0,3.75,
2009-10-11,,,,,,,,,,,,,,,,,,,,,,,,,,,,,,,,,,,,,,,,,3.5,5.0,2.0,3.75,
2009-10-12,,,,,,,,,,,,,,,,,,,,,,,,,,,,,,,,,,,,,,,,,3.5,5.0,2.0,3.75,
2009-10-13,,,,,,,,,,,,,,,,,,,,,,,,,,,,,,,,,,,,,,,,,3.5,5.0,2.0,3.75,
2009-10-14,,,,,,,,,,,,,,,,,,,,,,,,,,,,,,,,,,,,,,,,,3.5,5.0,2.0,3.75,
2009-10-15,,,,,,,,,,,,,,,,,,,,,,,,,,,,,,,,,,,,,,,,,3.5,5.0,2.0,3.75,
2009-10-16,,,,,,,,,,,,,,,,,,,,,,,,,,,,,,,,,,,,,,,,,3.5,5.0,2.0,3.75,
2009-10-17,,,,,,,,,,,,,,,,,,,,,,,,,,,,,,,,,,,,,,,,,3.5,5.0,2.0,3.75,
2009-10-18,,,,,,,,,,,,,,,,,,,,,,,,,,,,,,,,,,,,,,,,,3.5,5.0,2.0,3.75,
2009-10-19,,,,,,,,,,,,,,,,,,,,,,,,,,,,,,,,,,,,,,,,,3.5,5.0,2.0,3.75,
2009-10-20,,,,,,,,,,,,,,,,,,,,,,,,,,,,,,,,,,,,,,,,,3.5,5.0,2.0,3.75,
2009-10-21,,,,,,,,,,,,,,,,,,,,,,,,,,,,,,,,,,,,,,,,,3.5,5.0,2.0,3.75,
2009-10-22,,,,,,,,,,,,,,,,,,,,,,,,,,,,,,,,,,,,,,,,,3.5,5.0,2.0,3.75,
2009-10-23,,,,,,,,,,,,,,,,,,,,,,,,,,,,,,,,,,,,,,,,,3.5,5.0,2.0,3.75,
2009-10-24,,,,,,,,,,,,,,,,,,,,,,,,,,,,,,,,,,,,,,,,,3.5,5.0,2.0,3.75,
2009-10-25,,,,,,,,,,,,,,,,,,,,,,,,,,,,,,,,,,,,,,,,,3.5,5.0,2.0,3.75,
2009-10-26,,,,,,,,,,,,,,,,,,,,,,,,,,,,,,,,,,,,,,,,,3.5,5.0,2.0,3.75,
2009-10-27,,,,,,,,,,,,,,,,,,,,,,,,,,,,,,,,,,,,,,,,,3.5,5.0,2.0,3.75,
2009-10-28,,,,,,,,,,,,,,,,,,,,,,,,,,,,,,,,,,,,,,,,,3.5,5.0,2.0,3.75,
2009-10-29,,,,,,,,,,,,,,,,,,,,,,,,,,,,,,,,,,,,,,,,,3.5,5.0,2.0,3.75,
2009-10-30,,,,,,,,,,,,,,,,,,,,,,,,,,,,,,,,,,,,,,,,,3.5,5.0,2.0,3.75,
2009-10-31,,,,,,,,,,,,,,,,,,,,,,,,,,,,,,,,,,,,,,,,,3.5,5.0,2.0,3.75,
2009-11-01,,,,,,,,,,,,,,,,,,,,,,,,,,,,,,,,,,,,,,,,,3.5,5.0,2.0,3.75,
2009-11-02,,,,,,,,,,,,,,,,,,,,,,,,,,,,,,,,,,,,,,,,,3.5,5.0,2.0,3.75,
2009-11-03,,,,,,,,,,,,,,,,,,,,,,,,,,,,,,,,,,,,,,,,,3.5,5.0,2.0,3.75,
2009-11-04,,,,,,,,,,,,,,,,,,,,,,,,,,,,,,,,,,,,,,,,,3.5,5.0,2.0,3.75,
2009-11-05,,,,,,,,,,,,,,,,,,,,,,,,,,,,,,,,,,,,,,,,,3.5,5.0,2.0,3.75,
2009-11-06,,,,,,,,,,,,,,,,,,,,,,,,,,,,,,,,,,,,,,,,,3.5,5.0,2.0,3.75,
2009-11-07,,,,,,,,,,,,,,,,,,,,,,,,,,,,,,,,,,,,,,,,,3.5,5.0,2.0,3.75,
2009-11-08,,,,,,,,,,,,,,,,,,,,,,,,,,,,,,,,,,,,,,,,,3.5,5.0,2.0,3.75,
2009-11-09,,,,,,,,,,,,,,,,,,,,,,,,,,,,,,,,,,,,,,,,,3.5,5.0,2.0,3.75,
2009-11-10,,,,,,,,,,,,,,,,,,,,,,,,,,,,,,,,,,,,,,,,,3.5,5.0,2.0,3.75,
2009-11-11,,,,,,,,,,,,,,,,,,,,,,,,,,,,,,,,,,,,,,,,,3.5,5.0,2.0,3.75,
2009-11-12,,,,,,,,,,,,,,,,,,,,,,,,,,,,,,,,,,,,,,,,,3.5,5.0,2.0,3.75,
2009-11-13,,,,,,,,,,,,,,,,,,,,,,,,,,,,,,,,,,,,,,,,,3.5,5.0,2.0,3.75,
2009-11-14,,,,,,,,,,,,,,,,,,,,,,,,,,,,,,,,,,,,,,,,,3.5,5.0,2.0,3.75,
2009-11-15,,,,,,,,,,,,,,,,,,,,,,,,,,,,,,,,,,,,,,,,,3.5,5.0,2.0,3.75,
2009-11-16,,,,,,,,,,,,,,,,,,,,,,,,,,,,,,,,,,,,,,,,,3.5,5.0,2.0,3.75,
2009-11-17,,,,,,,,,,,,,,,,,,,,,,,,,,,,,,,,,,,,,,,,,3.5,5.0,2.0,3.75,
2009-11-18,,,,,,,,,,,,,,,,,,,,,,,,,,,,,,,,,,,,,,,,,3.5,5.0,2.0,3.75,
2009-11-19,,,,,,,,,,,,,,,,,,,,,,,,,,,,,,,,,,,,,,,,,3.5,5.0,2.0,3.75,
2009-11-20,,,,,,,,,,,,,,,,,,,,,,,,,,,,,,,,,,,,,,,,,3.5,5.0,2.0,3.75,
2009-11-21,,,,,,,,,,,,,,,,,,,,,,,,,,,,,,,,,,,,,,,,,3.5,5.0,2.0,3.75,
2009-11-22,,,,,,,,,,,,,,,,,,,,,,,,,,,,,,,,,,,,,,,,,3.5,5.0,2.0,3.75,
2009-11-23,,,,,,,,,,,,,,,,,,,,,,,,,,,,,,,,,,,,,,,,,3.5,5.0,2.0,3.75,
2009-11-24,,,,,,,,,,,,,,,,,,,,,,,,,,,,,,,,,,,,,,,,,3.5,5.0,2.0,3.75,
2009-11-25,,,,,,,,,,,,,,,,,,,,,,,,,,,,,,,,,,,,,,,,,3.5,5.0,2.0,3.75,
2009-11-26,,,,,,,,,,,,,,,,,,,,,,,,,,,,,,,,,,,,,,,,,3.5,5.0,2.0,3.75,
2009-11-27,,,,,,,,,,,,,,,,,,,,,,,,,,,,,,,,,,,,,,,,,3.5,5.0,2.0,3.75,
2009-11-28,,,,,,,,,,,,,,,,,,,,,,,,,,,,,,,,,,,,,,,,,3.5,5.0,2.0,3.75,
2009-11-29,,,,,,,,,,,,,,,,,,,,,,,,,,,,,,,,,,,,,,,,,3.5,5.0,2.0,3.75,
2009-11-30,,,,,,,,,,,,,,,,,,,,,,,,,,,,,,,,,,,,,,,,,3.5,5.0,2.0,3.75,
2009-12-01,,,,,,,,,,,,,,,,,,,,,,,,,,,,,,,,,,,,,,,,,3.5,5.0,2.0,3.75,
2009-12-02,,,,,,,,,,,,,,,,,,,,,,,,,,,,,,,,,,,,,,,,,3.5,5.0,2.0,3.75,
2009-12-03,,,,,,,,,,,,,,,,,,,,,,,,,,,,,,,,,,,,,,,,,3.5,5.0,2.0,3.75,
2009-12-04,,,,,,,,,,,,,,,,,,,,,,,,,,,,,,,,,,,,,,,,,3.5,5.0,2.0,3.75,
2009-12-05,,,,,,,,,,,,,,,,,,,,,,,,,,,,,,,,,,,,,,,,,3.5,5.0,2.0,3.75,
2009-12-06,,,,,,,,,,,,,,,,,,,,,,,,,,,,,,,,,,,,,,,,,3.5,5.0,2.0,3.75,
2009-12-07,,,,,,,,,,,,,,,,,,,,,,,,,,,,,,,,,,,,,,,,,3.5,5.0,2.0,3.75,
2009-12-08,,,,,,,,,,,,,,,,,,,,,,,,,,,,,,,,,,,,,,,,,3.5,5.0,2.0,3.75,
2009-12-09,,,,,,,,,,,,,,,,,,,,,,,,,,,,,,,,,,,,,,,,,3.5,5.0,2.0,3.75,
2009-12-10,,,,,,,,,,,,,,,,,,,,,,,,,,,,,,,,,,,,,,,,,3.5,5.0,2.0,3.75,
2009-12-11,,,,,,,,,,,,,,,,,,,,,,,,,,,,,,,,,,,,,,,,,3.5,5.0,2.0,3.75,
2009-12-12,,,,,,,,,,,,,,,,,,,,,,,,,,,,,,,,,,,,,,,,,3.5,5.0,2.0,3.75,
2009-12-13,,,,,,,,,,,,,,,,,,,,,,,,,,,,,,,,,,,,,,,,,3.5,5.0,2.0,3.75,
2009-12-14,,,,,,,,,,,,,,,,,,,,,,,,,,,,,,,,,,,,,,,,,3.5,5.0,2.0,3.75,
2009-12-15,,,,,,,,,,,,,,,,,,,,,,,,,,,,,,,,,,,,,,,,,3.5,5.0,2.0,3.75,
2009-12-16,,,,,,,,,,,,,,,,,,,,,,,,,,,,,,,,,,,,,,,,,3.5,5.0,2.0,3.75,
2009-12-17,,,,,,,,,,,,,,,,,,,,,,,,,,,,,,,,,,,,,,,,,3.5,5.0,2.0,3.75,
2009-12-18,,,,,,,,,,,,,,,,,,,,,,,,,,,,,,,,,,,,,,,,,3.5,5.0,2.0,3.75,
2009-12-19,,,,,,,,,,,,,,,,,,,,,,,,,,,,,,,,,,,,,,,,,3.5,5.0,2.0,3.75,
2009-12-20,,,,,,,,,,,,,,,,,,,,,,,,,,,,,,,,,,,,,,,,,3.5,5.0,2.0,3.75,
2009-12-21,,,,,,,,,,,,,,,,,,,,,,,,,,,,,,,,,,,,,,,,,3.5,5.0,2.0,3.75,
2009-12-22,,,,,,,,,,,,,,,,,,,,,,,,,,,,,,,,,,,,,,,,,3.5,5.0,2.0,3.75,
2009-12-23,,,,,,,,,,,,,,,,,,,,,,,,,,,,,,,,,,,,,,,,,3.5,5.0,2.0,3.75,
2009-12-24,,,,,,,,,,,,,,,,,,,,,,,,,,,,,,,,,,,,,,,,,3.5,5.0,2.0,3.75,
2009-12-25,,,,,,,,,,,,,,,,,,,,,,,,,,,,,,,,,,,,,,,,,3.5,5.0,2.0,3.75,
2009-12-26,,,,,,,,,,,,,,,,,,,,,,,,,,,,,,,,,,,,,,,,,3.5,5.0,2.0,3.75,
2009-12-27,,,,,,,,,,,,,,,,,,,,,,,,,,,,,,,,,,,,,,,,,3.5,5.0,2.0,3.75,
2009-12-28,,,,,,,,,,,,,,,,,,,,,,,,,,,,,,,,,,,,,,,,,3.5,5.0,2.0,3.75,
2009-12-29,,,,,,,,,,,,,,,,,,,,,,,,,,,,,,,,,,,,,,,,,3.5,5.0,2.0,3.75,
2009-12-30,,,,,,,,,,,,,,,,,,,,,,,,,,,,,,,,,,,,,,,,,3.5,5.0,2.0,3.75,
2009-12-31,,,,,,,,,,,,,,,,,,,,,,,,,,,,,,,,,,,,,,,,,3.5,5.0,2.0,3.75,
2010-01-01,,,,,,,,,,,,,,,,,,,,,,,,,,,,,,,,,,,,,,,,,3.5,5.0,2.0,3.75,4.0
2010-01-02,,,,,,,,,,,,,,,,,,,,,,,,,,,,,,,,,,,,,,,,,3.5,5.0,2.0,3.75,4.0
2010-01-03,,,,,,,,,,,,,,,,,,,,,,,,,,,,,,,,,,,,,,,,,3.5,5.0,2.0,3.75,4.0
2010-01-04,,,,,,,,,,,,,,,,,,,,,,,,,,,,,,,,,,,,,,,,,3.5,5.0,2.0,3.75,4.0
2010-01-05,,,,,,,,,,,,,,,,,,,,,,,,,,,,,,,,,,,,,,,,,3.5,5.0,2.0,3.75,4.0
2010-01-06,,,,,,,,,,,,,,,,,,,,,,,,,,,,,,,,,,,,,,,,,3.5,5.0,2.0,3.75,4.0
2010-01-07,,,,,,,,,,,,,,,,,,,,,,,,,,,,,,,,,,,,,,,,,3.5,5.0,2.0,3.75,4.0
2010-01-08,,,,,,,,,,,,,,,,,,,,,,,,,,,,,,,,,,,,,,,,,3.5,5.0,2.0,3.75,4.0
2010-01-09,,,,,,,,,,,,,,,,,,,,,,,,,,,,,,,,,,,,,,,,,3.5,5.0,2.0,3.75,4.0
2010-01-10,,,,,,,,,,,,,,,,,,,,,,,,,,,,,,,,,,,,,,,,,3.5,5.0,2.0,3.75,4.0
2010-01-11,,,,,,,,,,,,,,,,,,,,,,,,,,,,,,,,,,,,,,,,,3.5,5.0,2.0,3.75,4.0
2010-01-12,,,,,,,,,,,,,,,,,,,,,,,,,,,,,,,,,,,,,,,,,3.5,5.0,2.0,3.75,4.0
2010-01-13,,,,,,,,,,,,,,,,,,,,,,,,,,,,,,,,,,,,,,,,,3.5,5.0,2.0,3.75,4.0
2010-01-14,,,,,,,,,,,,,,,,,,,,,,,,,,,,,,,,,,,,,,,,,3.5,5.0,2.0,3.75,4.0
2010-01-15,,,,,,,,,,,,,,,,,,,,,,,,,,,,,,,,,,,,,,,,,3.5,5.0,2.0,3.75,4.0
2010-01-16,,,,,,,,,,,,,,,,,,,,,,,,,,,,,,,,,,,,,,,,,3.5,5.0,2.0,3.75,4.0
2010-01-17,,,,,,,,,,,,,,,,,,,,,,,,,,,,,,,,,,,,,,,,,3.5,5.0,2.0,3.75,4.0
2010-01-18,,,,,,,,,,,,,,,,,,,,,,,,,,,,,,,,,,,,,,,,,3.5,5.0,2.0,3.75,4.0
2010-01-19,,,,,,,,,,,,,,,,,,,,,,,,,,,,,,,,,,,,,,,,,3.5,5.0,2.0,3.75,4.0
2010-01-20,,,,,,,,,,,,,,,,,,,,,,,,,,,,,,,,,,,,,,,,,3.5,5.0,2.0,3.75,4.0
2010-01-21,,,,,,,,,,,,,,,,,,,,,,,,,,,,,,,,,,,,,,,,,3.5,5.0,2.0,3.75,4.0
2010-01-22,,,,,,,,,,,,,,,,,,,,,,,,,,,,,,,,,,,,,,,,,3.5,5.0,2.0,3.75,4.0
2010-01-23,,,,,,,,,,,,,,,,,,,,,,,,,,,,,,,,,,,,,,,,,3.5,5.0,2.0,3.75,4.0
2010-01-24,,,,,,,,,,,,,,,,,,,,,,,,,,,,,,,,,,,,,,,,,3.5,5.0,2.0,3.75,4.0
2010-01-25,,,,,,,,,,,,,,,,,,,,,,,,,,,,,,,,,,,,,,,,,3.5,5.0,2.0,3.75,4.0
2010-01-26,,,,,,,,,,,,,,,,,,,,,,,,,,,,,,,,,,,,,,,,,3.5,5.0,2.0,3.75,4.0
2010-01-27,,,,,,,,,,,,,,,,,,,,,,,,,,,,,,,,,,,,,,,,,3.5,5.0,2.0,3.75,4.0
2010-01-28,,,,,,,,,,,,,,,,,,,,,,,,,,,,,,,,,,,,,,,,,3.5,5.0,2.0,3.75,4.0
2010-01-29,,,,,,,,,,,,,,,,,,,,,,,,,,,,,,,,,,,,,,,,,3.5,5.0,2.0,3.75,4.0
2010-01-30,,,,,,,,,,,,,,,,,,,,,,,,,,,,,,,,,,,,,,,,,3.5,5.0,2.0,3.75,4.0
2010-01-31,,,,,,,,,,,,,,,,,,,,,,,,,,,,,,,,,,,,,,,,,3.5,5.0,2.0,3.75,4.0
2010-02-01,,,,,,,,,,,,,,,,,,,,,,,,,,,,,,,,,,,,,,,,,3.5,5.0,2.0,3.75,4.0
2010-02-02,,,,,,,,,,,,,,,,,,,,,,,,,,,,,,,,,,,,,,,,,3.5,5.0,2.0,3.75,4.0
2010-02-03,,,,,,,,,,,,,,,,,,,,,,,,,,,,,,,,,,,,,,,,,3.5,5.0,2.0,3.75,4.0
2010-02-04,,,,,,,,,,,,,,,,,,,,,,,,,,,,,,,,,,,,,,,,,3.5,5.0,2.0,3.75,4.0
2010-02-05,,,,,,,,,,,,,,,,,,,,,,,,,,,,,,,,,,,,,,,,,3.5,5.0,2.0,3.75,4.0
2010-02-06,,,,,,,,,,,,,,,,,,,,,,,,,,,,,,,,,,,,,,,,,3.5,5.0,2.0,3.75,4.0
2010-02-07,,,,,,,,,,,,,,,,,,,,,,,,,,,,,,,,,,,,,,,,,3.5,5.0,2.0,3.75,4.0
2010-02-08,,,,,,,,,,,,,,,,,,,,,,,,,,,,,,,,,,,,,,,,,3.5,5.0,2.0,3.75,4.0
2010-02-09,,,,,,,,,,,,,,,,,,,,,,,,,,,,,,,,,,,,,,,,,3.5,5.0,2.0,3.75,4.0
2010-02-10,,,,,,,,,,,,,,,,,,,,,,,,,,,,,,,,,,,,,,,,,3.5,5.0,2.0,3.75,4.0
2010-02-11,,,,,,,,,,,,,,,,,,,,,,,,,,,,,,,,,,,,,,,,,3.5,5.0,2.0,3.75,4.0
2010-02-12,,,,,,,,,,,,,,,,,,,,,,,,,,,,,,,,,,,,,,,,,3.5,5.0,2.0,3.75,4.0
2010-02-13,,,,,,,,,,,,,,,,,,,,,,,,,,,,,,,,,,,,,,,,,3.5,5.0,2.0,3.75,4.0
2010-02-14,,,,,,,,,,,,,,,,,,,,,,,,,,,,,,,,,,,,,,,,,3.5,5.0,2.0,3.75,4.0
2010-02-15,,,,,,,,,,,,,,,,,,,,,,,,,,,,,,,,,,,,,,,,,3.5,5.0,2.0,3.75,4.0
2010-02-16,,,,,,,,,,,,,,,,,,,,,,,,,,,,,,,,,,,,,,,,,3.5,5.0,2.0,3.75,4.0
2010-02-17,,,,,,,,,,,,,,,,,,,,,,,,,,,,,,,,,,,,,,,,,3.5,5.0,2.0,3.75,4.0
2010-02-18,,,,,,,,,,,,,,,,,,,,,,,,,,,,,,,,,,,,,,,,,3.5,5.0,2.0,3.75,4.0
2010-02-19,,,,,,,,,,,,,,,,,,,,,,,,,,,,,,,,,,,,,,,,,3.5,5.0,2.0,3.75,4.0
2010-02-20,,,,,,,,,,,,,,,,,,,,,,,,,,,,,,,,,,,,,,,,,3.5,5.0,2.0,3.75,4.0
2010-02-21,,,,,,,,,,,,,,,,,,,,,,,,,,,,,,,,,,,,,,,,,3.5,5.0,2.0,3.75,4.0
2010-02-22,,,,,,,,,,,,,,,,,,,,,,,,,,,,,,,,,,,,,,,,,3.5,5.0,2.0,3.75,4.0
2010-02-23,,,,,,,,,,,,,,,,,,,,,,,,,,,,,,,,,,,,,,,,,3.5,5.0,2.0,3.75,4.0
2010-02-24,,,,,,,,,,,,,,,,,,,,,,,,,,,,,,,,,,,,,,,,,3.5,5.0,2.0,3.75,4.0
2010-02-25,,,,,,,,,,,,,,,,,,,,,,,,,,,,,,,,,,,,,,,,,3.5,5.0,2.0,3.75,4.0
2010-02-26,,,,,,,,,,,,,,,,,,,,,,,,,,,,,,,,,,,,,,,,,3.5,5.0,2.0,3.75,4.0
2010-02-27,,,,,,,,,,,,,,,,,,,,,,,,,,,,,,,,,,,,,,,,,3.5,5.0,2.0,3.75,4.0
2010-02-28,,,,,,,,,,,,,,,,,,,,,,,,,,,,,,,,,,,,,,,,,3.5,5.0,2.0,3.75,4.0
2010-03-01,,,,,,,,,,,,,,,,,,,,,,,,,,,,,,,,,,,,,,,,,3.5,5.0,2.0,3.75,4.0
2010-03-02,,,,,,,,,,,,,,,,,,,,,,,,,,,,,,,,,,,,,,,,,3.5,5.0,2.0,3.75,4.0
2010-03-03,,,,,,,,,,,,,,,,,,,,,,,,,,,,,,,,,,,,,,,,,3.5,5.0,2.0,3.75,4.0
2010-03-04,,,,,,,,,,,,,,,,,,,,,,,,,,,,,,,,,,,,,,,,,3.5,5.0,2.0,3.75,4.0
2010-03-05,,,,,,,,,,,,,,,,,,,,,,,,,,,,,,,,,,,,,,,,,3.5,5.0,2.0,3.75,4.0
2010-03-06,,,,,,,,,,,,,,,,,,,,,,,,,,,,,,,,,,,,,,,,,3.5,5.0,2.0,3.75,4.0
2010-03-07,,,,,,,,,,,,,,,,,,,,,,,,,,,,,,,,,,,,,,,,,3.5,5.0,2.0,3.75,4.0
2010-03-08,,,,,,,,,,,,,,,,,,,,,,,,,,,,,,,,,,,,,,,,,3.5,5.0,2.0,3.75,4.0
2010-03-09,,,,,,,,,,,,,,,,,,,,,,,,,,,,,,,,,,,,,,,,,3.5,5.0,2.0,3.75,4.0
2010-03-10,,,,,,,,,,,,,,,,,,,,,,,,,,,,,,,,,,,,,,,,,3.5,5.0,2.0,3.75,4.0
2010-03-11,,,,,,,,,,,,,,,,,,,,,,,,,,,,,,,,,,,,,,,,,3.5,5.0,2.0,3.75,4.0
2010-03-12,,,,,,,,,,,,,,,,,,,,,,,,,,,,,,,,,,,,,,,,,3.5,5.0,2.0,3.75,4.0
2010-03-13,,,,,,,,,,,,,,,,,,,,,,,,,,,,,,,,,,,,,,,,,3.5,5.0,2.0,3.75,4.0
2010-03-14,,,,,,,,,,,,,,,,,,,,,,,,,,,,,,,,,,,,,,,,,3.5,5.0,2.0,3.75,4.0
2010-03-15,,,,,,,,,,,,,,,,,,,,,,,,,,,,,,,,,,,,,,,,,3.5,5.0,2.0,3.75,4.0
2010-03-16,,,,,,,,,,,,,,,,,,,,,,,,,,,,,,,,,,,,,,,,,3.5,5.0,2.0,3.75,4.0
2010-03-17,,,,,,,,,,,,,,,,,,,,,,,,,,,,,,,,,,,,,,,,,3.5,5.0,2.0,3.75,4.0
2010-03-18,,,,,,,,,,,,,,,,,,,,,,,,,,,,,,,,,,,,,,,,,3.5,5.0,2.0,3.75,4.0
2010-03-19,,,,,,,,,,,,,,,,,,,,,,,,,,,,,,,,,,,,,,,,,3.5,5.0,2.0,3.75,4.0
2010-03-20,,,,,,,,,,,,,,,,,,,,,,,,,,,,,,,,,,,,,,,,,3.5,5.0,2.0,3.75,4.0
2010-03-21,,,,,,,,,,,,,,,,,,,,,,,,,,,,,,,,,,,,,,,,,3.5,5.0,2.0,3.75,4.0
2010-03-22,,,,,,,,,,,,,,,,,,,,,,,,,,,,,,,,,,,,,,,,,3.5,5.0,2.0,3.75,4.0
2010-03-23,,,,,,,,,,,,,,,,,,,,,,,,,,,,,,,,,,,,,,,,,3.5,5.0,2.0,3.75,4.0
2010-03-24,,,,,,,,,,,,,,,,,,,,,,,,,,,,,,,,,,,,,,,,,3.5,5.0,2.0,3.75,4.0
2010-03-25,,,,,,,,,,,,,,,,,,,,,,,,,,,,,,,,,,,,,,,,,3.5,5.0,2.0,3.75,4.0
2010-03-26,,,,,,,,,,,,,,,,,,,,,,,,,,,,,,,,,,,,,,,,,3.5,5.0,2.0,3.75,4.0
2010-03-27,,,,,,,,,,,,,,,,,,,,,,,,,,,,,,,,,,,,,,,,,3.5,5.0,2.0,3.75,4.0
2010-03-28,,,,,,,,,,,,,,,,,,,,,,,,,,,,,,,,,,,,,,,,,3.5,5.0,2.0,3.75,4.0
2010-03-29,,,,,,,,,,,,,,,,,,,,,,,,,,,,,,,,,,,,,,,,,3.5,5.0,2.0,3.75,4.0
2010-03-30,,,,,,,,,,,,,,,,,,,,,,,,,,,,,,,,,,,,,,,,,3.5,5.0,2.0,3.75,4.0
2010-03-31,,,,,,,,,,,,,,,,,,,,,,,,,,,,,,,,,,,,,,,,,3.5,5.0,2.0,3.75,4.0
2010-04-01,,,,,,,,,,,,,,,,,,,,,,,,,,,,,,,,,,,,,,,,,3.5,5.0,2.0,3.75,4.0
2010-04-02,,,,,,,,,,,,,,,,,,,,,,,,,,,,,,,,,,,,,,,,,3.5,5.0,2.0,3.75,4.0
2010-04-03,,,,,,,,,,,,,,,,,,,,,,,,,,,,,,,,,,,,,,,,,3.5,5.0,2.0,3.75,4.0
2010-04-04,,,,,,,,,,,,,,,,,,,,,,,,,,,,,,,,,,,,,,,,,3.5,5.0,2.0,3.75,4.0
2010-04-05,,,,,,,,,,,,,,,,,,,,,,,,,,,,,,,,,,,,,,,,,3.5,5.0,2.0,3.75,4.0
2010-04-06,,,,,,,,,,,,,,,,,,,,,,,,,,,,,,,,,,,,,,,,,3.5,5.0,2.0,3.75,4.0
2010-04-07,,,,,,,,,,,,,,,,,,,,,,,,,,,,,,,,,,,,,,,,,3.5,5.0,2.0,3.75,4.0
2010-04-08,,,,,,,,,,,,,,,,,,,,,,,,,,,,,,,,,,,,,,,,,3.5,5.0,2.0,3.75,4.0
2010-04-09,,,,,,,,,,,,,,,,,,,,,,,,,,,,,,,,,,,,,,,,,3.5,5.0,2.0,3.75,4.0
2010-04-10,,,,,,,,,,,,,,,,,,,,,,,,,,,,,,,,,,,,,,,,,3.5,5.0,2.0,3.75,4.0
2010-04-11,,,,,,,,,,,,,,,,,,,,,,,,,,,,,,,,,,,,,,,,,3.5,5.0,2.0,3.75,4.0
2010-04-12,,,,,,,,,,,,,,,,,,,,,,,,,,,,,,,,,,,,,,,,,3.5,5.0,2.0,3.75,4.0
2010-04-13,,,,,,,,,,,,,,,,,,,,,,,,,,,,,,,,,,,,,,,,,3.5,5.0,2.0,3.75,4.0
2010-04-14,,,,,,,,,,,,,,,,,,,,,,,,,,,,,,,,,,,,,,,,,3.5,5.0,2.0,3.75,4.0
2010-04-15,,,,,,,,,,,,,,,,,,,,,,,,,,,,,,,,,,,,,,,,,3.5,5.0,2.0,3.75,4.0
2010-04-16,,,,,,,,,,,,,,,,,,,,,,,,,,,,,,,,,,,,,,,,,3.5,5.0,2.0,3.75,4.0
2010-04-17,,,,,,,,,,,,,,,,,,,,,,,,,,,,,,,,,,,,,,,,,3.5,5.0,2.0,3.75,4.0
2010-04-18,,,,,,,,,,,,,,,,,,,,,,,,,,,,,,,,,,,,,,,,,3.5,5.0,2.0,3.75,4.0
2010-04-19,,,,,,,,,,,,,,,,,,,,,,,,,,,,,,,,,,,,,,,,,3.5,5.0,2.0,3.75,4.0
2010-04-20,,,,,,,,,,,,,,,,,,,,,,,,,,,,,,,,,,,,,,,,,3.5,5.0,2.0,3.75,4.0
2010-04-21,,,,,,,,,,,,,,,,,,,,,,,,,,,,,,,,,,,,,,,,,3.5,5.0,2.0,3.75,4.0
2010-04-22,,,,,,,,,,,,,,,,,,,,,,,,,,,,,,,,,,,,,,,,,3.5,5.0,2.0,3.75,4.0
2010-04-23,,,,,,,,,,,,,,,,,,,,,,,,,,,,,,,,,,,,,,,,,3.5,5.0,2.0,3.75,4.0
2010-04-24,,,,,,,,,,,,,,,,,,,,,,,,,,,,,,,,,,,,,,,,,3.5,5.0,2.0,3.75,4.0
2010-04-25,,,,,,,,,,,,,,,,,,,,,,,,,,,,,,,,,,,,,,,,,3.5,5.0,2.0,3.75,4.0
2010-04-26,,,,,,,,,,,,,,,,,,,,,,,,,,,,,,,,,,,,,,,,,3.5,5.0,2.0,3.75,4.0
2010-04-27,,,,,,,,,,,,,,,,,,,,,,,,,,,,,,,,,,,,,,,,,3.5,5.0,2.0,3.75,4.0
2010-04-28,,,,,,,,,,,,,,,,,,,,,,,,,,,,,,,,,,,,,,,,,3.5,5.0,2.0,3.75,4.0
2010-04-29,,,,,,,,,,,,,,,,,,,,,,,,,,,,,,,,,,,,,,,,,3.5,5.0,2.0,3.75,4.0
2010-04-30,,,,,,,,,,,,,,,,,,,,,,,,,,,,,,,,,,,,,,,,,3.5,5.0,2.0,3.75,4.0
2010-05-01,,,,,,,,,,,,,,,,,,,,,,,,,,,,,,,,,,,,,,,,,3.5,5.0,2.0,3.75,4.0
2010-05-02,,,,,,,,,,,,,,,,,,,,,,,,,,,,,,,,,,,,,,,,,3.5,5.0,2.0,3.75,4.0
2010-05-03,,,,,,,,,,,,,,,,,,,,,,,,,,,,,,,,,,,,,,,,,3.5,5.0,2.0,3.75,4.0
2010-05-04,,,,,,,,,,,,,,,,,,,,,,,,,,,,,,,,,,,,,,,,,3.5,5.0,2.0,3.75,4.0
2010-05-05,,,,,,,,,,,,,,,,,,,,,,,,,,,,,,,,,,,,,,,,,3.5,5.0,2.0,3.75,4.0
2010-05-06,,,,,,,,,,,,,,,,,,,,,,,,,,,,,,,,,,,,,,,,,3.5,5.0,2.0,3.75,4.0
2010-05-07,,,,,,,,,,,,,,,,,,,,,,,,,,,,,,,,,,,,,,,,,3.5,5.0,2.0,3.75,4.0
2010-05-08,,,,,,,,,,,,,,,,,,,,,,,,,,,,,,,,,,,,,,,,,3.5,5.0,2.0,3.75,4.0
2010-05-09,,,,,,,,,,,,,,,,,,,,,,,,,,,,,,,,,,,,,,,,,3.5,5.0,2.0,3.75,4.0
2010-05-10,,,,,,,,,,,,,,,,,,,,,,,,,,,,,,,,,,,,,,,,,3.5,5.0,2.0,3.75,4.0
2010-05-11,,,,,,,,,,,,,,,,,,,,,,,,,,,,,,,,,,,,,,,,,3.5,5.0,2.0,3.75,4.0
2010-05-12,,,,,,,,,,,,,,,,,,,,,,,,,,,,,,,,,,,,,,,,,3.5,5.0,2.0,3.75,4.0
2010-05-13,,,,,,,,,,,,,,,,,,,,,,,,,,,,,,,,,,,,,,,,,3.5,5.0,2.0,3.75,4.0
2010-05-14,,,,,,,,,,,,,,,,,,,,,,,,,,,,,,,,,,,,,,,,,3.5,5.0,2.0,3.75,4.0
2010-05-15,,,,,,,,,,,,,,,,,,,,,,,,,,,,,,,,,,,,,,,,,3.5,5.0,2.0,3.75,4.0
2010-05-16,,,,,,,,,,,,,,,,,,,,,,,,,,,,,,,,,,,,,,,,,3.5,5.0,2.0,3.75,4.0
2010-05-17,,,,,,,,,,,,,,,,,,,,,,,,,,,,,,,,,,,,,,,,,3.5,5.0,2.0,3.75,4.0
2010-05-18,,,,,,,,,,,,,,,,,,,,,,,,,,,,,,,,,,,,,,,,,3.5,5.0,2.0,3.75,4.0
2010-05-19,,,,,,,,,,,,,,,,,,,,,,,,,,,,,,,,,,,,,,,,,3.5,5.0,2.0,3.75,4.0
2010-05-20,,,,,,,,,,,,,,,,,,,,,,,,,,,,,,,,,,,,,,,,,3.5,5.0,2.0,3.75,4.0
2010-05-21,,,,,,,,,,,,,,,,,,,,,,,,,,,,,,,,,,,,,,,,,3.5,5.0,2.0,3.75,4.0
2010-05-22,,,,,,,,,,,,,,,,,,,,,,,,,,,,,,,,,,,,,,,,,3.5,5.0,2.0,3.75,4.0
2010-05-23,,,,,,,,,,,,,,,,,,,,,,,,,,,,,,,,,,,,,,,,,3.5,5.0,2.0,3.75,4.0
2010-05-24,,,,,,,,,,,,,,,,,,,,,,,,,,,,,,,,,,,,,,,,,3.5,5.0,2.0,3.75,4.0
2010-05-25,,,,,,,,,,,,,,,,,,,,,,,,,,,,,,,,,,,,,,,,,3.5,5.0,2.0,3.75,4.0
2010-05-26,,,,,,,,,,,,,,,,,,,,,,,,,,,,,,,,,,,,,,,,,3.5,5.0,2.0,3.75,4.0
2010-05-27,,,,,,,,,,,,,,,,,,,,,,,,,,,,,,,,,,,,,,,,,3.5,5.0,2.0,3.75,4.0
2010-05-28,,,,,,,,,,,,,,,,,,,,,,,,,,,,,,,,,,,,,,,,,3.5,5.0,2.0,3.75,4.0
2010-05-29,,,,,,,,,,,,,,,,,,,,,,,,,,,,,,,,,,,,,,,,,3.5,5.0,2.0,3.75,4.0
2010-05-30,,,,,,,,,,,,,,,,,,,,,,,,,,,,,,,,,,,,,,,,,3.5,5.0,2.0,3.75,4.0
2010-05-31,,,,,,,,,,,,,,,,,,,,,,,,,,,,,,,,,,,,,,,,,3.5,5.0,2.0,3.75,4.0
2010-06-01,,,,,,,,,,,,,,,,,,,,,,,,,,,,,,,,,,,,,,,,,3.5,5.0,2.0,3.75,4.0
2010-06-02,,,,,,,,,,,,,,,,,,,,,,,,,,,,,,,,,,,,,,,,,3.5,5.0,2.0,3.75,4.0
2010-06-03,,,,,,,,,,,,,,,,,,,,,,,,,,,,,,,,,,,,,,,,,3.5,5.0,2.0,3.75,4.0
2010-06-04,,,,,,,,,,,,,,,,,,,,,,,,,,,,,,,,,,,,,,,,,3.5,5.0,2.0,3.75,4.0
2010-06-05,,,,,,,,,,,,,,,,,,,,,,,,,,,,,,,,,,,,,,,,,3.5,5.0,2.0,3.75,4.0
2010-06-06,,,,,,,,,,,,,,,,,,,,,,,,,,,,,,,,,,,,,,,,,3.5,5.0,2.0,3.75,4.0
2010-06-07,,,,,,,,,,,,,,,,,,,,,,,,,,,,,,,,,,,,,,,,,3.5,5.0,2.0,3.75,4.0
2010-06-08,,,,,,,,,,,,,,,,,,,,,,,,,,,,,,,,,,,,,,,,,3.5,5.0,2.0,3.75,4.0
2010-06-09,,,,,,,,,,,,,,,,,,,,,,,,,,,,,,,,,,,,,,,,,3.5,5.0,2.0,3.75,4.0
2010-06-10,,,,,,,,,,,,,,,,,,,,,,,,,,,,,,,,,,,,,,,,,3.5,5.0,2.0,3.75,4.0
2010-06-11,,,,,,,,,,,,,,,,,,,,,,,,,,,,,,,,,,,,,,,,,3.5,5.0,2.0,3.75,4.0
2010-06-12,,,,,,,,,,,,,,,,,,,,,,,,,,,,,,,,,,,,,,,,,3.5,5.0,2.0,3.75,4.0
2010-06-13,,,,,,,,,,,,,,,,,,,,,,,,,,,,,,,,,,,,,,,,,3.5,5.0,2.0,3.75,4.0
2010-06-14,,,,,,,,,,,,,,,,,,,,,,,,,,,,,,,,,,,,,,,,,3.5,5.0,2.0,3.75,4.0
2010-06-15,,,,,,,,,,,,,,,,,,,,,,,,,,,,,,,,,,,,,,,,,3.5,5.0,2.0,3.75,4.0
2010-06-16,,,,,,,,,,,,,,,,,,,,,,,,,,,,,,,,,,,,,,,,,3.5,5.0,2.0,3.75,4.0
2010-06-17,,,,,,,,,,,,,,,,,,,,,,,,,,,,,,,,,,,,,,,,,3.5,5.0,2.0,3.75,4.0
2010-06-18,,,,,,,,,,,,,,,,,,,,,,,,,,,,,,,,,,,,,,,,,3.5,5.0,2.0,3.75,4.0
2010-06-19,,,,,,,,,,,,,,,,,,,,,,,,,,,,,,,,,,,,,,,,,3.5,5.0,2.0,3.75,4.0
2010-06-20,,,,,,,,,,,,,,,,,,,,,,,,,,,,,,,,,,,,,,,,,3.5,5.0,2.0,3.75,4.0
2010-06-21,,,,,,,,,,,,,,,,,,,,,,,,,,,,,,,,,,,,,,,,,3.5,5.0,2.0,3.75,4.0
2010-06-22,,,,,,,,,,,,,,,,,,,,,,,,,,,,,,,,,,,,,,,,,3.5,5.0,2.0,3.75,4.0
2010-06-23,,,,,,,,,,,,,,,,,,,,,,,,,,,,,,,,,,,,,,,,,3.5,5.0,2.0,3.75,4.0
2010-06-24,,,,,,,,,,,,,,,,,,,,,,,,,,,,,,,,,,,,,,,,,3.5,5.0,2.0,3.75,4.0
2010-06-25,,,,,,,,,,,,,,,,,,,,,,,,,,,,,,,,,,,,,,,,,3.5,5.0,2.0,3.75,4.0
2010-06-26,,,,,,,,,,,,,,,,,,,,,,,,,,,,,,,,,,,,,,,,,3.5,5.0,2.0,3.75,4.0
2010-06-27,,,,,,,,,,,,,,,,,,,,,,,,,,,,,,,,,,,,,,,,,3.5,5.0,2.0,3.75,4.0
2010-06-28,,,,,,,,,,,,,,,,,,,,,,,,,,,,,,,,,,,,,,,,,3.5,5.0,2.0,3.75,4.0
2010-06-29,,,,,,,,,,,,,,,,,,,,,,,,,,,,,,,,,,,,,,,,,3.5,5.0,2.0,3.75,4.0
2010-06-30,,,,,,,,,,,,,,,,,,,,,,,,,,,,,,,,,,,,,,,,,3.5,5.0,2.0,3.75,4.0
2010-07-01,,,,,,,,,,,,,,,,,,,,,,,,,,,,,,,,,,,,,,,,,3.5,5.0,2.0,3.75,4.0
2010-07-02,,,,,,,,,,,,,,,,,,,,,,,,,,,,,,,,,,,,,,,,,3.5,5.0,2.0,3.75,4.0
2010-07-03,,,,,,,,,,,,,,,,,,,,,,,,,,,,,,,,,,,,,,,,,3.5,5.0,2.0,3.75,4.0
2010-07-04,,,,,,,,,,,,,,,,,,,,,,,,,,,,,,,,,,,,,,,,,3.5,5.0,2.0,3.75,4.0
2010-07-05,,,,,,,,,,,,,,,,,,,,,,,,,,,,,,,,,,,,,,,,,3.5,5.0,2.0,3.75,4.0
2010-07-06,,,,,,,,,,,,,,,,,,,,,,,,,,,,,,,,,,,,,,,,,3.5,5.0,2.0,3.75,4.0
2010-07-07,,,,,,,,,,,,,,,,,,,,,,,,,,,,,,,,,,,,,,,,,3.5,5.0,2.0,3.75,4.0
2010-07-08,,,,,,,,,,,,,,,,,,,,,,,,,,,,,,,,,,,,,,,,,3.5,5.0,2.0,3.75,4.0
2010-07-09,,,,,,,,,,,,,,,,,,,,,,,,,,,,,,,,,,,,,,,,,3.5,5.0,2.0,3.75,4.0
2010-07-10,,,,,,,,,,,,,,,,,,,,,,,,,,,,,,,,,,,,,,,,,3.5,5.0,2.0,3.75,4.0
2010-07-11,,,,,,,,,,,,,,,,,,,,,,,,,,,,,,,,,,,,,,,,,3.5,5.0,2.0,3.75,4.0
2010-07-12,,,,,,,,,,,,,,,,,,,,,,,,,,,,,,,,,,,,,,,,,3.5,5.0,2.0,3.75,4.0
2010-07-13,,,,,,,,,,,,,,,,,,,,,,,,,,,,,,,,,,,,,,,,,3.5,5.0,2.0,3.75,4.0
2010-07-14,,,,,,,,,,,,,,,,,,,,,,,,,,,,,,,,,,,,,,,,,3.5,5.0,2.0,3.75,4.0
2010-07-15,,,,,,,,,,,,,,,,,,,,,,,,,,,,,,,,,,,,,,,,,3.5,5.0,2.0,3.75,4.0
2010-07-16,,,,,,,,,,,,,,,,,,,,,,,,,,,,,,,,,,,,,,,,,3.5,5.0,2.0,3.75,4.0
2010-07-17,,,,,,,,,,,,,,,,,,,,,,,,,,,,,,,,,,,,,,,,,3.5,5.0,2.0,3.75,4.0
2010-07-18,,,,,,,,,,,,,,,,,,,,,,,,,,,,,,,,,,,,,,,,,3.5,5.0,2.0,3.75,4.0
2010-07-19,,,,,,,,,,,,,,,,,,,,,,,,,,,,,,,,,,,,,,,,,3.5,5.0,2.0,3.75,4.0
2010-07-20,,,,,,,,,,,,,,,,,,,,,,,,,,,,,,,,,,,,,,,,,3.5,5.0,2.0,3.75,4.0
2010-07-21,,,,,,,,,,,,,,,,,,,,,,,,,,,,,,,,,,,,,,,,,3.5,5.0,2.0,3.75,4.0
2010-07-22,,,,,,,,,,,,,,,,,,,,,,,,,,,,,,,,,,,,,,,,,3.5,5.0,2.0,3.75,4.0
2010-07-23,,,,,,,,,,,,,,,,,,,,,,,,,,,,,,,,,,,,,,,,,3.5,5.0,2.0,3.75,4.0
2010-07-24,,,,,,,,,,,,,,,,,,,,,,,,,,,,,,,,,,,,,,,,,3.5,5.0,2.0,3.75,4.0
2010-07-25,,,,,,,,,,,,,,,,,,,,,,,,,,,,,,,,,,,,,,,,,3.5,5.0,2.0,3.75,4.0
2010-07-26,,,,,,,,,,,,,,,,,,,,,,,,,,,,,,,,,,,,,,,,,3.5,5.0,2.0,3.75,4.0
2010-07-27,,,,,,,,,,,,,,,,,,,,,,,,,,,,,,,,,,,,,,,,,3.5,5.0,2.0,3.75,4.0
2010-07-28,,,,,,,,,,,,,,,,,,,,,,,,,,,,,,,,,,,,,,,,,3.5,5.0,2.0,3.75,4.0
2010-07-29,,,,,,,,,,,,,,,,,,,,,,,,,,,,,,,,,,,,,,,,,3.5,5.0,2.0,3.75,4.0
2010-07-30,,,,,,,,,,,,,,,,,,,,,,,,,,,,,,,,,,,,,,,,,3.5,5.0,2.0,3.75,4.0
2010-07-31,,,,,,,,,,,,,,,,,,,,,,,,,,,,,,,,,,,,,,,,,3.5,5.0,2.0,3.75,4.0
2010-08-01,,,,,,,,,,,,,,,,,,,,,,,,,,,,,,,,,,,,,,,,,3.5,5.0,2.0,3.75,4.0
2010-08-02,,,,,,,,,,,,,,,,,,,,,,,,,,,,,,,,,,,,,,,,,3.5,5.0,2.0,3.75,4.0
2010-08-03,,,,,,,,,,,,,,,,,,,,,,,,,,,,,,,,,,,,,,,,,3.5,5.0,2.0,3.75,4.0
2010-08-04,,,,,,,,,,,,,,,,,,,,,,,,,,,,,,,,,,,,,,,,,3.5,5.0,2.0,3.75,4.0
2010-08-05,,,,,,,,,,,,,,,,,,,,,,,,,,,,,,,,,,,,,,,,,3.5,5.0,2.0,3.75,4.0
2010-08-06,,,,,,,,,,,,,,,,,,,,,,,,,,,,,,,,,,,,,,,,,3.5,5.0,2.0,3.75,4.0
2010-08-07,,,,,,,,,,,,,,,,,,,,,,,,,,,,,,,,,,,,,,,,,3.5,5.0,2.0,3.75,4.0
2010-08-08,,,,,,,,,,,,,,,,,,,,,,,,,,,,,,,,,,,,,,,,,3.5,5.0,2.0,3.75,4.0
2010-08-09,,,,,,,,,,,,,,,,,,,,,,,,,,,,,,,,,,,,,,,,,3.5,5.0,2.0,3.75,4.0
2010-08-10,,,,,,,,,,,,,,,,,,,,,,,,,,,,,,,,,,,,,,,,,3.5,5.0,2.0,3.75,4.0
2010-08-11,,,,,,,,,,,,,,,,,,,,,,,,,,,,,,,,,,,,,,,,,3.5,5.0,2.0,3.75,4.0
2010-08-12,,,,,,,,,,,,,,,,,,,,,,,,,,,,,,,,,,,,,,,,,3.5,5.0,2.0,3.75,4.0
2010-08-13,,,,,,,,,,,,,,,,,,,,,,,,,,,,,,,,,,,,,,,,,3.5,5.0,2.0,3.75,4.0
2010-08-14,,,,,,,,,,,,,,,,,,,,,,,,,,,,,,,,,,,,,,,,,3.5,5.0,2.0,3.75,4.0
2010-08-15,,,,,,,,,,,,,,,,,,,,,,,,,,,,,,,,,,,,,,,,,3.5,5.0,2.0,3.75,4.0
2010-08-16,,,,,,,,,,,,,,,,,,,,,,,,,,,,,,,,,,,,,,,,,3.5,5.0,2.0,3.75,4.0
2010-08-17,,,,,,,,,,,,,,,,,,,,,,,,,,,,,,,,,,,,,,,,,3.5,5.0,2.0,3.75,4.0
2010-08-18,,,,,,,,,,,,,,,,,,,,,,,,,,,,,,,,,,,,,,,,,3.5,5.0,2.0,3.75,4.0
2010-08-19,,,,,,,,,,,,,,,,,,,,,,,,,,,,,,,,,,,,,,,,,3.5,5.0,2.0,3.75,4.0
2010-08-20,,,,,,,,,,,,,,,,,,,,,,,,,,,,,,,,,,,,,,,,,3.5,5.0,2.0,3.75,4.0
2010-08-21,,,,,,,,,,,,,,,,,,,,,,,,,,,,,,,,,,,,,,,,,3.5,5.0,2.0,3.75,4.0
2010-08-22,,,,,,,,,,,,,,,,,,,,,,,,,,,,,,,,,,,,,,,,,3.5,5.0,2.0,3.75,4.0
2010-08-23,,,,,,,,,,,,,,,,,,,,,,,,,,,,,,,,,,,,,,,,,3.5,5.0,2.0,3.75,4.0
2010-08-24,,,,,,,,,,,,,,,,,,,,,,,,,,,,,,,,,,,,,,,,,3.5,5.0,2.0,3.75,4.0
2010-08-25,,,,,,,,,,,,,,,,,,,,,,,,,,,,,,,,,,,,,,,,,3.5,5.0,2.0,3.75,4.0
2010-08-26,,,,,,,,,,,,,,,,,,,,,,,,,,,,,,,,,,,,,,,,,3.5,5.0,2.0,3.75,4.0
2010-08-27,,,,,,,,,,,,,,,,,,,,,,,,,,,,,,,,,,,,,,,,,3.5,5.0,2.0,3.75,4.0
2010-08-28,,,,,,,,,,,,,,,,,,,,,,,,,,,,,,,,,,,,,,,,,3.5,5.0,2.0,3.75,4.0
2010-08-29,,,,,,,,,,,,,,,,,,,,,,,,,,,,,,,,,,,,,,,,,3.5,5.0,2.0,3.75,4.0
2010-08-30,,,,,,,,,,,,,,,,,,,,,,,,,,,,,,,,,,,,,,,,,3.5,5.0,2.0,3.75,4.0
2010-08-31,,,,,,,,,,,,,,,,,,,,,,,,,,,,,,,,,,,,,,,,,3.5,5.0,2.0,3.75,4.0
2010-09-01,,,,,,,,,,,,,,,,,,,,,,,,,,,,,,,,,,,,,,,,,3.5,5.0,2.0,3.75,4.0
2010-09-02,,,,,,,,,,,,,,,,,,,,,,,,,,,,,,,,,,,,,,,,,3.5,5.0,2.0,3.75,4.0
2010-09-03,,,,,,,,,,,,,,,,,,,,,,,,,,,,,,,,,,,,,,,,,3.5,5.0,2.0,3.75,4.0
2010-09-04,,,,,,,,,,,,,,,,,,,,,,,,,,,,,,,,,,,,,,,,,3.5,5.0,2.0,3.75,4.0
2010-09-05,,,,,,,,,,,,,,,,,,,,,,,,,,,,,,,,,,,,,,,,,3.5,5.0,2.0,3.75,4.0
2010-09-06,,,,,,,,,,,,,,,,,,,,,,,,,,,,,,,,,,,,,,,,,3.5,5.0,2.0,3.75,4.0
2010-09-07,,,,,,,,,,,,,,,,,,,,,,,,,,,,,,,,,,,,,,,,,3.5,5.0,2.0,3.75,4.0
2010-09-08,,,,,,,,,,,,,,,,,,,,,,,,,,,,,,,,,,,,,,,,,3.5,5.0,2.0,3.75,4.0
2010-09-09,,,,,,,,,,,,,,,,,,,,,,,,,,,,,,,,,,,,,,,,,3.5,5.0,2.0,3.75,4.0
2010-09-10,,,,,,,,,,,,,,,,,,,,,,,,,,,,,,,,,,,,,,,,,3.5,5.0,2.0,3.75,4.0
2010-09-11,,,,,,,,,,,,,,,,,,,,,,,,,,,,,,,,,,,,,,,,,3.5,5.0,2.0,3.75,4.0
2010-09-12,,,,,,,,,,,,,,,,,,,,,,,,,,,,,,,,,,,,,,,,,3.5,5.0,2.0,3.75,4.0
2010-09-13,,,,,,,,,,,,,,,,,,,,,,,,,,,,,,,,,,,,,,,,,3.5,5.0,2.0,3.75,4.0
2010-09-14,,,,,,,,,,,,,,,,,,,,,,,,,,,,,,,,,,,,,,,,,3.5,5.0,2.0,3.75,4.0
2010-09-15,,,,,,,,,,,,,,,,,,,,,,,,,,,,,,,,,,,,,,,,,3.5,5.0,2.0,3.75,4.0
2010-09-16,,,,,,,,,,,,,,,,,,,,,,,,,,,,,,,,,,,,,,,,,3.5,5.0,2.0,3.75,4.0
2010-09-17,,,,,,,,,,,,,,,,,,,,,,,,,,,,,,,,,,,,,,,,,3.5,5.0,2.0,3.75,4.0
2010-09-18,,,,,,,,,,,,,,,,,,,,,,,,,,,,,,,,,,,,,,,,,3.5,5.0,2.0,3.75,4.0
2010-09-19,,,,,,,,,,,,,,,,,,,,,,,,,,,,,,,,,,,,,,,,,3.5,5.0,2.0,3.75,4.0
2010-09-20,,,,,,,,,,,,,,,,,,,,,,,,,,,,,,,,,,,,,,,,,3.5,5.0,2.0,3.75,4.0
2010-09-21,,,,,,,,,,,,,,,,,,,,,,,,,,,,,,,,,,,,,,,,,3.5,5.0,2.0,3.75,4.0
2010-09-22,,,,,,,,,,,,,,,,,,,,,,,,,,,,,,,,,,,,,,,,,3.5,5.0,2.0,3.75,4.0
2010-09-23,,,,,,,,,,,,,,,,,,,,,,,,,,,,,,,,,,,,,,,,,3.5,5.0,2.0,3.75,4.0
2010-09-24,,,,,,,,,,,,,,,,,,,,,,,,,,,,,,,,,,,,,,,,,3.5,5.0,2.0,3.75,4.0
2010-09-25,,,,,,,,,,,,,,,,,,,,,,,,,,,,,,,,,,,,,,,,,3.5,5.0,2.0,3.75,4.0
2010-09-26,,,,,,,,,,,,,,,,,,,,,,,,,,,,,,,,,,,,,,,,,3.5,5.0,2.0,3.75,4.0
2010-09-27,,,,,,,,,,,,,,,,,,,,,,,,,,,,,,,,,,,,,,,,,3.5,5.0,2.0,3.75,4.0
2010-09-28,,,,,,,,,,,,,,,,,,,,,,,,,,,,,,,,,,,,,,,,,3.5,5.0,2.0,3.75,4.0
2010-09-29,,,,,,,,,,,,,,,,,,,,,,,,,,,,,,,,,,,,,,,,,3.5,5.0,2.0,3.75,4.0
2010-09-30,,,,,,,,,,,,,,,,,,,,,,,,,,,,,,,,,,,,,,,,,3.5,5.0,2.0,3.75,4.0
2010-10-01,,,,,,,,,,,,,,,,,,,,,,,,,,,,,,,,,,,,,,,,,3.5,5.0,2.0,3.75,4.0
2010-10-02,,,,,,,,,,,,,,,,,,,,,,,,,,,,,,,,,,,,,,,,,3.5,5.0,2.0,3.75,4.0
2010-10-03,,,,,,,,,,,,,,,,,,,,,,,,,,,,,,,,,,,,,,,,,3.5,5.0,2.0,3.75,4.0
2010-10-04,,,,,,,,,,,,,,,,,,,,,,,,,,,,,,,,,,,,,,,,,3.5,5.0,2.0,3.75,4.0
2010-10-05,,,,,,,,,,,,,,,,,,,,,,,,,,,,,,,,,,,,,,,,,3.5,5.0,2.0,3.75,4.0
2010-10-06,,,,,,,,,,,,,,,,,,,,,,,,,,,,,,,,,,,,,,,,,3.5,5.0,2.0,3.75,4.0
2010-10-07,,,,,,,,,,,,,,,,,,,,,,,,,,,,,,,,,,,,,,,,,3.5,5.0,2.0,3.75,4.0
2010-10-08,,,,,,,,,,,,,,,,,,,,,,,,,,,,,,,,,,,,,,,,,3.5,5.0,2.0,3.75,4.0
2010-10-09,,,,,,,,,,,,,,,,,,,,,,,,,,,,,,,,,,,,,,,,,3.5,5.0,2.0,3.75,4.0
2010-10-10,,,,,,,,,,,,,,,,,,,,,,,,,,,,,,,,,,,,,,,,,3.5,5.0,2.0,3.75,4.0
2010-10-11,,,,,,,,,,,,,,,,,,,,,,,,,,,,,,,,,,,,,,,,,3.5,5.0,2.0,3.75,4.0
2010-10-12,,,,,,,,,,,,,,,,,,,,,,,,,,,,,,,,,,,,,,,,,3.5,5.0,2.0,3.75,4.0
2010-10-13,,,,,,,,,,,,,,,,,,,,,,,,,,,,,,,,,,,,,,,,,3.5,5.0,2.0,3.75,4.0
2010-10-14,,,,,,,,,,,,,,,,,,,,,,,,,,,,,,,,,,,,,,,,,3.5,5.0,2.0,3.75,4.0
2010-10-15,,,,,,,,,,,,,,,,,,,,,,,,,,,,,,,,,,,,,,,,,3.5,5.0,2.0,3.75,4.0
2010-10-16,,,,,,,,,,,,,,,,,,,,,,,,,,,,,,,,,,,,,,,,,3.5,5.0,2.0,3.75,4.0
2010-10-17,,,,,,,,,,,,,,,,,,,,,,,,,,,,,,,,,,,,,,,,,3.5,5.0,2.0,3.75,4.0
2010-10-18,,,,,,,,,,,,,,,,,,,,,,,,,,,,,,,,,,,,,,,,,3.5,5.0,2.0,3.75,4.0
2010-10-19,,,,,,,,,,,,,,,,,,,,,,,,,,,,,,,,,,,,,,,,,3.5,5.0,2.0,3.75,4.0
2010-10-20,,,,,,,,,,,,,,,,,,,,,,,,,,,,,,,,,,,,,,,,,3.5,5.0,2.0,3.75,4.0
2010-10-21,,,,,,,,,,,,,,,,,,,,,,,,,,,,,,,,,,,,,,,,,3.5,5.0,2.0,3.75,4.0
2010-10-22,,,,,,,,,,,,,,,,,,,,,,,,,,,,,,,,,,,,,,,,,3.5,5.0,2.0,3.75,4.0
2010-10-23,,,,,,,,,,,,,,,,,,,,,,,,,,,,,,,,,,,,,,,,,3.5,5.0,2.0,3.75,4.0
2010-10-24,,,,,,,,,,,,,,,,,,,,,,,,,,,,,,,,,,,,,,,,,3.5,5.0,2.0,3.75,4.0
2010-10-25,,,,,,,,,,,,,,,,,,,,,,,,,,,,,,,,,,,,,,,,,3.5,5.0,2.0,3.75,4.0
2010-10-26,,,,,,,,,,,,,,,,,,,,,,,,,,,,,,,,,,,,,,,,,3.5,5.0,2.0,3.75,4.0
2010-10-27,,,,,,,,,,,,,,,,,,,,,,,,,,,,,,,,,,,,,,,,,3.5,5.0,2.0,3.75,4.0
2010-10-28,,,,,,,,,,,,,,,,,,,,,,,,,,,,,,,,,,,,,,,,,3.5,5.0,2.0,3.75,4.0
2010-10-29,,,,,,,,,,,,,,,,,,,,,,,,,,,,,,,,,,,,,,,,,3.5,5.0,2.0,3.75,4.0
2010-10-30,,,,,,,,,,,,,,,,,,,,,,,,,,,,,,,,,,,,,,,,,3.5,5.0,2.0,3.75,4.0
2010-10-31,,,,,,,,,,,,,,,,,,,,,,,,,,,,,,,,,,,,,,,,,3.5,5.0,2.0,3.75,4.0
2010-11-01,,,,,,,,,,,,,,,,,,,,,,,,,,,,,,,,,,,,,,,,,3.5,5.0,2.0,3.75,4.0
2010-11-02,,,,,,,,,,,,,,,,,,,,,,,,,,,,,,,,,,,,,,,,,3.5,5.0,2.0,3.75,4.0
2010-11-03,,,,,,,,,,,,,,,,,,,,,,,,,,,,,,,,,,,,,,,,,3.5,5.0,2.0,3.75,4.0
2010-11-04,,,,,,,,,,,,,,,,,,,,,,,,,,,,,,,,,,,,,,,,,3.5,5.0,2.0,3.75,4.0
2010-11-05,,,,,,,,,,,,,,,,,,,,,,,,,,,,,,,,,,,,,,,,,3.5,5.0,2.0,3.75,4.0
2010-11-06,,,,,,,,,,,,,,,,,,,,,,,,,,,,,,,,,,,,,,,,,3.5,5.0,2.0,3.75,4.0
2010-11-07,,,,,,,,,,,,,,,,,,,,,,,,,,,,,,,,,,,,,,,,,3.5,5.0,2.0,3.75,4.0
2010-11-08,,,,,,,,,,,,,,,,,,,,,,,,,,,,,,,,,,,,,,,,,3.5,5.0,2.0,3.75,4.0
2010-11-09,,,,,,,,,,,,,,,,,,,,,,,,,,,,,,,,,,,,,,,,,3.5,5.0,2.0,3.75,4.0
2010-11-10,,,,,,,,,,,,,,,,,,,,,,,,,,,,,,,,,,,,,,,,,3.5,5.0,2.0,3.75,4.0
2010-11-11,,,,,,,,,,,,,,,,,,,,,,,,,,,,,,,,,,,,,,,,,3.5,5.0,2.0,3.75,4.0
2010-11-12,,,,,,,,,,,,,,,,,,,,,,,,,,,,,,,,,,,,,,,,,3.5,5.0,2.0,3.75,4.0
2010-11-13,,,,,,,,,,,,,,,,,,,,,,,,,,,,,,,,,,,,,,,,,3.5,5.0,2.0,3.75,4.0
2010-11-14,,,,,,,,,,,,,,,,,,,,,,,,,,,,,,,,,,,,,,,,,3.5,5.0,2.0,3.75,4.0
2010-11-15,,,,,,,,,,,,,,,,,,,,,,,,,,,,,,,,,,,,,,,,,3.5,5.0,2.0,3.75,4.0
2010-11-16,,,,,,,,,,,,,,,,,,,,,,,,,,,,,,,,,,,,,,,,,3.5,5.0,2.0,3.75,4.0
2010-11-17,,,,,,,,,,,,,,,,,,,,,,,,,,,,,,,,,,,,,,,,,3.5,5.0,2.0,3.75,4.0
2010-11-18,,,,,,,,,,,,,,,,,,,,,,,,,,,,,,,,,,,,,,,,,3.5,5.0,2.0,3.75,4.0
2010-11-19,,,,,,,,,,,,,,,,,,,,,,,,,,,,,,,,,,,,,,,,,3.5,5.0,2.0,3.75,4.0
2010-11-20,,,,,,,,,,,,,,,,,,,,,,,,,,,,,,,,,,,,,,,,,3.5,5.0,2.0,3.75,4.0
2010-11-21,,,,,,,,,,,,,,,,,,,,,,,,,,,,,,,,,,,,,,,,,3.5,5.0,2.0,3.75,4.0
2010-11-22,,,,,,,,,,,,,,,,,,,,,,,,,,,,,,,,,,,,,,,,,3.5,5.0,2.0,3.75,4.0
2010-11-23,,,,,,,,,,,,,,,,,,,,,,,,,,,,,,,,,,,,,,,,,3.5,5.0,2.0,3.75,4.0
2010-11-24,,,,,,,,,,,,,,,,,,,,,,,,,,,,,,,,,,,,,,,,,3.5,5.0,2.0,3.75,4.0
2010-11-25,,,,,,,,,,,,,,,,,,,,,,,,,,,,,,,,,,,,,,,,,3.5,5.0,2.0,3.75,4.0
2010-11-26,,,,,,,,,,,,,,,,,,,,,,,,,,,,,,,,,,,,,,,,,3.5,5.0,2.0,3.75,4.0
2010-11-27,,,,,,,,,,,,,,,,,,,,,,,,,,,,,,,,,,,,,,,,,3.5,5.0,2.0,3.75,4.0
2010-11-28,,,,,,,,,,,,,,,,,,,,,,,,,,,,,,,,,,,,,,,,,3.5,5.0,2.0,3.75,4.0
2010-11-29,,,,,,,,,,,,,,,,,,,,,,,,,,,,,,,,,,,,,,,,,3.5,5.0,2.0,3.75,4.0
2010-11-30,,,,,,,,,,,,,,,,,,,,,,,,,,,,,,,,,,,,,,,,,3.5,5.0,2.0,3.75,4.0
2010-12-01,,,,,,,,,,,,,,,,,,,,,,,,,,,,,,,,,,,,,,,,,3.5,5.0,2.0,3.75,4.0
2010-12-02,,,,,,,,,,,,,,,,,,,,,,,,,,,,,,,,,,,,,,,,,3.5,5.0,2.0,3.75,4.0
2010-12-03,,,,,,,,,,,,,,,,,,,,,,,,,,,,,,,,,,,,,,,,,3.5,5.0,2.0,3.75,4.0
2010-12-04,,,,,,,,,,,,,,,,,,,,,,,,,,,,,,,,,,,,,,,,,3.5,5.0,2.0,3.75,4.0
2010-12-05,,,,,,,,,,,,,,,,,,,,,,,,,,,,,,,,,,,,,,,,,3.5,5.0,2.0,3.75,4.0
2010-12-06,,,,,,,,,,,,,,,,,,,,,,,,,,,,,,,,,,,,,,,,,3.5,5.0,2.0,3.75,4.0
2010-12-07,,,,,,,,,,,,,,,,,,,,,,,,,,,,,,,,,,,,,,,,,3.5,5.0,2.0,3.75,4.0
2010-12-08,,,,,,,,,,,,,,,,,,,,,,,,,,,,,,,,,,,,,,,,,3.5,5.0,2.0,3.75,4.0
2010-12-09,,,,,,,,,,,,,,,,,,,,,,,,,,,,,,,,,,,,,,,,,3.5,5.0,2.0,3.75,4.0
2010-12-10,,,,,,,,,,,,,,,,,,,,,,,,,,,,,,,,,,,,,,,,,3.5,5.0,2.0,3.75,4.0
2010-12-11,,,,,,,,,,,,,,,,,,,,,,,,,,,,,,,,,,,,,,,,,3.5,5.0,2.0,3.75,4.0
2010-12-12,,,,,,,,,,,,,,,,,,,,,,,,,,,,,,,,,,,,,,,,,3.5,5.0,2.0,3.75,4.0
2010-12-13,,,,,,,,,,,,,,,,,,,,,,,,,,,,,,,,,,,,,,,,,3.5,5.0,2.0,3.75,4.0
2010-12-14,,,,,,,,,,,,,,,,,,,,,,,,,,,,,,,,,,,,,,,,,3.5,5.0,2.0,3.75,4.0
2010-12-15,,,,,,,,,,,,,,,,,,,,,,,,,,,,,,,,,,,,,,,,,3.5,5.0,2.0,3.75,4.0
2010-12-16,,,,,,,,,,,,,,,,,,,,,,,,,,,,,,,,,,,,,,,,,3.5,5.0,2.0,3.75,4.0
2010-12-17,,,,,,,,,,,,,,,,,,,,,,,,,,,,,,,,,,,,,,,,,3.5,5.0,2.0,3.75,4.0
2010-12-18,,,,,,,,,,,,,,,,,,,,,,,,,,,,,,,,,,,,,,,,,3.5,5.0,2.0,3.75,4.0
2010-12-19,,,,,,,,,,,,,,,,,,,,,,,,,,,,,,,,,,,,,,,,,3.5,5.0,2.0,3.75,4.0
2010-12-20,,,,,,,,,,,,,,,,,,,,,,,,,,,,,,,,,,,,,,,,,3.5,5.0,2.0,3.75,4.0
2010-12-21,,,,,,,,,,,,,,,,,,,,,,,,,,,,,,,,,,,,,,,,,3.5,5.0,2.0,3.75,4.0
2010-12-22,,,,,,,,,,,,,,,,,,,,,,,,,,,,,,,,,,,,,,,,,3.5,5.0,2.0,3.75,4.0
2010-12-23,,,,,,,,,,,,,,,,,,,,,,,,,,,,,,,,,,,,,,,,,3.5,5.0,2.0,3.75,4.0
2010-12-24,,,,,,,,,,,,,,,,,,,,,,,,,,,,,,,,,,,,,,,,,3.5,5.0,2.0,3.75,4.0
2010-12-25,,,,,,,,,,,,,,,,,,,,,,,,,,,,,,,,,,,,,,,,,3.5,5.0,2.0,3.75,4.0
2010-12-26,,,,,,,,,,,,,,,,,,,,,,,,,,,,,,,,,,,,,,,,,3.5,5.0,2.0,3.75,4.0
2010-12-27,,,,,,,,,,,,,,,,,,,,,,,,,,,,,,,,,,,,,,,,,3.5,5.0,2.0,3.75,4.0
2010-12-28,,,,,,,,,,,,,,,,,,,,,,,,,,,,,,,,,,,,,,,,,3.5,5.0,2.0,3.75,4.0
2010-12-29,,,,,,,,,,,,,,,,,,,,,,,,,,,,,,,,,,,,,,,,,3.5,5.0,2.0,3.75,4.0
2010-12-30,,,,,,,,,,,,,,,,,,,,,,,,,,,,,,,,,,,,,,,,,3.5,5.0,2.0,3.75,4.0
2010-12-31,,,,,,,,,,,,,,,,,,,,,,,,,,,,,,,,,,,,,,,,,3.5,5.0,2.0,3.75,4.0
2011-01-01,,,,,,,,,,,,,,,,,,,,,,,,,,,,,,,,,,,,,,,,,3.5,5.0,2.0,3.75,4.0
2011-01-02,,,,,,,,,,,,,,,,,,,,,,,,,,,,,,,,,,,,,,,,,3.5,5.0,2.0,3.75,4.0
2011-01-03,,,,,,,,,,,,,,,,,,,,,,,,,,,,,,,,,,,,,,,,,3.5,5.0,2.0,3.75,4.0
2011-01-04,,,,,,,,,,,,,,,,,,,,,,,,,,,,,,,,,,,,,,,,,3.5,5.0,2.0,3.75,4.0
2011-01-05,,,,,,,,,,,,,,,,,,,,,,,,,,,,,,,,,,,,,,,,,3.5,5.0,2.0,3.75,4.0
2011-01-06,,,,,,,,,,,,,,,,,,,,,,,,,,,,,,,,,,,,,,,,,3.5,5.0,2.0,3.75,4.0
2011-01-07,,,,,,,,,,,,,,,,,,,,,,,,,,,,,,,,,,,,,,,,,3.5,5.0,2.0,3.75,4.0
2011-01-08,,,,,,,,,,,,,,,,,,,,,,,,,,,,,,,,,,,,,,,,,3.5,5.0,2.0,3.75,4.0
2011-01-09,,,,,,,,,,,,,,,,,,,,,,,,,,,,,,,,,,,,,,,,,3.5,5.0,2.0,3.75,4.0
2011-01-10,,,,,,,,,,,,,,,,,,,,,,,,,,,,,,,,,,,,,,,,,3.5,5.0,2.0,3.75,4.0
2011-01-11,,,,,,,,,,,,,,,,,,,,,,,,,,,,,,,,,,,,,,,,,3.5,5.0,2.0,3.75,4.0
2011-01-12,,,,,,,,,,,,,,,,,,,,,,,,,,,,,,,,,,,,,,,,,3.5,5.0,2.0,3.75,4.0
2011-01-13,,,,,,,,,,,,,,,,,,,,,,,,,,,,,,,,,,,,,,,,,3.5,5.0,2.0,3.75,4.0
2011-01-14,,,,,,,,,,,,,,,,,,,,,,,,,,,,,,,,,,,,,,,,,3.5,5.0,2.0,3.75,4.0
2011-01-15,,,,,,,,,,,,,,,,,,,,,,,,,,,,,,,,,,,,,,,,,3.5,5.0,2.0,3.75,4.0
2011-01-16,,,,,,,,,,,,,,,,,,,,,,,,,,,,,,,,,,,,,,,,,3.5,5.0,2.0,3.75,4.0
2011-01-17,,,,,,,,,,,,,,,,,,,,,,,,,,,,,,,,,,,,,,,,,3.5,5.0,2.0,3.75,4.0
2011-01-18,,,,,,,,,,,,,,,,,,,,,,,,,,,,,,,,,,,,,,,,,3.5,5.0,2.0,3.75,4.0
2011-01-19,,,,,,,,,,,,,,,,,,,,,,,,,,,,,,,,,,,,,,,,,3.5,5.0,2.0,3.75,4.0
2011-01-20,,,,,,,,,,,,,,,,,,,,,,,,,,,,,,,,,,,,,,,,,3.75,5.25,2.25,4.0,4.0
2011-01-21,,,,,,,,,,,,,,,,,,,,,,,,,,,,,,,,,,,,,,,,,3.75,5.25,2.25,4.0,4.0
2011-01-22,,,,,,,,,,,,,,,,,,,,,,,,,,,,,,,,,,,,,,,,,3.75,5.25,2.25,4.0,4.0
2011-01-23,,,,,,,,,,,,,,,,,,,,,,,,,,,,,,,,,,,,,,,,,3.75,5.25,2.25,4.0,4.0
2011-01-24,,,,,,,,,,,,,,,,,,,,,,,,,,,,,,,,,,,,,,,,,3.75,5.25,2.25,4.0,4.0
2011-01-25,,,,,,,,,,,,,,,,,,,,,,,,,,,,,,,,,,,,,,,,,3.75,5.25,2.25,4.0,4.0
2011-01-26,,,,,,,,,,,,,,,,,,,,,,,,,,,,,,,,,,,,,,,,,3.75,5.25,2.25,4.0,4.0
2011-01-27,,,,,,,,,,,,,,,,,,,,,,,,,,,,,,,,,,,,,,,,,3.75,5.25,2.25,4.0,4.0
2011-01-28,,,,,,,,,,,,,,,,,,,,,,,,,,,,,,,,,,,,,,,,,3.75,5.25,2.25,4.0,4.0
2011-01-29,,,,,,,,,,,,,,,,,,,,,,,,,,,,,,,,,,,,,,,,,3.75,5.25,2.25,4.0,4.0
2011-01-30,,,,,,,,,,,,,,,,,,,,,,,,,,,,,,,,,,,,,,,,,3.75,5.25,2.25,4.0,4.0
2011-01-31,,,,,,,,,,,,,,,,,,,,,,,,,,,,,,,,,,,,,,,,,3.75,5.25,2.25,4.0,4.0
2011-02-01,,,,,,,,,,,,,,,,,,,,,,,,,,,,,,,,,,,,,,,,,3.75,5.25,2.25,4.0,4.0
2011-02-02,,,,,,,,,,,,,,,,,,,,,,,,,,,,,,,,,,,,,,,,,3.75,5.25,2.25,4.0,4.0
2011-02-03,,,,,,,,,,,,,,,,,,,,,,,,,,,,,,,,,,,,,,,,,3.75,5.25,2.25,4.0,4.0
2011-02-04,,,,,,,,,,,,,,,,,,,,,,,,,,,,,,,,,,,,,,,,,3.75,5.25,2.25,4.0,4.0
2011-02-05,,,,,,,,,,,,,,,,,,,,,,,,,,,,,,,,,,,,,,,,,3.75,5.25,2.25,4.0,4.0
2011-02-06,,,,,,,,,,,,,,,,,,,,,,,,,,,,,,,,,,,,,,,,,3.75,5.25,2.25,4.0,4.0
2011-02-07,,,,,,,,,,,,,,,,,,,,,,,,,,,,,,,,,,,,,,,,,3.75,5.25,2.25,4.0,4.0
2011-02-08,,,,,,,,,,,,,,,,,,,,,,,,,,,,,,,,,,,,,,,,,3.75,5.25,2.25,4.0,4.0
2011-02-09,,,,,,,,,,,,,,,,,,,,,,,,,,,,,,,,,,,,,,,,,3.75,5.25,2.25,4.0,4.0
2011-02-10,,,,,,,,,,,,,,,,,,,,,,,,,,,,,,,,,,,,,,,,,3.75,5.25,2.25,4.0,4.0
2011-02-11,,,,,,,,,,,,,,,,,,,,,,,,,,,,,,,,,,,,,,,,,3.75,5.25,2.25,4.0,4.0
2011-02-12,,,,,,,,,,,,,,,,,,,,,,,,,,,,,,,,,,,,,,,,,3.75,5.25,2.25,4.0,4.0
2011-02-13,,,,,,,,,,,,,,,,,,,,,,,,,,,,,,,,,,,,,,,,,3.75,5.25,2.25,4.0,4.0
2011-02-14,,,,,,,,,,,,,,,,,,,,,,,,,,,,,,,,,,,,,,,,,3.75,5.25,2.25,4.0,4.0
2011-02-15,,,,,,,,,,,,,,,,,,,,,,,,,,,,,,,,,,,,,,,,,3.75,5.25,2.25,4.0,4.0
2011-02-16,,,,,,,,,,,,,,,,,,,,,,,,,,,,,,,,,,,,,,,,,3.75,5.25,2.25,4.0,4.0
2011-02-17,,,,,,,,,,,,,,,,,,,,,,,,,,,,,,,,,,,,,,,,,3.75,5.25,2.25,4.0,4.0
2011-02-18,,,,,,,,,,,,,,,,,,,,,,,,,,,,,,,,,,,,,,,,,3.75,5.25,2.25,4.0,4.0
2011-02-19,,,,,,,,,,,,,,,,,,,,,,,,,,,,,,,,,,,,,,,,,3.75,5.25,2.25,4.0,4.0
2011-02-20,,,,,,,,,,,,,,,,,,,,,,,,,,,,,,,,,,,,,,,,,3.75,5.25,2.25,4.0,4.0
2011-02-21,,,,,,,,,,,,,,,,,,,,,,,,,,,,,,,,,,,,,,,,,3.75,5.25,2.25,4.0,4.0
2011-02-22,,,,,,,,,,,,,,,,,,,,,,,,,,,,,,,,,,,,,,,,,3.75,5.25,2.25,4.0,4.0
2011-02-23,,,,,,,,,,,,,,,,,,,,,,,,,,,,,,,,,,,,,,,,,3.75,5.25,2.25,4.0,4.0
2011-02-24,,,,,,,,,,,,,,,,,,,,,,,,,,,,,,,,,,,,,,,,,3.75,5.25,2.25,4.0,4.0
2011-02-25,,,,,,,,,,,,,,,,,,,,,,,,,,,,,,,,,,,,,,,,,3.75,5.25,2.25,4.0,4.0
2011-02-26,,,,,,,,,,,,,,,,,,,,,,,,,,,,,,,,,,,,,,,,,3.75,5.25,2.25,4.0,4.0
2011-02-27,,,,,,,,,,,,,,,,,,,,,,,,,,,,,,,,,,,,,,,,,3.75,5.25,2.25,4.0,4.0
2011-02-28,,,,,,,,,,,,,,,,,,,,,,,,,,,,,,,,,,,,,,,,,3.75,5.25,2.25,4.0,4.0
2011-03-01,,,,,,,,,,,,,,,,,,,,,,,,,,,,,,,,,,,,,,,,,3.75,5.25,2.25,4.0,4.0
2011-03-02,,,,,,,,,,,,,,,,,,,,,,,,,,,,,,,,,,,,,,,,,3.75,5.25,2.25,4.0,4.0
2011-03-03,,,,,,,,,,,,,,,,,,,,,,,,,,,,,,,,,,,,,,,,,3.75,5.25,2.25,4.0,4.0
2011-03-04,,,,,,,,,,,,,,,,,,,,,,,,,,,,,,,,,,,,,,,,,3.75,5.25,2.25,4.0,4.0
2011-03-05,,,,,,,,,,,,,,,,,,,,,,,,,,,,,,,,,,,,,,,,,3.75,5.25,2.25,4.0,4.0
2011-03-06,,,,,,,,,,,,,,,,,,,,,,,,,,,,,,,,,,,,,,,,,3.75,5.25,2.25,4.0,4.0
2011-03-07,,,,,,,,,,,,,,,,,,,,,,,,,,,,,,,,,,,,,,,,,3.75,5.25,2.25,4.0,4.0
2011-03-08,,,,,,,,,,,,,,,,,,,,,,,,,,,,,,,,,,,,,,,,,3.75,5.25,2.25,4.0,4.0
2011-03-09,,,,,,,,,,,,,,,,,,,,,,,,,,,,,,,,,,,,,,,,,3.75,5.25,2.25,4.0,4.0
2011-03-10,,,,,,,,,,,,,,,,,,,,,,,,,,,,,,,,,,,,,,,,,3.75,5.25,2.25,4.0,4.0
2011-03-11,,,,,,,,,,,,,,,,,,,,,,,,,,,,,,,,,,,,,,,,,3.75,5.25,2.25,4.0,4.0
2011-03-12,,,,,,,,,,,,,,,,,,,,,,,,,,,,,,,,,,,,,,,,,3.75,5.25,2.25,4.0,4.0
2011-03-13,,,,,,,,,,,,,,,,,,,,,,,,,,,,,,,,,,,,,,,,,3.75,5.25,2.25,4.0,4.0
2011-03-14,,,,,,,,,,,,,,,,,,,,,,,,,,,,,,,,,,,,,,,,,3.75,5.25,2.25,4.0,4.0
2011-03-15,,,,,,,,,,,,,,,,,,,,,,,,,,,,,,,,,,,,,,,,,3.75,5.25,2.25,4.0,4.0
2011-03-16,,,,,,,,,,,,,,,,,,,,,,,,,,,,,,,,,,,,,,,,,3.75,5.25,2.25,4.0,4.0
2011-03-17,,,,,,,,,,,,,,,,,,,,,,,,,,,,,,,,,,,,,,,,,3.75,5.25,2.25,4.0,4.0
2011-03-18,,,,,,,,,,,,,,,,,,,,,,,,,,,,,,,,,,,,,,,,,3.75,5.25,2.25,4.0,4.0
2011-03-19,,,,,,,,,,,,,,,,,,,,,,,,,,,,,,,,,,,,,,,,,3.75,5.25,2.25,4.0,4.0
2011-03-20,,,,,,,,,,,,,,,,,,,,,,,,,,,,,,,,,,,,,,,,,3.75,5.25,2.25,4.0,4.0
2011-03-21,,,,,,,,,,,,,,,,,,,,,,,,,,,,,,,,,,,,,,,,,3.75,5.25,2.25,4.0,4.0
2011-03-22,,,,,,,,,,,,,,,,,,,,,,,,,,,,,,,,,,,,,,,,,3.75,5.25,2.25,4.0,4.0
2011-03-23,,,,,,,,,,,,,,,,,,,,,,,,,,,,,,,,,,,,,,,,,3.75,5.25,2.25,4.0,4.0
2011-03-24,,,,,,,,,,,,,,,,,,,,,,,,,,,,,,,,,,,,,,,,,3.75,5.25,2.25,4.0,4.0
2011-03-25,,,,,,,,,,,,,,,,,,,,,,,,,,,,,,,,,,,,,,,,,3.75,5.25,2.25,4.0,4.0
2011-03-26,,,,,,,,,,,,,,,,,,,,,,,,,,,,,,,,,,,,,,,,,3.75,5.25,2.25,4.0,4.0
2011-03-27,,,,,,,,,,,,,,,,,,,,,,,,,,,,,,,,,,,,,,,,,3.75,5.25,2.25,4.0,4.0
2011-03-28,,,,,,,,,,,,,,,,,,,,,,,,,,,,,,,,,,,,,,,,,3.75,5.25,2.25,4.0,4.0
2011-03-29,,,,,,,,,,,,,,,,,,,,,,,,,,,,,,,,,,,,,,,,,3.75,5.25,2.25,4.0,4.0
2011-03-30,,,,,,,,,,,,,,,,,,,,,,,,,,,,,,,,,,,,,,,,,3.75,5.25,2.25,4.0,4.0
2011-03-31,,,,,,,,,,,,,,,,,,,,,,,,,,,,,,,,,,,,,,,,,3.75,5.25,2.25,4.0,4.0
2011-04-01,,,,,,,,,,,,,,,,,,,,,,,,,,,,,,,,,,,,,,,,,3.75,5.25,2.25,4.0,4.0
2011-04-02,,,,,,,,,,,,,,,,,,,,,,,,,,,,,,,,,,,,,,,,,3.75,5.25,2.25,4.0,4.0
2011-04-03,,,,,,,,,,,,,,,,,,,,,,,,,,,,,,,,,,,,,,,,,3.75,5.25,2.25,4.0,4.0
2011-04-04,,,,,,,,,,,,,,,,,,,,,,,,,,,,,,,,,,,,,,,,,3.75,5.25,2.25,4.0,4.0
2011-04-05,,,,,,,,,,,,,,,,,,,,,,,,,,,,,,,,,,,,,,,,,3.75,5.25,2.25,4.0,4.0
2011-04-06,,,,,,,,,,,,,,,,,,,,,,,,,,,,,,,,,,,,,,,,,4.0,5.5,2.5,4.25,4.0
2011-04-07,,,,,,,,,,,,,,,,,,,,,,,,,,,,,,,,,,,,,,,,,4.0,5.5,2.5,4.25,4.0
2011-04-08,,,,,,,,,,,,,,,,,,,,,,,,,,,,,,,,,,,,,,,,,4.0,5.5,2.5,4.25,4.0
2011-04-09,,,,,,,,,,,,,,,,,,,,,,,,,,,,,,,,,,,,,,,,,4.0,5.5,2.5,4.25,4.0
2011-04-10,,,,,,,,,,,,,,,,,,,,,,,,,,,,,,,,,,,,,,,,,4.0,5.5,2.5,4.25,4.0
2011-04-11,,,,,,,,,,,,,,,,,,,,,,,,,,,,,,,,,,,,,,,,,4.0,5.5,2.5,4.25,4.0
2011-04-12,,,,,,,,,,,,,,,,,,,,,,,,,,,,,,,,,,,,,,,,,4.0,5.5,2.5,4.25,4.0
2011-04-13,,,,,,,,,,,,,,,,,,,,,,,,,,,,,,,,,,,,,,,,,4.0,5.5,2.5,4.25,4.0
2011-04-14,,,,,,,,,,,,,,,,,,,,,,,,,,,,,,,,,,,,,,,,,4.0,5.5,2.5,4.25,4.0
2011-04-15,,,,,,,,,,,,,,,,,,,,,,,,,,,,,,,,,,,,,,,,,4.0,5.5,2.5,4.25,4.0
2011-04-16,,,,,,,,,,,,,,,,,,,,,,,,,,,,,,,,,,,,,,,,,4.0,5.5,2.5,4.25,4.0
2011-04-17,,,,,,,,,,,,,,,,,,,,,,,,,,,,,,,,,,,,,,,,,4.0,5.5,2.5,4.25,4.0
2011-04-18,,,,,,,,,,,,,,,,,,,,,,,,,,,,,,,,,,,,,,,,,4.0,5.5,2.5,4.25,4.0
2011-04-19,,,,,,,,,,,,,,,,,,,,,,,,,,,,,,,,,,,,,,,,,4.0,5.5,2.5,4.25,4.0
2011-04-20,,,,,,,,,,,,,,,,,,,,,,,,,,,,,,,,,,,,,,,,,4.0,5.5,2.5,4.25,4.0
2011-04-21,,,,,,,,,,,,,,,,,,,,,,,,,,,,,,,,,,,,,,,,,4.0,5.5,2.5,4.25,4.0
2011-04-22,,,,,,,,,,,,,,,,,,,,,,,,,,,,,,,,,,,,,,,,,4.0,5.5,2.5,4.25,4.0
2011-04-23,,,,,,,,,,,,,,,,,,,,,,,,,,,,,,,,,,,,,,,,,4.0,5.5,2.5,4.25,4.0
2011-04-24,,,,,,,,,,,,,,,,,,,,,,,,,,,,,,,,,,,,,,,,,4.0,5.5,2.5,4.25,4.0
2011-04-25,,,,,,,,,,,,,,,,,,,,,,,,,,,,,,,,,,,,,,,,,4.0,5.5,2.5,4.25,4.0
2011-04-26,,,,,,,,,,,,,,,,,,,,,,,,,,,,,,,,,,,,,,,,,4.0,5.5,2.5,4.25,4.0
2011-04-27,,,,,,,,,,,,,,,,,,,,,,,,,,,,,,,,,,,,,,,,,4.0,5.5,2.5,4.25,4.0
2011-04-28,,,,,,,,,,,,,,,,,,,,,,,,,,,,,,,,,,,,,,,,,4.0,5.5,2.5,4.25,4.0
2011-04-29,,,,,,,,,,,,,,,,,,,,,,,,,,,,,,,,,,,,,,,,,4.0,5.5,2.5,4.25,4.0
2011-04-30,,,,,,,,,,,,,,,,,,,,,,,,,,,,,,,,,,,,,,,,,4.0,5.5,2.5,4.25,4.0
2011-05-01,,,,,,,,,,,,,,,,,,,,,,,,,,,,,,,,,,,,,,,,,4.0,5.5,2.5,4.25,4.0
2011-05-02,,,,,,,,,,,,,,,,,,,,,,,,,,,,,,,,,,,,,,,,,4.0,5.5,2.5,4.25,4.0
2011-05-03,,,,,,,,,,,,,,,,,,,,,,,,,,,,,,,,,,,,,,,,,4.0,5.5,2.5,4.25,4.0
2011-05-04,,,,,,,,,,,,,,,,,,,,,,,,,,,,,,,,,,,,,,,,,4.0,5.5,2.5,4.25,4.0
2011-05-05,,,,,,,,,,,,,,,,,,,,,,,,,,,,,,,,,,,,,,,,,4.0,5.5,2.5,4.25,4.0
2011-05-06,,,,,,,,,,,,,,,,,,,,,,,,,,,,,,,,,,,,,,,,,4.0,5.5,2.5,4.25,4.0
2011-05-07,,,,,,,,,,,,,,,,,,,,,,,,,,,,,,,,,,,,,,,,,4.0,5.5,2.5,4.25,4.0
2011-05-08,,,,,,,,,,,,,,,,,,,,,,,,,,,,,,,,,,,,,,,,,4.0,5.5,2.5,4.25,4.0
2011-05-09,,,,,,,,,,,,,,,,,,,,,,,,,,,,,,,,,,,,,,,,,4.0,5.5,2.5,4.25,4.0
2011-05-10,,,,,,,,,,,,,,,,,,,,,,,,,,,,,,,,,,,,,,,,,4.0,5.5,2.5,4.25,4.0
2011-05-11,,,,,,,,,,,,,,,,,,,,,,,,,,,,,,,,,,,,,,,,,4.0,5.5,2.5,4.25,4.0
2011-05-12,,,,,,,,,,,,,,,,,,,,,,,,,,,,,,,,,,,,,,,,,4.25,5.75,2.75,4.5,4.0
2011-05-13,,,,,,,,,,,,,,,,,,,,,,,,,,,,,,,,,,,,,,,,,4.25,5.75,2.75,4.5,4.0
2011-05-14,,,,,,,,,,,,,,,,,,,,,,,,,,,,,,,,,,,,,,,,,4.25,5.75,2.75,4.5,4.0
2011-05-15,,,,,,,,,,,,,,,,,,,,,,,,,,,,,,,,,,,,,,,,,4.25,5.75,2.75,4.5,4.0
2011-05-16,,,,,,,,,,,,,,,,,,,,,,,,,,,,,,,,,,,,,,,,,4.25,5.75,2.75,4.5,4.0
2011-05-17,,,,,,,,,,,,,,,,,,,,,,,,,,,,,,,,,,,,,,,,,4.25,5.75,2.75,4.5,4.0
2011-05-18,,,,,,,,,,,,,,,,,,,,,,,,,,,,,,,,,,,,,,,,,4.25,5.75,2.75,4.5,4.0
2011-05-19,,,,,,,,,,,,,,,,,,,,,,,,,,,,,,,,,,,,,,,,,4.25,5.75,2.75,4.5,4.0
2011-05-20,,,,,,,,,,,,,,,,,,,,,,,,,,,,,,,,,,,,,,,,,4.25,5.75,2.75,4.5,4.0
2011-05-21,,,,,,,,,,,,,,,,,,,,,,,,,,,,,,,,,,,,,,,,,4.25,5.75,2.75,4.5,4.0
2011-05-22,,,,,,,,,,,,,,,,,,,,,,,,,,,,,,,,,,,,,,,,,4.25,5.75,2.75,4.5,4.0
2011-05-23,,,,,,,,,,,,,,,,,,,,,,,,,,,,,,,,,,,,,,,,,4.25,5.75,2.75,4.5,4.0
2011-05-24,,,,,,,,,,,,,,,,,,,,,,,,,,,,,,,,,,,,,,,,,4.25,5.75,2.75,4.5,4.0
2011-05-25,,,,,,,,,,,,,,,,,,,,,,,,,,,,,,,,,,,,,,,,,4.25,5.75,2.75,4.5,4.0
2011-05-26,,,,,,,,,,,,,,,,,,,,,,,,,,,,,,,,,,,,,,,,,4.25,5.75,2.75,4.5,4.0
2011-05-27,,,,,,,,,,,,,,,,,,,,,,,,,,,,,,,,,,,,,,,,,4.25,5.75,2.75,4.5,4.0
2011-05-28,,,,,,,,,,,,,,,,,,,,,,,,,,,,,,,,,,,,,,,,,4.25,5.75,2.75,4.5,4.0
2011-05-29,,,,,,,,,,,,,,,,,,,,,,,,,,,,,,,,,,,,,,,,,4.25,5.75,2.75,4.5,4.0
2011-05-30,,,,,,,,,,,,,,,,,,,,,,,,,,,,,,,,,,,,,,,,,4.25,5.75,2.75,4.5,4.0
2011-05-31,,,,,,,,,,,,,,,,,,,,,,,,,,,,,,,,,,,,,,,,,4.25,5.75,2.75,4.5,4.0
2011-06-01,,,,,,,,,,,,,,,,,,,,,,,,,,,,,,,,,,,,,,,,,4.25,5.75,2.75,4.5,4.0
2011-06-02,,,,,,,,,,,,,,,,,,,,,,,,,,,,,,,,,,,,,,,,,4.25,5.75,2.75,4.5,4.0
2011-06-03,,,,,,,,,,,,,,,,,,,,,,,,,,,,,,,,,,,,,,,,,4.25,5.75,2.75,4.5,4.0
2011-06-04,,,,,,,,,,,,,,,,,,,,,,,,,,,,,,,,,,,,,,,,,4.25,5.75,2.75,4.5,4.0
2011-06-05,,,,,,,,,,,,,,,,,,,,,,,,,,,,,,,,,,,,,,,,,4.25,5.75,2.75,4.5,4.0
2011-06-06,,,,,,,,,,,,,,,,,,,,,,,,,,,,,,,,,,,,,,,,,4.25,5.75,2.75,4.5,4.0
2011-06-07,,,,,,,,,,,,,,,,,,,,,,,,,,,,,,,,,,,,,,,,,4.25,5.75,2.75,4.5,4.0
2011-06-08,,,,,,,,,,,,,,,,,,,,,,,,,,,,,,,,,,,,,,,,,4.25,5.75,2.75,4.5,4.0
2011-06-09,,,,,,,,,,,,,,,,,,,,,,,,,,,,,,,,,,,,,,,,,4.5,6.0,3.0,4.75,4.0
2011-06-10,,,,,,,,,,,,,,,,,,,,,,,,,,,,,,,,,,,,,,,,,4.5,6.0,3.0,4.75,4.0
2011-06-11,,,,,,,,,,,,,,,,,,,,,,,,,,,,,,,,,,,,,,,,,4.5,6.0,3.0,4.75,4.0
2011-06-12,,,,,,,,,,,,,,,,,,,,,,,,,,,,,,,,,,,,,,,,,4.5,6.0,3.0,4.75,4.0
2011-06-13,,,,,,,,,,,,,,,,,,,,,,,,,,,,,,,,,,,,,,,,,4.5,6.0,3.0,4.75,4.0
2011-06-14,,,,,,,,,,,,,,,,,,,,,,,,,,,,,,,,,,,,,,,,,4.5,6.0,3.0,4.75,4.0
2011-06-15,,,,,,,,,,,,,,,,,,,,,,,,,,,,,,,,,,,,,,,,,4.5,6.0,3.0,4.75,4.0
2011-06-16,,,,,,,,,,,,,,,,,,,,,,,,,,,,,,,,,,,,,,,,,4.5,6.0,3.0,4.75,4.0
2011-06-17,,,,,,,,,,,,,,,,,,,,,,,,,,,,,,,,,,,,,,,,,4.5,6.0,3.0,4.75,4.0
2011-06-18,,,,,,,,,,,,,,,,,,,,,,,,,,,,,,,,,,,,,,,,,4.5,6.0,3.0,4.75,4.0
2011-06-19,,,,,,,,,,,,,,,,,,,,,,,,,,,,,,,,,,,,,,,,,4.5,6.0,3.0,4.75,4.0
2011-06-20,,,,,,,,,,,,,,,,,,,,,,,,,,,,,,,,,,,,,,,,,4.5,6.0,3.0,4.75,4.0
2011-06-21,,,,,,,,,,,,,,,,,,,,,,,,,,,,,,,,,,,,,,,,,4.5,6.0,3.0,4.75,4.0
2011-06-22,,,,,,,,,,,,,,,,,,,,,,,,,,,,,,,,,,,,,,,,,4.5,6.0,3.0,4.75,4.0
2011-06-23,,,,,,,,,,,,,,,,,,,,,,,,,,,,,,,,,,,,,,,,,4.5,6.0,3.0,4.75,4.0
2011-06-24,,,,,,,,,,,,,,,,,,,,,,,,,,,,,,,,,,,,,,,,,4.5,6.0,3.0,4.75,4.0
2011-06-25,,,,,,,,,,,,,,,,,,,,,,,,,,,,,,,,,,,,,,,,,4.5,6.0,3.0,4.75,4.0
2011-06-26,,,,,,,,,,,,,,,,,,,,,,,,,,,,,,,,,,,,,,,,,4.5,6.0,3.0,4.75,4.0
2011-06-27,,,,,,,,,,,,,,,,,,,,,,,,,,,,,,,,,,,,,,,,,4.5,6.0,3.0,4.75,4.0
2011-06-28,,,,,,,,,,,,,,,,,,,,,,,,,,,,,,,,,,,,,,,,,4.5,6.0,3.0,4.75,4.0
2011-06-29,,,,,,,,,,,,,,,,,,,,,,,,,,,,,,,,,,,,,,,,,4.5,6.0,3.0,4.75,4.0
2011-06-30,,,,,,,,,,,,,,,,,,,,,,,,,,,,,,,,,,,,,,,,,4.5,6.0,3.0,4.75,4.0
2011-07-01,,,,,,,,,,,,,,,,,,,,,,,,,,,,,,,,,,,,,,,,,4.5,6.0,3.0,4.75,4.0
2011-07-02,,,,,,,,,,,,,,,,,,,,,,,,,,,,,,,,,,,,,,,,,4.5,6.0,3.0,4.75,4.0
2011-07-03,,,,,,,,,,,,,,,,,,,,,,,,,,,,,,,,,,,,,,,,,4.5,6.0,3.0,4.75,4.0
2011-07-04,,,,,,,,,,,,,,,,,,,,,,,,,,,,,,,,,,,,,,,,,4.5,6.0,3.0,4.75,4.0
2011-07-05,,,,,,,,,,,,,,,,,,,,,,,,,,,,,,,,,,,,,,,,,4.5,6.0,3.0,4.75,4.0
2011-07-06,,,,,,,,,,,,,,,,,,,,,,,,,,,,,,,,,,,,,,,,,4.5,6.0,3.0,4.75,4.0
2011-07-07,,,,,,,,,,,,,,,,,,,,,,,,,,,,,,,,,,,,,,,,,4.5,6.0,3.0,4.75,4.0
2011-07-08,,,,,,,,,,,,,,,,,,,,,,,,,,,,,,,,,,,,,,,,,4.5,6.0,3.0,4.75,4.0
2011-07-09,,,,,,,,,,,,,,,,,,,,,,,,,,,,,,,,,,,,,,,,,4.5,6.0,3.0,4.75,4.0
2011-07-10,,,,,,,,,,,,,,,,,,,,,,,,,,,,,,,,,,,,,,,,,4.5,6.0,3.0,4.75,4.0
2011-07-11,,,,,,,,,,,,,,,,,,,,,,,,,,,,,,,,,,,,,,,,,4.5,6.0,3.0,4.75,4.0
2011-07-12,,,,,,,,,,,,,,,,,,,,,,,,,,,,,,,,,,,,,,,,,4.5,6.0,3.0,4.75,4.0
2011-07-13,,,,,,,,,,,,,,,,,,,,,,,,,,,,,,,,,,,,,,,,,4.5,6.0,3.0,4.75,4.0
2011-07-14,,,,,,,,,,,,,,,,,,,,,,,,,,,,,,,,,,,,,,,,,4.5,6.0,3.0,4.75,4.0
2011-07-15,,,,,,,,,,,,,,,,,,,,,,,,,,,,,,,,,,,,,,,,,4.5,6.0,3.0,4.75,4.0
2011-07-16,,,,,,,,,,,,,,,,,,,,,,,,,,,,,,,,,,,,,,,,,4.5,6.0,3.0,4.75,4.0
2011-07-17,,,,,,,,,,,,,,,,,,,,,,,,,,,,,,,,,,,,,,,,,4.5,6.0,3.0,4.75,4.0
2011-07-18,,,,,,,,,,,,,,,,,,,,,,,,,,,,,,,,,,,,,,,,,4.5,6.0,3.0,4.75,4.0
2011-07-19,,,,,,,,,,,,,,,,,,,,,,,,,,,,,,,,,,,,,,,,,4.5,6.0,3.0,4.75,4.0
2011-07-20,,,,,,,,,,,,,,,,,,,,,,,,,,,,,,,,,,,,,,,,,4.5,6.0,3.0,4.75,4.0
2011-07-21,,,,,,,,,,,,,,,,,,,,,,,,,,,,,,,,,,,,,,,,,4.5,6.0,3.0,4.75,4.0
2011-07-22,,,,,,,,,,,,,,,,,,,,,,,,,,,,,,,,,,,,,,,,,4.5,6.0,3.0,4.75,4.0
2011-07-23,,,,,,,,,,,,,,,,,,,,,,,,,,,,,,,,,,,,,,,,,4.5,6.0,3.0,4.75,4.0
2011-07-24,,,,,,,,,,,,,,,,,,,,,,,,,,,,,,,,,,,,,,,,,4.5,6.0,3.0,4.75,4.0
2011-07-25,,,,,,,,,,,,,,,,,,,,,,,,,,,,,,,,,,,,,,,,,4.5,6.0,3.0,4.75,4.0
2011-07-26,,,,,,,,,,,,,,,,,,,,,,,,,,,,,,,,,,,,,,,,,4.5,6.0,3.0,4.75,4.0
2011-07-27,,,,,,,,,,,,,,,,,,,,,,,,,,,,,,,,,,,,,,,,,4.5,6.0,3.0,4.75,4.0
2011-07-28,,,,,,,,,,,,,,,,,,,,,,,,,,,,,,,,,,,,,,,,,4.5,6.0,3.0,4.75,4.0
2011-07-29,,,,,,,,,,,,,,,,,,,,,,,,,,,,,,,,,,,,,,,,,4.5,6.0,3.0,4.75,4.0
2011-07-30,,,,,,,,,,,,,,,,,,,,,,,,,,,,,,,,,,,,,,,,,4.5,6.0,3.0,4.75,4.0
2011-07-31,,,,,,,,,,,,,,,,,,,,,,,,,,,,,,,,,,,,,,,,,4.5,6.0,3.0,4.75,4.0
2011-08-01,,,,,,,,,,,,,,,,,,,,,,,,,,,,,,,,,,,,,,,,,4.5,6.0,3.0,4.75,4.0
2011-08-02,,,,,,,,,,,,,,,,,,,,,,,,,,,,,,,,,,,,,,,,,4.5,6.0,3.0,4.75,4.0
2011-08-03,,,,,,,,,,,,,,,,,,,,,,,,,,,,,,,,,,,,,,,,,4.5,6.0,3.0,4.75,4.0
2011-08-04,,,,,,,,,,,,,,,,,,,,,,,,,,,,,,,,,,,,,,,,,4.5,6.0,3.0,4.75,4.0
2011-08-05,,,,,,,,,,,,,,,,,,,,,,,,,,,,,,,,,,,,,,,,,4.5,6.0,3.0,4.75,4.0
2011-08-06,,,,,,,,,,,,,,,,,,,,,,,,,,,,,,,,,,,,,,,,,4.5,6.0,3.0,4.75,4.0
2011-08-07,,,,,,,,,,,,,,,,,,,,,,,,,,,,,,,,,,,,,,,,,4.5,6.0,3.0,4.75,4.0
2011-08-08,,,,,,,,,,,,,,,,,,,,,,,,,,,,,,,,,,,,,,,,,4.5,6.0,3.0,4.75,4.0
2011-08-09,,,,,,,,,,,,,,,,,,,,,,,,,,,,,,,,,,,,,,,,,4.5,6.0,3.0,4.75,4.0
2011-08-10,,,,,,,,,,,,,,,,,,,,,,,,,,,,,,,,,,,,,,,,,4.5,6.0,3.0,4.75,4.0
2011-08-11,,,,,,,,,,,,,,,,,,,,,,,,,,,,,,,,,,,,,,,,,4.5,6.0,3.0,4.75,4.0
2011-08-12,,,,,,,,,,,,,,,,,,,,,,,,,,,,,,,,,,,,,,,,,4.5,6.0,3.0,4.75,4.0
2011-08-13,,,,,,,,,,,,,,,,,,,,,,,,,,,,,,,,,,,,,,,,,4.5,6.0,3.0,4.75,4.0
2011-08-14,,,,,,,,,,,,,,,,,,,,,,,,,,,,,,,,,,,,,,,,,4.5,6.0,3.0,4.75,4.0
2011-08-15,,,,,,,,,,,,,,,,,,,,,,,,,,,,,,,,,,,,,,,,,4.5,6.0,3.0,4.75,4.0
2011-08-16,,,,,,,,,,,,,,,,,,,,,,,,,,,,,,,,,,,,,,,,,4.5,6.0,3.0,4.75,4.0
2011-08-17,,,,,,,,,,,,,,,,,,,,,,,,,,,,,,,,,,,,,,,,,4.5,6.0,3.0,4.75,4.0
2011-08-18,,,,,,,,,,,,,,,,,,,,,,,,,,,,,,,,,,,,,,,,,4.5,6.0,3.0,4.75,4.0
2011-08-19,,,,,,,,,,,,,,,,,,,,,,,,,,,,,,,,,,,,,,,,,4.5,6.0,3.0,4.75,4.0
2011-08-20,,,,,,,,,,,,,,,,,,,,,,,,,,,,,,,,,,,,,,,,,4.5,6.0,3.0,4.75,4.0
2011-08-21,,,,,,,,,,,,,,,,,,,,,,,,,,,,,,,,,,,,,,,,,4.5,6.0,3.0,4.75,4.0
2011-08-22,,,,,,,,,,,,,,,,,,,,,,,,,,,,,,,,,,,,,,,,,4.5,6.0,3.0,4.75,4.0
2011-08-23,,,,,,,,,,,,,,,,,,,,,,,,,,,,,,,,,,,,,,,,,4.5,6.0,3.0,4.75,4.0
2011-08-24,,,,,,,,,,,,,,,,,,,,,,,,,,,,,,,,,,,,,,,,,4.5,6.0,3.0,4.75,4.0
2011-08-25,,,,,,,,,,,,,,,,,,,,,,,,,,,,,,,,,,,,,,,,,4.5,6.0,3.0,4.75,4.0
2011-08-26,,,,,,,,,,,,,,,,,,,,,,,,,,,,,,,,,,,,,,,,,4.5,6.0,3.0,4.75,4.0
2011-08-27,,,,,,,,,,,,,,,,,,,,,,,,,,,,,,,,,,,,,,,,,4.5,6.0,3.0,4.75,4.0
2011-08-28,,,,,,,,,,,,,,,,,,,,,,,,,,,,,,,,,,,,,,,,,4.5,6.0,3.0,4.75,4.0
2011-08-29,,,,,,,,,,,,,,,,,,,,,,,,,,,,,,,,,,,,,,,,,4.5,6.0,3.0,4.75,4.0
2011-08-30,,,,,,,,,,,,,,,,,,,,,,,,,,,,,,,,,,,,,,,,,4.5,6.0,3.0,4.75,4.0
2011-08-31,,,,,,,,,,,,,,,,,,,,,,,,,,,,,,,,,,,,,,,,,4.5,6.0,3.0,4.75,4.0
2011-09-01,,,,,,,,,,,,,,,,,,,,,,,,,,,,,,,,,,,,,,,,,4.5,6.0,3.0,4.75,4.0
2011-09-02,,,,,,,,,,,,,,,,,,,,,,,,,,,,,,,,,,,,,,,,,4.5,6.0,3.0,4.75,4.0
2011-09-03,,,,,,,,,,,,,,,,,,,,,,,,,,,,,,,,,,,,,,,,,4.5,6.0,3.0,4.75,4.0
2011-09-04,,,,,,,,,,,,,,,,,,,,,,,,,,,,,,,,,,,,,,,,,4.5,6.0,3.0,4.75,4.0
2011-09-05,,,,,,,,,,,,,,,,,,,,,,,,,,,,,,,,,,,,,,,,,4.5,6.0,3.0,4.75,4.0
2011-09-06,,,,,,,,,,,,,,,,,,,,,,,,,,,,,,,,,,,,,,,,,4.5,6.0,3.0,4.75,4.0
2011-09-07,,,,,,,,,,,,,,,,,,,,,,,,,,,,,,,,,,,,,,,,,4.5,6.0,3.0,4.75,4.0
2011-09-08,,,,,,,,,,,,,,,,,,,,,,,,,,,,,,,,,,,,,,,,,4.5,6.0,3.0,4.75,4.0
2011-09-09,,,,,,,,,,,,,,,,,,,,,,,,,,,,,,,,,,,,,,,,,4.5,6.0,3.0,4.75,4.0
2011-09-10,,,,,,,,,,,,,,,,,,,,,,,,,,,,,,,,,,,,,,,,,4.5,6.0,3.0,4.75,4.0
2011-09-11,,,,,,,,,,,,,,,,,,,,,,,,,,,,,,,,,,,,,,,,,4.5,6.0,3.0,4.75,4.0
2011-09-12,,,,,,,,,,,,,,,,,,,,,,,,,,,,,,,,,,,,,,,,,4.5,6.0,3.0,4.75,4.0
2011-09-13,,,,,,,,,,,,,,,,,,,,,,,,,,,,,,,,,,,,,,,,,4.5,6.0,3.0,4.75,4.0
2011-09-14,,,,,,,,,,,,,,,,,,,,,,,,,,,,,,,,,,,,,,,,,4.5,6.0,3.0,4.75,4.0
2011-09-15,,,,,,,,,,,,,,,,,,,,,,,,,,,,,,,,,,,,,,,,,4.5,6.0,3.0,4.75,4.0
2011-09-16,,,,,,,,,,,,,,,,,,,,,,,,,,,,,,,,,,,,,,,,,4.5,6.0,3.0,4.75,4.0
2011-09-17,,,,,,,,,,,,,,,,,,,,,,,,,,,,,,,,,,,,,,,,,4.5,6.0,3.0,4.75,4.0
2011-09-18,,,,,,,,,,,,,,,,,,,,,,,,,,,,,,,,,,,,,,,,,4.5,6.0,3.0,4.75,4.0
2011-09-19,,,,,,,,,,,,,,,,,,,,,,,,,,,,,,,,,,,,,,,,,4.5,6.0,3.0,4.75,4.0
2011-09-20,,,,,,,,,,,,,,,,,,,,,,,,,,,,,,,,,,,,,,,,,4.5,6.0,3.0,4.75,4.0
2011-09-21,,,,,,,,,,,,,,,,,,,,,,,,,,,,,,,,,,,,,,,,,4.5,6.0,3.0,4.75,4.0
2011-09-22,,,,,,,,,,,,,,,,,,,,,,,,,,,,,,,,,,,,,,,,,4.5,6.0,3.0,4.75,4.0
2011-09-23,,,,,,,,,,,,,,,,,,,,,,,,,,,,,,,,,,,,,,,,,4.5,6.0,3.0,4.75,4.0
2011-09-24,,,,,,,,,,,,,,,,,,,,,,,,,,,,,,,,,,,,,,,,,4.5,6.0,3.0,4.75,4.0
2011-09-25,,,,,,,,,,,,,,,,,,,,,,,,,,,,,,,,,,,,,,,,,4.5,6.0,3.0,4.75,4.0
2011-09-26,,,,,,,,,,,,,,,,,,,,,,,,,,,,,,,,,,,,,,,,,4.5,6.0,3.0,4.75,4.0
2011-09-27,,,,,,,,,,,,,,,,,,,,,,,,,,,,,,,,,,,,,,,,,4.5,6.0,3.0,4.75,4.0
2011-09-28,,,,,,,,,,,,,,,,,,,,,,,,,,,,,,,,,,,,,,,,,4.5,6.0,3.0,4.75,4.0
2011-09-29,,,,,,,,,,,,,,,,,,,,,,,,,,,,,,,,,,,,,,,,,4.5,6.0,3.0,4.75,4.0
2011-09-30,,,,,,,,,,,,,,,,,,,,,,,,,,,,,,,,,,,,,,,,,4.5,6.0,3.0,4.75,4.0
2011-10-01,,,,,,,,,,,,,,,,,,,,,,,,,,,,,,,,,,,,,,,,,4.5,6.0,3.0,4.75,4.0
2011-10-02,,,,,,,,,,,,,,,,,,,,,,,,,,,,,,,,,,,,,,,,,4.5,6.0,3.0,4.75,4.0
2011-10-03,,,,,,,,,,,,,,,,,,,,,,,,,,,,,,,,,,,,,,,,,4.5,6.0,3.0,4.75,4.0
2011-10-04,,,,,,,,,,,,,,,,,,,,,,,,,,,,,,,,,,,,,,,,,4.5,6.0,3.0,4.75,4.0
2011-10-05,,,,,,,,,,,,,,,,,,,,,,,,,,,,,,,,,,,,,,,,,4.5,6.0,3.0,4.75,4.0
2011-10-06,,,,,,,,,,,,,,,,,,,,,,,,,,,,,,,,,,,,,,,,,4.5,6.0,3.0,4.75,4.0
2011-10-07,,,,,,,,,,,,,,,,,,,,,,,,,,,,,,,,,,,,,,,,,4.5,6.0,3.0,4.75,4.0
2011-10-08,,,,,,,,,,,,,,,,,,,,,,,,,,,,,,,,,,,,,,,,,4.5,6.0,3.0,4.75,4.0
2011-10-09,,,,,,,,,,,,,,,,,,,,,,,,,,,,,,,,,,,,,,,,,4.5,6.0,3.0,4.75,4.0
2011-10-10,,,,,,,,,,,,,,,,,,,,,,,,,,,,,,,,,,,,,,,,,4.5,6.0,3.0,4.75,4.0
2011-10-11,,,,,,,,,,,,,,,,,,,,,,,,,,,,,,,,,,,,,,,,,4.5,6.0,3.0,4.75,4.0
2011-10-12,,,,,,,,,,,,,,,,,,,,,,,,,,,,,,,,,,,,,,,,,4.5,6.0,3.0,4.75,4.0
2011-10-13,,,,,,,,,,,,,,,,,,,,,,,,,,,,,,,,,,,,,,,,,4.5,6.0,3.0,4.75,4.0
2011-10-14,,,,,,,,,,,,,,,,,,,,,,,,,,,,,,,,,,,,,,,,,4.5,6.0,3.0,4.75,4.0
2011-10-15,,,,,,,,,,,,,,,,,,,,,,,,,,,,,,,,,,,,,,,,,4.5,6.0,3.0,4.75,4.0
2011-10-16,,,,,,,,,,,,,,,,,,,,,,,,,,,,,,,,,,,,,,,,,4.5,6.0,3.0,4.75,4.0
2011-10-17,,,,,,,,,,,,,,,,,,,,,,,,,,,,,,,,,,,,,,,,,4.5,6.0,3.0,4.75,4.0
2011-10-18,,,,,,,,,,,,,,,,,,,,,,,,,,,,,,,,,,,,,,,,,4.5,6.0,3.0,4.75,4.0
2011-10-19,,,,,,,,,,,,,,,,,,,,,,,,,,,,,,,,,,,,,,,,,4.5,6.0,3.0,4.75,4.0
2011-10-20,,,,,,,,,,,,,,,,,,,,,,,,,,,,,,,,,,,,,,,,,4.5,6.0,3.0,4.75,4.0
2011-10-21,,,,,,,,,,,,,,,,,,,,,,,,,,,,,,,,,,,,,,,,,4.5,6.0,3.0,4.75,4.0
2011-10-22,,,,,,,,,,,,,,,,,,,,,,,,,,,,,,,,,,,,,,,,,4.5,6.0,3.0,4.75,4.0
2011-10-23,,,,,,,,,,,,,,,,,,,,,,,,,,,,,,,,,,,,,,,,,4.5,6.0,3.0,4.75,4.0
2011-10-24,,,,,,,,,,,,,,,,,,,,,,,,,,,,,,,,,,,,,,,,,4.5,6.0,3.0,4.75,4.0
2011-10-25,,,,,,,,,,,,,,,,,,,,,,,,,,,,,,,,,,,,,,,,,4.5,6.0,3.0,4.75,4.0
2011-10-26,,,,,,,,,,,,,,,,,,,,,,,,,,,,,,,,,,,,,,,,,4.5,6.0,3.0,4.75,4.0
2011-10-27,,,,,,,,,,,,,,,,,,,,,,,,,,,,,,,,,,,,,,,,,4.5,6.0,3.0,4.75,4.0
2011-10-28,,,,,,,,,,,,,,,,,,,,,,,,,,,,,,,,,,,,,,,,,4.5,6.0,3.0,4.75,4.0
2011-10-29,,,,,,,,,,,,,,,,,,,,,,,,,,,,,,,,,,,,,,,,,4.5,6.0,3.0,4.75,4.0
2011-10-30,,,,,,,,,,,,,,,,,,,,,,,,,,,,,,,,,,,,,,,,,4.5,6.0,3.0,4.75,4.0
2011-10-31,,,,,,,,,,,,,,,,,,,,,,,,,,,,,,,,,,,,,,,,,4.5,6.0,3.0,4.75,4.0
2011-11-01,,,,,,,,,,,,,,,,,,,,,,,,,,,,,,,,,,,,,,,,,4.5,6.0,3.0,4.75,4.0
2011-11-02,,,,,,,,,,,,,,,,,,,,,,,,,,,,,,,,,,,,,,,,,4.5,6.0,3.0,4.75,4.0
2011-11-03,,,,,,,,,,,,,,,,,,,,,,,,,,,,,,,,,,,,,,,,,4.5,6.0,3.0,4.75,4.0
2011-11-04,,,,,,,,,,,,,,,,,,,,,,,,,,,,,,,,,,,,,,,,,4.5,6.0,3.0,4.75,4.0
2011-11-05,,,,,,,,,,,,,,,,,,,,,,,,,,,,,,,,,,,,,,,,,4.5,6.0,3.0,4.75,4.0
2011-11-06,,,,,,,,,,,,,,,,,,,,,,,,,,,,,,,,,,,,,,,,,4.5,6.0,3.0,4.75,4.0
2011-11-07,,,,,,,,,,,,,,,,,,,,,,,,,,,,,,,,,,,,,,,,,4.5,6.0,3.0,4.75,4.0
2011-11-08,,,,,,,,,,,,,,,,,,,,,,,,,,,,,,,,,,,,,,,,,4.5,6.0,3.0,4.75,4.0
2011-11-09,,,,,,,,,,,,,,,,,,,,,,,,,,,,,,,,,,,,,,,,,4.5,6.0,3.0,4.75,4.0
2011-11-10,,,,,,,,,,,,,,,,,,,,,,,,,,,,,,,,,,,,,,,,,4.5,6.0,3.0,4.75,4.0
2011-11-11,,,,,,,,,,,,,,,,,,,,,,,,,,,,,,,,,,,,,,,,,4.5,6.0,3.0,4.75,4.0
2011-11-12,,,,,,,,,,,,,,,,,,,,,,,,,,,,,,,,,,,,,,,,,4.5,6.0,3.0,4.75,4.0
2011-11-13,,,,,,,,,,,,,,,,,,,,,,,,,,,,,,,,,,,,,,,,,4.5,6.0,3.0,4.75,4.0
2011-11-14,,,,,,,,,,,,,,,,,,,,,,,,,,,,,,,,,,,,,,,,,4.5,6.0,3.0,4.75,4.0
2011-11-15,,,,,,,,,,,,,,,,,,,,,,,,,,,,,,,,,,,,,,,,,4.5,6.0,3.0,4.75,4.0
2011-11-16,,,,,,,,,,,,,,,,,,,,,,,,,,,,,,,,,,,,,,,,,4.5,6.0,3.0,4.75,4.0
2011-11-17,,,,,,,,,,,,,,,,,,,,,,,,,,,,,,,,,,,,,,,,,4.5,6.0,3.0,4.75,4.0
2011-11-18,,,,,,,,,,,,,,,,,,,,,,,,,,,,,,,,,,,,,,,,,4.5,6.0,3.0,4.75,4.0
2011-11-19,,,,,,,,,,,,,,,,,,,,,,,,,,,,,,,,,,,,,,,,,4.5,6.0,3.0,4.75,4.0
2011-11-20,,,,,,,,,,,,,,,,,,,,,,,,,,,,,,,,,,,,,,,,,4.5,6.0,3.0,4.75,4.0
2011-11-21,,,,,,,,,,,,,,,,,,,,,,,,,,,,,,,,,,,,,,,,,4.5,6.0,3.0,4.75,4.0
2011-11-22,,,,,,,,,,,,,,,,,,,,,,,,,,,,,,,,,,,,,,,,,4.5,6.0,3.0,4.75,4.0
2011-11-23,,,,,,,,,,,,,,,,,,,,,,,,,,,,,,,,,,,,,,,,,4.5,6.0,3.0,4.75,4.0
2011-11-24,,,,,,,,,,,,,,,,,,,,,,,,,,,,,,,,,,,,,,,,,4.5,6.0,3.0,4.75,4.0
2011-11-25,,,,,,,,,,,,,,,,,,,,,,,,,,,,,,,,,,,,,,,,,4.5,6.0,3.0,4.75,4.0
2011-11-26,,,,,,,,,,,,,,,,,,,,,,,,,,,,,,,,,,,,,,,,,4.5,6.0,3.0,4.75,4.0
2011-11-27,,,,,,,,,,,,,,,,,,,,,,,,,,,,,,,,,,,,,,,,,4.5,6.0,3.0,4.75,4.0
2011-11-28,,,,,,,,,,,,,,,,,,,,,,,,,,,,,,,,,,,,,,,,,4.5,6.0,3.0,4.75,4.0
2011-11-29,,,,,,,,,,,,,,,,,,,,,,,,,,,,,,,,,,,,,,,,,4.5,6.0,3.0,4.75,4.0
2011-11-30,,,,,,,,,,,,,,,,,,,,,,,,,,,,,,,,,,,,,,,,,4.5,6.0,3.0,4.75,4.0
2011-12-01,,,,,,,,,,,,,,,,,,,,,,,,,,,,,,,,,,,,,,,,,4.5,6.0,3.0,4.75,4.0
2011-12-02,,,,,,,,,,,,,,,,,,,,,,,,,,,,,,,,,,,,,,,,,4.5,6.0,3.0,4.75,4.0
2011-12-03,,,,,,,,,,,,,,,,,,,,,,,,,,,,,,,,,,,,,,,,,4.5,6.0,3.0,4.75,4.0
2011-12-04,,,,,,,,,,,,,,,,,,,,,,,,,,,,,,,,,,,,,,,,,4.5,6.0,3.0,4.75,4.0
2011-12-05,,,,,,,,,,,,,,,,,,,,,,,,,,,,,,,,,,,,,,,,,4.5,6.0,3.0,4.75,4.0
2011-12-06,,,,,,,,,,,,,,,,,,,,,,,,,,,,,,,,,,,,,,,,,4.5,6.0,3.0,4.75,4.0
2011-12-07,,,,,,,,,,,,,,,,,,,,,,,,,,,,,,,,,,,,,,,,,4.5,6.0,3.0,4.75,4.0
2011-12-08,,,,,,,,,,,,,,,,,,,,,,,,,,,,,,,,,,,,,,,,,4.5,6.0,3.0,4.75,4.0
2011-12-09,,,,,,,,,,,,,,,,,,,,,,,,,,,,,,,,,,,,,,,,,4.5,6.0,3.0,4.75,4.0
2011-12-10,,,,,,,,,,,,,,,,,,,,,,,,,,,,,,,,,,,,,,,,,4.5,6.0,3.0,4.75,4.0
2011-12-11,,,,,,,,,,,,,,,,,,,,,,,,,,,,,,,,,,,,,,,,,4.5,6.0,3.0,4.75,4.0
2011-12-12,,,,,,,,,,,,,,,,,,,,,,,,,,,,,,,,,,,,,,,,,4.5,6.0,3.0,4.75,4.0
2011-12-13,,,,,,,,,,,,,,,,,,,,,,,,,,,,,,,,,,,,,,,,,4.5,6.0,3.0,4.75,4.0
2011-12-14,,,,,,,,,,,,,,,,,,,,,,,,,,,,,,,,,,,,,,,,,4.5,6.0,3.0,4.75,4.0
2011-12-15,,,,,,,,,,,,,,,,,,,,,,,,,,,,,,,,,,,,,,,,,4.5,6.0,3.0,4.75,4.0
2011-12-16,,,,,,,,,,,,,,,,,,,,,,,,,,,,,,,,,,,,,,,,,4.5,6.0,3.0,4.75,4.0
2011-12-17,,,,,,,,,,,,,,,,,,,,,,,,,,,,,,,,,,,,,,,,,4.5,6.0,3.0,4.75,4.0
2011-12-18,,,,,,,,,,,,,,,,,,,,,,,,,,,,,,,,,,,,,,,,,4.5,6.0,3.0,4.75,4.0
2011-12-19,,,,,,,,,,,,,,,,,,,,,,,,,,,,,,,,,,,,,,,,,4.5,6.0,3.0,4.75,4.0
2011-12-20,,,,,,,,,,,,,,,,,,,,,,,,,,,,,,,,,,,,,,,,,4.5,6.0,3.0,4.75,4.0
2011-12-21,,,,,,,,,,,,,,,,,,,,,,,,,,,,,,,,,,,,,,,,,4.5,6.0,3.0,4.75,4.0
2011-12-22,,,,,,,,,,,,,,,,,,,,,,,,,,,,,,,,,,,,,,,,,4.5,6.0,3.0,4.75,4.0
2011-12-23,,,,,,,,,,,,,,,,,,,,,,,,,,,,,,,,,,,,,,,,,4.5,6.0,3.0,4.75,4.0
2011-12-24,,,,,,,,,,,,,,,,,,,,,,,,,,,,,,,,,,,,,,,,,4.5,6.0,3.0,4.75,4.0
2011-12-25,,,,,,,,,,,,,,,,,,,,,,,,,,,,,,,,,,,,,,,,,4.5,6.0,3.0,4.75,4.0
2011-12-26,,,,,,,,,,,,,,,,,,,,,,,,,,,,,,,,,,,,,,,,,4.5,6.0,3.0,4.75,4.0
2011-12-27,,,,,,,,,,,,,,,,,,,,,,,,,,,,,,,,,,,,,,,,,4.5,6.0,3.0,4.75,4.0
2011-12-28,,,,,,,,,,,,,,,,,,,,,,,,,,,,,,,,,,,,,,,,,4.5,6.0,3.0,4.75,4.0
2011-12-29,,,,,,,,,,,,,,,,,,,,,,,,,,,,,,,,,,,,,,,,,4.5,6.0,3.0,4.75,4.0
2011-12-30,,,,,,,,,,,,,,,,,,,,,,,,,,,,,,,,,,,,,,,,,4.5,6.0,3.0,4.75,4.0
2011-12-31,,,,,,,,,,,,,,,,,,,,,,,,,,,,,,,,,,,,,,,,,4.5,6.0,3.0,4.75,4.0
2012-01-01,,,,,,,,,,,,,,,,,,,,,,,,,,,,,,,,,,,,,,,,,4.5,6.0,3.0,4.75,4.0
2012-01-02,,,,,,,,,,,,,,,,,,,,,,,,,,,,,,,,,,,,,,,,,4.5,6.0,3.0,4.75,4.0
2012-01-03,,,,,,,,,,,,,,,,,,,,,,,,,,,,,,,,,,,,,,,,,4.5,6.0,3.0,4.75,4.0
2012-01-04,,,,,,,,,,,,,,,,,,,,,,,,,,,,,,,,,,,,,,,,,4.5,6.0,3.0,4.75,4.0
2012-01-05,,,,,,,,,,,,,,,,,,,,,,,,,,,,,,,,,,,,,,,,,4.5,6.0,3.0,4.75,4.0
2012-01-06,,,,,,,,,,,,,,,,,,,,,,,,,,,,,,,,,,,,,,,,,4.5,6.0,3.0,4.75,4.0
2012-01-07,,,,,,,,,,,,,,,,,,,,,,,,,,,,,,,,,,,,,,,,,4.5,6.0,3.0,4.75,4.0
2012-01-08,,,,,,,,,,,,,,,,,,,,,,,,,,,,,,,,,,,,,,,,,4.5,6.0,3.0,4.75,4.0
2012-01-09,,,,,,,,,,,,,,,,,,,,,,,,,,,,,,,,,,,,,,,,,4.5,6.0,3.0,4.75,4.0
2012-01-10,,,,,,,,,,,,,,,,,,,,,,,,,,,,,,,,,,,,,,,,,4.5,6.0,3.0,4.75,4.0
2012-01-11,,,,,,,,,,,,,,,,,,,,,,,,,,,,,,,,,,,,,,,,,4.5,6.0,3.0,4.75,4.0
2012-01-12,,,,,,,,,,,,,,,,,,,,,,,,,,,,,,,,,,,,,,,,,4.5,6.0,3.0,4.75,4.0
2012-01-13,,,,,,,,,,,,,,,,,,,,,,,,,,,,,,,,,,,,,,,,,4.5,6.0,3.0,4.75,4.0
2012-01-14,,,,,,,,,,,,,,,,,,,,,,,,,,,,,,,,,,,,,,,,,4.5,6.0,3.0,4.75,4.0
2012-01-15,,,,,,,,,,,,,,,,,,,,,,,,,,,,,,,,,,,,,,,,,4.5,6.0,3.0,4.75,4.0
2012-01-16,,,,,,,,,,,,,,,,,,,,,,,,,,,,,,,,,,,,,,,,,4.5,6.0,3.0,4.75,4.0
2012-01-17,,,,,,,,,,,,,,,,,,,,,,,,,,,,,,,,,,,,,,,,,4.5,6.0,3.0,4.75,4.0
2012-01-18,,,,,,,,,,,,,,,,,,,,,,,,,,,,,,,,,,,,,,,,,4.5,6.0,3.0,4.75,4.0
2012-01-19,,,,,,,,,,,,,,,,,,,,,,,,,,,,,,,,,,,,,,,,,4.5,6.0,3.0,4.75,4.0
2012-01-20,,,,,,,,,,,,,,,,,,,,,,,,,,,,,,,,,,,,,,,,,4.5,6.0,3.0,4.75,4.0
2012-01-21,,,,,,,,,,,,,,,,,,,,,,,,,,,,,,,,,,,,,,,,,4.5,6.0,3.0,4.75,4.0
2012-01-22,,,,,,,,,,,,,,,,,,,,,,,,,,,,,,,,,,,,,,,,,4.5,6.0,3.0,4.75,4.0
2012-01-23,,,,,,,,,,,,,,,,,,,,,,,,,,,,,,,,,,,,,,,,,4.5,6.0,3.0,4.75,4.0
2012-01-24,,,,,,,,,,,,,,,,,,,,,,,,,,,,,,,,,,,,,,,,,4.5,6.0,3.0,4.75,4.0
2012-01-25,,,,,,,,,,,,,,,,,,,,,,,,,,,,,,,,,,,,,,,,,4.5,6.0,3.0,4.75,4.0
2012-01-26,,,,,,,,,,,,,,,,,,,,,,,,,,,,,,,,,,,,,,,,,4.5,6.0,3.0,4.75,4.0
2012-01-27,,,,,,,,,,,,,,,,,,,,,,,,,,,,,,,,,,,,,,,,,4.5,6.0,3.0,4.75,4.0
2012-01-28,,,,,,,,,,,,,,,,,,,,,,,,,,,,,,,,,,,,,,,,,4.5,6.0,3.0,4.75,4.0
2012-01-29,,,,,,,,,,,,,,,,,,,,,,,,,,,,,,,,,,,,,,,,,4.5,6.0,3.0,4.75,4.0
2012-01-30,,,,,,,,,,,,,,,,,,,,,,,,,,,,,,,,,,,,,,,,,4.5,6.0,3.0,4.75,4.0
2012-01-31,,,,,,,,,,,,,,,,,,,,,,,,,,,,,,,,,,,,,,,,,4.5,6.0,3.0,4.75,4.0
2012-02-01,,,,,,,,,,,,,,,,,,,,,,,,,,,,,,,,,,,,,,,,,4.5,6.0,3.0,4.75,4.0
2012-02-02,,,,,,,,,,,,,,,,,,,,,,,,,,,,,,,,,,,,,,,,,4.5,6.0,3.0,4.75,4.0
2012-02-03,,,,,,,,,,,,,,,,,,,,,,,,,,,,,,,,,,,,,,,,,4.5,6.0,3.0,4.75,4.0
2012-02-04,,,,,,,,,,,,,,,,,,,,,,,,,,,,,,,,,,,,,,,,,4.5,6.0,3.0,4.75,4.0
2012-02-05,,,,,,,,,,,,,,,,,,,,,,,,,,,,,,,,,,,,,,,,,4.5,6.0,3.0,4.75,4.0
2012-02-06,,,,,,,,,,,,,,,,,,,,,,,,,,,,,,,,,,,,,,,,,4.5,6.0,3.0,4.75,4.0
2012-02-07,,,,,,,,,,,,,,,,,,,,,,,,,,,,,,,,,,,,,,,,,4.5,6.0,3.0,4.75,4.0
2012-02-08,,,,,,,,,,,,,,,,,,,,,,,,,,,,,,,,,,,,,,,,,4.5,6.0,3.0,4.75,4.0
2012-02-09,,,,,,,,,,,,,,,,,,,,,,,,,,,,,,,,,,,,,,,,,4.5,6.0,3.0,4.75,4.0
2012-02-10,,,,,,,,,,,,,,,,,,,,,,,,,,,,,,,,,,,,,,,,,4.5,6.0,3.0,4.75,4.0
2012-02-11,,,,,,,,,,,,,,,,,,,,,,,,,,,,,,,,,,,,,,,,,4.5,6.0,3.0,4.75,4.0
2012-02-12,,,,,,,,,,,,,,,,,,,,,,,,,,,,,,,,,,,,,,,,,4.5,6.0,3.0,4.75,4.0
2012-02-13,,,,,,,,,,,,,,,,,,,,,,,,,,,,,,,,,,,,,,,,,4.5,6.0,3.0,4.75,4.0
2012-02-14,,,,,,,,,,,,,,,,,,,,,,,,,,,,,,,,,,,,,,,,,4.5,6.0,3.0,4.75,4.0
2012-02-15,,,,,,,,,,,,,,,,,,,,,,,,,,,,,,,,,,,,,,,,,4.5,6.0,3.0,4.75,4.0
2012-02-16,,,,,,,,,,,,,,,,,,,,,,,,,,,,,,,,,,,,,,,,,4.5,6.0,3.0,4.75,4.0
2012-02-17,,,,,,,,,,,,,,,,,,,,,,,,,,,,,,,,,,,,,,,,,4.5,6.0,3.0,4.75,4.0
2012-02-18,,,,,,,,,,,,,,,,,,,,,,,,,,,,,,,,,,,,,,,,,4.5,6.0,3.0,4.75,4.0
2012-02-19,,,,,,,,,,,,,,,,,,,,,,,,,,,,,,,,,,,,,,,,,4.5,6.0,3.0,4.75,4.0
2012-02-20,,,,,,,,,,,,,,,,,,,,,,,,,,,,,,,,,,,,,,,,,4.5,6.0,3.0,4.75,4.0
2012-02-21,,,,,,,,,,,,,,,,,,,,,,,,,,,,,,,,,,,,,,,,,4.5,6.0,3.0,4.75,4.0
2012-02-22,,,,,,,,,,,,,,,,,,,,,,,,,,,,,,,,,,,,,,,,,4.5,6.0,3.0,4.75,4.0
2012-02-23,,,,,,,,,,,,,,,,,,,,,,,,,,,,,,,,,,,,,,,,,4.5,6.0,3.0,4.75,4.0
2012-02-24,,,,,,,,,,,,,,,,,,,,,,,,,,,,,,,,,,,,,,,,,4.5,6.0,3.0,4.75,4.0
2012-02-25,,,,,,,,,,,,,,,,,,,,,,,,,,,,,,,,,,,,,,,,,4.5,6.0,3.0,4.75,4.0
2012-02-26,,,,,,,,,,,,,,,,,,,,,,,,,,,,,,,,,,,,,,,,,4.5,6.0,3.0,4.75,4.0
2012-02-27,,,,,,,,,,,,,,,,,,,,,,,,,,,,,,,,,,,,,,,,,4.5,6.0,3.0,4.75,4.0
2012-02-28,,,,,,,,,,,,,,,,,,,,,,,,,,,,,,,,,,,,,,,,,4.5,6.0,3.0,4.75,4.0
2012-02-29,,,,,,,,,,,,,,,,,,,,,,,,,,,,,,,,,,,,,,,,,4.5,6.0,3.0,4.75,4.0
2012-03-01,,,,,,,,,,,,,,,,,,,,,,,,,,,,,,,,,,,,,,,,,4.5,6.0,3.0,4.75,4.0
2012-03-02,,,,,,,,,,,,,,,,,,,,,,,,,,,,,,,,,,,,,,,,,4.5,6.0,3.0,4.75,4.0
2012-03-03,,,,,,,,,,,,,,,,,,,,,,,,,,,,,,,,,,,,,,,,,4.5,6.0,3.0,4.75,4.0
2012-03-04,,,,,,,,,,,,,,,,,,,,,,,,,,,,,,,,,,,,,,,,,4.5,6.0,3.0,4.75,4.0
2012-03-05,,,,,,,,,,,,,,,,,,,,,,,,,,,,,,,,,,,,,,,,,4.5,6.0,3.0,4.75,4.0
2012-03-06,,,,,,,,,,,,,,,,,,,,,,,,,,,,,,,,,,,,,,,,,4.5,6.0,3.0,4.75,4.0
2012-03-07,,,,,,,,,,,,,,,,,,,,,,,,,,,,,,,,,,,,,,,,,4.5,6.0,3.0,4.75,4.0
2012-03-08,,,,,,,,,,,,,,,,,,,,,,,,,,,,,,,,,,,,,,,,,4.5,6.0,3.0,4.75,4.0
2012-03-09,,,,,,,,,,,,,,,,,,,,,,,,,,,,,,,,,,,,,,,,,4.5,6.0,3.0,4.75,4.0
2012-03-10,,,,,,,,,,,,,,,,,,,,,,,,,,,,,,,,,,,,,,,,,4.5,6.0,3.0,4.75,4.0
2012-03-11,,,,,,,,,,,,,,,,,,,,,,,,,,,,,,,,,,,,,,,,,4.5,6.0,3.0,4.75,4.0
2012-03-12,,,,,,,,,,,,,,,,,,,,,,,,,,,,,,,,,,,,,,,,,4.5,6.0,3.0,4.75,4.0
2012-03-13,,,,,,,,,,,,,,,,,,,,,,,,,,,,,,,,,,,,,,,,,4.5,6.0,3.0,4.75,4.0
2012-03-14,,,,,,,,,,,,,,,,,,,,,,,,,,,,,,,,,,,,,,,,,4.5,6.0,3.0,4.75,4.0
2012-03-15,,,,,,,,,,,,,,,,,,,,,,,,,,,,,,,,,,,,,,,,,4.5,6.0,3.0,4.75,4.0
2012-03-16,,,,,,,,,,,,,,,,,,,,,,,,,,,,,,,,,,,,,,,,,4.5,6.0,3.0,4.75,4.0
2012-03-17,,,,,,,,,,,,,,,,,,,,,,,,,,,,,,,,,,,,,,,,,4.5,6.0,3.0,4.75,4.0
2012-03-18,,,,,,,,,,,,,,,,,,,,,,,,,,,,,,,,,,,,,,,,,4.5,6.0,3.0,4.75,4.0
2012-03-19,,,,,,,,,,,,,,,,,,,,,,,,,,,,,,,,,,,,,,,,,4.5,6.0,3.0,4.75,4.0
2012-03-20,,,,,,,,,,,,,,,,,,,,,,,,,,,,,,,,,,,,,,,,,4.5,6.0,3.0,4.75,4.0
2012-03-21,,,,,,,,,,,,,,,,,,,,,,,,,,,,,,,,,,,,,,,,,4.5,6.0,3.0,4.75,4.0
2012-03-22,,,,,,,,,,,,,,,,,,,,,,,,,,,,,,,,,,,,,,,,,4.5,6.0,3.0,4.75,4.0
2012-03-23,,,,,,,,,,,,,,,,,,,,,,,,,,,,,,,,,,,,,,,,,4.5,6.0,3.0,4.75,4.0
2012-03-24,,,,,,,,,,,,,,,,,,,,,,,,,,,,,,,,,,,,,,,,,4.5,6.0,3.0,4.75,4.0
2012-03-25,,,,,,,,,,,,,,,,,,,,,,,,,,,,,,,,,,,,,,,,,4.5,6.0,3.0,4.75,4.0
2012-03-26,,,,,,,,,,,,,,,,,,,,,,,,,,,,,,,,,,,,,,,,,4.5,6.0,3.0,4.75,4.0
2012-03-27,,,,,,,,,,,,,,,,,,,,,,,,,,,,,,,,,,,,,,,,,4.5,6.0,3.0,4.75,4.0
2012-03-28,,,,,,,,,,,,,,,,,,,,,,,,,,,,,,,,,,,,,,,,,4.5,6.0,3.0,4.75,4.0
2012-03-29,,,,,,,,,,,,,,,,,,,,,,,,,,,,,,,,,,,,,,,,,4.5,6.0,3.0,4.75,4.0
2012-03-30,,,,,,,,,,,,,,,,,,,,,,,,,,,,,,,,,,,,,,,,,4.5,6.0,3.0,4.75,4.0
2012-03-31,,,,,,,,,,,,,,,,,,,,,,,,,,,,,,,,,,,,,,,,,4.5,6.0,3.0,4.75,4.0
2012-04-01,,,,,,,,,,,,,,,,,,,,,,,,,,,,,,,,,,,,,,,,,4.5,6.0,3.0,4.75,4.0
2012-04-02,,,,,,,,,,,,,,,,,,,,,,,,,,,,,,,,,,,,,,,,,4.5,6.0,3.0,4.75,4.0
2012-04-03,,,,,,,,,,,,,,,,,,,,,,,,,,,,,,,,,,,,,,,,,4.5,6.0,3.0,4.75,4.0
2012-04-04,,,,,,,,,,,,,,,,,,,,,,,,,,,,,,,,,,,,,,,,,4.5,6.0,3.0,4.75,4.0
2012-04-05,,,,,,,,,,,,,,,,,,,,,,,,,,,,,,,,,,,,,,,,,4.5,6.0,3.0,4.75,4.0
2012-04-06,,,,,,,,,,,,,,,,,,,,,,,,,,,,,,,,,,,,,,,,,4.5,6.0,3.0,4.75,4.0
2012-04-07,,,,,,,,,,,,,,,,,,,,,,,,,,,,,,,,,,,,,,,,,4.5,6.0,3.0,4.75,4.0
2012-04-08,,,,,,,,,,,,,,,,,,,,,,,,,,,,,,,,,,,,,,,,,4.5,6.0,3.0,4.75,4.0
2012-04-09,,,,,,,,,,,,,,,,,,,,,,,,,,,,,,,,,,,,,,,,,4.5,6.0,3.0,4.75,4.0
2012-04-10,,,,,,,,,,,,,,,,,,,,,,,,,,,,,,,,,,,,,,,,,4.5,6.0,3.0,4.75,4.0
2012-04-11,,,,,,,,,,,,,,,,,,,,,,,,,,,,,,,,,,,,,,,,,4.5,6.0,3.0,4.75,4.0
2012-04-12,,,,,,,,,,,,,,,,,,,,,,,,,,,,,,,,,,,,,,,,,4.5,6.0,3.0,4.75,4.0
2012-04-13,,,,,,,,,,,,,,,,,,,,,,,,,,,,,,,,,,,,,,,,,4.5,6.0,3.0,4.75,4.0
2012-04-14,,,,,,,,,,,,,,,,,,,,,,,,,,,,,,,,,,,,,,,,,4.5,6.0,3.0,4.75,4.0
2012-04-15,,,,,,,,,,,,,,,,,,,,,,,,,,,,,,,,,,,,,,,,,4.5,6.0,3.0,4.75,4.0
2012-04-16,,,,,,,,,,,,,,,,,,,,,,,,,,,,,,,,,,,,,,,,,4.5,6.0,3.0,4.75,4.0
2012-04-17,,,,,,,,,,,,,,,,,,,,,,,,,,,,,,,,,,,,,,,,,4.5,6.0,3.0,4.75,4.0
2012-04-18,,,,,,,,,,,,,,,,,,,,,,,,,,,,,,,,,,,,,,,,,4.5,6.0,3.0,4.75,4.0
2012-04-19,,,,,,,,,,,,,,,,,,,,,,,,,,,,,,,,,,,,,,,,,4.5,6.0,3.0,4.75,4.0
2012-04-20,,,,,,,,,,,,,,,,,,,,,,,,,,,,,,,,,,,,,,,,,4.5,6.0,3.0,4.75,4.0
2012-04-21,,,,,,,,,,,,,,,,,,,,,,,,,,,,,,,,,,,,,,,,,4.5,6.0,3.0,4.75,4.0
2012-04-22,,,,,,,,,,,,,,,,,,,,,,,,,,,,,,,,,,,,,,,,,4.5,6.0,3.0,4.75,4.0
2012-04-23,,,,,,,,,,,,,,,,,,,,,,,,,,,,,,,,,,,,,,,,,4.5,6.0,3.0,4.75,4.0
2012-04-24,,,,,,,,,,,,,,,,,,,,,,,,,,,,,,,,,,,,,,,,,4.5,6.0,3.0,4.75,4.0
2012-04-25,,,,,,,,,,,,,,,,,,,,,,,,,,,,,,,,,,,,,,,,,4.5,6.0,3.0,4.75,4.0
2012-04-26,,,,,,,,,,,,,,,,,,,,,,,,,,,,,,,,,,,,,,,,,4.5,6.0,3.0,4.75,4.0
2012-04-27,,,,,,,,,,,,,,,,,,,,,,,,,,,,,,,,,,,,,,,,,4.5,6.0,3.0,4.75,4.0
2012-04-28,,,,,,,,,,,,,,,,,,,,,,,,,,,,,,,,,,,,,,,,,4.5,6.0,3.0,4.75,4.0
2012-04-29,,,,,,,,,,,,,,,,,,,,,,,,,,,,,,,,,,,,,,,,,4.5,6.0,3.0,4.75,4.0
2012-04-30,,,,,,,,,,,,,,,,,,,,,,,,,,,,,,,,,,,,,,,,,4.5,6.0,3.0,4.75,4.0
2012-05-01,,,,,,,,,,,,,,,,,,,,,,,,,,,,,,,,,,,,,,,,,4.5,6.0,3.0,4.75,4.0
2012-05-02,,,,,,,,,,,,,,,,,,,,,,,,,,,,,,,,,,,,,,,,,4.5,6.0,3.0,4.75,4.0
2012-05-03,,,,,,,,,,,,,,,,,,,,,,,,,,,,,,,,,,,,,,,,,4.5,6.0,3.0,4.75,4.0
2012-05-04,,,,,,,,,,,,,,,,,,,,,,,,,,,,,,,,,,,,,,,,,4.5,6.0,3.0,4.75,4.0
2012-05-05,,,,,,,,,,,,,,,,,,,,,,,,,,,,,,,,,,,,,,,,,4.5,6.0,3.0,4.75,4.0
2012-05-06,,,,,,,,,,,,,,,,,,,,,,,,,,,,,,,,,,,,,,,,,4.5,6.0,3.0,4.75,4.0
2012-05-07,,,,,,,,,,,,,,,,,,,,,,,,,,,,,,,,,,,,,,,,,4.5,6.0,3.0,4.75,4.0
2012-05-08,,,,,,,,,,,,,,,,,,,,,,,,,,,,,,,,,,,,,,,,,4.5,6.0,3.0,4.75,4.0
2012-05-09,,,,,,,,,,,,,,,,,,,,,,,,,,,,,,,,,,,,,,,,,4.5,6.0,3.0,4.75,4.0
2012-05-10,,,,,,,,,,,,,,,,,,,,,,,,,,,,,,,,,,,,,,,,,4.75,6.25,3.25,5.0,4.0
2012-05-11,,,,,,,,,,,,,,,,,,,,,,,,,,,,,,,,,,,,,,,,,4.75,6.25,3.25,5.0,4.0
2012-05-12,,,,,,,,,,,,,,,,,,,,,,,,,,,,,,,,,,,,,,,,,4.75,6.25,3.25,5.0,4.0
2012-05-13,,,,,,,,,,,,,,,,,,,,,,,,,,,,,,,,,,,,,,,,,4.75,6.25,3.25,5.0,4.0
2012-05-14,,,,,,,,,,,,,,,,,,,,,,,,,,,,,,,,,,,,,,,,,4.75,6.25,3.25,5.0,4.0
2012-05-15,,,,,,,,,,,,,,,,,,,,,,,,,,,,,,,,,,,,,,,,,4.75,6.25,3.25,5.0,4.0
2012-05-16,,,,,,,,,,,,,,,,,,,,,,,,,,,,,,,,,,,,,,,,,4.75,6.25,3.25,5.0,4.0
2012-05-17,,,,,,,,,,,,,,,,,,,,,,,,,,,,,,,,,,,,,,,,,4.75,6.25,3.25,5.0,4.0
2012-05-18,,,,,,,,,,,,,,,,,,,,,,,,,,,,,,,,,,,,,,,,,4.75,6.25,3.25,5.0,4.0
2012-05-19,,,,,,,,,,,,,,,,,,,,,,,,,,,,,,,,,,,,,,,,,4.75,6.25,3.25,5.0,4.0
2012-05-20,,,,,,,,,,,,,,,,,,,,,,,,,,,,,,,,,,,,,,,,,4.75,6.25,3.25,5.0,4.0
2012-05-21,,,,,,,,,,,,,,,,,,,,,,,,,,,,,,,,,,,,,,,,,4.75,6.25,3.25,5.0,4.0
2012-05-22,,,,,,,,,,,,,,,,,,,,,,,,,,,,,,,,,,,,,,,,,4.75,6.25,3.25,5.0,4.0
2012-05-23,,,,,,,,,,,,,,,,,,,,,,,,,,,,,,,,,,,,,,,,,4.75,6.25,3.25,5.0,4.0
2012-05-24,,,,,,,,,,,,,,,,,,,,,,,,,,,,,,,,,,,,,,,,,4.75,6.25,3.25,5.0,4.0
2012-05-25,,,,,,,,,,,,,,,,,,,,,,,,,,,,,,,,,,,,,,,,,4.75,6.25,3.25,5.0,4.0
2012-05-26,,,,,,,,,,,,,,,,,,,,,,,,,,,,,,,,,,,,,,,,,4.75,6.25,3.25,5.0,4.0
2012-05-27,,,,,,,,,,,,,,,,,,,,,,,,,,,,,,,,,,,,,,,,,4.75,6.25,3.25,5.0,4.0
2012-05-28,,,,,,,,,,,,,,,,,,,,,,,,,,,,,,,,,,,,,,,,,4.75,6.25,3.25,5.0,4.0
2012-05-29,,,,,,,,,,,,,,,,,,,,,,,,,,,,,,,,,,,,,,,,,4.75,6.25,3.25,5.0,4.0
2012-05-30,,,,,,,,,,,,,,,,,,,,,,,,,,,,,,,,,,,,,,,,,4.75,6.25,3.25,5.0,4.0
2012-05-31,,,,,,,,,,,,,,,,,,,,,,,,,,,,,,,,,,,,,,,,,4.75,6.25,3.25,5.0,4.0
2012-06-01,,,,,,,,,,,,,,,,,,,,,,,,,,,,,,,,,,,,,,,,,4.75,6.25,3.25,5.0,4.0
2012-06-02,,,,,,,,,,,,,,,,,,,,,,,,,,,,,,,,,,,,,,,,,4.75,6.25,3.25,5.0,4.0
2012-06-03,,,,,,,,,,,,,,,,,,,,,,,,,,,,,,,,,,,,,,,,,4.75,6.25,3.25,5.0,4.0
2012-06-04,,,,,,,,,,,,,,,,,,,,,,,,,,,,,,,,,,,,,,,,,4.75,6.25,3.25,5.0,4.0
2012-06-05,,,,,,,,,,,,,,,,,,,,,,,,,,,,,,,,,,,,,,,,,4.75,6.25,3.25,5.0,4.0
2012-06-06,,,,,,,,,,,,,,,,,,,,,,,,,,,,,,,,,,,,,,,,,4.75,6.25,3.25,5.0,4.0
2012-06-07,,,,,,,,,,,,,,,,,,,,,,,,,,,,,,,,,,,,,,,,,4.75,6.25,3.25,5.0,4.0
2012-06-08,,,,,,,,,,,,,,,,,,,,,,,,,,,,,,,,,,,,,,,,,4.75,6.25,3.25,5.0,4.0
2012-06-09,,,,,,,,,,,,,,,,,,,,,,,,,,,,,,,,,,,,,,,,,4.75,6.25,3.25,5.0,4.0
2012-06-10,,,,,,,,,,,,,,,,,,,,,,,,,,,,,,,,,,,,,,,,,4.75,6.25,3.25,5.0,4.0
2012-06-11,,,,,,,,,,,,,,,,,,,,,,,,,,,,,,,,,,,,,,,,,4.75,6.25,3.25,5.0,4.0
2012-06-12,,,,,,,,,,,,,,,,,,,,,,,,,,,,,,,,,,,,,,,,,4.75,6.25,3.25,5.0,4.0
2012-06-13,,,,,,,,,,,,,,,,,,,,,,,,,,,,,,,,,,,,,,,,,4.75,6.25,3.25,5.0,4.0
2012-06-14,,,,,,,,,,,,,,,,,,,,,,,,,,,,,,,,,,,,,,,,,4.75,6.25,3.25,5.0,4.0
2012-06-15,,,,,,,,,,,,,,,,,,,,,,,,,,,,,,,,,,,,,,,,,4.75,6.25,3.25,5.0,4.0
2012-06-16,,,,,,,,,,,,,,,,,,,,,,,,,,,,,,,,,,,,,,,,,4.75,6.25,3.25,5.0,4.0
2012-06-17,,,,,,,,,,,,,,,,,,,,,,,,,,,,,,,,,,,,,,,,,4.75,6.25,3.25,5.0,4.0
2012-06-18,,,,,,,,,,,,,,,,,,,,,,,,,,,,,,,,,,,,,,,,,4.75,6.25,3.25,5.0,4.0
2012-06-19,,,,,,,,,,,,,,,,,,,,,,,,,,,,,,,,,,,,,,,,,4.75,6.25,3.25,5.0,4.0
2012-06-20,,,,,,,,,,,,,,,,,,,,,,,,,,,,,,,,,,,,,,,,,4.75,6.25,3.25,5.0,4.0
2012-06-21,,,,,,,,,,,,,,,,,,,,,,,,,,,,,,,,,,,,,,,,,4.75,6.25,3.25,5.0,4.0
2012-06-22,,,,,,,,,,,,,,,,,,,,,,,,,,,,,,,,,,,,,,,,,4.75,6.25,3.25,5.0,4.0
2012-06-23,,,,,,,,,,,,,,,,,,,,,,,,,,,,,,,,,,,,,,,,,4.75,6.25,3.25,5.0,4.0
2012-06-24,,,,,,,,,,,,,,,,,,,,,,,,,,,,,,,,,,,,,,,,,4.75,6.25,3.25,5.0,4.0
2012-06-25,,,,,,,,,,,,,,,,,,,,,,,,,,,,,,,,,,,,,,,,,4.75,6.25,3.25,5.0,4.0
2012-06-26,,,,,,,,,,,,,,,,,,,,,,,,,,,,,,,,,,,,,,,,,4.75,6.25,3.25,5.0,4.0
2012-06-27,,,,,,,,,,,,,,,,,,,,,,,,,,,,,,,,,,,,,,,,,4.75,6.25,3.25,5.0,4.0
2012-06-28,,,,,,,,,,,,,,,,,,,,,,,,,,,,,,,,,,,,,,,,,4.75,6.25,3.25,5.0,4.0
2012-06-29,,,,,,,,,,,,,,,,,,,,,,,,,,,,,,,,,,,,,,,,,4.75,6.25,3.25,5.0,4.0
2012-06-30,,,,,,,,,,,,,,,,,,,,,,,,,,,,,,,,,,,,,,,,,4.75,6.25,3.25,5.0,4.0
2012-07-01,,,,,,,,,,,,,,,,,,,,,,,,,,,,,,,,,,,,,,,,,4.75,6.25,3.25,5.0,4.0
2012-07-02,,,,,,,,,,,,,,,,,,,,,,,,,,,,,,,,,,,,,,,,,4.75,6.25,3.25,5.0,4.0
2012-07-03,,,,,,,,,,,,,,,,,,,,,,,,,,,,,,,,,,,,,,,,,4.75,6.25,3.25,5.0,4.0
2012-07-04,,,,,,,,,,,,,,,,,,,,,,,,,,,,,,,,,,,,,,,,,4.75,6.25,3.25,5.0,4.0
2012-07-05,,,,,,,,,,,,,,,,,,,,,,,,,,,,,,,,,,,,,,,,,4.75,6.25,3.25,5.0,4.0
2012-07-06,,,,,,,,,,,,,,,,,,,,,,,,,,,,,,,,,,,,,,,,,4.75,6.25,3.25,5.0,4.0
2012-07-07,,,,,,,,,,,,,,,,,,,,,,,,,,,,,,,,,,,,,,,,,4.75,6.25,3.25,5.0,4.0
2012-07-08,,,,,,,,,,,,,,,,,,,,,,,,,,,,,,,,,,,,,,,,,4.75,6.25,3.25,5.0,4.0
2012-07-09,,,,,,,,,,,,,,,,,,,,,,,,,,,,,,,,,,,,,,,,,4.75,6.25,3.25,5.0,4.0
2012-07-10,,,,,,,,,,,,,,,,,,,,,,,,,,,,,,,,,,,,,,,,,4.75,6.25,3.25,5.0,4.0
2012-07-11,,,,,,,,,,,,,,,,,,,,,,,,,,,,,,,,,,,,,,,,,4.75,6.25,3.25,5.0,4.0
2012-07-12,,,,,,,,,,,,,,,,,,,,,,,,,,,,,,,,,,,,,,,,,4.75,6.25,3.25,5.0,4.0
2012-07-13,,,,,,,,,,,,,,,,,,,,,,,,,,,,,,,,,,,,,,,,,4.75,6.25,3.25,5.0,4.0
2012-07-14,,,,,,,,,,,,,,,,,,,,,,,,,,,,,,,,,,,,,,,,,4.75,6.25,3.25,5.0,4.0
2012-07-15,,,,,,,,,,,,,,,,,,,,,,,,,,,,,,,,,,,,,,,,,4.75,6.25,3.25,5.0,4.0
2012-07-16,,,,,,,,,,,,,,,,,,,,,,,,,,,,,,,,,,,,,,,,,4.75,6.25,3.25,5.0,4.0
2012-07-17,,,,,,,,,,,,,,,,,,,,,,,,,,,,,,,,,,,,,,,,,4.75,6.25,3.25,5.0,4.0
2012-07-18,,,,,,,,,,,,,,,,,,,,,,,,,,,,,,,,,,,,,,,,,4.75,6.25,3.25,5.0,4.0
2012-07-19,,,,,,,,,,,,,,,,,,,,,,,,,,,,,,,,,,,,,,,,,4.75,6.25,3.25,5.0,4.0
2012-07-20,,,,,,,,,,,,,,,,,,,,,,,,,,,,,,,,,,,,,,,,,4.75,6.25,3.25,5.0,4.0
2012-07-21,,,,,,,,,,,,,,,,,,,,,,,,,,,,,,,,,,,,,,,,,4.75,6.25,3.25,5.0,4.0
2012-07-22,,,,,,,,,,,,,,,,,,,,,,,,,,,,,,,,,,,,,,,,,4.75,6.25,3.25,5.0,4.0
2012-07-23,,,,,,,,,,,,,,,,,,,,,,,,,,,,,,,,,,,,,,,,,4.75,6.25,3.25,5.0,4.0
2012-07-24,,,,,,,,,,,,,,,,,,,,,,,,,,,,,,,,,,,,,,,,,4.75,6.25,3.25,5.0,4.0
2012-07-25,,,,,,,,,,,,,,,,,,,,,,,,,,,,,,,,,,,,,,,,,4.75,6.25,3.25,5.0,4.0
2012-07-26,,,,,,,,,,,,,,,,,,,,,,,,,,,,,,,,,,,,,,,,,4.75,6.25,3.25,5.0,4.0
2012-07-27,,,,,,,,,,,,,,,,,,,,,,,,,,,,,,,,,,,,,,,,,4.75,6.25,3.25,5.0,4.0
2012-07-28,,,,,,,,,,,,,,,,,,,,,,,,,,,,,,,,,,,,,,,,,4.75,6.25,3.25,5.0,4.0
2012-07-29,,,,,,,,,,,,,,,,,,,,,,,,,,,,,,,,,,,,,,,,,4.75,6.25,3.25,5.0,4.0
2012-07-30,,,,,,,,,,,,,,,,,,,,,,,,,,,,,,,,,,,,,,,,,4.75,6.25,3.25,5.0,4.0
2012-07-31,,,,,,,,,,,,,,,,,,,,,,,,,,,,,,,,,,,,,,,,,4.75,6.25,3.25,5.0,4.0
2012-08-01,,,,,,,,,,,,,,,,,,,,,,,,,,,,,,,,,,,,,,,,,4.75,6.25,3.25,5.0,4.0
2012-08-02,,,,,,,,,,,,,,,,,,,,,,,,,,,,,,,,,,,,,,,,,4.75,6.25,3.25,5.0,4.0
2012-08-03,,,,,,,,,,,,,,,,,,,,,,,,,,,,,,,,,,,,,,,,,4.75,6.25,3.25,5.0,4.0
2012-08-04,,,,,,,,,,,,,,,,,,,,,,,,,,,,,,,,,,,,,,,,,4.75,6.25,3.25,5.0,4.0
2012-08-05,,,,,,,,,,,,,,,,,,,,,,,,,,,,,,,,,,,,,,,,,4.75,6.25,3.25,5.0,4.0
2012-08-06,,,,,,,,,,,,,,,,,,,,,,,,,,,,,,,,,,,,,,,,,4.75,6.25,3.25,5.0,4.0
2012-08-07,,,,,,,,,,,,,,,,,,,,,,,,,,,,,,,,,,,,,,,,,4.75,6.25,3.25,5.0,4.0
2012-08-08,,,,,,,,,,,,,,,,,,,,,,,,,,,,,,,,,,,,,,,,,4.75,6.25,3.25,5.0,4.0
2012-08-09,,,,,,,,,,,,,,,,,,,,,,,,,,,,,,,,,,,,,,,,,4.75,6.25,3.25,5.0,4.0
2012-08-10,,,,,,,,,,,,,,,,,,,,,,,,,,,,,,,,,,,,,,,,,4.75,6.25,3.25,5.0,4.0
2012-08-11,,,,,,,,,,,,,,,,,,,,,,,,,,,,,,,,,,,,,,,,,4.75,6.25,3.25,5.0,4.0
2012-08-12,,,,,,,,,,,,,,,,,,,,,,,,,,,,,,,,,,,,,,,,,4.75,6.25,3.25,5.0,4.0
2012-08-13,,,,,,,,,,,,,,,,,,,,,,,,,,,,,,,,,,,,,,,,,4.75,6.25,3.25,5.0,4.0
2012-08-14,,,,,,,,,,,,,,,,,,,,,,,,,,,,,,,,,,,,,,,,,4.75,6.25,3.25,5.0,4.0
2012-08-15,,,,,,,,,,,,,,,,,,,,,,,,,,,,,,,,,,,,,,,,,4.75,6.25,3.25,5.0,4.0
2012-08-16,,,,,,,,,,,,,,,,,,,,,,,,,,,,,,,,,,,,,,,,,4.75,6.25,3.25,5.0,4.0
2012-08-17,,,,,,,,,,,,,,,,,,,,,,,,,,,,,,,,,,,,,,,,,4.75,6.25,3.25,5.0,4.0
2012-08-18,,,,,,,,,,,,,,,,,,,,,,,,,,,,,,,,,,,,,,,,,4.75,6.25,3.25,5.0,4.0
2012-08-19,,,,,,,,,,,,,,,,,,,,,,,,,,,,,,,,,,,,,,,,,4.75,6.25,3.25,5.0,4.0
2012-08-20,,,,,,,,,,,,,,,,,,,,,,,,,,,,,,,,,,,,,,,,,4.75,6.25,3.25,5.0,4.0
2012-08-21,,,,,,,,,,,,,,,,,,,,,,,,,,,,,,,,,,,,,,,,,4.75,6.25,3.25,5.0,4.0
2012-08-22,,,,,,,,,,,,,,,,,,,,,,,,,,,,,,,,,,,,,,,,,4.75,6.25,3.25,5.0,4.0
2012-08-23,,,,,,,,,,,,,,,,,,,,,,,,,,,,,,,,,,,,,,,,,4.75,6.25,3.25,5.0,4.0
2012-08-24,,,,,,,,,,,,,,,,,,,,,,,,,,,,,,,,,,,,,,,,,4.75,6.25,3.25,5.0,4.0
2012-08-25,,,,,,,,,,,,,,,,,,,,,,,,,,,,,,,,,,,,,,,,,4.75,6.25,3.25,5.0,4.0
2012-08-26,,,,,,,,,,,,,,,,,,,,,,,,,,,,,,,,,,,,,,,,,4.75,6.25,3.25,5.0,4.0
2012-08-27,,,,,,,,,,,,,,,,,,,,,,,,,,,,,,,,,,,,,,,,,4.75,6.25,3.25,5.0,4.0
2012-08-28,,,,,,,,,,,,,,,,,,,,,,,,,,,,,,,,,,,,,,,,,4.75,6.25,3.25,5.0,4.0
2012-08-29,,,,,,,,,,,,,,,,,,,,,,,,,,,,,,,,,,,,,,,,,4.75,6.25,3.25,5.0,4.0
2012-08-30,,,,,,,,,,,,,,,,,,,,,,,,,,,,,,,,,,,,,,,,,4.75,6.25,3.25,5.0,4.0
2012-08-31,,,,,,,,,,,,,,,,,,,,,,,,,,,,,,,,,,,,,,,,,4.75,6.25,3.25,5.0,4.0
2012-09-01,,,,,,,,,,,,,,,,,,,,,,,,,,,,,,,,,,,,,,,,,4.75,6.25,3.25,5.0,4.0
2012-09-02,,,,,,,,,,,,,,,,,,,,,,,,,,,,,,,,,,,,,,,,,4.75,6.25,3.25,5.0,4.0
2012-09-03,,,,,,,,,,,,,,,,,,,,,,,,,,,,,,,,,,,,,,,,,4.75,6.25,3.25,5.0,4.0
2012-09-04,,,,,,,,,,,,,,,,,,,,,,,,,,,,,,,,,,,,,,,,,4.75,6.25,3.25,5.0,4.0
2012-09-05,,,,,,,,,,,,,,,,,,,,,,,,,,,,,,,,,,,,,,,,,4.75,6.25,3.25,5.0,4.0
2012-09-06,,,,,,,,,,,,,,,,,,,,,,,,,,,,,,,,,,,,,,,,,4.75,6.25,3.25,5.0,4.0
2012-09-07,,,,,,,,,,,,,,,,,,,,,,,,,,,,,,,,,,,,,,,,,4.75,6.25,3.25,5.0,4.0
2012-09-08,,,,,,,,,,,,,,,,,,,,,,,,,,,,,,,,,,,,,,,,,4.75,6.25,3.25,5.0,4.0
2012-09-09,,,,,,,,,,,,,,,,,,,,,,,,,,,,,,,,,,,,,,,,,4.75,6.25,3.25,5.0,4.0
2012-09-10,,,,,,,,,,,,,,,,,,,,,,,,,,,,,,,,,,,,,,,,,4.75,6.25,3.25,5.0,4.0
2012-09-11,,,,,,,,,,,,,,,,,,,,,,,,,,,,,,,,,,,,,,,,,4.75,6.25,3.25,5.0,4.0
2012-09-12,,,,,,,,,,,,,,,,,,,,,,,,,,,,,,,,,,,,,,,,,4.75,6.25,3.25,5.0,4.0
2012-09-13,,,,,,,,,,,,,,,,,,,,,,,,,,,,,,,,,,,,,,,,,4.75,6.25,3.25,5.0,4.0
2012-09-14,,,,,,,,,,,,,,,,,,,,,,,,,,,,,,,,,,,,,,,,,4.75,6.25,3.25,5.0,4.0
2012-09-15,,,,,,,,,,,,,,,,,,,,,,,,,,,,,,,,,,,,,,,,,4.75,6.25,3.25,5.0,4.0
2012-09-16,,,,,,,,,,,,,,,,,,,,,,,,,,,,,,,,,,,,,,,,,4.75,6.25,3.25,5.0,4.0
2012-09-17,,,,,,,,,,,,,,,,,,,,,,,,,,,,,,,,,,,,,,,,,4.75,6.25,3.25,5.0,4.0
2012-09-18,,,,,,,,,,,,,,,,,,,,,,,,,,,,,,,,,,,,,,,,,4.75,6.25,3.25,5.0,4.0
2012-09-19,,,,,,,,,,,,,,,,,,,,,,,,,,,,,,,,,,,,,,,,,4.75,6.25,3.25,5.0,4.0
2012-09-20,,,,,,,,,,,,,,,,,,,,,,,,,,,,,,,,,,,,,,,,,4.75,6.25,3.25,5.0,4.0
2012-09-21,,,,,,,,,,,,,,,,,,,,,,,,,,,,,,,,,,,,,,,,,4.75,6.25,3.25,5.0,4.0
2012-09-22,,,,,,,,,,,,,,,,,,,,,,,,,,,,,,,,,,,,,,,,,4.75,6.25,3.25,5.0,4.0
2012-09-23,,,,,,,,,,,,,,,,,,,,,,,,,,,,,,,,,,,,,,,,,4.75,6.25,3.25,5.0,4.0
2012-09-24,,,,,,,,,,,,,,,,,,,,,,,,,,,,,,,,,,,,,,,,,4.75,6.25,3.25,5.0,4.0
2012-09-25,,,,,,,,,,,,,,,,,,,,,,,,,,,,,,,,,,,,,,,,,4.75,6.25,3.25,5.0,4.0
2012-09-26,,,,,,,,,,,,,,,,,,,,,,,,,,,,,,,,,,,,,,,,,4.75,6.25,3.25,5.0,4.0
2012-09-27,,,,,,,,,,,,,,,,,,,,,,,,,,,,,,,,,,,,,,,,,4.75,6.25,3.25,5.0,4.0
2012-09-28,,,,,,,,,,,,,,,,,,,,,,,,,,,,,,,,,,,,,,,,,4.75,6.25,3.25,5.0,4.0
2012-09-29,,,,,,,,,,,,,,,,,,,,,,,,,,,,,,,,,,,,,,,,,4.75,6.25,3.25,5.0,4.0
2012-09-30,,,,,,,,,,,,,,,,,,,,,,,,,,,,,,,,,,,,,,,,,4.75,6.25,3.25,5.0,4.0
2012-10-01,,,,,,,,,,,,,,,,,,,,,,,,,,,,,,,,,,,,,,,,,4.75,6.25,3.25,5.0,4.0
2012-10-02,,,,,,,,,,,,,,,,,,,,,,,,,,,,,,,,,,,,,,,,,4.75,6.25,3.25,5.0,4.0
2012-10-03,,,,,,,,,,,,,,,,,,,,,,,,,,,,,,,,,,,,,,,,,4.75,6.25,3.25,5.0,4.0
2012-10-04,,,,,,,,,,,,,,,,,,,,,,,,,,,,,,,,,,,,,,,,,4.75,6.25,3.25,5.0,4.0
2012-10-05,,,,,,,,,,,,,,,,,,,,,,,,,,,,,,,,,,,,,,,,,4.75,6.25,3.25,5.0,4.0
2012-10-06,,,,,,,,,,,,,,,,,,,,,,,,,,,,,,,,,,,,,,,,,4.75,6.25,3.25,5.0,4.0
2012-10-07,,,,,,,,,,,,,,,,,,,,,,,,,,,,,,,,,,,,,,,,,4.75,6.25,3.25,5.0,4.0
2012-10-08,,,,,,,,,,,,,,,,,,,,,,,,,,,,,,,,,,,,,,,,,4.75,6.25,3.25,5.0,4.0
2012-10-09,,,,,,,,,,,,,,,,,,,,,,,,,,,,,,,,,,,,,,,,,4.75,6.25,3.25,5.0,4.0
2012-10-10,,,,,,,,,,,,,,,,,,,,,,,,,,,,,,,,,,,,,,,,,4.75,6.25,3.25,5.0,4.0
2012-10-11,,,,,,,,,,,,,,,,,,,,,,,,,,,,,,,,,,,,,,,,,4.75,6.25,3.25,5.0,4.0
2012-10-12,,,,,,,,,,,,,,,,,,,,,,,,,,,,,,,,,,,,,,,,,4.75,6.25,3.25,5.0,4.0
2012-10-13,,,,,,,,,,,,,,,,,,,,,,,,,,,,,,,,,,,,,,,,,4.75,6.25,3.25,5.0,4.0
2012-10-14,,,,,,,,,,,,,,,,,,,,,,,,,,,,,,,,,,,,,,,,,4.75,6.25,3.25,5.0,4.0
2012-10-15,,,,,,,,,,,,,,,,,,,,,,,,,,,,,,,,,,,,,,,,,4.75,6.25,3.25,5.0,4.0
2012-10-16,,,,,,,,,,,,,,,,,,,,,,,,,,,,,,,,,,,,,,,,,4.75,6.25,3.25,5.0,4.0
2012-10-17,,,,,,,,,,,,,,,,,,,,,,,,,,,,,,,,,,,,,,,,,4.75,6.25,3.25,5.0,4.0
2012-10-18,,,,,,,,,,,,,,,,,,,,,,,,,,,,,,,,,,,,,,,,,4.75,6.25,3.25,5.0,4.0
2012-10-19,,,,,,,,,,,,,,,,,,,,,,,,,,,,,,,,,,,,,,,,,4.75,6.25,3.25,5.0,4.0
2012-10-20,,,,,,,,,,,,,,,,,,,,,,,,,,,,,,,,,,,,,,,,,4.75,6.25,3.25,5.0,4.0
2012-10-21,,,,,,,,,,,,,,,,,,,,,,,,,,,,,,,,,,,,,,,,,4.75,6.25,3.25,5.0,4.0
2012-10-22,,,,,,,,,,,,,,,,,,,,,,,,,,,,,,,,,,,,,,,,,4.75,6.25,3.25,5.0,4.0
2012-10-23,,,,,,,,,,,,,,,,,,,,,,,,,,,,,,,,,,,,,,,,,4.75,6.25,3.25,5.0,4.0
2012-10-24,,,,,,,,,,,,,,,,,,,,,,,,,,,,,,,,,,,,,,,,,4.75,6.25,3.25,5.0,4.0
2012-10-25,,,,,,,,,,,,,,,,,,,,,,,,,,,,,,,,,,,,,,,,,4.75,6.25,3.25,5.0,4.0
2012-10-26,,,,,,,,,,,,,,,,,,,,,,,,,,,,,,,,,,,,,,,,,4.75,6.25,3.25,5.0,4.0
2012-10-27,,,,,,,,,,,,,,,,,,,,,,,,,,,,,,,,,,,,,,,,,4.75,6.25,3.25,5.0,4.0
2012-10-28,,,,,,,,,,,,,,,,,,,,,,,,,,,,,,,,,,,,,,,,,4.75,6.25,3.25,5.0,4.0
2012-10-29,,,,,,,,,,,,,,,,,,,,,,,,,,,,,,,,,,,,,,,,,4.75,6.25,3.25,5.0,4.0
2012-10-30,,,,,,,,,,,,,,,,,,,,,,,,,,,,,,,,,,,,,,,,,4.75,6.25,3.25,5.0,4.0
2012-10-31,,,,,,,,,,,,,,,,,,,,,,,,,,,,,,,,,,,,,,,,,4.75,6.25,3.25,5.0,4.0
2012-11-01,,,,,,,,,,,,,,,,,,,,,,,,,,,,,,,,,,,,,,,,,4.75,6.25,3.25,5.0,4.0
2012-11-02,,,,,,,,,,,,,,,,,,,,,,,,,,,,,,,,,,,,,,,,,4.75,6.25,3.25,5.0,4.0
2012-11-03,,,,,,,,,,,,,,,,,,,,,,,,,,,,,,,,,,,,,,,,,4.75,6.25,3.25,5.0,4.0
2012-11-04,,,,,,,,,,,,,,,,,,,,,,,,,,,,,,,,,,,,,,,,,4.75,6.25,3.25,5.0,4.0
2012-11-05,,,,,,,,,,,,,,,,,,,,,,,,,,,,,,,,,,,,,,,,,4.75,6.25,3.25,5.0,4.0
2012-11-06,,,,,,,,,,,,,,,,,,,,,,,,,,,,,,,,,,,,,,,,,4.75,6.25,3.25,5.0,4.0
2012-11-07,,,,,,,,,,,,,,,,,,,,,,,,,,,,,,,,,,,,,,,,,4.75,6.25,3.25,5.0,4.0
2012-11-08,,,,,,,,,,,,,,,,,,,,,,,,,,,,,,,,,,,,,,,,,4.5,6.0,3.0,4.75,4.0
2012-11-09,,,,,,,,,,,,,,,,,,,,,,,,,,,,,,,,,,,,,,,,,4.5,6.0,3.0,4.75,4.0
2012-11-10,,,,,,,,,,,,,,,,,,,,,,,,,,,,,,,,,,,,,,,,,4.5,6.0,3.0,4.75,4.0
2012-11-11,,,,,,,,,,,,,,,,,,,,,,,,,,,,,,,,,,,,,,,,,4.5,6.0,3.0,4.75,4.0
2012-11-12,,,,,,,,,,,,,,,,,,,,,,,,,,,,,,,,,,,,,,,,,4.5,6.0,3.0,4.75,4.0
2012-11-13,,,,,,,,,,,,,,,,,,,,,,,,,,,,,,,,,,,,,,,,,4.5,6.0,3.0,4.75,4.0
2012-11-14,,,,,,,,,,,,,,,,,,,,,,,,,,,,,,,,,,,,,,,,,4.5,6.0,3.0,4.75,4.0
2012-11-15,,,,,,,,,,,,,,,,,,,,,,,,,,,,,,,,,,,,,,,,,4.5,6.0,3.0,4.75,4.0
2012-11-16,,,,,,,,,,,,,,,,,,,,,,,,,,,,,,,,,,,,,,,,,4.5,6.0,3.0,4.75,4.0
2012-11-17,,,,,,,,,,,,,,,,,,,,,,,,,,,,,,,,,,,,,,,,,4.5,6.0,3.0,4.75,4.0
2012-11-18,,,,,,,,,,,,,,,,,,,,,,,,,,,,,,,,,,,,,,,,,4.5,6.0,3.0,4.75,4.0
2012-11-19,,,,,,,,,,,,,,,,,,,,,,,,,,,,,,,,,,,,,,,,,4.5,6.0,3.0,4.75,4.0
2012-11-20,,,,,,,,,,,,,,,,,,,,,,,,,,,,,,,,,,,,,,,,,4.5,6.0,3.0,4.75,4.0
2012-11-21,,,,,,,,,,,,,,,,,,,,,,,,,,,,,,,,,,,,,,,,,4.5,6.0,3.0,4.75,4.0
2012-11-22,,,,,,,,,,,,,,,,,,,,,,,,,,,,,,,,,,,,,,,,,4.5,6.0,3.0,4.75,4.0
2012-11-23,,,,,,,,,,,,,,,,,,,,,,,,,,,,,,,,,,,,,,,,,4.5,6.0,3.0,4.75,4.0
2012-11-24,,,,,,,,,,,,,,,,,,,,,,,,,,,,,,,,,,,,,,,,,4.5,6.0,3.0,4.75,4.0
2012-11-25,,,,,,,,,,,,,,,,,,,,,,,,,,,,,,,,,,,,,,,,,4.5,6.0,3.0,4.75,4.0
2012-11-26,,,,,,,,,,,,,,,,,,,,,,,,,,,,,,,,,,,,,,,,,4.5,6.0,3.0,4.75,4.0
2012-11-27,,,,,,,,,,,,,,,,,,,,,,,,,,,,,,,,,,,,,,,,,4.5,6.0,3.0,4.75,4.0
2012-11-28,,,,,,,,,,,,,,,,,,,,,,,,,,,,,,,,,,,,,,,,,4.5,6.0,3.0,4.75,4.0
2012-11-29,,,,,,,,,,,,,,,,,,,,,,,,,,,,,,,,,,,,,,,,,4.5,6.0,3.0,4.75,4.0
2012-11-30,,,,,,,,,,,,,,,,,,,,,,,,,,,,,,,,,,,,,,,,,4.5,6.0,3.0,4.75,4.0
2012-12-01,,,,,,,,,,,,,,,,,,,,,,,,,,,,,,,,,,,,,,,,,4.5,6.0,3.0,4.75,4.0
2012-12-02,,,,,,,,,,,,,,,,,,,,,,,,,,,,,,,,,,,,,,,,,4.5,6.0,3.0,4.75,4.0
2012-12-03,,,,,,,,,,,,,,,,,,,,,,,,,,,,,,,,,,,,,,,,,4.5,6.0,3.0,4.75,4.0
2012-12-04,,,,,,,,,,,,,,,,,,,,,,,,,,,,,,,,,,,,,,,,,4.5,6.0,3.0,4.75,4.0
2012-12-05,,,,,,,,,,,,,,,,,,,,,,,,,,,,,,,,,,,,,,,,,4.5,6.0,3.0,4.75,4.0
2012-12-06,,,,,,,,,,,,,,,,,,,,,,,,,,,,,,,,,,,,,,,,,4.25,5.75,2.75,4.5,4.0
2012-12-07,,,,,,,,,,,,,,,,,,,,,,,,,,,,,,,,,,,,,,,,,4.25,5.75,2.75,4.5,4.0
2012-12-08,,,,,,,,,,,,,,,,,,,,,,,,,,,,,,,,,,,,,,,,,4.25,5.75,2.75,4.5,4.0
2012-12-09,,,,,,,,,,,,,,,,,,,,,,,,,,,,,,,,,,,,,,,,,4.25,5.75,2.75,4.5,4.0
2012-12-10,,,,,,,,,,,,,,,,,,,,,,,,,,,,,,,,,,,,,,,,,4.25,5.75,2.75,4.5,4.0
2012-12-11,,,,,,,,,,,,,,,,,,,,,,,,,,,,,,,,,,,,,,,,,4.25,5.75,2.75,4.5,4.0
2012-12-12,,,,,,,,,,,,,,,,,,,,,,,,,,,,,,,,,,,,,,,,,4.25,5.75,2.75,4.5,4.0
2012-12-13,,,,,,,,,,,,,,,,,,,,,,,,,,,,,,,,,,,,,,,,,4.25,5.75,2.75,4.5,4.0
2012-12-14,,,,,,,,,,,,,,,,,,,,,,,,,,,,,,,,,,,,,,,,,4.25,5.75,2.75,4.5,4.0
2012-12-15,,,,,,,,,,,,,,,,,,,,,,,,,,,,,,,,,,,,,,,,,4.25,5.75,2.75,4.5,4.0
2012-12-16,,,,,,,,,,,,,,,,,,,,,,,,,,,,,,,,,,,,,,,,,4.25,5.75,2.75,4.5,4.0
2012-12-17,,,,,,,,,,,,,,,,,,,,,,,,,,,,,,,,,,,,,,,,,4.25,5.75,2.75,4.5,4.0
2012-12-18,,,,,,,,,,,,,,,,,,,,,,,,,,,,,,,,,,,,,,,,,4.25,5.75,2.75,4.5,4.0
2012-12-19,,,,,,,,,,,,,,,,,,,,,,,,,,,,,,,,,,,,,,,,,4.25,5.75,2.75,4.5,4.0
2012-12-20,,,,,,,,,,,,,,,,,,,,,,,,,,,,,,,,,,,,,,,,,4.25,5.75,2.75,4.5,4.0
2012-12-21,,,,,,,,,,,,,,,,,,,,,,,,,,,,,,,,,,,,,,,,,4.25,5.75,2.75,4.5,4.0
2012-12-22,,,,,,,,,,,,,,,,,,,,,,,,,,,,,,,,,,,,,,,,,4.25,5.75,2.75,4.5,4.0
2012-12-23,,,,,,,,,,,,,,,,,,,,,,,,,,,,,,,,,,,,,,,,,4.25,5.75,2.75,4.5,4.0
2012-12-24,,,,,,,,,,,,,,,,,,,,,,,,,,,,,,,,,,,,,,,,,4.25,5.75,2.75,4.5,4.0
2012-12-25,,,,,,,,,,,,,,,,,,,,,,,,,,,,,,,,,,,,,,,,,4.25,5.75,2.75,4.5,4.0
2012-12-26,,,,,,,,,,,,,,,,,,,,,,,,,,,,,,,,,,,,,,,,,4.25,5.75,2.75,4.5,4.0
2012-12-27,,,,,,,,,,,,,,,,,,,,,,,,,,,,,,,,,,,,,,,,,4.25,5.75,2.75,4.5,4.0
2012-12-28,,,,,,,,,,,,,,,,,,,,,,,,,,,,,,,,,,,,,,,,,4.25,5.75,2.75,4.5,4.0
2012-12-29,,,,,,,,,,,,,,,,,,,,,,,,,,,,,,,,,,,,,,,,,4.25,5.75,2.75,4.5,4.0
2012-12-30,,,,,,,,,,,,,,,,,,,,,,,,,,,,,,,,,,,,,,,,,4.25,5.75,2.75,4.5,4.0
2012-12-31,,,,,,,,,,,,,,,,,,,,,,,,,,,,,,,,,,,,,,,,,4.25,5.75,2.75,4.5,4.0
2013-01-01,,,,,,,,,,,,,,,,,,,,,,,,,,,,,,,,,,,,,,,,,4.25,5.75,2.75,4.5,4.0
2013-01-02,,,,,,,,,,,,,,,,,,,,,,,,,,,,,,,,,,,,,,,,,4.25,5.75,2.75,4.5,4.0
2013-01-03,,,,,,,,,,,,,,,,,,,,,,,,,,,,,,,,,,,,,,,,,4.25,5.75,2.75,4.5,4.0
2013-01-04,,,,,,,,,,,,,,,,,,,,,,,,,,,,,,,,,,,,,,,,,4.25,5.75,2.75,4.5,4.0
2013-01-05,,,,,,,,,,,,,,,,,,,,,,,,,,,,,,,,,,,,,,,,,4.25,5.75,2.75,4.5,4.0
2013-01-06,,,,,,,,,,,,,,,,,,,,,,,,,,,,,,,,,,,,,,,,,4.25,5.75,2.75,4.5,4.0
2013-01-07,,,,,,,,,,,,,,,,,,,,,,,,,,,,,,,,,,,,,,,,,4.25,5.75,2.75,4.5,4.0
2013-01-08,,,,,,,,,,,,,,,,,,,,,,,,,,,,,,,,,,,,,,,,,4.25,5.75,2.75,4.5,4.0
2013-01-09,,,,,,,,,,,,,,,,,,,,,,,,,,,,,,,,,,,,,,,,,4.25,5.75,2.75,4.5,4.0
2013-01-10,,,,,,,,,,,,,,,,,,,,,,,,,,,,,,,,,,,,,,,,,4.0,5.5,2.5,4.25,4.0
2013-01-11,,,,,,,,,,,,,,,,,,,,,,,,,,,,,,,,,,,,,,,,,4.0,5.5,2.5,4.25,4.0
2013-01-12,,,,,,,,,,,,,,,,,,,,,,,,,,,,,,,,,,,,,,,,,4.0,5.5,2.5,4.25,4.0
2013-01-13,,,,,,,,,,,,,,,,,,,,,,,,,,,,,,,,,,,,,,,,,4.0,5.5,2.5,4.25,4.0
2013-01-14,,,,,,,,,,,,,,,,,,,,,,,,,,,,,,,,,,,,,,,,,4.0,5.5,2.5,4.25,4.0
2013-01-15,,,,,,,,,,,,,,,,,,,,,,,,,,,,,,,,,,,,,,,,,4.0,5.5,2.5,4.25,4.0
2013-01-16,,,,,,,,,,,,,,,,,,,,,,,,,,,,,,,,,,,,,,,,,4.0,5.5,2.5,4.25,4.0
2013-01-17,,,,,,,,,,,,,,,,,,,,,,,,,,,,,,,,,,,,,,,,,4.0,5.5,2.5,4.25,4.0
2013-01-18,,,,,,,,,,,,,,,,,,,,,,,,,,,,,,,,,,,,,,,,,4.0,5.5,2.5,4.25,4.0
2013-01-19,,,,,,,,,,,,,,,,,,,,,,,,,,,,,,,,,,,,,,,,,4.0,5.5,2.5,4.25,4.0
2013-01-20,,,,,,,,,,,,,,,,,,,,,,,,,,,,,,,,,,,,,,,,,4.0,5.5,2.5,4.25,4.0
2013-01-21,,,,,,,,,,,,,,,,,,,,,,,,,,,,,,,,,,,,,,,,,4.0,5.5,2.5,4.25,4.0
2013-01-22,,,,,,,,,,,,,,,,,,,,,,,,,,,,,,,,,,,,,,,,,4.0,5.5,2.5,4.25,4.0
2013-01-23,,,,,,,,,,,,,,,,,,,,,,,,,,,,,,,,,,,,,,,,,4.0,5.5,2.5,4.25,4.0
2013-01-24,,,,,,,,,,,,,,,,,,,,,,,,,,,,,,,,,,,,,,,,,4.0,5.5,2.5,4.25,4.0
2013-01-25,,,,,,,,,,,,,,,,,,,,,,,,,,,,,,,,,,,,,,,,,4.0,5.5,2.5,4.25,4.0
2013-01-26,,,,,,,,,,,,,,,,,,,,,,,,,,,,,,,,,,,,,,,,,4.0,5.5,2.5,4.25,4.0
2013-01-27,,,,,,,,,,,,,,,,,,,,,,,,,,,,,,,,,,,,,,,,,4.0,5.5,2.5,4.25,4.0
2013-01-28,,,,,,,,,,,,,,,,,,,,,,,,,,,,,,,,,,,,,,,,,4.0,5.5,2.5,4.25,4.0
2013-01-29,,,,,,,,,,,,,,,,,,,,,,,,,,,,,,,,,,,,,,,,,4.0,5.5,2.5,4.25,4.0
2013-01-30,,,,,,,,,,,,,,,,,,,,,,,,,,,,,,,,,,,,,,,,,4.0,5.5,2.5,4.25,4.0
2013-01-31,,,,,,,,,,,,,,,,,,,,,,,,,,,,,,,,,,,,,,,,,4.0,5.5,2.5,4.25,4.0
2013-02-01,,,,,,,,,,,,,,,,,,,,,,,,,,,,,,,,,,,,,,,,,4.0,5.5,2.5,4.25,4.0
2013-02-02,,,,,,,,,,,,,,,,,,,,,,,,,,,,,,,,,,,,,,,,,4.0,5.5,2.5,4.25,4.0
2013-02-03,,,,,,,,,,,,,,,,,,,,,,,,,,,,,,,,,,,,,,,,,4.0,5.5,2.5,4.25,4.0
2013-02-04,,,,,,,,,,,,,,,,,,,,,,,,,,,,,,,,,,,,,,,,,4.0,5.5,2.5,4.25,4.0
2013-02-05,,,,,,,,,,,,,,,,,,,,,,,,,,,,,,,,,,,,,,,,,4.0,5.5,2.5,4.25,4.0
2013-02-06,,,,,,,,,,,,,,,,,,,,,,,,,,,,,,,,,,,,,,,,,4.0,5.5,2.5,4.25,4.0
2013-02-07,,,,,,,,,,,,,,,,,,,,,,,,,,,,,,,,,,,,,,,,,3.75,5.25,2.25,4.0,4.0
2013-02-08,,,,,,,,,,,,,,,,,,,,,,,,,,,,,,,,,,,,,,,,,3.75,5.25,2.25,4.0,4.0
2013-02-09,,,,,,,,,,,,,,,,,,,,,,,,,,,,,,,,,,,,,,,,,3.75,5.25,2.25,4.0,4.0
2013-02-10,,,,,,,,,,,,,,,,,,,,,,,,,,,,,,,,,,,,,,,,,3.75,5.25,2.25,4.0,4.0
2013-02-11,,,,,,,,,,,,,,,,,,,,,,,,,,,,,,,,,,,,,,,,,3.75,5.25,2.25,4.0,4.0
2013-02-12,,,,,,,,,,,,,,,,,,,,,,,,,,,,,,,,,,,,,,,,,3.75,5.25,2.25,4.0,4.0
2013-02-13,,,,,,,,,,,,,,,,,,,,,,,,,,,,,,,,,,,,,,,,,3.75,5.25,2.25,4.0,4.0
2013-02-14,,,,,,,,,,,,,,,,,,,,,,,,,,,,,,,,,,,,,,,,,3.75,5.25,2.25,4.0,4.0
2013-02-15,,,,,,,,,,,,,,,,,,,,,,,,,,,,,,,,,,,,,,,,,3.75,5.25,2.25,4.0,4.0
2013-02-16,,,,,,,,,,,,,,,,,,,,,,,,,,,,,,,,,,,,,,,,,3.75,5.25,2.25,4.0,4.0
2013-02-17,,,,,,,,,,,,,,,,,,,,,,,,,,,,,,,,,,,,,,,,,3.75,5.25,2.25,4.0,4.0
2013-02-18,,,,,,,,,,,,,,,,,,,,,,,,,,,,,,,,,,,,,,,,,3.75,5.25,2.25,4.0,4.0
2013-02-19,,,,,,,,,,,,,,,,,,,,,,,,,,,,,,,,,,,,,,,,,3.75,5.25,2.25,4.0,4.0
2013-02-20,,,,,,,,,,,,,,,,,,,,,,,,,,,,,,,,,,,,,,,,,3.75,5.25,2.25,4.0,4.0
2013-02-21,,,,,,,,,,,,,,,,,,,,,,,,,,,,,,,,,,,,,,,,,3.75,5.25,2.25,4.0,4.0
2013-02-22,,,,,,,,,,,,,,,,,,,,,,,,,,,,,,,,,,,,,,,,,3.75,5.25,2.25,4.0,4.0
2013-02-23,,,,,,,,,,,,,,,,,,,,,,,,,,,,,,,,,,,,,,,,,3.75,5.25,2.25,4.0,4.0
2013-02-24,,,,,,,,,,,,,,,,,,,,,,,,,,,,,,,,,,,,,,,,,3.75,5.25,2.25,4.0,4.0
2013-02-25,,,,,,,,,,,,,,,,,,,,,,,,,,,,,,,,,,,,,,,,,3.75,5.25,2.25,4.0,4.0
2013-02-26,,,,,,,,,,,,,,,,,,,,,,,,,,,,,,,,,,,,,,,,,3.75,5.25,2.25,4.0,4.0
2013-02-27,,,,,,,,,,,,,,,,,,,,,,,,,,,,,,,,,,,,,,,,,3.75,5.25,2.25,4.0,4.0
2013-02-28,,,,,,,,,,,,,,,,,,,,,,,,,,,,,,,,,,,,,,,,,3.75,5.25,2.25,4.0,4.0
2013-03-01,,,,,,,,,,,,,,,,,,,,,,,,,,,,,,,,,,,,,,,,,3.75,5.25,2.25,4.0,4.0
2013-03-02,,,,,,,,,,,,,,,,,,,,,,,,,,,,,,,,,,,,,,,,,3.75,5.25,2.25,4.0,4.0
2013-03-03,,,,,,,,,,,,,,,,,,,,,,,,,,,,,,,,,,,,,,,,,3.75,5.25,2.25,4.0,4.0
2013-03-04,,,,,,,,,,,,,,,,,,,,,,,,,,,,,,,,,,,,,,,,,3.75,5.25,2.25,4.0,4.0
2013-03-05,,,,,,,,,,,,,,,,,,,,,,,,,,,,,,,,,,,,,,,,,3.75,5.25,2.25,4.0,4.0
2013-03-06,,,,,,,,,,,,,,,,,,,,,,,,,,,,,,,,,,,,,,,,,3.75,5.25,2.25,4.0,4.0
2013-03-07,,,,,,,,,,,,,,,,,,,,,,,,,,,,,,,,,,,,,,,,,3.25,4.75,1.75,3.5,4.0
2013-03-08,,,,,,,,,,,,,,,,,,,,,,,,,,,,,,,,,,,,,,,,,3.25,4.75,1.75,3.5,4.0
2013-03-09,,,,,,,,,,,,,,,,,,,,,,,,,,,,,,,,,,,,,,,,,3.25,4.75,1.75,3.5,4.0
2013-03-10,,,,,,,,,,,,,,,,,,,,,,,,,,,,,,,,,,,,,,,,,3.25,4.75,1.75,3.5,4.0
2013-03-11,,,,,,,,,,,,,,,,,,,,,,,,,,,,,,,,,,,,,,,,,3.25,4.75,1.75,3.5,4.0
2013-03-12,,,,,,,,,,,,,,,,,,,,,,,,,,,,,,,,,,,,,,,,,3.25,4.75,1.75,3.5,4.0
2013-03-13,,,,,,,,,,,,,,,,,,,,,,,,,,,,,,,,,,,,,,,,,3.25,4.75,1.75,3.5,4.0
2013-03-14,,,,,,,,,,,,,,,,,,,,,,,,,,,,,,,,,,,,,,,,,3.25,4.75,1.75,3.5,4.0
2013-03-15,,,,,,,,,,,,,,,,,,,,,,,,,,,,,,,,,,,,,,,,,3.25,4.75,1.75,3.5,4.0
2013-03-16,,,,,,,,,,,,,,,,,,,,,,,,,,,,,,,,,,,,,,,,,3.25,4.75,1.75,3.5,4.0
2013-03-17,,,,,,,,,,,,,,,,,,,,,,,,,,,,,,,,,,,,,,,,,3.25,4.75,1.75,3.5,4.0
2013-03-18,,,,,,,,,,,,,,,,,,,,,,,,,,,,,,,,,,,,,,,,,3.25,4.75,1.75,3.5,4.0
2013-03-19,,,,,,,,,,,,,,,,,,,,,,,,,,,,,,,,,,,,,,,,,3.25,4.75,1.75,3.5,4.0
2013-03-20,,,,,,,,,,,,,,,,,,,,,,,,,,,,,,,,,,,,,,,,,3.25,4.75,1.75,3.5,4.0
2013-03-21,,,,,,,,,,,,,,,,,,,,,,,,,,,,,,,,,,,,,,,,,3.25,4.75,1.75,3.5,4.0
2013-03-22,,,,,,,,,,,,,,,,,,,,,,,,,,,,,,,,,,,,,,,,,3.25,4.75,1.75,3.5,4.0
2013-03-23,,,,,,,,,,,,,,,,,,,,,,,,,,,,,,,,,,,,,,,,,3.25,4.75,1.75,3.5,4.0
2013-03-24,,,,,,,,,,,,,,,,,,,,,,,,,,,,,,,,,,,,,,,,,3.25,4.75,1.75,3.5,4.0
2013-03-25,,,,,,,,,,,,,,,,,,,,,,,,,,,,,,,,,,,,,,,,,3.25,4.75,1.75,3.5,4.0
2013-03-26,,,,,,,,,,,,,,,,,,,,,,,,,,,,,,,,,,,,,,,,,3.25,4.75,1.75,3.5,4.0
2013-03-27,,,,,,,,,,,,,,,,,,,,,,,,,,,,,,,,,,,,,,,,,3.25,4.75,1.75,3.5,4.0
2013-03-28,,,,,,,,,,,,,,,,,,,,,,,,,,,,,,,,,,,,,,,,,3.25,4.75,1.75,3.5,4.0
2013-03-29,,,,,,,,,,,,,,,,,,,,,,,,,,,,,,,,,,,,,,,,,3.25,4.75,1.75,3.5,4.0
2013-03-30,,,,,,,,,,,,,,,,,,,,,,,,,,,,,,,,,,,,,,,,,3.25,4.75,1.75,3.5,4.0
2013-03-31,,,,,,,,,,,,,,,,,,,,,,,,,,,,,,,,,,,,,,,,,3.25,4.75,1.75,3.5,4.0
2013-04-01,,,,,,,,,,,,,,,,,,,,,,,,,,,,,,,,,,,,,,,,,3.25,4.75,1.75,3.5,4.0
2013-04-02,,,,,,,,,,,,,,,,,,,,,,,,,,,,,,,,,,,,,,,,,3.25,4.75,1.75,3.5,4.0
2013-04-03,,,,,,,,,,,,,,,,,,,,,,,,,,,,,,,,,,,,,,,,,3.25,4.75,1.75,3.5,4.0
2013-04-04,,,,,,,,,,,,,,,,,,,,,,,,,,,,,,,,,,,,,,,,,3.25,4.75,1.75,3.5,4.0
2013-04-05,,,,,,,,,,,,,,,,,,,,,,,,,,,,,,,,,,,,,,,,,3.25,4.75,1.75,3.5,4.0
2013-04-06,,,,,,,,,,,,,,,,,,,,,,,,,,,,,,,,,,,,,,,,,3.25,4.75,1.75,3.5,4.0
2013-04-07,,,,,,,,,,,,,,,,,,,,,,,,,,,,,,,,,,,,,,,,,3.25,4.75,1.75,3.5,4.0
2013-04-08,,,,,,,,,,,,,,,,,,,,,,,,,,,,,,,,,,,,,,,,,3.25,4.75,1.75,3.5,4.0
2013-04-09,,,,,,,,,,,,,,,,,,,,,,,,,,,,,,,,,,,,,,,,,3.25,4.75,1.75,3.5,4.0
2013-04-10,,,,,,,,,,,,,,,,,,,,,,,,,,,,,,,,,,,,,,,,,3.25,4.75,1.75,3.5,4.0
2013-04-11,,,,,,,,,,,,,,,,,,,,,,,,,,,,,,,,,,,,,,,,,3.25,4.75,1.75,3.5,4.0
2013-04-12,,,,,,,,,,,,,,,,,,,,,,,,,,,,,,,,,,,,,,,,,3.25,4.75,1.75,3.5,4.0
2013-04-13,,,,,,,,,,,,,,,,,,,,,,,,,,,,,,,,,,,,,,,,,3.25,4.75,1.75,3.5,4.0
2013-04-14,,,,,,,,,,,,,,,,,,,,,,,,,,,,,,,,,,,,,,,,,3.25,4.75,1.75,3.5,4.0
2013-04-15,,,,,,,,,,,,,,,,,,,,,,,,,,,,,,,,,,,,,,,,,3.25,4.75,1.75,3.5,4.0
2013-04-16,,,,,,,,,,,,,,,,,,,,,,,,,,,,,,,,,,,,,,,,,3.25,4.75,1.75,3.5,4.0
2013-04-17,,,,,,,,,,,,,,,,,,,,,,,,,,,,,,,,,,,,,,,,,3.25,4.75,1.75,3.5,4.0
2013-04-18,,,,,,,,,,,,,,,,,,,,,,,,,,,,,,,,,,,,,,,,,3.25,4.75,1.75,3.5,4.0
2013-04-19,,,,,,,,,,,,,,,,,,,,,,,,,,,,,,,,,,,,,,,,,3.25,4.75,1.75,3.5,4.0
2013-04-20,,,,,,,,,,,,,,,,,,,,,,,,,,,,,,,,,,,,,,,,,3.25,4.75,1.75,3.5,4.0
2013-04-21,,,,,,,,,,,,,,,,,,,,,,,,,,,,,,,,,,,,,,,,,3.25,4.75,1.75,3.5,4.0
2013-04-22,,,,,,,,,,,,,,,,,,,,,,,,,,,,,,,,,,,,,,,,,3.25,4.75,1.75,3.5,4.0
2013-04-23,,,,,,,,,,,,,,,,,,,,,,,,,,,,,,,,,,,,,,,,,3.25,4.75,1.75,3.5,4.0
2013-04-24,,,,,,,,,,,,,,,,,,,,,,,,,,,,,,,,,,,,,,,,,3.25,4.75,1.75,3.5,4.0
2013-04-25,,,,,,,,,,,,,,,,,,,,,,,,,,,,,,,,,,,,,,,,,3.25,4.75,1.75,3.5,4.0
2013-04-26,,,,,,,,,,,,,,,,,,,,,,,,,,,,,,,,,,,,,,,,,3.25,4.75,1.75,3.5,4.0
2013-04-27,,,,,,,,,,,,,,,,,,,,,,,,,,,,,,,,,,,,,,,,,3.25,4.75,1.75,3.5,4.0
2013-04-28,,,,,,,,,,,,,,,,,,,,,,,,,,,,,,,,,,,,,,,,,3.25,4.75,1.75,3.5,4.0
2013-04-29,,,,,,,,,,,,,,,,,,,,,,,,,,,,,,,,,,,,,,,,,3.25,4.75,1.75,3.5,4.0
2013-04-30,,,,,,,,,,,,,,,,,,,,,,,,,,,,,,,,,,,,,,,,,3.25,4.75,1.75,3.5,4.0
2013-05-01,,,,,,,,,,,,,,,,,,,,,,,,,,,,,,,,,,,,,,,,,3.25,4.75,1.75,3.5,4.0
2013-05-02,,,,,,,,,,,,,,,,,,,,,,,,,,,,,,,,,,,,,,,,,3.25,4.75,1.75,3.5,4.0
2013-05-03,,,,,,,,,,,,,,,,,,,,,,,,,,,,,,,,,,,,,,,,,3.25,4.75,1.75,3.5,4.0
2013-05-04,,,,,,,,,,,,,,,,,,,,,,,,,,,,,,,,,,,,,,,,,3.25,4.75,1.75,3.5,4.0
2013-05-05,,,,,,,,,,,,,,,,,,,,,,,,,,,,,,,,,,,,,,,,,3.25,4.75,1.75,3.5,4.0
2013-05-06,,,,,,,,,,,,,,,,,,,,,,,,,,,,,,,,,,,,,,,,,3.25,4.75,1.75,3.5,4.0
2013-05-07,,,,,,,,,,,,,,,,,,,,,,,,,,,,,,,,,,,,,,,,,3.25,4.75,1.75,3.5,4.0
2013-05-08,,,,,,,,,,,,,,,,,,,,,,,,,,,,,,,,,,,,,,,,,3.25,4.75,1.75,3.5,4.0
2013-05-09,,,,,,,,,,,,,,,,,,,,,,,,,,,,,,,,,,,,,,,,,3.0,4.5,1.5,3.25,4.0
2013-05-10,,,,,,,,,,,,,,,,,,,,,,,,,,,,,,,,,,,,,,,,,3.0,4.5,1.5,3.25,4.0
2013-05-11,,,,,,,,,,,,,,,,,,,,,,,,,,,,,,,,,,,,,,,,,3.0,4.5,1.5,3.25,4.0
2013-05-12,,,,,,,,,,,,,,,,,,,,,,,,,,,,,,,,,,,,,,,,,3.0,4.5,1.5,3.25,4.0
2013-05-13,,,,,,,,,,,,,,,,,,,,,,,,,,,,,,,,,,,,,,,,,3.0,4.5,1.5,3.25,4.0
2013-05-14,,,,,,,,,,,,,,,,,,,,,,,,,,,,,,,,,,,,,,,,,3.0,4.5,1.5,3.25,4.0
2013-05-15,,,,,,,,,,,,,,,,,,,,,,,,,,,,,,,,,,,,,,,,,3.0,4.5,1.5,3.25,4.0
2013-05-16,,,,,,,,,,,,,,,,,,,,,,,,,,,,,,,,,,,,,,,,,3.0,4.5,1.5,3.25,4.0
2013-05-17,,,,,,,,,,,,,,,,,,,,,,,,,,,,,,,,,,,,,,,,,3.0,4.5,1.5,3.25,4.0
2013-05-18,,,,,,,,,,,,,,,,,,,,,,,,,,,,,,,,,,,,,,,,,3.0,4.5,1.5,3.25,4.0
2013-05-19,,,,,,,,,,,,,,,,,,,,,,,,,,,,,,,,,,,,,,,,,3.0,4.5,1.5,3.25,4.0
2013-05-20,,,,,,,,,,,,,,,,,,,,,,,,,,,,,,,,,,,,,,,,,3.0,4.5,1.5,3.25,4.0
2013-05-21,,,,,,,,,,,,,,,,,,,,,,,,,,,,,,,,,,,,,,,,,3.0,4.5,1.5,3.25,4.0
2013-05-22,,,,,,,,,,,,,,,,,,,,,,,,,,,,,,,,,,,,,,,,,3.0,4.5,1.5,3.25,4.0
2013-05-23,,,,,,,,,,,,,,,,,,,,,,,,,,,,,,,,,,,,,,,,,3.0,4.5,1.5,3.25,4.0
2013-05-24,,,,,,,,,,,,,,,,,,,,,,,,,,,,,,,,,,,,,,,,,3.0,4.5,1.5,3.25,4.0
2013-05-25,,,,,,,,,,,,,,,,,,,,,,,,,,,,,,,,,,,,,,,,,3.0,4.5,1.5,3.25,4.0
2013-05-26,,,,,,,,,,,,,,,,,,,,,,,,,,,,,,,,,,,,,,,,,3.0,4.5,1.5,3.25,4.0
2013-05-27,,,,,,,,,,,,,,,,,,,,,,,,,,,,,,,,,,,,,,,,,3.0,4.5,1.5,3.25,4.0
2013-05-28,,,,,,,,,,,,,,,,,,,,,,,,,,,,,,,,,,,,,,,,,3.0,4.5,1.5,3.25,4.0
2013-05-29,,,,,,,,,,,,,,,,,,,,,,,,,,,,,,,,,,,,,,,,,3.0,4.5,1.5,3.25,4.0
2013-05-30,,,,,,,,,,,,,,,,,,,,,,,,,,,,,,,,,,,,,,,,,3.0,4.5,1.5,3.25,4.0
2013-05-31,,,,,,,,,,,,,,,,,,,,,,,,,,,,,,,,,,,,,,,,,3.0,4.5,1.5,3.25,4.0
2013-06-01,,,,,,,,,,,,,,,,,,,,,,,,,,,,,,,,,,,,,,,,,3.0,4.5,1.5,3.25,4.0
2013-06-02,,,,,,,,,,,,,,,,,,,,,,,,,,,,,,,,,,,,,,,,,3.0,4.5,1.5,3.25,4.0
2013-06-03,,,,,,,,,,,,,,,,,,,,,,,,,,,,,,,,,,,,,,,,,3.0,4.5,1.5,3.25,4.0
2013-06-04,,,,,,,,,,,,,,,,,,,,,,,,,,,,,,,,,,,,,,,,,3.0,4.5,1.5,3.25,4.0
2013-06-05,,,,,,,,,,,,,,,,,,,,,,,,,,,,,,,,,,,,,,,,,3.0,4.5,1.5,3.25,4.0
2013-06-06,,,,,,,,,,,,,,,,,,,,,,,,,,,,,,,,,,,,,,,,,2.75,4.25,1.25,3.0,4.0
2013-06-07,,,,,,,,,,,,,,,,,,,,,,,,,,,,,,,,,,,,,,,,,2.75,4.25,1.25,3.0,4.0
2013-06-08,,,,,,,,,,,,,,,,,,,,,,,,,,,,,,,,,,,,,,,,,2.75,4.25,1.25,3.0,4.0
2013-06-09,,,,,,,,,,,,,,,,,,,,,,,,,,,,,,,,,,,,,,,,,2.75,4.25,1.25,3.0,4.0
2013-06-10,,,,,,,,,,,,,,,,,,,,,,,,,,,,,,,,,,,,,,,,,2.75,4.25,1.25,3.0,4.0
2013-06-11,,,,,,,,,,,,,,,,,,,,,,,,,,,,,,,,,,,,,,,,,2.75,4.25,1.25,3.0,4.0
2013-06-12,,,,,,,,,,,,,,,,,,,,,,,,,,,,,,,,,,,,,,,,,2.75,4.25,1.25,3.0,4.0
2013-06-13,,,,,,,,,,,,,,,,,,,,,,,,,,,,,,,,,,,,,,,,,2.75,4.25,1.25,3.0,4.0
2013-06-14,,,,,,,,,,,,,,,,,,,,,,,,,,,,,,,,,,,,,,,,,2.75,4.25,1.25,3.0,4.0
2013-06-15,,,,,,,,,,,,,,,,,,,,,,,,,,,,,,,,,,,,,,,,,2.75,4.25,1.25,3.0,4.0
2013-06-16,,,,,,,,,,,,,,,,,,,,,,,,,,,,,,,,,,,,,,,,,2.75,4.25,1.25,3.0,4.0
2013-06-17,,,,,,,,,,,,,,,,,,,,,,,,,,,,,,,,,,,,,,,,,2.75,4.25,1.25,3.0,4.0
2013-06-18,,,,,,,,,,,,,,,,,,,,,,,,,,,,,,,,,,,,,,,,,2.75,4.25,1.25,3.0,4.0
2013-06-19,,,,,,,,,,,,,,,,,,,,,,,,,,,,,,,,,,,,,,,,,2.75,4.25,1.25,3.0,4.0
2013-06-20,,,,,,,,,,,,,,,,,,,,,,,,,,,,,,,,,,,,,,,,,2.75,4.25,1.25,3.0,4.0
2013-06-21,,,,,,,,,,,,,,,,,,,,,,,,,,,,,,,,,,,,,,,,,2.75,4.25,1.25,3.0,4.0
2013-06-22,,,,,,,,,,,,,,,,,,,,,,,,,,,,,,,,,,,,,,,,,2.75,4.25,1.25,3.0,4.0
2013-06-23,,,,,,,,,,,,,,,,,,,,,,,,,,,,,,,,,,,,,,,,,2.75,4.25,1.25,3.0,4.0
2013-06-24,,,,,,,,,,,,,,,,,,,,,,,,,,,,,,,,,,,,,,,,,2.75,4.25,1.25,3.0,4.0
2013-06-25,,,,,,,,,,,,,,,,,,,,,,,,,,,,,,,,,,,,,,,,,2.75,4.25,1.25,3.0,4.0
2013-06-26,,,,,,,,,,,,,,,,,,,,,,,,,,,,,,,,,,,,,,,,,2.75,4.25,1.25,3.0,4.0
2013-06-27,,,,,,,,,,,,,,,,,,,,,,,,,,,,,,,,,,,,,,,,,2.75,4.25,1.25,3.0,4.0
2013-06-28,,,,,,,,,,,,,,,,,,,,,,,,,,,,,,,,,,,,,,,,,2.75,4.25,1.25,3.0,4.0
2013-06-29,,,,,,,,,,,,,,,,,,,,,,,,,,,,,,,,,,,,,,,,,2.75,4.25,1.25,3.0,4.0
2013-06-30,,,,,,,,,,,,,,,,,,,,,,,,,,,,,,,,,,,,,,,,,2.75,4.25,1.25,3.0,4.0
2013-07-01,,,,,,,,,,,,,,,,,,,,,,,,,,,,,,,,,,,,,,,,,2.75,4.25,1.25,3.0,4.0
2013-07-02,,,,,,,,,,,,,,,,,,,,,,,,,,,,,,,,,,,,,,,,,2.75,4.25,1.25,3.0,4.0
2013-07-03,,,,,,,,,,,,,,,,,,,,,,,,,,,,,,,,,,,,,,,,,2.75,4.25,1.25,3.0,4.0
2013-07-04,,,,,,,,,,,,,,,,,,,,,,,,,,,,,,,,,,,,,,,,,2.5,4.0,1.0,2.75,4.0
2013-07-05,,,,,,,,,,,,,,,,,,,,,,,,,,,,,,,,,,,,,,,,,2.5,4.0,1.0,2.75,4.0
2013-07-06,,,,,,,,,,,,,,,,,,,,,,,,,,,,,,,,,,,,,,,,,2.5,4.0,1.0,2.75,4.0
2013-07-07,,,,,,,,,,,,,,,,,,,,,,,,,,,,,,,,,,,,,,,,,2.5,4.0,1.0,2.75,4.0
2013-07-08,,,,,,,,,,,,,,,,,,,,,,,,,,,,,,,,,,,,,,,,,2.5,4.0,1.0,2.75,4.0
2013-07-09,,,,,,,,,,,,,,,,,,,,,,,,,,,,,,,,,,,,,,,,,2.5,4.0,1.0,2.75,4.0
2013-07-10,,,,,,,,,,,,,,,,,,,,,,,,,,,,,,,,,,,,,,,,,2.5,4.0,1.0,2.75,4.0
2013-07-11,,,,,,,,,,,,,,,,,,,,,,,,,,,,,,,,,,,,,,,,,2.5,4.0,1.0,2.75,4.0
2013-07-12,,,,,,,,,,,,,,,,,,,,,,,,,,,,,,,,,,,,,,,,,2.5,4.0,1.0,2.75,4.0
2013-07-13,,,,,,,,,,,,,,,,,,,,,,,,,,,,,,,,,,,,,,,,,2.5,4.0,1.0,2.75,4.0
2013-07-14,,,,,,,,,,,,,,,,,,,,,,,,,,,,,,,,,,,,,,,,,2.5,4.0,1.0,2.75,4.0
2013-07-15,,,,,,,,,,,,,,,,,,,,,,,,,,,,,,,,,,,,,,,,,2.5,4.0,1.0,2.75,4.0
2013-07-16,,,,,,,,,,,,,,,,,,,,,,,,,,,,,,,,,,,,,,,,,2.5,4.0,1.0,2.75,4.0
2013-07-17,,,,,,,,,,,,,,,,,,,,,,,,,,,,,,,,,,,,,,,,,2.5,4.0,1.0,2.75,4.0
2013-07-18,,,,,,,,,,,,,,,,,,,,,,,,,,,,,,,,,,,,,,,,,2.5,4.0,1.0,2.75,4.0
2013-07-19,,,,,,,,,,,,,,,,,,,,,,,,,,,,,,,,,,,,,,,,,2.5,4.0,1.0,2.75,4.0
2013-07-20,,,,,,,,,,,,,,,,,,,,,,,,,,,,,,,,,,,,,,,,,2.5,4.0,1.0,2.75,4.0
2013-07-21,,,,,,,,,,,,,,,,,,,,,,,,,,,,,,,,,,,,,,,,,2.5,4.0,1.0,2.75,4.0
2013-07-22,,,,,,,,,,,,,,,,,,,,,,,,,,,,,,,,,,,,,,,,,2.5,4.0,1.0,2.75,4.0
2013-07-23,,,,,,,,,,,,,,,,,,,,,,,,,,,,,,,,,,,,,,,,,2.5,4.0,1.0,2.75,4.0
2013-07-24,,,,,,,,,,,,,,,,,,,,,,,,,,,,,,,,,,,,,,,,,2.5,4.0,1.0,2.75,4.0
2013-07-25,,,,,,,,,,,,,,,,,,,,,,,,,,,,,,,,,,,,,,,,,2.5,4.0,1.0,2.75,4.0
2013-07-26,,,,,,,,,,,,,,,,,,,,,,,,,,,,,,,,,,,,,,,,,2.5,4.0,1.0,2.75,4.0
2013-07-27,,,,,,,,,,,,,,,,,,,,,,,,,,,,,,,,,,,,,,,,,2.5,4.0,1.0,2.75,4.0
2013-07-28,,,,,,,,,,,,,,,,,,,,,,,,,,,,,,,,,,,,,,,,,2.5,4.0,1.0,2.75,4.0
2013-07-29,,,,,,,,,,,,,,,,,,,,,,,,,,,,,,,,,,,,,,,,,2.5,4.0,1.0,2.75,4.0
2013-07-30,,,,,,,,,,,,,,,,,,,,,,,,,,,,,,,,,,,,,,,,,2.5,4.0,1.0,2.75,4.0
2013-07-31,,,,,,,,,,,,,,,,,,,,,,,,,,,,,,,,,,,,,,,,,2.5,4.0,1.0,2.75,4.0
2013-08-01,,,,,,,,,,,,,,,,,,,,,,,,,,,,,,,,,,,,,,,,,2.5,4.0,1.0,2.75,4.0
2013-08-02,,,,,,,,,,,,,,,,,,,,,,,,,,,,,,,,,,,,,,,,,2.5,4.0,1.0,2.75,4.0
2013-08-03,,,,,,,,,,,,,,,,,,,,,,,,,,,,,,,,,,,,,,,,,2.5,4.0,1.0,2.75,4.0
2013-08-04,,,,,,,,,,,,,,,,,,,,,,,,,,,,,,,,,,,,,,,,,2.5,4.0,1.0,2.75,4.0
2013-08-05,,,,,,,,,,,,,,,,,,,,,,,,,,,,,,,,,,,,,,,,,2.5,4.0,1.0,2.75,4.0
2013-08-06,,,,,,,,,,,,,,,,,,,,,,,,,,,,,,,,,,,,,,,,,2.5,4.0,1.0,2.75,4.0
2013-08-07,,,,,,,,,,,,,,,,,,,,,,,,,,,,,,,,,,,,,,,,,2.5,4.0,1.0,2.75,4.0
2013-08-08,,,,,,,,,,,,,,,,,,,,,,,,,,,,,,,,,,,,,,,,,2.5,4.0,1.0,2.75,4.0
2013-08-09,,,,,,,,,,,,,,,,,,,,,,,,,,,,,,,,,,,,,,,,,2.5,4.0,1.0,2.75,4.0
2013-08-10,,,,,,,,,,,,,,,,,,,,,,,,,,,,,,,,,,,,,,,,,2.5,4.0,1.0,2.75,4.0
2013-08-11,,,,,,,,,,,,,,,,,,,,,,,,,,,,,,,,,,,,,,,,,2.5,4.0,1.0,2.75,4.0
2013-08-12,,,,,,,,,,,,,,,,,,,,,,,,,,,,,,,,,,,,,,,,,2.5,4.0,1.0,2.75,4.0
2013-08-13,,,,,,,,,,,,,,,,,,,,,,,,,,,,,,,,,,,,,,,,,2.5,4.0,1.0,2.75,4.0
2013-08-14,,,,,,,,,,,,,,,,,,,,,,,,,,,,,,,,,,,,,,,,,2.5,4.0,1.0,2.75,4.0
2013-08-15,,,,,,,,,,,,,,,,,,,,,,,,,,,,,,,,,,,,,,,,,2.5,4.0,1.0,2.75,4.0
2013-08-16,,,,,,,,,,,,,,,,,,,,,,,,,,,,,,,,,,,,,,,,,2.5,4.0,1.0,2.75,4.0
2013-08-17,,,,,,,,,,,,,,,,,,,,,,,,,,,,,,,,,,,,,,,,,2.5,4.0,1.0,2.75,4.0
2013-08-18,,,,,,,,,,,,,,,,,,,,,,,,,,,,,,,,,,,,,,,,,2.5,4.0,1.0,2.75,4.0
2013-08-19,,,,,,,,,,,,,,,,,,,,,,,,,,,,,,,,,,,,,,,,,2.5,4.0,1.0,2.75,4.0
2013-08-20,,,,,,,,,,,,,,,,,,,,,,,,,,,,,,,,,,,,,,,,,2.5,4.0,1.0,2.75,4.0
2013-08-21,,,,,,,,,,,,,,,,,,,,,,,,,,,,,,,,,,,,,,,,,2.5,4.0,1.0,2.75,4.0
2013-08-22,,,,,,,,,,,,,,,,,,,,,,,,,,,,,,,,,,,,,,,,,2.5,4.0,1.0,2.75,4.0
2013-08-23,,,,,,,,,,,,,,,,,,,,,,,,,,,,,,,,,,,,,,,,,2.5,4.0,1.0,2.75,4.0
2013-08-24,,,,,,,,,,,,,,,,,,,,,,,,,,,,,,,,,,,,,,,,,2.5,4.0,1.0,2.75,4.0
2013-08-25,,,,,,,,,,,,,,,,,,,,,,,,,,,,,,,,,,,,,,,,,2.5,4.0,1.0,2.75,4.0
2013-08-26,,,,,,,,,,,,,,,,,,,,,,,,,,,,,,,,,,,,,,,,,2.5,4.0,1.0,2.75,4.0
2013-08-27,,,,,,,,,,,,,,,,,,,,,,,,,,,,,,,,,,,,,,,,,2.5,4.0,1.0,2.75,4.0
2013-08-28,,,,,,,,,,,,,,,,,,,,,,,,,,,,,,,,,,,,,,,,,2.5,4.0,1.0,2.75,4.0
2013-08-29,,,,,,,,,,,,,,,,,,,,,,,,,,,,,,,,,,,,,,,,,2.5,4.0,1.0,2.75,4.0
2013-08-30,,,,,,,,,,,,,,,,,,,,,,,,,,,,,,,,,,,,,,,,,2.5,4.0,1.0,2.75,4.0
2013-08-31,,,,,,,,,,,,,,,,,,,,,,,,,,,,,,,,,,,,,,,,,2.5,4.0,1.0,2.75,4.0
2013-09-01,,,,,,,,,,,,,,,,,,,,,,,,,,,,,,,,,,,,,,,,,2.5,4.0,1.0,2.75,4.0
2013-09-02,,,,,,,,,,,,,,,,,,,,,,,,,,,,,,,,,,,,,,,,,2.5,4.0,1.0,2.75,4.0
2013-09-03,,,,,,,,,,,,,,,,,,,,,,,,,,,,,,,,,,,,,,,,,2.5,4.0,1.0,2.75,4.0
2013-09-04,,,,,,,,,,,,,,,,,,,,,,,,,,,,,,,,,,,,,,,,,2.5,4.0,1.0,2.75,4.0
2013-09-05,,,,,,,,,,,,,,,,,,,,,,,,,,,,,,,,,,,,,,,,,2.5,4.0,1.0,2.75,4.0
2013-09-06,,,,,,,,,,,,,,,,,,,,,,,,,,,,,,,,,,,,,,,,,2.5,4.0,1.0,2.75,4.0
2013-09-07,,,,,,,,,,,,,,,,,,,,,,,,,,,,,,,,,,,,,,,,,2.5,4.0,1.0,2.75,4.0
2013-09-08,,,,,,,,,,,,,,,,,,,,,,,,,,,,,,,,,,,,,,,,,2.5,4.0,1.0,2.75,4.0
2013-09-09,,,,,,,,,,,,,,,,,,,,,,,,,,,,,,,,,,,,,,,,,2.5,4.0,1.0,2.75,4.0
2013-09-10,,,,,,,,,,,,,,,,,,,,,,,,,,,,,,,,,,,,,,,,,2.5,4.0,1.0,2.75,4.0
2013-09-11,,,,,,,,,,,,,,,,,,,,,,,,,,,,,,,,,,,,,,,,,2.5,4.0,1.0,2.75,4.0
2013-09-12,,,,,,,,,,,,,,,,,,,,,,,,,,,,,,,,,,,,,,,,,2.5,4.0,1.0,2.75,4.0
2013-09-13,,,,,,,,,,,,,,,,,,,,,,,,,,,,,,,,,,,,,,,,,2.5,4.0,1.0,2.75,4.0
2013-09-14,,,,,,,,,,,,,,,,,,,,,,,,,,,,,,,,,,,,,,,,,2.5,4.0,1.0,2.75,4.0
2013-09-15,,,,,,,,,,,,,,,,,,,,,,,,,,,,,,,,,,,,,,,,,2.5,4.0,1.0,2.75,4.0
2013-09-16,,,,,,,,,,,,,,,,,,,,,,,,,,,,,,,,,,,,,,,,,2.5,4.0,1.0,2.75,4.0
2013-09-17,,,,,,,,,,,,,,,,,,,,,,,,,,,,,,,,,,,,,,,,,2.5,4.0,1.0,2.75,4.0
2013-09-18,,,,,,,,,,,,,,,,,,,,,,,,,,,,,,,,,,,,,,,,,2.5,4.0,1.0,2.75,4.0
2013-09-19,,,,,,,,,,,,,,,,,,,,,,,,,,,,,,,,,,,,,,,,,2.5,4.0,1.0,2.75,4.0
2013-09-20,,,,,,,,,,,,,,,,,,,,,,,,,,,,,,,,,,,,,,,,,2.5,4.0,1.0,2.75,4.0
2013-09-21,,,,,,,,,,,,,,,,,,,,,,,,,,,,,,,,,,,,,,,,,2.5,4.0,1.0,2.75,4.0
2013-09-22,,,,,,,,,,,,,,,,,,,,,,,,,,,,,,,,,,,,,,,,,2.5,4.0,1.0,2.75,4.0
2013-09-23,,,,,,,,,,,,,,,,,,,,,,,,,,,,,,,,,,,,,,,,,2.5,4.0,1.0,2.75,4.0
2013-09-24,,,,,,,,,,,,,,,,,,,,,,,,,,,,,,,,,,,,,,,,,2.5,4.0,1.0,2.75,4.0
2013-09-25,,,,,,,,,,,,,,,,,,,,,,,,,,,,,,,,,,,,,,,,,2.5,4.0,1.0,2.75,4.0
2013-09-26,,,,,,,,,,,,,,,,,,,,,,,,,,,,,,,,,,,,,,,,,2.5,4.0,1.0,2.75,4.0
2013-09-27,,,,,,,,,,,,,,,,,,,,,,,,,,,,,,,,,,,,,,,,,2.5,4.0,1.0,2.75,4.0
2013-09-28,,,,,,,,,,,,,,,,,,,,,,,,,,,,,,,,,,,,,,,,,2.5,4.0,1.0,2.75,4.0
2013-09-29,,,,,,,,,,,,,,,,,,,,,,,,,,,,,,,,,,,,,,,,,2.5,4.0,1.0,2.75,4.0
2013-09-30,,,,,,,,,,,,,,,,,,,,,,,,,,,,,,,,,,,,,,,,,2.5,4.0,1.0,2.75,4.0
2013-10-01,,,,,,,,,,,,,,,,,,,,,,,,,,,,,,,,,,,,,,,,,2.5,4.0,1.0,2.75,4.0
2013-10-02,,,,,,,,,,,,,,,,,,,,,,,,,,,,,,,,,,,,,,,,,2.5,4.0,1.0,2.75,4.0
2013-10-03,,,,,,,,,,,,,,,,,,,,,,,,,,,,,,,,,,,,,,,,,2.5,4.0,1.0,2.75,4.0
2013-10-04,,,,,,,,,,,,,,,,,,,,,,,,,,,,,,,,,,,,,,,,,2.5,4.0,1.0,2.75,4.0
2013-10-05,,,,,,,,,,,,,,,,,,,,,,,,,,,,,,,,,,,,,,,,,2.5,4.0,1.0,2.75,4.0
2013-10-06,,,,,,,,,,,,,,,,,,,,,,,,,,,,,,,,,,,,,,,,,2.5,4.0,1.0,2.75,4.0
2013-10-07,,,,,,,,,,,,,,,,,,,,,,,,,,,,,,,,,,,,,,,,,2.5,4.0,1.0,2.75,4.0
2013-10-08,,,,,,,,,,,,,,,,,,,,,,,,,,,,,,,,,,,,,,,,,2.5,4.0,1.0,2.75,4.0
2013-10-09,,,,,,,,,,,,,,,,,,,,,,,,,,,,,,,,,,,,,,,,,2.5,4.0,1.0,2.75,4.0
2013-10-10,,,,,,,,,,,,,,,,,,,,,,,,,,,,,,,,,,,,,,,,,2.5,4.0,1.0,2.75,4.0
2013-10-11,,,,,,,,,,,,,,,,,,,,,,,,,,,,,,,,,,,,,,,,,2.5,4.0,1.0,2.75,4.0
2013-10-12,,,,,,,,,,,,,,,,,,,,,,,,,,,,,,,,,,,,,,,,,2.5,4.0,1.0,2.75,4.0
2013-10-13,,,,,,,,,,,,,,,,,,,,,,,,,,,,,,,,,,,,,,,,,2.5,4.0,1.0,2.75,4.0
2013-10-14,,,,,,,,,,,,,,,,,,,,,,,,,,,,,,,,,,,,,,,,,2.5,4.0,1.0,2.75,4.0
2013-10-15,,,,,,,,,,,,,,,,,,,,,,,,,,,,,,,,,,,,,,,,,2.5,4.0,1.0,2.75,4.0
2013-10-16,,,,,,,,,,,,,,,,,,,,,,,,,,,,,,,,,,,,,,,,,2.5,4.0,1.0,2.75,4.0
2013-10-17,,,,,,,,,,,,,,,,,,,,,,,,,,,,,,,,,,,,,,,,,2.5,4.0,1.0,2.75,4.0
2013-10-18,,,,,,,,,,,,,,,,,,,,,,,,,,,,,,,,,,,,,,,,,2.5,4.0,1.0,2.75,4.0
2013-10-19,,,,,,,,,,,,,,,,,,,,,,,,,,,,,,,,,,,,,,,,,2.5,4.0,1.0,2.75,4.0
2013-10-20,,,,,,,,,,,,,,,,,,,,,,,,,,,,,,,,,,,,,,,,,2.5,4.0,1.0,2.75,4.0
2013-10-21,,,,,,,,,,,,,,,,,,,,,,,,,,,,,,,,,,,,,,,,,2.5,4.0,1.0,2.75,4.0
2013-10-22,,,,,,,,,,,,,,,,,,,,,,,,,,,,,,,,,,,,,,,,,2.5,4.0,1.0,2.75,4.0
2013-10-23,,,,,,,,,,,,,,,,,,,,,,,,,,,,,,,,,,,,,,,,,2.5,4.0,1.0,2.75,4.0
2013-10-24,,,,,,,,,,,,,,,,,,,,,,,,,,,,,,,,,,,,,,,,,2.5,4.0,1.0,2.75,4.0
2013-10-25,,,,,,,,,,,,,,,,,,,,,,,,,,,,,,,,,,,,,,,,,2.5,4.0,1.0,2.75,4.0
2013-10-26,,,,,,,,,,,,,,,,,,,,,,,,,,,,,,,,,,,,,,,,,2.5,4.0,1.0,2.75,4.0
2013-10-27,,,,,,,,,,,,,,,,,,,,,,,,,,,,,,,,,,,,,,,,,2.5,4.0,1.0,2.75,4.0
2013-10-28,,,,,,,,,,,,,,,,,,,,,,,,,,,,,,,,,,,,,,,,,2.5,4.0,1.0,2.75,4.0
2013-10-29,,,,,,,,,,,,,,,,,,,,,,,,,,,,,,,,,,,,,,,,,2.5,4.0,1.0,2.75,4.0
2013-10-30,,,,,,,,,,,,,,,,,,,,,,,,,,,,,,,,,,,,,,,,,2.5,4.0,1.0,2.75,4.0
2013-10-31,,,,,,,,,,,,,,,,,,,,,,,,,,,,,,,,,,,,,,,,,2.5,4.0,1.0,2.75,4.0
2013-11-01,,,,,,,,,,,,,,,,,,,,,,,,,,,,,,,,,,,,,,,,,2.5,4.0,1.0,2.75,4.0
2013-11-02,,,,,,,,,,,,,,,,,,,,,,,,,,,,,,,,,,,,,,,,,2.5,4.0,1.0,2.75,4.0
2013-11-03,,,,,,,,,,,,,,,,,,,,,,,,,,,,,,,,,,,,,,,,,2.5,4.0,1.0,2.75,4.0
2013-11-04,,,,,,,,,,,,,,,,,,,,,,,,,,,,,,,,,,,,,,,,,2.5,4.0,1.0,2.75,4.0
2013-11-05,,,,,,,,,,,,,,,,,,,,,,,,,,,,,,,,,,,,,,,,,2.5,4.0,1.0,2.75,4.0
2013-11-06,,,,,,,,,,,,,,,,,,,,,,,,,,,,,,,,,,,,,,,,,2.5,4.0,1.0,2.75,4.0
2013-11-07,,,,,,,,,,,,,,,,,,,,,,,,,,,,,,,,,,,,,,,,,2.5,4.0,1.0,2.75,4.0
2013-11-08,,,,,,,,,,,,,,,,,,,,,,,,,,,,,,,,,,,,,,,,,2.5,4.0,1.0,2.75,4.0
2013-11-09,,,,,,,,,,,,,,,,,,,,,,,,,,,,,,,,,,,,,,,,,2.5,4.0,1.0,2.75,4.0
2013-11-10,,,,,,,,,,,,,,,,,,,,,,,,,,,,,,,,,,,,,,,,,2.5,4.0,1.0,2.75,4.0
2013-11-11,,,,,,,,,,,,,,,,,,,,,,,,,,,,,,,,,,,,,,,,,2.5,4.0,1.0,2.75,4.0
2013-11-12,,,,,,,,,,,,,,,,,,,,,,,,,,,,,,,,,,,,,,,,,2.5,4.0,1.0,2.75,4.0
2013-11-13,,,,,,,,,,,,,,,,,,,,,,,,,,,,,,,,,,,,,,,,,2.5,4.0,1.0,2.75,4.0
2013-11-14,,,,,,,,,,,,,,,,,,,,,,,,,,,,,,,,,,,,,,,,,2.5,4.0,1.0,2.75,4.0
2013-11-15,,,,,,,,,,,,,,,,,,,,,,,,,,,,,,,,,,,,,,,,,2.5,4.0,1.0,2.75,4.0
2013-11-16,,,,,,,,,,,,,,,,,,,,,,,,,,,,,,,,,,,,,,,,,2.5,4.0,1.0,2.75,4.0
2013-11-17,,,,,,,,,,,,,,,,,,,,,,,,,,,,,,,,,,,,,,,,,2.5,4.0,1.0,2.75,4.0
2013-11-18,,,,,,,,,,,,,,,,,,,,,,,,,,,,,,,,,,,,,,,,,2.5,4.0,1.0,2.75,4.0
2013-11-19,,,,,,,,,,,,,,,,,,,,,,,,,,,,,,,,,,,,,,,,,2.5,4.0,1.0,2.75,4.0
2013-11-20,,,,,,,,,,,,,,,,,,,,,,,,,,,,,,,,,,,,,,,,,2.5,4.0,1.0,2.75,4.0
2013-11-21,,,,,,,,,,,,,,,,,,,,,,,,,,,,,,,,,,,,,,,,,2.5,4.0,1.0,2.75,4.0
2013-11-22,,,,,,,,,,,,,,,,,,,,,,,,,,,,,,,,,,,,,,,,,2.5,4.0,1.0,2.75,4.0
2013-11-23,,,,,,,,,,,,,,,,,,,,,,,,,,,,,,,,,,,,,,,,,2.5,4.0,1.0,2.75,4.0
2013-11-24,,,,,,,,,,,,,,,,,,,,,,,,,,,,,,,,,,,,,,,,,2.5,4.0,1.0,2.75,4.0
2013-11-25,,,,,,,,,,,,,,,,,,,,,,,,,,,,,,,,,,,,,,,,,2.5,4.0,1.0,2.75,4.0
2013-11-26,,,,,,,,,,,,,,,,,,,,,,,,,,,,,,,,,,,,,,,,,2.5,4.0,1.0,2.75,4.0
2013-11-27,,,,,,,,,,,,,,,,,,,,,,,,,,,,,,,,,,,,,,,,,2.5,4.0,1.0,2.75,4.0
2013-11-28,,,,,,,,,,,,,,,,,,,,,,,,,,,,,,,,,,,,,,,,,2.5,4.0,1.0,2.75,4.0
2013-11-29,,,,,,,,,,,,,,,,,,,,,,,,,,,,,,,,,,,,,,,,,2.5,4.0,1.0,2.75,4.0
2013-11-30,,,,,,,,,,,,,,,,,,,,,,,,,,,,,,,,,,,,,,,,,2.5,4.0,1.0,2.75,4.0
2013-12-01,,,,,,,,,,,,,,,,,,,,,,,,,,,,,,,,,,,,,,,,,2.5,4.0,1.0,2.75,4.0
2013-12-02,,,,,,,,,,,,,,,,,,,,,,,,,,,,,,,,,,,,,,,,,2.5,4.0,1.0,2.75,4.0
2013-12-03,,,,,,,,,,,,,,,,,,,,,,,,,,,,,,,,,,,,,,,,,2.5,4.0,1.0,2.75,4.0
2013-12-04,,,,,,,,,,,,,,,,,,,,,,,,,,,,,,,,,,,,,,,,,2.5,4.0,1.0,2.75,4.0
2013-12-05,,,,,,,,,,,,,,,,,,,,,,,,,,,,,,,,,,,,,,,,,2.5,4.0,1.0,2.75,4.0
2013-12-06,,,,,,,,,,,,,,,,,,,,,,,,,,,,,,,,,,,,,,,,,2.5,4.0,1.0,2.75,4.0
2013-12-07,,,,,,,,,,,,,,,,,,,,,,,,,,,,,,,,,,,,,,,,,2.5,4.0,1.0,2.75,4.0
2013-12-08,,,,,,,,,,,,,,,,,,,,,,,,,,,,,,,,,,,,,,,,,2.5,4.0,1.0,2.75,4.0
2013-12-09,,,,,,,,,,,,,,,,,,,,,,,,,,,,,,,,,,,,,,,,,2.5,4.0,1.0,2.75,4.0
2013-12-10,,,,,,,,,,,,,,,,,,,,,,,,,,,,,,,,,,,,,,,,,2.5,4.0,1.0,2.75,4.0
2013-12-11,,,,,,,,,,,,,,,,,,,,,,,,,,,,,,,,,,,,,,,,,2.5,4.0,1.0,2.75,4.0
2013-12-12,,,,,,,,,,,,,,,,,,,,,,,,,,,,,,,,,,,,,,,,,2.5,4.0,1.0,2.75,4.0
2013-12-13,,,,,,,,,,,,,,,,,,,,,,,,,,,,,,,,,,,,,,,,,2.5,4.0,1.0,2.75,4.0
2013-12-14,,,,,,,,,,,,,,,,,,,,,,,,,,,,,,,,,,,,,,,,,2.5,4.0,1.0,2.75,4.0
2013-12-15,,,,,,,,,,,,,,,,,,,,,,,,,,,,,,,,,,,,,,,,,2.5,4.0,1.0,2.75,4.0
2013-12-16,,,,,,,,,,,,,,,,,,,,,,,,,,,,,,,,,,,,,,,,,2.5,4.0,1.0,2.75,4.0
2013-12-17,,,,,,,,,,,,,,,,,,,,,,,,,,,,,,,,,,,,,,,,,2.5,4.0,1.0,2.75,4.0
2013-12-18,,,,,,,,,,,,,,,,,,,,,,,,,,,,,,,,,,,,,,,,,2.5,4.0,1.0,2.75,4.0
2013-12-19,,,,,,,,,,,,,,,,,,,,,,,,,,,,,,,,,,,,,,,,,2.5,4.0,1.0,2.75,4.0
2013-12-20,,,,,,,,,,,,,,,,,,,,,,,,,,,,,,,,,,,,,,,,,2.5,4.0,1.0,2.75,4.0
2013-12-21,,,,,,,,,,,,,,,,,,,,,,,,,,,,,,,,,,,,,,,,,2.5,4.0,1.0,2.75,4.0
2013-12-22,,,,,,,,,,,,,,,,,,,,,,,,,,,,,,,,,,,,,,,,,2.5,4.0,1.0,2.75,4.0
2013-12-23,,,,,,,,,,,,,,,,,,,,,,,,,,,,,,,,,,,,,,,,,2.5,4.0,1.0,2.75,4.0
2013-12-24,,,,,,,,,,,,,,,,,,,,,,,,,,,,,,,,,,,,,,,,,2.5,4.0,1.0,2.75,4.0
2013-12-25,,,,,,,,,,,,,,,,,,,,,,,,,,,,,,,,,,,,,,,,,2.5,4.0,1.0,2.75,4.0
2013-12-26,,,,,,,,,,,,,,,,,,,,,,,,,,,,,,,,,,,,,,,,,2.5,4.0,1.0,2.75,4.0
2013-12-27,,,,,,,,,,,,,,,,,,,,,,,,,,,,,,,,,,,,,,,,,2.5,4.0,1.0,2.75,4.0
2013-12-28,,,,,,,,,,,,,,,,,,,,,,,,,,,,,,,,,,,,,,,,,2.5,4.0,1.0,2.75,4.0
2013-12-29,,,,,,,,,,,,,,,,,,,,,,,,,,,,,,,,,,,,,,,,,2.5,4.0,1.0,2.75,4.0
2013-12-30,,,,,,,,,,,,,,,,,,,,,,,,,,,,,,,,,,,,,,,,,2.5,4.0,1.0,2.75,4.0
2013-12-31,,,,,,,,,,,,,,,,,,,,,,,,,,,,,,,,,,,,,,,,,2.5,4.0,1.0,2.75,4.0
2014-01-01,,,,,,,,,,,,,,,,,,,,,,,,,,,,,,,,,,,,,,,,,2.5,4.0,1.0,2.75,4.0
2014-01-02,,,,,,,,,,,,,,,,,,,,,,,,,,,,,,,,,,,,,,,,,2.5,4.0,1.0,2.75,4.0
2014-01-03,,,,,,,,,,,,,,,,,,,,,,,,,,,,,,,,,,,,,,,,,2.5,4.0,1.0,2.75,4.0
2014-01-04,,,,,,,,,,,,,,,,,,,,,,,,,,,,,,,,,,,,,,,,,2.5,4.0,1.0,2.75,4.0
2014-01-05,,,,,,,,,,,,,,,,,,,,,,,,,,,,,,,,,,,,,,,,,2.5,4.0,1.0,2.75,4.0
2014-01-06,,,,,,,,,,,,,,,,,,,,,,,,,,,,,,,,,,,,,,,,,2.5,4.0,1.0,2.75,4.0
2014-01-07,,,,,,,,,,,,,,,,,,,,,,,,,,,,,,,,,,,,,,,,,2.5,4.0,1.0,2.75,4.0
2014-01-08,,,,,,,,,,,,,,,,,,,,,,,,,,,,,,,,,,,,,,,,,2.5,4.0,1.0,2.75,4.0
2014-01-09,,,,,,,,,,,,,,,,,,,,,,,,,,,,,,,,,,,,,,,,,2.5,4.0,1.0,2.75,4.0
2014-01-10,,,,,,,,,,,,,,,,,,,,,,,,,,,,,,,,,,,,,,,,,2.5,4.0,1.0,2.75,4.0
2014-01-11,,,,,,,,,,,,,,,,,,,,,,,,,,,,,,,,,,,,,,,,,2.5,4.0,1.0,2.75,4.0
2014-01-12,,,,,,,,,,,,,,,,,,,,,,,,,,,,,,,,,,,,,,,,,2.5,4.0,1.0,2.75,4.0
2014-01-13,,,,,,,,,,,,,,,,,,,,,,,,,,,,,,,,,,,,,,,,,2.5,4.0,1.0,2.75,4.0
2014-01-14,,,,,,,,,,,,,,,,,,,,,,,,,,,,,,,,,,,,,,,,,2.5,4.0,1.0,2.75,4.0
2014-01-15,,,,,,,,,,,,,,,,,,,,,,,,,,,,,,,,,,,,,,,,,2.5,4.0,1.0,2.75,4.0
2014-01-16,,,,,,,,,,,,,,,,,,,,,,,,,,,,,,,,,,,,,,,,,2.5,4.0,1.0,2.75,4.0
2014-01-17,,,,,,,,,,,,,,,,,,,,,,,,,,,,,,,,,,,,,,,,,2.5,4.0,1.0,2.75,4.0
2014-01-18,,,,,,,,,,,,,,,,,,,,,,,,,,,,,,,,,,,,,,,,,2.5,4.0,1.0,2.75,4.0
2014-01-19,,,,,,,,,,,,,,,,,,,,,,,,,,,,,,,,,,,,,,,,,2.5,4.0,1.0,2.75,4.0
2014-01-20,,,,,,,,,,,,,,,,,,,,,,,,,,,,,,,,,,,,,,,,,2.5,4.0,1.0,2.75,4.0
2014-01-21,,,,,,,,,,,,,,,,,,,,,,,,,,,,,,,,,,,,,,,,,2.5,4.0,1.0,2.75,4.0
2014-01-22,,,,,,,,,,,,,,,,,,,,,,,,,,,,,,,,,,,,,,,,,2.5,4.0,1.0,2.75,4.0
2014-01-23,,,,,,,,,,,,,,,,,,,,,,,,,,,,,,,,,,,,,,,,,2.5,4.0,1.0,2.75,4.0
2014-01-24,,,,,,,,,,,,,,,,,,,,,,,,,,,,,,,,,,,,,,,,,2.5,4.0,1.0,2.75,4.0
2014-01-25,,,,,,,,,,,,,,,,,,,,,,,,,,,,,,,,,,,,,,,,,2.5,4.0,1.0,2.75,4.0
2014-01-26,,,,,,,,,,,,,,,,,,,,,,,,,,,,,,,,,,,,,,,,,2.5,4.0,1.0,2.75,4.0
2014-01-27,,,,,,,,,,,,,,,,,,,,,,,,,,,,,,,,,,,,,,,,,2.5,4.0,1.0,2.75,4.0
2014-01-28,,,,,,,,,,,,,,,,,,,,,,,,,,,,,,,,,,,,,,,,,2.5,4.0,1.0,2.75,4.0
2014-01-29,,,,,,,,,,,,,,,,,,,,,,,,,,,,,,,,,,,,,,,,,2.5,4.0,1.0,2.75,4.0
2014-01-30,,,,,,,,,,,,,,,,,,,,,,,,,,,,,,,,,,,,,,,,,2.5,4.0,1.0,2.75,4.0
2014-01-31,,,,,,,,,,,,,,,,,,,,,,,,,,,,,,,,,,,,,,,,,2.5,4.0,1.0,2.75,4.0
2014-02-01,,,,,,,,,,,,,,,,,,,,,,,,,,,,,,,,,,,,,,,,,2.5,4.0,1.0,2.75,4.0
2014-02-02,,,,,,,,,,,,,,,,,,,,,,,,,,,,,,,,,,,,,,,,,2.5,4.0,1.0,2.75,4.0
2014-02-03,,,,,,,,,,,,,,,,,,,,,,,,,,,,,,,,,,,,,,,,,2.5,4.0,1.0,2.75,4.0
2014-02-04,,,,,,,,,,,,,,,,,,,,,,,,,,,,,,,,,,,,,,,,,2.5,4.0,1.0,2.75,4.0
2014-02-05,,,,,,,,,,,,,,,,,,,,,,,,,,,,,,,,,,,,,,,,,2.5,4.0,1.0,2.75,4.0
2014-02-06,,,,,,,,,,,,,,,,,,,,,,,,,,,,,,,,,,,,,,,,,2.5,4.0,1.0,2.75,4.0
2014-02-07,,,,,,,,,,,,,,,,,,,,,,,,,,,,,,,,,,,,,,,,,2.5,4.0,1.0,2.75,4.0
2014-02-08,,,,,,,,,,,,,,,,,,,,,,,,,,,,,,,,,,,,,,,,,2.5,4.0,1.0,2.75,4.0
2014-02-09,,,,,,,,,,,,,,,,,,,,,,,,,,,,,,,,,,,,,,,,,2.5,4.0,1.0,2.75,4.0
2014-02-10,,,,,,,,,,,,,,,,,,,,,,,,,,,,,,,,,,,,,,,,,2.5,4.0,1.0,2.75,4.0
2014-02-11,,,,,,,,,,,,,,,,,,,,,,,,,,,,,,,,,,,,,,,,,2.5,4.0,1.0,2.75,4.0
2014-02-12,,,,,,,,,,,,,,,,,,,,,,,,,,,,,,,,,,,,,,,,,2.5,4.0,1.0,2.75,4.0
2014-02-13,,,,,,,,,,,,,,,,,,,,,,,,,,,,,,,,,,,,,,,,,2.5,4.0,1.0,2.75,4.0
2014-02-14,,,,,,,,,,,,,,,,,,,,,,,,,,,,,,,,,,,,,,,,,2.5,4.0,1.0,2.75,4.0
2014-02-15,,,,,,,,,,,,,,,,,,,,,,,,,,,,,,,,,,,,,,,,,2.5,4.0,1.0,2.75,4.0
2014-02-16,,,,,,,,,,,,,,,,,,,,,,,,,,,,,,,,,,,,,,,,,2.5,4.0,1.0,2.75,4.0
2014-02-17,,,,,,,,,,,,,,,,,,,,,,,,,,,,,,,,,,,,,,,,,2.5,4.0,1.0,2.75,4.0
2014-02-18,,,,,,,,,,,,,,,,,,,,,,,,,,,,,,,,,,,,,,,,,2.5,4.0,1.0,2.75,4.0
2014-02-19,,,,,,,,,,,,,,,,,,,,,,,,,,,,,,,,,,,,,,,,,2.5,4.0,1.0,2.75,4.0
2014-02-20,,,,,,,,,,,,,,,,,,,,,,,,,,,,,,,,,,,,,,,,,2.5,4.0,1.0,2.75,4.0
2014-02-21,,,,,,,,,,,,,,,,,,,,,,,,,,,,,,,,,,,,,,,,,2.5,4.0,1.0,2.75,4.0
2014-02-22,,,,,,,,,,,,,,,,,,,,,,,,,,,,,,,,,,,,,,,,,2.5,4.0,1.0,2.75,4.0
2014-02-23,,,,,,,,,,,,,,,,,,,,,,,,,,,,,,,,,,,,,,,,,2.5,4.0,1.0,2.75,4.0
2014-02-24,,,,,,,,,,,,,,,,,,,,,,,,,,,,,,,,,,,,,,,,,2.5,4.0,1.0,2.75,4.0
2014-02-25,,,,,,,,,,,,,,,,,,,,,,,,,,,,,,,,,,,,,,,,,2.5,4.0,1.0,2.75,4.0
2014-02-26,,,,,,,,,,,,,,,,,,,,,,,,,,,,,,,,,,,,,,,,,2.5,4.0,1.0,2.75,4.0
2014-02-27,,,,,,,,,,,,,,,,,,,,,,,,,,,,,,,,,,,,,,,,,2.5,4.0,1.0,2.75,4.0
2014-02-28,,,,,,,,,,,,,,,,,,,,,,,,,,,,,,,,,,,,,,,,,2.5,4.0,1.0,2.75,4.0
2014-03-01,,,,,,,,,,,,,,,,,,,,,,,,,,,,,,,,,,,,,,,,,2.5,4.0,1.0,2.75,4.0
2014-03-02,,,,,,,,,,,,,,,,,,,,,,,,,,,,,,,,,,,,,,,,,2.5,4.0,1.0,2.75,4.0
2014-03-03,,,,,,,,,,,,,,,,,,,,,,,,,,,,,,,,,,,,,,,,,2.5,4.0,1.0,2.75,4.0
2014-03-04,,,,,,,,,,,,,,,,,,,,,,,,,,,,,,,,,,,,,,,,,2.5,4.0,1.0,2.75,4.0
2014-03-05,,,,,,,,,,,,,,,,,,,,,,,,,,,,,,,,,,,,,,,,,2.5,4.0,1.0,2.75,4.0
2014-03-06,,,,,,,,,,,,,,,,,,,,,,,,,,,,,,,,,,,,,,,,,2.5,4.0,1.0,2.75,4.0
2014-03-07,,,,,,,,,,,,,,,,,,,,,,,,,,,,,,,,,,,,,,,,,2.5,4.0,1.0,2.75,4.0
2014-03-08,,,,,,,,,,,,,,,,,,,,,,,,,,,,,,,,,,,,,,,,,2.5,4.0,1.0,2.75,4.0
2014-03-09,,,,,,,,,,,,,,,,,,,,,,,,,,,,,,,,,,,,,,,,,2.5,4.0,1.0,2.75,4.0
2014-03-10,,,,,,,,,,,,,,,,,,,,,,,,,,,,,,,,,,,,,,,,,2.5,4.0,1.0,2.75,4.0
2014-03-11,,,,,,,,,,,,,,,,,,,,,,,,,,,,,,,,,,,,,,,,,2.5,4.0,1.0,2.75,4.0
2014-03-12,,,,,,,,,,,,,,,,,,,,,,,,,,,,,,,,,,,,,,,,,2.5,4.0,1.0,2.75,4.0
2014-03-13,,,,,,,,,,,,,,,,,,,,,,,,,,,,,,,,,,,,,,,,,2.5,4.0,1.0,2.75,4.0
2014-03-14,,,,,,,,,,,,,,,,,,,,,,,,,,,,,,,,,,,,,,,,,2.5,4.0,1.0,2.75,4.0
2014-03-15,,,,,,,,,,,,,,,,,,,,,,,,,,,,,,,,,,,,,,,,,2.5,4.0,1.0,2.75,4.0
2014-03-16,,,,,,,,,,,,,,,,,,,,,,,,,,,,,,,,,,,,,,,,,2.5,4.0,1.0,2.75,4.0
2014-03-17,,,,,,,,,,,,,,,,,,,,,,,,,,,,,,,,,,,,,,,,,2.5,4.0,1.0,2.75,4.0
2014-03-18,,,,,,,,,,,,,,,,,,,,,,,,,,,,,,,,,,,,,,,,,2.5,4.0,1.0,2.75,4.0
2014-03-19,,,,,,,,,,,,,,,,,,,,,,,,,,,,,,,,,,,,,,,,,2.5,4.0,1.0,2.75,4.0
2014-03-20,,,,,,,,,,,,,,,,,,,,,,,,,,,,,,,,,,,,,,,,,2.5,4.0,1.0,2.75,4.0
2014-03-21,,,,,,,,,,,,,,,,,,,,,,,,,,,,,,,,,,,,,,,,,2.5,4.0,1.0,2.75,4.0
2014-03-22,,,,,,,,,,,,,,,,,,,,,,,,,,,,,,,,,,,,,,,,,2.5,4.0,1.0,2.75,4.0
2014-03-23,,,,,,,,,,,,,,,,,,,,,,,,,,,,,,,,,,,,,,,,,2.5,4.0,1.0,2.75,4.0
2014-03-24,,,,,,,,,,,,,,,,,,,,,,,,,,,,,,,,,,,,,,,,,2.5,4.0,1.0,2.75,4.0
2014-03-25,,,,,,,,,,,,,,,,,,,,,,,,,,,,,,,,,,,,,,,,,2.5,4.0,1.0,2.75,4.0
2014-03-26,,,,,,,,,,,,,,,,,,,,,,,,,,,,,,,,,,,,,,,,,2.5,4.0,1.0,2.75,4.0
2014-03-27,,,,,,,,,,,,,,,,,,,,,,,,,,,,,,,,,,,,,,,,,2.5,4.0,1.0,2.75,4.0
2014-03-28,,,,,,,,,,,,,,,,,,,,,,,,,,,,,,,,,,,,,,,,,2.5,4.0,1.0,2.75,4.0
2014-03-29,,,,,,,,,,,,,,,,,,,,,,,,,,,,,,,,,,,,,,,,,2.5,4.0,1.0,2.75,4.0
2014-03-30,,,,,,,,,,,,,,,,,,,,,,,,,,,,,,,,,,,,,,,,,2.5,4.0,1.0,2.75,4.0
2014-03-31,,,,,,,,,,,,,,,,,,,,,,,,,,,,,,,,,,,,,,,,,2.5,4.0,1.0,2.75,4.0
2014-04-01,,,,,,,,,,,,,,,,,,,,,,,,,,,,,,,,,,,,,,,,,2.5,4.0,1.0,2.75,4.0
2014-04-02,,,,,,,,,,,,,,,,,,,,,,,,,,,,,,,,,,,,,,,,,2.5,4.0,1.0,2.75,4.0
2014-04-03,,,,,,,,,,,,,,,,,,,,,,,,,,,,,,,,,,,,,,,,,2.5,4.0,1.0,2.75,4.0
2014-04-04,,,,,,,,,,,,,,,,,,,,,,,,,,,,,,,,,,,,,,,,,2.5,4.0,1.0,2.75,4.0
2014-04-05,,,,,,,,,,,,,,,,,,,,,,,,,,,,,,,,,,,,,,,,,2.5,4.0,1.0,2.75,4.0
2014-04-06,,,,,,,,,,,,,,,,,,,,,,,,,,,,,,,,,,,,,,,,,2.5,4.0,1.0,2.75,4.0
2014-04-07,,,,,,,,,,,,,,,,,,,,,,,,,,,,,,,,,,,,,,,,,2.5,4.0,1.0,2.75,4.0
2014-04-08,,,,,,,,,,,,,,,,,,,,,,,,,,,,,,,,,,,,,,,,,2.5,4.0,1.0,2.75,4.0
2014-04-09,,,,,,,,,,,,,,,,,,,,,,,,,,,,,,,,,,,,,,,,,2.5,4.0,1.0,2.75,4.0
2014-04-10,,,,,,,,,,,,,,,,,,,,,,,,,,,,,,,,,,,,,,,,,2.5,4.0,1.0,2.75,4.0
2014-04-11,,,,,,,,,,,,,,,,,,,,,,,,,,,,,,,,,,,,,,,,,2.5,4.0,1.0,2.75,4.0
2014-04-12,,,,,,,,,,,,,,,,,,,,,,,,,,,,,,,,,,,,,,,,,2.5,4.0,1.0,2.75,4.0
2014-04-13,,,,,,,,,,,,,,,,,,,,,,,,,,,,,,,,,,,,,,,,,2.5,4.0,1.0,2.75,4.0
2014-04-14,,,,,,,,,,,,,,,,,,,,,,,,,,,,,,,,,,,,,,,,,2.5,4.0,1.0,2.75,4.0
2014-04-15,,,,,,,,,,,,,,,,,,,,,,,,,,,,,,,,,,,,,,,,,2.5,4.0,1.0,2.75,4.0
2014-04-16,,,,,,,,,,,,,,,,,,,,,,,,,,,,,,,,,,,,,,,,,2.5,4.0,1.0,2.75,4.0
2014-04-17,,,,,,,,,,,,,,,,,,,,,,,,,,,,,,,,,,,,,,,,,2.5,4.0,1.0,2.75,4.0
2014-04-18,,,,,,,,,,,,,,,,,,,,,,,,,,,,,,,,,,,,,,,,,2.5,4.0,1.0,2.75,4.0
2014-04-19,,,,,,,,,,,,,,,,,,,,,,,,,,,,,,,,,,,,,,,,,2.5,4.0,1.0,2.75,4.0
2014-04-20,,,,,,,,,,,,,,,,,,,,,,,,,,,,,,,,,,,,,,,,,2.5,4.0,1.0,2.75,4.0
2014-04-21,,,,,,,,,,,,,,,,,,,,,,,,,,,,,,,,,,,,,,,,,2.5,4.0,1.0,2.75,4.0
2014-04-22,,,,,,,,,,,,,,,,,,,,,,,,,,,,,,,,,,,,,,,,,2.5,4.0,1.0,2.75,4.0
2014-04-23,,,,,,,,,,,,,,,,,,,,,,,,,,,,,,,,,,,,,,,,,2.5,4.0,1.0,2.75,4.0
2014-04-24,,,,,,,,,,,,,,,,,,,,,,,,,,,,,,,,,,,,,,,,,2.5,4.0,1.0,2.75,4.0
2014-04-25,,,,,,,,,,,,,,,,,,,,,,,,,,,,,,,,,,,,,,,,,2.5,4.0,1.0,2.75,4.0
2014-04-26,,,,,,,,,,,,,,,,,,,,,,,,,,,,,,,,,,,,,,,,,2.5,4.0,1.0,2.75,4.0
2014-04-27,,,,,,,,,,,,,,,,,,,,,,,,,,,,,,,,,,,,,,,,,2.5,4.0,1.0,2.75,4.0
2014-04-28,,,,,,,,,,,,,,,,,,,,,,,,,,,,,,,,,,,,,,,,,2.5,4.0,1.0,2.75,4.0
2014-04-29,,,,,,,,,,,,,,,,,,,,,,,,,,,,,,,,,,,,,,,,,2.5,4.0,1.0,2.75,4.0
2014-04-30,,,,,,,,,,,,,,,,,,,,,,,,,,,,,,,,,,,,,,,,,2.5,4.0,1.0,2.75,4.0
2014-05-01,,,,,,,,,,,,,,,,,,,,,,,,,,,,,,,,,,,,,,,,,2.5,4.0,1.0,2.75,4.0
2014-05-02,,,,,,,,,,,,,,,,,,,,,,,,,,,,,,,,,,,,,,,,,2.5,4.0,1.0,2.75,4.0
2014-05-03,,,,,,,,,,,,,,,,,,,,,,,,,,,,,,,,,,,,,,,,,2.5,4.0,1.0,2.75,4.0
2014-05-04,,,,,,,,,,,,,,,,,,,,,,,,,,,,,,,,,,,,,,,,,2.5,4.0,1.0,2.75,4.0
2014-05-05,,,,,,,,,,,,,,,,,,,,,,,,,,,,,,,,,,,,,,,,,2.5,4.0,1.0,2.75,4.0
2014-05-06,,,,,,,,,,,,,,,,,,,,,,,,,,,,,,,,,,,,,,,,,2.5,4.0,1.0,2.75,4.0
2014-05-07,,,,,,,,,,,,,,,,,,,,,,,,,,,,,,,,,,,,,,,,,2.5,4.0,1.0,2.75,4.0
2014-05-08,,,,,,,,,,,,,,,,,,,,,,,,,,,,,,,,,,,,,,,,,2.5,4.0,1.0,2.75,4.0
2014-05-09,,,,,,,,,,,,,,,,,,,,,,,,,,,,,,,,,,,,,,,,,2.5,4.0,1.0,2.75,4.0
2014-05-10,,,,,,,,,,,,,,,,,,,,,,,,,,,,,,,,,,,,,,,,,2.5,4.0,1.0,2.75,4.0
2014-05-11,,,,,,,,,,,,,,,,,,,,,,,,,,,,,,,,,,,,,,,,,2.5,4.0,1.0,2.75,4.0
2014-05-12,,,,,,,,,,,,,,,,,,,,,,,,,,,,,,,,,,,,,,,,,2.5,4.0,1.0,2.75,4.0
2014-05-13,,,,,,,,,,,,,,,,,,,,,,,,,,,,,,,,,,,,,,,,,2.5,4.0,1.0,2.75,4.0
2014-05-14,,,,,,,,,,,,,,,,,,,,,,,,,,,,,,,,,,,,,,,,,2.5,4.0,1.0,2.75,4.0
2014-05-15,,,,,,,,,,,,,,,,,,,,,,,,,,,,,,,,,,,,,,,,,2.5,4.0,1.0,2.75,4.0
2014-05-16,,,,,,,,,,,,,,,,,,,,,,,,,,,,,,,,,,,,,,,,,2.5,4.0,1.0,2.75,4.0
2014-05-17,,,,,,,,,,,,,,,,,,,,,,,,,,,,,,,,,,,,,,,,,2.5,4.0,1.0,2.75,4.0
2014-05-18,,,,,,,,,,,,,,,,,,,,,,,,,,,,,,,,,,,,,,,,,2.5,4.0,1.0,2.75,4.0
2014-05-19,,,,,,,,,,,,,,,,,,,,,,,,,,,,,,,,,,,,,,,,,2.5,4.0,1.0,2.75,4.0
2014-05-20,,,,,,,,,,,,,,,,,,,,,,,,,,,,,,,,,,,,,,,,,2.5,4.0,1.0,2.75,4.0
2014-05-21,,,,,,,,,,,,,,,,,,,,,,,,,,,,,,,,,,,,,,,,,2.5,4.0,1.0,2.75,4.0
2014-05-22,,,,,,,,,,,,,,,,,,,,,,,,,,,,,,,,,,,,,,,,,2.5,4.0,1.0,2.75,4.0
2014-05-23,,,,,,,,,,,,,,,,,,,,,,,,,,,,,,,,,,,,,,,,,2.5,4.0,1.0,2.75,4.0
2014-05-24,,,,,,,,,,,,,,,,,,,,,,,,,,,,,,,,,,,,,,,,,2.5,4.0,1.0,2.75,4.0
2014-05-25,,,,,,,,,,,,,,,,,,,,,,,,,,,,,,,,,,,,,,,,,2.5,4.0,1.0,2.75,4.0
2014-05-26,,,,,,,,,,,,,,,,,,,,,,,,,,,,,,,,,,,,,,,,,2.5,4.0,1.0,2.75,4.0
2014-05-27,,,,,,,,,,,,,,,,,,,,,,,,,,,,,,,,,,,,,,,,,2.5,4.0,1.0,2.75,4.0
2014-05-28,,,,,,,,,,,,,,,,,,,,,,,,,,,,,,,,,,,,,,,,,2.5,4.0,1.0,2.75,4.0
2014-05-29,,,,,,,,,,,,,,,,,,,,,,,,,,,,,,,,,,,,,,,,,2.5,4.0,1.0,2.75,4.0
2014-05-30,,,,,,,,,,,,,,,,,,,,,,,,,,,,,,,,,,,,,,,,,2.5,4.0,1.0,2.75,4.0
2014-05-31,,,,,,,,,,,,,,,,,,,,,,,,,,,,,,,,,,,,,,,,,2.5,4.0,1.0,2.75,4.0
2014-06-01,,,,,,,,,,,,,,,,,,,,,,,,,,,,,,,,,,,,,,,,,2.5,4.0,1.0,2.75,4.0
2014-06-02,,,,,,,,,,,,,,,,,,,,,,,,,,,,,,,,,,,,,,,,,2.5,4.0,1.0,2.75,4.0
2014-06-03,,,,,,,,,,,,,,,,,,,,,,,,,,,,,,,,,,,,,,,,,2.5,4.0,1.0,2.75,4.0
2014-06-04,,,,,,,,,,,,,,,,,,,,,,,,,,,,,,,,,,,,,,,,,2.5,4.0,1.0,2.75,4.0
2014-06-05,,,,,,,,,,,,,,,,,,,,,,,,,,,,,,,,,,,,,,,,,2.5,4.0,1.0,2.75,4.0
2014-06-06,,,,,,,,,,,,,,,,,,,,,,,,,,,,,,,,,,,,,,,,,2.5,4.0,1.0,2.75,4.0
2014-06-07,,,,,,,,,,,,,,,,,,,,,,,,,,,,,,,,,,,,,,,,,2.5,4.0,1.0,2.75,4.0
2014-06-08,,,,,,,,,,,,,,,,,,,,,,,,,,,,,,,,,,,,,,,,,2.5,4.0,1.0,2.75,4.0
2014-06-09,,,,,,,,,,,,,,,,,,,,,,,,,,,,,,,,,,,,,,,,,2.5,4.0,1.0,2.75,4.0
2014-06-10,,,,,,,,,,,,,,,,,,,,,,,,,,,,,,,,,,,,,,,,,2.5,4.0,1.0,2.75,4.0
2014-06-11,,,,,,,,,,,,,,,,,,,,,,,,,,,,,,,,,,,,,,,,,2.5,4.0,1.0,2.75,4.0
2014-06-12,,,,,,,,,,,,,,,,,,,,,,,,,,,,,,,,,,,,,,,,,2.5,4.0,1.0,2.75,4.0
2014-06-13,,,,,,,,,,,,,,,,,,,,,,,,,,,,,,,,,,,,,,,,,2.5,4.0,1.0,2.75,4.0
2014-06-14,,,,,,,,,,,,,,,,,,,,,,,,,,,,,,,,,,,,,,,,,2.5,4.0,1.0,2.75,4.0
2014-06-15,,,,,,,,,,,,,,,,,,,,,,,,,,,,,,,,,,,,,,,,,2.5,4.0,1.0,2.75,4.0
2014-06-16,,,,,,,,,,,,,,,,,,,,,,,,,,,,,,,,,,,,,,,,,2.5,4.0,1.0,2.75,4.0
2014-06-17,,,,,,,,,,,,,,,,,,,,,,,,,,,,,,,,,,,,,,,,,2.5,4.0,1.0,2.75,4.0
2014-06-18,,,,,,,,,,,,,,,,,,,,,,,,,,,,,,,,,,,,,,,,,2.5,4.0,1.0,2.75,4.0
2014-06-19,,,,,,,,,,,,,,,,,,,,,,,,,,,,,,,,,,,,,,,,,2.5,4.0,1.0,2.75,4.0
2014-06-20,,,,,,,,,,,,,,,,,,,,,,,,,,,,,,,,,,,,,,,,,2.5,4.0,1.0,2.75,4.0
2014-06-21,,,,,,,,,,,,,,,,,,,,,,,,,,,,,,,,,,,,,,,,,2.5,4.0,1.0,2.75,4.0
2014-06-22,,,,,,,,,,,,,,,,,,,,,,,,,,,,,,,,,,,,,,,,,2.5,4.0,1.0,2.75,4.0
2014-06-23,,,,,,,,,,,,,,,,,,,,,,,,,,,,,,,,,,,,,,,,,2.5,4.0,1.0,2.75,4.0
2014-06-24,,,,,,,,,,,,,,,,,,,,,,,,,,,,,,,,,,,,,,,,,2.5,4.0,1.0,2.75,4.0
2014-06-25,,,,,,,,,,,,,,,,,,,,,,,,,,,,,,,,,,,,,,,,,2.5,4.0,1.0,2.75,4.0
2014-06-26,,,,,,,,,,,,,,,,,,,,,,,,,,,,,,,,,,,,,,,,,2.5,4.0,1.0,2.75,4.0
2014-06-27,,,,,,,,,,,,,,,,,,,,,,,,,,,,,,,,,,,,,,,,,2.5,4.0,1.0,2.75,4.0
2014-06-28,,,,,,,,,,,,,,,,,,,,,,,,,,,,,,,,,,,,,,,,,2.5,4.0,1.0,2.75,4.0
2014-06-29,,,,,,,,,,,,,,,,,,,,,,,,,,,,,,,,,,,,,,,,,2.5,4.0,1.0,2.75,4.0
2014-06-30,,,,,,,,,,,,,,,,,,,,,,,,,,,,,,,,,,,,,,,,,2.5,4.0,1.0,2.75,4.0
2014-07-01,,,,,,,,,,,,,,,,,,,,,,,,,,,,,,,,,,,,,,,,,2.5,4.0,1.0,2.75,4.0
2014-07-02,,,,,,,,,,,,,,,,,,,,,,,,,,,,,,,,,,,,,,,,,2.5,4.0,1.0,2.75,4.0
2014-07-03,,,,,,,,,,,,,,,,,,,,,,,,,,,,,,,,,,,,,,,,,2.5,4.0,1.0,2.75,4.0
2014-07-04,,,,,,,,,,,,,,,,,,,,,,,,,,,,,,,,,,,,,,,,,2.5,4.0,1.0,2.75,4.0
2014-07-05,,,,,,,,,,,,,,,,,,,,,,,,,,,,,,,,,,,,,,,,,2.5,4.0,1.0,2.75,4.0
2014-07-06,,,,,,,,,,,,,,,,,,,,,,,,,,,,,,,,,,,,,,,,,2.5,4.0,1.0,2.75,4.0
2014-07-07,,,,,,,,,,,,,,,,,,,,,,,,,,,,,,,,,,,,,,,,,2.5,4.0,1.0,2.75,4.0
2014-07-08,,,,,,,,,,,,,,,,,,,,,,,,,,,,,,,,,,,,,,,,,2.5,4.0,1.0,2.75,4.0
2014-07-09,,,,,,,,,,,,,,,,,,,,,,,,,,,,,,,,,,,,,,,,,2.5,4.0,1.0,2.75,4.0
2014-07-10,,,,,,,,,,,,,,,,,,,,,,,,,,,,,,,,,,,,,,,,,2.5,4.0,1.0,2.75,4.0
2014-07-11,,,,,,,,,,,,,,,,,,,,,,,,,,,,,,,,,,,,,,,,,2.5,4.0,1.0,2.75,4.0
2014-07-12,,,,,,,,,,,,,,,,,,,,,,,,,,,,,,,,,,,,,,,,,2.5,4.0,1.0,2.75,4.0
2014-07-13,,,,,,,,,,,,,,,,,,,,,,,,,,,,,,,,,,,,,,,,,2.5,4.0,1.0,2.75,4.0
2014-07-14,,,,,,,,,,,,,,,,,,,,,,,,,,,,,,,,,,,,,,,,,2.5,4.0,1.0,2.75,4.0
2014-07-15,,,,,,,,,,,,,,,,,,,,,,,,,,,,,,,,,,,,,,,,,2.5,4.0,1.0,2.75,4.0
2014-07-16,,,,,,,,,,,,,,,,,,,,,,,,,,,,,,,,,,,,,,,,,2.5,4.0,1.0,2.75,4.0
2014-07-17,,,,,,,,,,,,,,,,,,,,,,,,,,,,,,,,,,,,,,,,,2.5,4.0,1.0,2.75,4.0
2014-07-18,,,,,,,,,,,,,,,,,,,,,,,,,,,,,,,,,,,,,,,,,2.5,4.0,1.0,2.75,4.0
2014-07-19,,,,,,,,,,,,,,,,,,,,,,,,,,,,,,,,,,,,,,,,,2.5,4.0,1.0,2.75,4.0
2014-07-20,,,,,,,,,,,,,,,,,,,,,,,,,,,,,,,,,,,,,,,,,2.5,4.0,1.0,2.75,4.0
2014-07-21,,,,,,,,,,,,,,,,,,,,,,,,,,,,,,,,,,,,,,,,,2.5,4.0,1.0,2.75,4.0
2014-07-22,,,,,,,,,,,,,,,,,,,,,,,,,,,,,,,,,,,,,,,,,2.5,4.0,1.0,2.75,4.0
2014-07-23,,,,,,,,,,,,,,,,,,,,,,,,,,,,,,,,,,,,,,,,,2.5,4.0,1.0,2.75,4.0
2014-07-24,,,,,,,,,,,,,,,,,,,,,,,,,,,,,,,,,,,,,,,,,2.5,4.0,1.0,2.75,4.0
2014-07-25,,,,,,,,,,,,,,,,,,,,,,,,,,,,,,,,,,,,,,,,,2.5,4.0,1.0,2.75,4.0
2014-07-26,,,,,,,,,,,,,,,,,,,,,,,,,,,,,,,,,,,,,,,,,2.5,4.0,1.0,2.75,4.0
2014-07-27,,,,,,,,,,,,,,,,,,,,,,,,,,,,,,,,,,,,,,,,,2.5,4.0,1.0,2.75,4.0
2014-07-28,,,,,,,,,,,,,,,,,,,,,,,,,,,,,,,,,,,,,,,,,2.5,4.0,1.0,2.75,4.0
2014-07-29,,,,,,,,,,,,,,,,,,,,,,,,,,,,,,,,,,,,,,,,,2.5,4.0,1.0,2.75,4.0
2014-07-30,,,,,,,,,,,,,,,,,,,,,,,,,,,,,,,,,,,,,,,,,2.5,4.0,1.0,2.75,4.0
2014-07-31,,,,,,,,,,,,,,,,,,,,,,,,,,,,,,,,,,,,,,,,,2.5,4.0,1.0,2.75,4.0
2014-08-01,,,,,,,,,,,,,,,,,,,,,,,,,,,,,,,,,,,,,,,,,2.5,4.0,1.0,2.75,4.0
2014-08-02,,,,,,,,,,,,,,,,,,,,,,,,,,,,,,,,,,,,,,,,,2.5,4.0,1.0,2.75,4.0
2014-08-03,,,,,,,,,,,,,,,,,,,,,,,,,,,,,,,,,,,,,,,,,2.5,4.0,1.0,2.75,4.0
2014-08-04,,,,,,,,,,,,,,,,,,,,,,,,,,,,,,,,,,,,,,,,,2.5,4.0,1.0,2.75,4.0
2014-08-05,,,,,,,,,,,,,,,,,,,,,,,,,,,,,,,,,,,,,,,,,2.5,4.0,1.0,2.75,4.0
2014-08-06,,,,,,,,,,,,,,,,,,,,,,,,,,,,,,,,,,,,,,,,,2.5,4.0,1.0,2.75,4.0
2014-08-07,,,,,,,,,,,,,,,,,,,,,,,,,,,,,,,,,,,,,,,,,2.5,4.0,1.0,2.75,4.0
2014-08-08,,,,,,,,,,,,,,,,,,,,,,,,,,,,,,,,,,,,,,,,,2.5,4.0,1.0,2.75,4.0
2014-08-09,,,,,,,,,,,,,,,,,,,,,,,,,,,,,,,,,,,,,,,,,2.5,4.0,1.0,2.75,4.0
2014-08-10,,,,,,,,,,,,,,,,,,,,,,,,,,,,,,,,,,,,,,,,,2.5,4.0,1.0,2.75,4.0
2014-08-11,,,,,,,,,,,,,,,,,,,,,,,,,,,,,,,,,,,,,,,,,2.5,4.0,1.0,2.75,4.0
2014-08-12,,,,,,,,,,,,,,,,,,,,,,,,,,,,,,,,,,,,,,,,,2.5,4.0,1.0,2.75,4.0
2014-08-13,,,,,,,,,,,,,,,,,,,,,,,,,,,,,,,,,,,,,,,,,2.5,4.0,1.0,2.75,4.0
2014-08-14,,,,,,,,,,,,,,,,,,,,,,,,,,,,,,,,,,,,,,,,,2.5,4.0,1.0,2.75,4.0
2014-08-15,,,,,,,,,,,,,,,,,,,,,,,,,,,,,,,,,,,,,,,,,2.5,4.0,1.0,2.75,4.0
2014-08-16,,,,,,,,,,,,,,,,,,,,,,,,,,,,,,,,,,,,,,,,,2.5,4.0,1.0,2.75,4.0
2014-08-17,,,,,,,,,,,,,,,,,,,,,,,,,,,,,,,,,,,,,,,,,2.5,4.0,1.0,2.75,4.0
2014-08-18,,,,,,,,,,,,,,,,,,,,,,,,,,,,,,,,,,,,,,,,,2.5,4.0,1.0,2.75,4.0
2014-08-19,,,,,,,,,,,,,,,,,,,,,,,,,,,,,,,,,,,,,,,,,2.5,4.0,1.0,2.75,4.0
2014-08-20,,,,,,,,,,,,,,,,,,,,,,,,,,,,,,,,,,,,,,,,,2.5,4.0,1.0,2.75,4.0
2014-08-21,,,,,,,,,,,,,,,,,,,,,,,,,,,,,,,,,,,,,,,,,2.5,4.0,1.0,2.75,4.0
2014-08-22,,,,,,,,,,,,,,,,,,,,,,,,,,,,,,,,,,,,,,,,,2.5,4.0,1.0,2.75,4.0
2014-08-23,,,,,,,,,,,,,,,,,,,,,,,,,,,,,,,,,,,,,,,,,2.5,4.0,1.0,2.75,4.0
2014-08-24,,,,,,,,,,,,,,,,,,,,,,,,,,,,,,,,,,,,,,,,,2.5,4.0,1.0,2.75,4.0
2014-08-25,,,,,,,,,,,,,,,,,,,,,,,,,,,,,,,,,,,,,,,,,2.5,4.0,1.0,2.75,4.0
2014-08-26,,,,,,,,,,,,,,,,,,,,,,,,,,,,,,,,,,,,,,,,,2.5,4.0,1.0,2.75,4.0
2014-08-27,,,,,,,,,,,,,,,,,,,,,,,,,,,,,,,,,,,,,,,,,2.5,4.0,1.0,2.75,4.0
2014-08-28,,,,,,,,,,,,,,,,,,,,,,,,,,,,,,,,,,,,,,,,,2.5,4.0,1.0,2.75,4.0
2014-08-29,,,,,,,,,,,,,,,,,,,,,,,,,,,,,,,,,,,,,,,,,2.5,4.0,1.0,2.75,4.0
2014-08-30,,,,,,,,,,,,,,,,,,,,,,,,,,,,,,,,,,,,,,,,,2.5,4.0,1.0,2.75,4.0
2014-08-31,,,,,,,,,,,,,,,,,,,,,,,,,,,,,,,,,,,,,,,,,2.5,4.0,1.0,2.75,4.0
2014-09-01,,,,,,,,,,,,,,,,,,,,,,,,,,,,,,,,,,,,,,,,,2.5,4.0,1.0,2.75,4.0
2014-09-02,,,,,,,,,,,,,,,,,,,,,,,,,,,,,,,,,,,,,,,,,2.5,4.0,1.0,2.75,4.0
2014-09-03,,,,,,,,,,,,,,,,,,,,,,,,,,,,,,,,,,,,,,,,,2.5,4.0,1.0,2.75,4.0
2014-09-04,,,,,,,,,,,,,,,,,,,,,,,,,,,,,,,,,,,,,,,,,2.5,4.0,1.0,2.75,4.0
2014-09-05,,,,,,,,,,,,,,,,,,,,,,,,,,,,,,,,,,,,,,,,,2.5,4.0,1.0,2.75,4.0
2014-09-06,,,,,,,,,,,,,,,,,,,,,,,,,,,,,,,,,,,,,,,,,2.5,4.0,1.0,2.75,4.0
2014-09-07,,,,,,,,,,,,,,,,,,,,,,,,,,,,,,,,,,,,,,,,,2.5,4.0,1.0,2.75,4.0
2014-09-08,,,,,,,,,,,,,,,,,,,,,,,,,,,,,,,,,,,,,,,,,2.5,4.0,1.0,2.75,4.0
2014-09-09,,,,,,,,,,,,,,,,,,,,,,,,,,,,,,,,,,,,,,,,,2.5,4.0,1.0,2.75,4.0
2014-09-10,,,,,,,,,,,,,,,,,,,,,,,,,,,,,,,,,,,,,,,,,2.5,4.0,1.0,2.75,4.0
2014-09-11,,,,,,,,,,,,,,,,,,,,,,,,,,,,,,,,,,,,,,,,,2.5,4.0,1.0,2.75,4.0
2014-09-12,,,,,,,,,,,,,,,,,,,,,,,,,,,,,,,,,,,,,,,,,2.5,4.0,1.0,2.75,4.0
2014-09-13,,,,,,,,,,,,,,,,,,,,,,,,,,,,,,,,,,,,,,,,,2.5,4.0,1.0,2.75,4.0
2014-09-14,,,,,,,,,,,,,,,,,,,,,,,,,,,,,,,,,,,,,,,,,2.5,4.0,1.0,2.75,4.0
2014-09-15,,,,,,,,,,,,,,,,,,,,,,,,,,,,,,,,,,,,,,,,,2.5,4.0,1.0,2.75,4.0
2014-09-16,,,,,,,,,,,,,,,,,,,,,,,,,,,,,,,,,,,,,,,,,2.5,4.0,1.0,2.75,4.0
2014-09-17,,,,,,,,,,,,,,,,,,,,,,,,,,,,,,,,,,,,,,,,,2.5,4.0,1.0,2.75,4.0
2014-09-18,,,,,,,,,,,,,,,,,,,,,,,,,,,,,,,,,,,,,,,,,2.5,4.0,1.0,2.75,4.0
2014-09-19,,,,,,,,,,,,,,,,,,,,,,,,,,,,,,,,,,,,,,,,,2.5,4.0,1.0,2.75,4.0
2014-09-20,,,,,,,,,,,,,,,,,,,,,,,,,,,,,,,,,,,,,,,,,2.5,4.0,1.0,2.75,4.0
2014-09-21,,,,,,,,,,,,,,,,,,,,,,,,,,,,,,,,,,,,,,,,,2.5,4.0,1.0,2.75,4.0
2014-09-22,,,,,,,,,,,,,,,,,,,,,,,,,,,,,,,,,,,,,,,,,2.5,4.0,1.0,2.75,4.0
2014-09-23,,,,,,,,,,,,,,,,,,,,,,,,,,,,,,,,,,,,,,,,,2.5,4.0,1.0,2.75,4.0
2014-09-24,,,,,,,,,,,,,,,,,,,,,,,,,,,,,,,,,,,,,,,,,2.5,4.0,1.0,2.75,4.0
2014-09-25,,,,,,,,,,,,,,,,,,,,,,,,,,,,,,,,,,,,,,,,,2.5,4.0,1.0,2.75,4.0
2014-09-26,,,,,,,,,,,,,,,,,,,,,,,,,,,,,,,,,,,,,,,,,2.5,4.0,1.0,2.75,4.0
2014-09-27,,,,,,,,,,,,,,,,,,,,,,,,,,,,,,,,,,,,,,,,,2.5,4.0,1.0,2.75,4.0
2014-09-28,,,,,,,,,,,,,,,,,,,,,,,,,,,,,,,,,,,,,,,,,2.5,4.0,1.0,2.75,4.0
2014-09-29,,,,,,,,,,,,,,,,,,,,,,,,,,,,,,,,,,,,,,,,,2.5,4.0,1.0,2.75,4.0
2014-09-30,,,,,,,,,,,,,,,,,,,,,,,,,,,,,,,,,,,,,,,,,2.5,4.0,1.0,2.75,4.0
2014-10-01,,,,,,,,,,,,,,,,,,,,,,,,,,,,,,,,,,,,,,,,,2.5,4.0,1.0,2.75,4.0
2014-10-02,,,,,,,,,,,,,,,,,,,,,,,,,,,,,,,,,,,,,,,,,2.5,4.0,1.0,2.75,4.0
2014-10-03,,,,,,,,,,,,,,,,,,,,,,,,,,,,,,,,,,,,,,,,,2.5,4.0,1.0,2.75,4.0
2014-10-04,,,,,,,,,,,,,,,,,,,,,,,,,,,,,,,,,,,,,,,,,2.5,4.0,1.0,2.75,4.0
2014-10-05,,,,,,,,,,,,,,,,,,,,,,,,,,,,,,,,,,,,,,,,,2.5,4.0,1.0,2.75,4.0
2014-10-06,,,,,,,,,,,,,,,,,,,,,,,,,,,,,,,,,,,,,,,,,2.5,4.0,1.0,2.75,4.0
2014-10-07,,,,,,,,,,,,,,,,,,,,,,,,,,,,,,,,,,,,,,,,,2.5,4.0,1.0,2.75,4.0
2014-10-08,,,,,,,,,,,,,,,,,,,,,,,,,,,,,,,,,,,,,,,,,2.5,4.0,1.0,2.75,4.0
2014-10-09,,,,,,,,,,,,,,,,,,,,,,,,,,,,,,,,,,,,,,,,,2.0,3.0,1.0,2.25,4.0
2014-10-10,,,,,,,,,,,,,,,,,,,,,,,,,,,,,,,,,,,,,,,,,2.0,3.0,1.0,2.25,4.0
2014-10-11,,,,,,,,,,,,,,,,,,,,,,,,,,,,,,,,,,,,,,,,,2.0,3.0,1.0,2.25,4.0
2014-10-12,,,,,,,,,,,,,,,,,,,,,,,,,,,,,,,,,,,,,,,,,2.0,3.0,1.0,2.25,4.0
2014-10-13,,,,,,,,,,,,,,,,,,,,,,,,,,,,,,,,,,,,,,,,,2.0,3.0,1.0,2.25,4.0
2014-10-14,,,,,,,,,,,,,,,,,,,,,,,,,,,,,,,,,,,,,,,,,2.0,3.0,1.0,2.25,4.0
2014-10-15,,,,,,,,,,,,,,,,,,,,,,,,,,,,,,,,,,,,,,,,,2.0,3.0,1.0,2.25,4.0
2014-10-16,,,,,,,,,,,,,,,,,,,,,,,,,,,,,,,,,,,,,,,,,2.0,3.0,1.0,2.25,4.0
2014-10-17,,,,,,,,,,,,,,,,,,,,,,,,,,,,,,,,,,,,,,,,,2.0,3.0,1.0,2.25,4.0
2014-10-18,,,,,,,,,,,,,,,,,,,,,,,,,,,,,,,,,,,,,,,,,2.0,3.0,1.0,2.25,4.0
2014-10-19,,,,,,,,,,,,,,,,,,,,,,,,,,,,,,,,,,,,,,,,,2.0,3.0,1.0,2.25,4.0
2014-10-20,,,,,,,,,,,,,,,,,,,,,,,,,,,,,,,,,,,,,,,,,2.0,3.0,1.0,2.25,4.0
2014-10-21,,,,,,,,,,,,,,,,,,,,,,,,,,,,,,,,,,,,,,,,,2.0,3.0,1.0,2.25,4.0
2014-10-22,,,,,,,,,,,,,,,,,,,,,,,,,,,,,,,,,,,,,,,,,2.0,3.0,1.0,2.25,4.0
2014-10-23,,,,,,,,,,,,,,,,,,,,,,,,,,,,,,,,,,,,,,,,,2.0,3.0,1.0,2.25,4.0
2014-10-24,,,,,,,,,,,,,,,,,,,,,,,,,,,,,,,,,,,,,,,,,2.0,3.0,1.0,2.25,4.0
2014-10-25,,,,,,,,,,,,,,,,,,,,,,,,,,,,,,,,,,,,,,,,,2.0,3.0,1.0,2.25,4.0
2014-10-26,,,,,,,,,,,,,,,,,,,,,,,,,,,,,,,,,,,,,,,,,2.0,3.0,1.0,2.25,4.0
2014-10-27,,,,,,,,,,,,,,,,,,,,,,,,,,,,,,,,,,,,,,,,,2.0,3.0,1.0,2.25,4.0
2014-10-28,,,,,,,,,,,,,,,,,,,,,,,,,,,,,,,,,,,,,,,,,2.0,3.0,1.0,2.25,4.0
2014-10-29,,,,,,,,,,,,,,,,,,,,,,,,,,,,,,,,,,,,,,,,,2.0,3.0,1.0,2.25,4.0
2014-10-30,,,,,,,,,,,,,,,,,,,,,,,,,,,,,,,,,,,,,,,,,2.0,3.0,1.0,2.25,4.0
2014-10-31,,,,,,,,,,,,,,,,,,,,,,,,,,,,,,,,,,,,,,,,,2.0,3.0,1.0,2.25,4.0
2014-11-01,,,,,,,,,,,,,,,,,,,,,,,,,,,,,,,,,,,,,,,,,2.0,3.0,1.0,2.25,4.0
2014-11-02,,,,,,,,,,,,,,,,,,,,,,,,,,,,,,,,,,,,,,,,,2.0,3.0,1.0,2.25,4.0
2014-11-03,,,,,,,,,,,,,,,,,,,,,,,,,,,,,,,,,,,,,,,,,2.0,3.0,1.0,2.25,4.0
2014-11-04,,,,,,,,,,,,,,,,,,,,,,,,,,,,,,,,,,,,,,,,,2.0,3.0,1.0,2.25,4.0
2014-11-05,,,,,,,,,,,,,,,,,,,,,,,,,,,,,,,,,,,,,,,,,2.0,3.0,1.0,2.25,4.0
2014-11-06,,,,,,,,,,,,,,,,,,,,,,,,,,,,,,,,,,,,,,,,,2.0,3.0,1.0,2.25,4.0
2014-11-07,,,,,,,,,,,,,,,,,,,,,,,,,,,,,,,,,,,,,,,,,2.0,3.0,1.0,2.25,4.0
2014-11-08,,,,,,,,,,,,,,,,,,,,,,,,,,,,,,,,,,,,,,,,,2.0,3.0,1.0,2.25,4.0
2014-11-09,,,,,,,,,,,,,,,,,,,,,,,,,,,,,,,,,,,,,,,,,2.0,3.0,1.0,2.25,4.0
2014-11-10,,,,,,,,,,,,,,,,,,,,,,,,,,,,,,,,,,,,,,,,,2.0,3.0,1.0,2.25,4.0
2014-11-11,,,,,,,,,,,,,,,,,,,,,,,,,,,,,,,,,,,,,,,,,2.0,3.0,1.0,2.25,4.0
2014-11-12,,,,,,,,,,,,,,,,,,,,,,,,,,,,,,,,,,,,,,,,,2.0,3.0,1.0,2.25,4.0
2014-11-13,,,,,,,,,,,,,,,,,,,,,,,,,,,,,,,,,,,,,,,,,2.0,3.0,1.0,2.25,4.0
2014-11-14,,,,,,,,,,,,,,,,,,,,,,,,,,,,,,,,,,,,,,,,,2.0,3.0,1.0,2.25,4.0
2014-11-15,,,,,,,,,,,,,,,,,,,,,,,,,,,,,,,,,,,,,,,,,2.0,3.0,1.0,2.25,4.0
2014-11-16,,,,,,,,,,,,,,,,,,,,,,,,,,,,,,,,,,,,,,,,,2.0,3.0,1.0,2.25,4.0
2014-11-17,,,,,,,,,,,,,,,,,,,,,,,,,,,,,,,,,,,,,,,,,2.0,3.0,1.0,2.25,4.0
2014-11-18,,,,,,,,,,,,,,,,,,,,,,,,,,,,,,,,,,,,,,,,,2.0,3.0,1.0,2.25,4.0
2014-11-19,,,,,,,,,,,,,,,,,,,,,,,,,,,,,,,,,,,,,,,,,2.0,3.0,1.0,2.25,4.0
2014-11-20,,,,,,,,,,,,,,,,,,,,,,,,,,,,,,,,,,,,,,,,,2.0,3.0,1.0,2.25,4.0
2014-11-21,,,,,,,,,,,,,,,,,,,,,,,,,,,,,,,,,,,,,,,,,2.0,3.0,1.0,2.25,4.0
2014-11-22,,,,,,,,,,,,,,,,,,,,,,,,,,,,,,,,,,,,,,,,,2.0,3.0,1.0,2.25,4.0
2014-11-23,,,,,,,,,,,,,,,,,,,,,,,,,,,,,,,,,,,,,,,,,2.0,3.0,1.0,2.25,4.0
2014-11-24,,,,,,,,,,,,,,,,,,,,,,,,,,,,,,,,,,,,,,,,,2.0,3.0,1.0,2.25,4.0
2014-11-25,,,,,,,,,,,,,,,,,,,,,,,,,,,,,,,,,,,,,,,,,2.0,3.0,1.0,2.25,4.0
2014-11-26,,,,,,,,,,,,,,,,,,,,,,,,,,,,,,,,,,,,,,,,,2.0,3.0,1.0,2.25,4.0
2014-11-27,,,,,,,,,,,,,,,,,,,,,,,,,,,,,,,,,,,,,,,,,2.0,3.0,1.0,2.25,4.0
2014-11-28,,,,,,,,,,,,,,,,,,,,,,,,,,,,,,,,,,,,,,,,,2.0,3.0,1.0,2.25,4.0
2014-11-29,,,,,,,,,,,,,,,,,,,,,,,,,,,,,,,,,,,,,,,,,2.0,3.0,1.0,2.25,4.0
2014-11-30,,,,,,,,,,,,,,,,,,,,,,,,,,,,,,,,,,,,,,,,,2.0,3.0,1.0,2.25,4.0
2014-12-01,,,,,,,,,,,,,,,,,,,,,,,,,,,,,,,,,,,,,,,,,2.0,3.0,1.0,2.25,4.0
2014-12-02,,,,,,,,,,,,,,,,,,,,,,,,,,,,,,,,,,,,,,,,,2.0,3.0,1.0,2.25,4.0
2014-12-03,,,,,,,,,,,,,,,,,,,,,,,,,,,,,,,,,,,,,,,,,2.0,3.0,1.0,2.25,4.0
2014-12-04,,,,,,,,,,,,,,,,,,,,,,,,,,,,,,,,,,,,,,,,,2.0,3.0,1.0,2.25,4.0
2014-12-05,,,,,,,,,,,,,,,,,,,,,,,,,,,,,,,,,,,,,,,,,2.0,3.0,1.0,2.25,4.0
2014-12-06,,,,,,,,,,,,,,,,,,,,,,,,,,,,,,,,,,,,,,,,,2.0,3.0,1.0,2.25,4.0
2014-12-07,,,,,,,,,,,,,,,,,,,,,,,,,,,,,,,,,,,,,,,,,2.0,3.0,1.0,2.25,4.0
2014-12-08,,,,,,,,,,,,,,,,,,,,,,,,,,,,,,,,,,,,,,,,,2.0,3.0,1.0,2.25,4.0
2014-12-09,,,,,,,,,,,,,,,,,,,,,,,,,,,,,,,,,,,,,,,,,2.0,3.0,1.0,2.25,4.0
2014-12-10,,,,,,,,,,,,,,,,,,,,,,,,,,,,,,,,,,,,,,,,,2.0,3.0,1.0,2.25,4.0
2014-12-11,,,,,,,,,,,,,,,,,,,,,,,,,,,,,,,,,,,,,,,,,2.0,3.0,1.0,2.25,4.0
2014-12-12,,,,,,,,,,,,,,,,,,,,,,,,,,,,,,,,,,,,,,,,,2.0,3.0,1.0,2.25,4.0
2014-12-13,,,,,,,,,,,,,,,,,,,,,,,,,,,,,,,,,,,,,,,,,2.0,3.0,1.0,2.25,4.0
2014-12-14,,,,,,,,,,,,,,,,,,,,,,,,,,,,,,,,,,,,,,,,,2.0,3.0,1.0,2.25,4.0
2014-12-15,,,,,,,,,,,,,,,,,,,,,,,,,,,,,,,,,,,,,,,,,2.0,3.0,1.0,2.25,4.0
2014-12-16,,,,,,,,,,,,,,,,,,,,,,,,,,,,,,,,,,,,,,,,,2.0,3.0,1.0,2.25,4.0
2014-12-17,,,,,,,,,,,,,,,,,,,,,,,,,,,,,,,,,,,,,,,,,2.0,3.0,1.0,2.25,4.0
2014-12-18,,,,,,,,,,,,,,,,,,,,,,,,,,,,,,,,,,,,,,,,,2.0,3.0,1.0,2.25,4.0
2014-12-19,,,,,,,,,,,,,,,,,,,,,,,,,,,,,,,,,,,,,,,,,2.0,3.0,1.0,2.25,4.0
2014-12-20,,,,,,,,,,,,,,,,,,,,,,,,,,,,,,,,,,,,,,,,,2.0,3.0,1.0,2.25,4.0
2014-12-21,,,,,,,,,,,,,,,,,,,,,,,,,,,,,,,,,,,,,,,,,2.0,3.0,1.0,2.25,4.0
2014-12-22,,,,,,,,,,,,,,,,,,,,,,,,,,,,,,,,,,,,,,,,,2.0,3.0,1.0,2.25,4.0
2014-12-23,,,,,,,,,,,,,,,,,,,,,,,,,,,,,,,,,,,,,,,,,2.0,3.0,1.0,2.25,4.0
2014-12-24,,,,,,,,,,,,,,,,,,,,,,,,,,,,,,,,,,,,,,,,,2.0,3.0,1.0,2.25,4.0
2014-12-25,,,,,,,,,,,,,,,,,,,,,,,,,,,,,,,,,,,,,,,,,2.0,3.0,1.0,2.25,4.0
2014-12-26,,,,,,,,,,,,,,,,,,,,,,,,,,,,,,,,,,,,,,,,,2.0,3.0,1.0,2.25,4.0
2014-12-27,,,,,,,,,,,,,,,,,,,,,,,,,,,,,,,,,,,,,,,,,2.0,3.0,1.0,2.25,4.0
2014-12-28,,,,,,,,,,,,,,,,,,,,,,,,,,,,,,,,,,,,,,,,,2.0,3.0,1.0,2.25,4.0
2014-12-29,,,,,,,,,,,,,,,,,,,,,,,,,,,,,,,,,,,,,,,,,2.0,3.0,1.0,2.25,4.0
2014-12-30,,,,,,,,,,,,,,,,,,,,,,,,,,,,,,,,,,,,,,,,,2.0,3.0,1.0,2.25,4.0
2014-12-31,,,,,,,,,,,,,,,,,,,,,,,,,,,,,,,,,,,,,,,,,2.0,3.0,1.0,2.25,4.0
2015-01-01,,,,,,,,,,,,,,,,,,,,,,,,,,,,,,,,,,,,,,,,,2.0,3.0,1.0,2.25,4.0
2015-01-02,,,,,,,,,,,,,,,,,,,,,,,,,,,,,,,,,,,,,,,,,2.0,3.0,1.0,2.25,4.0
2015-01-03,,,,,,,,,,,,,,,,,,,,,,,,,,,,,,,,,,,,,,,,,2.0,3.0,1.0,2.25,4.0
2015-01-04,,,,,,,,,,,,,,,,,,,,,,,,,,,,,,,,,,,,,,,,,2.0,3.0,1.0,2.25,4.0
2015-01-05,,,,,,,,,,,,,,,,,,,,,,,,,,,,,,,,,,,,,,,,,2.0,3.0,1.0,2.25,4.0
2015-01-06,,,,,,,,,,,,,,,,,,,,,,,,,,,,,,,,,,,,,,,,,2.0,3.0,1.0,2.25,4.0
2015-01-07,,,,,,,,,,,,,,,,,,,,,,,,,,,,,,,,,,,,,,,,,2.0,3.0,1.0,2.25,4.0
2015-01-08,,,,,,,,,,,,,,,,,,,,,,,,,,,,,,,,,,,,,,,,,2.0,3.0,1.0,2.25,4.0
2015-01-09,,,,,,,,,,,,,,,,,,,,,,,,,,,,,,,,,,,,,,,,,2.0,3.0,1.0,2.25,4.0
2015-01-10,,,,,,,,,,,,,,,,,,,,,,,,,,,,,,,,,,,,,,,,,2.0,3.0,1.0,2.25,4.0
2015-01-11,,,,,,,,,,,,,,,,,,,,,,,,,,,,,,,,,,,,,,,,,2.0,3.0,1.0,2.25,4.0
2015-01-12,,,,,,,,,,,,,,,,,,,,,,,,,,,,,,,,,,,,,,,,,2.0,3.0,1.0,2.25,4.0
2015-01-13,,,,,,,,,,,,,,,,,,,,,,,,,,,,,,,,,,,,,,,,,2.0,3.0,1.0,2.25,4.0
2015-01-14,,,,,,,,,,,,,,,,,,,,,,,,,,,,,,,,,,,,,,,,,2.0,3.0,1.0,2.25,4.0
2015-01-15,,,,,,,,,,,,,,,,,,,,,,,,,,,,,,,,,,,,,,,,,2.0,3.0,1.0,2.25,4.0
2015-01-16,,,,,,,,,,,,,,,,,,,,,,,,,,,,,,,,,,,,,,,,,2.0,3.0,1.0,2.25,4.0
2015-01-17,,,,,,,,,,,,,,,,,,,,,,,,,,,,,,,,,,,,,,,,,2.0,3.0,1.0,2.25,4.0
2015-01-18,,,,,,,,,,,,,,,,,,,,,,,,,,,,,,,,,,,,,,,,,2.0,3.0,1.0,2.25,4.0
2015-01-19,,,,,,,,,,,,,,,,,,,,,,,,,,,,,,,,,,,,,,,,,2.0,3.0,1.0,2.25,4.0
2015-01-20,,,,,,,,,,,,,,,,,,,,,,,,,,,,,,,,,,,,,,,,,2.0,3.0,1.0,2.25,4.0
2015-01-21,,,,,,,,,,,,,,,,,,,,,,,,,,,,,,,,,,,,,,,,,2.0,3.0,1.0,2.25,4.0
2015-01-22,,,,,,,,,,,,,,,,,,,,,,,,,,,,,,,,,,,,,,,,,2.0,3.0,1.0,2.25,4.0
2015-01-23,,,,,,,,,,,,,,,,,,,,,,,,,,,,,,,,,,,,,,,,,2.0,3.0,1.0,2.25,4.0
2015-01-24,,,,,,,,,,,,,,,,,,,,,,,,,,,,,,,,,,,,,,,,,2.0,3.0,1.0,2.25,4.0
2015-01-25,,,,,,,,,,,,,,,,,,,,,,,,,,,,,,,,,,,,,,,,,2.0,3.0,1.0,2.25,4.0
2015-01-26,,,,,,,,,,,,,,,,,,,,,,,,,,,,,,,,,,,,,,,,,2.0,3.0,1.0,2.25,4.0
2015-01-27,,,,,,,,,,,,,,,,,,,,,,,,,,,,,,,,,,,,,,,,,2.0,3.0,1.0,2.25,4.0
2015-01-28,,,,,,,,,,,,,,,,,,,,,,,,,,,,,,,,,,,,,,,,,2.0,3.0,1.0,2.25,4.0
2015-01-29,,,,,,,,,,,,,,,,,,,,,,,,,,,,,,,,,,,,,,,,,2.0,3.0,1.0,2.25,4.0
2015-01-30,,,,,,,,,,,,,,,,,,,,,,,,,,,,,,,,,,,,,,,,,2.0,3.0,1.0,2.25,4.0
2015-01-31,,,,,,,,,,,,,,,,,,,,,,,,,,,,,,,,,,,,,,,,,2.0,3.0,1.0,2.25,4.0
2015-02-01,,,,,,,,,,,,,,,,,,,,,,,,,,,,,,,,,,,,,,,,,2.0,3.0,1.0,2.25,4.0
2015-02-02,,,,,,,,,,,,,,,,,,,,,,,,,,,,,,,,,,,,,,,,,2.0,3.0,1.0,2.25,4.0
2015-02-03,,,,,,,,,,,,,,,,,,,,,,,,,,,,,,,,,,,,,,,,,2.0,3.0,1.0,2.25,4.0
2015-02-04,,,,,,,,,,,,,,,,,,,,,,,,,,,,,,,,,,,,,,,,,2.0,3.0,1.0,2.25,4.0
2015-02-05,,,,,,,,,,,,,,,,,,,,,,,,,,,,,,,,,,,,,,,,,2.0,3.0,1.0,2.25,4.0
2015-02-06,,,,,,,,,,,,,,,,,,,,,,,,,,,,,,,,,,,,,,,,,2.0,3.0,1.0,2.25,4.0
2015-02-07,,,,,,,,,,,,,,,,,,,,,,,,,,,,,,,,,,,,,,,,,2.0,3.0,1.0,2.25,4.0
2015-02-08,,,,,,,,,,,,,,,,,,,,,,,,,,,,,,,,,,,,,,,,,2.0,3.0,1.0,2.25,4.0
2015-02-09,,,,,,,,,,,,,,,,,,,,,,,,,,,,,,,,,,,,,,,,,2.0,3.0,1.0,2.25,4.0
2015-02-10,,,,,,,,,,,,,,,,,,,,,,,,,,,,,,,,,,,,,,,,,2.0,3.0,1.0,2.25,4.0
2015-02-11,,,,,,,,,,,,,,,,,,,,,,,,,,,,,,,,,,,,,,,,,2.0,3.0,1.0,2.25,4.0
2015-02-12,,,,,,,,,,,,,,,,,,,,,,,,,,,,,,,,,,,,,,,,,2.0,3.0,1.0,2.25,4.0
2015-02-13,,,,,,,,,,,,,,,,,,,,,,,,,,,,,,,,,,,,,,,,,2.0,3.0,1.0,2.25,4.0
2015-02-14,,,,,,,,,,,,,,,,,,,,,,,,,,,,,,,,,,,,,,,,,2.0,3.0,1.0,2.25,4.0
2015-02-15,,,,,,,,,,,,,,,,,,,,,,,,,,,,,,,,,,,,,,,,,2.0,3.0,1.0,2.25,4.0
2015-02-16,,,,,,,,,,,,,,,,,,,,,,,,,,,,,,,,,,,,,,,,,2.0,3.0,1.0,2.25,4.0
2015-02-17,,,,,,,,,,,,,,,,,,,,,,,,,,,,,,,,,,,,,,,,,2.0,3.0,1.0,2.25,4.0
2015-02-18,,,,,,,,,,,,,,,,,,,,,,,,,,,,,,,,,,,,,,,,,2.0,3.0,1.0,2.25,4.0
2015-02-19,,,,,,,,,,,,,,,,,,,,,,,,,,,,,,,,,,,,,,,,,2.0,3.0,1.0,2.25,4.0
2015-02-20,,,,,,,,,,,,,,,,,,,,,,,,,,,,,,,,,,,,,,,,,2.0,3.0,1.0,2.25,4.0
2015-02-21,,,,,,,,,,,,,,,,,,,,,,,,,,,,,,,,,,,,,,,,,2.0,3.0,1.0,2.25,4.0
2015-02-22,,,,,,,,,,,,,,,,,,,,,,,,,,,,,,,,,,,,,,,,,2.0,3.0,1.0,2.25,4.0
2015-02-23,,,,,,,,,,,,,,,,,,,,,,,,,,,,,,,,,,,,,,,,,2.0,3.0,1.0,2.25,4.0
2015-02-24,,,,,,,,,,,,,,,,,,,,,,,,,,,,,,,,,,,,,,,,,2.0,3.0,1.0,2.25,4.0
2015-02-25,,,,,,,,,,,,,,,,,,,,,,,,,,,,,,,,,,,,,,,,,2.0,3.0,1.0,2.25,4.0
2015-02-26,,,,,,,,,,,,,,,,,,,,,,,,,,,,,,,,,,,,,,,,,2.0,3.0,1.0,2.25,4.0
2015-02-27,,,,,,,,,,,,,,,,,,,,,,,,,,,,,,,,,,,,,,,,,2.0,3.0,1.0,2.25,4.0
2015-02-28,,,,,,,,,,,,,,,,,,,,,,,,,,,,,,,,,,,,,,,,,2.0,3.0,1.0,2.25,4.0
2015-03-01,,,,,,,,,,,,,,,,,,,,,,,,,,,,,,,,,,,,,,,,,2.0,3.0,1.0,2.25,4.0
2015-03-02,,,,,,,,,,,,,,,,,,,,,,,,,,,,,,,,,,,,,,,,,2.0,3.0,1.0,2.25,4.0
2015-03-03,,,,,,,,,,,,,,,,,,,,,,,,,,,,,,,,,,,,,,,,,2.0,3.0,1.0,2.25,4.0
2015-03-04,,,,,,,,,,,,,,,,,,,,,,,,,,,,,,,,,,,,,,,,,2.0,3.0,1.0,2.25,4.0
2015-03-05,,,,,,,,,,,,,,,,,,,,,,,,,,,,,,,,,,,,,,,,,1.5,2.5,0.5,1.75,4.0
2015-03-06,,,,,,,,,,,,,,,,,,,,,,,,,,,,,,,,,,,,,,,,,1.5,2.5,0.5,1.75,4.0
2015-03-07,,,,,,,,,,,,,,,,,,,,,,,,,,,,,,,,,,,,,,,,,1.5,2.5,0.5,1.75,4.0
2015-03-08,,,,,,,,,,,,,,,,,,,,,,,,,,,,,,,,,,,,,,,,,1.5,2.5,0.5,1.75,4.0
2015-03-09,,,,,,,,,,,,,,,,,,,,,,,,,,,,,,,,,,,,,,,,,1.5,2.5,0.5,1.75,4.0
2015-03-10,,,,,,,,,,,,,,,,,,,,,,,,,,,,,,,,,,,,,,,,,1.5,2.5,0.5,1.75,4.0
2015-03-11,,,,,,,,,,,,,,,,,,,,,,,,,,,,,,,,,,,,,,,,,1.5,2.5,0.5,1.75,4.0
2015-03-12,,,,,,,,,,,,,,,,,,,,,,,,,,,,,,,,,,,,,,,,,1.5,2.5,0.5,1.75,4.0
2015-03-13,,,,,,,,,,,,,,,,,,,,,,,,,,,,,,,,,,,,,,,,,1.5,2.5,0.5,1.75,4.0
2015-03-14,,,,,,,,,,,,,,,,,,,,,,,,,,,,,,,,,,,,,,,,,1.5,2.5,0.5,1.75,4.0
2015-03-15,,,,,,,,,,,,,,,,,,,,,,,,,,,,,,,,,,,,,,,,,1.5,2.5,0.5,1.75,4.0
2015-03-16,,,,,,,,,,,,,,,,,,,,,,,,,,,,,,,,,,,,,,,,,1.5,2.5,0.5,1.75,4.0
2015-03-17,,,,,,,,,,,,,,,,,,,,,,,,,,,,,,,,,,,,,,,,,1.5,2.5,0.5,1.75,4.0
2015-03-18,,,,,,,,,,,,,,,,,,,,,,,,,,,,,,,,,,,,,,,,,1.5,2.5,0.5,1.75,4.0
2015-03-19,,,,,,,,,,,,,,,,,,,,,,,,,,,,,,,,,,,,,,,,,1.5,2.5,0.5,1.75,4.0
2015-03-20,,,,,,,,,,,,,,,,,,,,,,,,,,,,,,,,,,,,,,,,,1.5,2.5,0.5,1.75,4.0
2015-03-21,,,,,,,,,,,,,,,,,,,,,,,,,,,,,,,,,,,,,,,,,1.5,2.5,0.5,1.75,4.0
2015-03-22,,,,,,,,,,,,,,,,,,,,,,,,,,,,,,,,,,,,,,,,,1.5,2.5,0.5,1.75,4.0
2015-03-23,,,,,,,,,,,,,,,,,,,,,,,,,,,,,,,,,,,,,,,,,1.5,2.5,0.5,1.75,4.0
2015-03-24,,,,,,,,,,,,,,,,,,,,,,,,,,,,,,,,,,,,,,,,,1.5,2.5,0.5,1.75,4.0
2015-03-25,,,,,,,,,,,,,,,,,,,,,,,,,,,,,,,,,,,,,,,,,1.5,2.5,0.5,1.75,4.0
2015-03-26,,,,,,,,,,,,,,,,,,,,,,,,,,,,,,,,,,,,,,,,,1.5,2.5,0.5,1.75,4.0
2015-03-27,,,,,,,,,,,,,,,,,,,,,,,,,,,,,,,,,,,,,,,,,1.5,2.5,0.5,1.75,4.0
2015-03-28,,,,,,,,,,,,,,,,,,,,,,,,,,,,,,,,,,,,,,,,,1.5,2.5,0.5,1.75,4.0
2015-03-29,,,,,,,,,,,,,,,,,,,,,,,,,,,,,,,,,,,,,,,,,1.5,2.5,0.5,1.75,4.0
2015-03-30,,,,,,,,,,,,,,,,,,,,,,,,,,,,,,,,,,,,,,,,,1.5,2.5,0.5,1.75,4.0
2015-03-31,,,,,,,,,,,,,,,,,,,,,,,,,,,,,,,,,,,,,,,,,1.5,2.5,0.5,1.75,4.0
2015-04-01,,,,,,,,,,,,,,,,,,,,,,,,,,,,,,,,,,,,,,,,,1.5,2.5,0.5,1.75,4.0
2015-04-02,,,,,,,,,,,,,,,,,,,,,,,,,,,,,,,,,,,,,,,,,1.5,2.5,0.5,1.75,4.0
2015-04-03,,,,,,,,,,,,,,,,,,,,,,,,,,,,,,,,,,,,,,,,,1.5,2.5,0.5,1.75,4.0
2015-04-04,,,,,,,,,,,,,,,,,,,,,,,,,,,,,,,,,,,,,,,,,1.5,2.5,0.5,1.75,4.0
2015-04-05,,,,,,,,,,,,,,,,,,,,,,,,,,,,,,,,,,,,,,,,,1.5,2.5,0.5,1.75,4.0
2015-04-06,,,,,,,,,,,,,,,,,,,,,,,,,,,,,,,,,,,,,,,,,1.5,2.5,0.5,1.75,4.0
2015-04-07,,,,,,,,,,,,,,,,,,,,,,,,,,,,,,,,,,,,,,,,,1.5,2.5,0.5,1.75,4.0
2015-04-08,,,,,,,,,,,,,,,,,,,,,,,,,,,,,,,,,,,,,,,,,1.5,2.5,0.5,1.75,4.0
2015-04-09,,,,,,,,,,,,,,,,,,,,,,,,,,,,,,,,,,,,,,,,,1.5,2.5,0.5,1.75,4.0
2015-04-10,,,,,,,,,,,,,,,,,,,,,,,,,,,,,,,,,,,,,,,,,1.5,2.5,0.5,1.75,4.0
2015-04-11,,,,,,,,,,,,,,,,,,,,,,,,,,,,,,,,,,,,,,,,,1.5,2.5,0.5,1.75,4.0
2015-04-12,,,,,,,,,,,,,,,,,,,,,,,,,,,,,,,,,,,,,,,,,1.5,2.5,0.5,1.75,4.0
2015-04-13,,,,,,,,,,,,,,,,,,,,,,,,,,,,,,,,,,,,,,,,,1.5,2.5,0.5,1.75,4.0
2015-04-14,,,,,,,,,,,,,,,,,,,,,,,,,,,,,,,,,,,,,,,,,1.5,2.5,0.5,1.75,4.0
2015-04-15,,,,,,,,,,,,,,,,,,,,,,,,,,,,,,,,,,,,,,,,,1.5,2.5,0.5,1.75,4.0
2015-04-16,,,,,,,,,,,,,,,,,,,,,,,,,,,,,,,,,,,,,,,,,1.5,2.5,0.5,1.75,4.0
2015-04-17,,,,,,,,,,,,,,,,,,,,,,,,,,,,,,,,,,,,,,,,,1.5,2.5,0.5,1.75,4.0
2015-04-18,,,,,,,,,,,,,,,,,,,,,,,,,,,,,,,,,,,,,,,,,1.5,2.5,0.5,1.75,4.0
2015-04-19,,,,,,,,,,,,,,,,,,,,,,,,,,,,,,,,,,,,,,,,,1.5,2.5,0.5,1.75,4.0
2015-04-20,,,,,,,,,,,,,,,,,,,,,,,,,,,,,,,,,,,,,,,,,1.5,2.5,0.5,1.75,4.0
2015-04-21,,,,,,,,,,,,,,,,,,,,,,,,,,,,,,,,,,,,,,,,,1.5,2.5,0.5,1.75,4.0
2015-04-22,,,,,,,,,,,,,,,,,,,,,,,,,,,,,,,,,,,,,,,,,1.5,2.5,0.5,1.75,4.0
2015-04-23,,,,,,,,,,,,,,,,,,,,,,,,,,,,,,,,,,,,,,,,,1.5,2.5,0.5,1.75,4.0
2015-04-24,,,,,,,,,,,,,,,,,,,,,,,,,,,,,,,,,,,,,,,,,1.5,2.5,0.5,1.75,4.0
2015-04-25,,,,,,,,,,,,,,,,,,,,,,,,,,,,,,,,,,,,,,,,,1.5,2.5,0.5,1.75,4.0
2015-04-26,,,,,,,,,,,,,,,,,,,,,,,,,,,,,,,,,,,,,,,,,1.5,2.5,0.5,1.75,4.0
2015-04-27,,,,,,,,,,,,,,,,,,,,,,,,,,,,,,,,,,,,,,,,,1.5,2.5,0.5,1.75,4.0
2015-04-28,,,,,,,,,,,,,,,,,,,,,,,,,,,,,,,,,,,,,,,,,1.5,2.5,0.5,1.75,4.0
2015-04-29,,,,,,,,,,,,,,,,,,,,,,,,,,,,,,,,,,,,,,,,,1.5,2.5,0.5,1.75,4.0
2015-04-30,,,,,,,,,,,,,,,,,,,,,,,,,,,,,,,,,,,,,,,,,1.5,2.5,0.5,1.75,4.0
2015-05-01,,,,,,,,,,,,,,,,,,,,,,,,,,,,,,,,,,,,,,,,,1.5,2.5,0.5,1.75,4.0
2015-05-02,,,,,,,,,,,,,,,,,,,,,,,,,,,,,,,,,,,,,,,,,1.5,2.5,0.5,1.75,4.0
2015-05-03,,,,,,,,,,,,,,,,,,,,,,,,,,,,,,,,,,,,,,,,,1.5,2.5,0.5,1.75,4.0
2015-05-04,,,,,,,,,,,,,,,,,,,,,,,,,,,,,,,,,,,,,,,,,1.5,2.5,0.5,1.75,4.0
2015-05-05,,,,,,,,,,,,,,,,,,,,,,,,,,,,,,,,,,,,,,,,,1.5,2.5,0.5,1.75,4.0
2015-05-06,,,,,,,,,,,,,,,,,,,,,,,,,,,,,,,,,,,,,,,,,1.5,2.5,0.5,1.75,4.0
2015-05-07,,,,,,,,,,,,,,,,,,,,,,,,,,,,,,,,,,,,,,,,,1.5,2.5,0.5,1.75,4.0
2015-05-08,,,,,,,,,,,,,,,,,,,,,,,,,,,,,,,,,,,,,,,,,1.5,2.5,0.5,1.75,4.0
2015-05-09,,,,,,,,,,,,,,,,,,,,,,,,,,,,,,,,,,,,,,,,,1.5,2.5,0.5,1.75,4.0
2015-05-10,,,,,,,,,,,,,,,,,,,,,,,,,,,,,,,,,,,,,,,,,1.5,2.5,0.5,1.75,4.0
2015-05-11,,,,,,,,,,,,,,,,,,,,,,,,,,,,,,,,,,,,,,,,,1.5,2.5,0.5,1.75,4.0
2015-05-12,,,,,,,,,,,,,,,,,,,,,,,,,,,,,,,,,,,,,,,,,1.5,2.5,0.5,1.75,4.0
2015-05-13,,,,,,,,,,,,,,,,,,,,,,,,,,,,,,,,,,,,,,,,,1.5,2.5,0.5,1.75,4.0
2015-05-14,,,,,,,,,,,,,,,,,,,,,,,,,,,,,,,,,,,,,,,,,1.5,2.5,0.5,1.75,4.0
2015-05-15,,,,,,,,,,,,,,,,,,,,,,,,,,,,,,,,,,,,,,,,,1.5,2.5,0.5,1.75,4.0
2015-05-16,,,,,,,,,,,,,,,,,,,,,,,,,,,,,,,,,,,,,,,,,1.5,2.5,0.5,1.75,4.0
2015-05-17,,,,,,,,,,,,,,,,,,,,,,,,,,,,,,,,,,,,,,,,,1.5,2.5,0.5,1.75,4.0
2015-05-18,,,,,,,,,,,,,,,,,,,,,,,,,,,,,,,,,,,,,,,,,1.5,2.5,0.5,1.75,4.0
2015-05-19,,,,,,,,,,,,,,,,,,,,,,,,,,,,,,,,,,,,,,,,,1.5,2.5,0.5,1.75,4.0
2015-05-20,,,,,,,,,,,,,,,,,,,,,,,,,,,,,,,,,,,,,,,,,1.5,2.5,0.5,1.75,4.0
2015-05-21,,,,,,,,,,,,,,,,,,,,,,,,,,,,,,,,,,,,,,,,,1.5,2.5,0.5,1.75,4.0
2015-05-22,,,,,,,,,,,,,,,,,,,,,,,,,,,,,,,,,,,,,,,,,1.5,2.5,0.5,1.75,4.0
2015-05-23,,,,,,,,,,,,,,,,,,,,,,,,,,,,,,,,,,,,,,,,,1.5,2.5,0.5,1.75,4.0
2015-05-24,,,,,,,,,,,,,,,,,,,,,,,,,,,,,,,,,,,,,,,,,1.5,2.5,0.5,1.75,4.0
2015-05-25,,,,,,,,,,,,,,,,,,,,,,,,,,,,,,,,,,,,,,,,,1.5,2.5,0.5,1.75,4.0
2015-05-26,,,,,,,,,,,,,,,,,,,,,,,,,,,,,,,,,,,,,,,,,1.5,2.5,0.5,1.75,4.0
2015-05-27,,,,,,,,,,,,,,,,,,,,,,,,,,,,,,,,,,,,,,,,,1.5,2.5,0.5,1.75,4.0
2015-05-28,,,,,,,,,,,,,,,,,,,,,,,,,,,,,,,,,,,,,,,,,1.5,2.5,0.5,1.75,4.0
2015-05-29,,,,,,,,,,,,,,,,,,,,,,,,,,,,,,,,,,,,,,,,,1.5,2.5,0.5,1.75,4.0
2015-05-30,,,,,,,,,,,,,,,,,,,,,,,,,,,,,,,,,,,,,,,,,1.5,2.5,0.5,1.75,4.0
2015-05-31,,,,,,,,,,,,,,,,,,,,,,,,,,,,,,,,,,,,,,,,,1.5,2.5,0.5,1.75,4.0
2015-06-01,,,,,,,,,,,,,,,,,,,,,,,,,,,,,,,,,,,,,,,,,1.5,2.5,0.5,1.75,4.0
2015-06-02,,,,,,,,,,,,,,,,,,,,,,,,,,,,,,,,,,,,,,,,,1.5,2.5,0.5,1.75,4.0
2015-06-03,,,,,,,,,,,,,,,,,,,,,,,,,,,,,,,,,,,,,,,,,1.5,2.5,0.5,1.75,4.0
2015-06-04,,,,,,,,,,,,,,,,,,,,,,,,,,,,,,,,,,,,,,,,,1.5,2.5,0.5,1.75,4.0
2015-06-05,,,,,,,,,,,,,,,,,,,,,,,,,,,,,,,,,,,,,,,,,1.5,2.5,0.5,1.75,4.0
2015-06-06,,,,,,,,,,,,,,,,,,,,,,,,,,,,,,,,,,,,,,,,,1.5,2.5,0.5,1.75,4.0
2015-06-07,,,,,,,,,,,,,,,,,,,,,,,,,,,,,,,,,,,,,,,,,1.5,2.5,0.5,1.75,4.0
2015-06-08,,,,,,,,,,,,,,,,,,,,,,,,,,,,,,,,,,,,,,,,,1.5,2.5,0.5,1.75,4.0
2015-06-09,,,,,,,,,,,,,,,,,,,,,,,,,,,,,,,,,,,,,,,,,1.5,2.5,0.5,1.75,4.0
2015-06-10,,,,,,,,,,,,,,,,,,,,,,,,,,,,,,,,,,,,,,,,,1.5,2.5,0.5,1.75,4.0
2015-06-11,,,,,,,,,,,,,,,,,,,,,,,,,,,,,,,,,,,,,,,,,1.5,2.5,0.5,1.75,4.0
2015-06-12,,,,,,,,,,,,,,,,,,,,,,,,,,,,,,,,,,,,,,,,,1.5,2.5,0.5,1.75,4.0
2015-06-13,,,,,,,,,,,,,,,,,,,,,,,,,,,,,,,,,,,,,,,,,1.5,2.5,0.5,1.75,4.0
2015-06-14,,,,,,,,,,,,,,,,,,,,,,,,,,,,,,,,,,,,,,,,,1.5,2.5,0.5,1.75,4.0
2015-06-15,,,,,,,,,,,,,,,,,,,,,,,,,,,,,,,,,,,,,,,,,1.5,2.5,0.5,1.75,4.0
2015-06-16,,,,,,,,,,,,,,,,,,,,,,,,,,,,,,,,,,,,,,,,,1.5,2.5,0.5,1.75,4.0
2015-06-17,,,,,,,,,,,,,,,,,,,,,,,,,,,,,,,,,,,,,,,,,1.5,2.5,0.5,1.75,4.0
2015-06-18,,,,,,,,,,,,,,,,,,,,,,,,,,,,,,,,,,,,,,,,,1.5,2.5,0.5,1.75,4.0
2015-06-19,,,,,,,,,,,,,,,,,,,,,,,,,,,,,,,,,,,,,,,,,1.5,2.5,0.5,1.75,4.0
2015-06-20,,,,,,,,,,,,,,,,,,,,,,,,,,,,,,,,,,,,,,,,,1.5,2.5,0.5,1.75,4.0
2015-06-21,,,,,,,,,,,,,,,,,,,,,,,,,,,,,,,,,,,,,,,,,1.5,2.5,0.5,1.75,4.0
2015-06-22,,,,,,,,,,,,,,,,,,,,,,,,,,,,,,,,,,,,,,,,,1.5,2.5,0.5,1.75,4.0
2015-06-23,,,,,,,,,,,,,,,,,,,,,,,,,,,,,,,,,,,,,,,,,1.5,2.5,0.5,1.75,4.0
2015-06-24,,,,,,,,,,,,,,,,,,,,,,,,,,,,,,,,,,,,,,,,,1.5,2.5,0.5,1.75,4.0
2015-06-25,,,,,,,,,,,,,,,,,,,,,,,,,,,,,,,,,,,,,,,,,1.5,2.5,0.5,1.75,4.0
2015-06-26,,,,,,,,,,,,,,,,,,,,,,,,,,,,,,,,,,,,,,,,,1.5,2.5,0.5,1.75,4.0
2015-06-27,,,,,,,,,,,,,,,,,,,,,,,,,,,,,,,,,,,,,,,,,1.5,2.5,0.5,1.75,4.0
2015-06-28,,,,,,,,,,,,,,,,,,,,,,,,,,,,,,,,,,,,,,,,,1.5,2.5,0.5,1.75,4.0
2015-06-29,,,,,,,,,,,,,,,,,,,,,,,,,,,,,,,,,,,,,,,,,1.5,2.5,0.5,1.75,4.0
2015-06-30,,,,,,,,,,,,,,,,,,,,,,,,,,,,,,,,,,,,,,,,,1.5,2.5,0.5,1.75,4.0
2015-07-01,,,,,,,,,,,,,,,,,,,,,,,,,,,,,,,,,,,,,,,,,1.5,2.5,0.5,1.75,4.0
2015-07-02,,,,,,,,,,,,,,,,,,,,,,,,,,,,,,,,,,,,,,,,,1.5,2.5,0.5,1.75,4.0
2015-07-03,,,,,,,,,,,,,,,,,,,,,,,,,,,,,,,,,,,,,,,,,1.5,2.5,0.5,1.75,4.0
2015-07-04,,,,,,,,,,,,,,,,,,,,,,,,,,,,,,,,,,,,,,,,,1.5,2.5,0.5,1.75,4.0
2015-07-05,,,,,,,,,,,,,,,,,,,,,,,,,,,,,,,,,,,,,,,,,1.5,2.5,0.5,1.75,4.0
2015-07-06,,,,,,,,,,,,,,,,,,,,,,,,,,,,,,,,,,,,,,,,,1.5,2.5,0.5,1.75,4.0
2015-07-07,,,,,,,,,,,,,,,,,,,,,,,,,,,,,,,,,,,,,,,,,1.5,2.5,0.5,1.75,4.0
2015-07-08,,,,,,,,,,,,,,,,,,,,,,,,,,,,,,,,,,,,,,,,,1.5,2.5,0.5,1.75,4.0
2015-07-09,,,,,,,,,,,,,,,,,,,,,,,,,,,,,,,,,,,,,,,,,1.5,2.5,0.5,1.75,4.0
2015-07-10,,,,,,,,,,,,,,,,,,,,,,,,,,,,,,,,,,,,,,,,,1.5,2.5,0.5,1.75,4.0
2015-07-11,,,,,,,,,,,,,,,,,,,,,,,,,,,,,,,,,,,,,,,,,1.5,2.5,0.5,1.75,4.0
2015-07-12,,,,,,,,,,,,,,,,,,,,,,,,,,,,,,,,,,,,,,,,,1.5,2.5,0.5,1.75,4.0
2015-07-13,,,,,,,,,,,,,,,,,,,,,,,,,,,,,,,,,,,,,,,,,1.5,2.5,0.5,1.75,4.0
2015-07-14,,,,,,,,,,,,,,,,,,,,,,,,,,,,,,,,,,,,,,,,,1.5,2.5,0.5,1.75,4.0
2015-07-15,,,,,,,,,,,,,,,,,,,,,,,,,,,,,,,,,,,,,,,,,1.5,2.5,0.5,1.75,4.0
2015-07-16,,,,,,,,,,,,,,,,,,,,,,,,,,,,,,,,,,,,,,,,,1.5,2.5,0.5,1.75,4.0
2015-07-17,,,,,,,,,,,,,,,,,,,,,,,,,,,,,,,,,,,,,,,,,1.5,2.5,0.5,1.75,4.0
2015-07-18,,,,,,,,,,,,,,,,,,,,,,,,,,,,,,,,,,,,,,,,,1.5,2.5,0.5,1.75,4.0
2015-07-19,,,,,,,,,,,,,,,,,,,,,,,,,,,,,,,,,,,,,,,,,1.5,2.5,0.5,1.75,4.0
2015-07-20,,,,,,,,,,,,,,,,,,,,,,,,,,,,,,,,,,,,,,,,,1.5,2.5,0.5,1.75,4.0
2015-07-21,,,,,,,,,,,,,,,,,,,,,,,,,,,,,,,,,,,,,,,,,1.5,2.5,0.5,1.75,4.0
2015-07-22,,,,,,,,,,,,,,,,,,,,,,,,,,,,,,,,,,,,,,,,,1.5,2.5,0.5,1.75,4.0
2015-07-23,,,,,,,,,,,,,,,,,,,,,,,,,,,,,,,,,,,,,,,,,1.5,2.5,0.5,1.75,4.0
2015-07-24,,,,,,,,,,,,,,,,,,,,,,,,,,,,,,,,,,,,,,,,,1.5,2.5,0.5,1.75,4.0
2015-07-25,,,,,,,,,,,,,,,,,,,,,,,,,,,,,,,,,,,,,,,,,1.5,2.5,0.5,1.75,4.0
2015-07-26,,,,,,,,,,,,,,,,,,,,,,,,,,,,,,,,,,,,,,,,,1.5,2.5,0.5,1.75,4.0
2015-07-27,,,,,,,,,,,,,,,,,,,,,,,,,,,,,,,,,,,,,,,,,1.5,2.5,0.5,1.75,4.0
2015-07-28,,,,,,,,,,,,,,,,,,,,,,,,,,,,,,,,,,,,,,,,,1.5,2.5,0.5,1.75,4.0
2015-07-29,,,,,,,,,,,,,,,,,,,,,,,,,,,,,,,,,,,,,,,,,1.5,2.5,0.5,1.75,4.0
2015-07-30,,,,,,,,,,,,,,,,,,,,,,,,,,,,,,,,,,,,,,,,,1.5,2.5,0.5,1.75,4.0
2015-07-31,,,,,,,,,,,,,,,,,,,,,,,,,,,,,,,,,,,,,,,,,1.5,2.5,0.5,1.75,4.0
2015-08-01,,,,,,,,,,,,,,,,,,,,,,,,,,,,,,,,,,,,,,,,,1.5,2.5,0.5,1.75,4.0
2015-08-02,,,,,,,,,,,,,,,,,,,,,,,,,,,,,,,,,,,,,,,,,1.5,2.5,0.5,1.75,4.0
2015-08-03,,,,,,,,,,,,,,,,,,,,,,,,,,,,,,,,,,,,,,,,,1.5,2.5,0.5,1.75,4.0
2015-08-04,,,,,,,,,,,,,,,,,,,,,,,,,,,,,,,,,,,,,,,,,1.5,2.5,0.5,1.75,4.0
2015-08-05,,,,,,,,,,,,,,,,,,,,,,,,,,,,,,,,,,,,,,,,,1.5,2.5,0.5,1.75,4.0
2015-08-06,,,,,,,,,,,,,,,,,,,,,,,,,,,,,,,,,,,,,,,,,1.5,2.5,0.5,1.75,4.0
2015-08-07,,,,,,,,,,,,,,,,,,,,,,,,,,,,,,,,,,,,,,,,,1.5,2.5,0.5,1.75,4.0
2015-08-08,,,,,,,,,,,,,,,,,,,,,,,,,,,,,,,,,,,,,,,,,1.5,2.5,0.5,1.75,4.0
2015-08-09,,,,,,,,,,,,,,,,,,,,,,,,,,,,,,,,,,,,,,,,,1.5,2.5,0.5,1.75,4.0
2015-08-10,,,,,,,,,,,,,,,,,,,,,,,,,,,,,,,,,,,,,,,,,1.5,2.5,0.5,1.75,4.0
2015-08-11,,,,,,,,,,,,,,,,,,,,,,,,,,,,,,,,,,,,,,,,,1.5,2.5,0.5,1.75,4.0
2015-08-12,,,,,,,,,,,,,,,,,,,,,,,,,,,,,,,,,,,,,,,,,1.5,2.5,0.5,1.75,4.0
2015-08-13,,,,,,,,,,,,,,,,,,,,,,,,,,,,,,,,,,,,,,,,,1.5,2.5,0.5,1.75,4.0
2015-08-14,,,,,,,,,,,,,,,,,,,,,,,,,,,,,,,,,,,,,,,,,1.5,2.5,0.5,1.75,4.0
2015-08-15,,,,,,,,,,,,,,,,,,,,,,,,,,,,,,,,,,,,,,,,,1.5,2.5,0.5,1.75,4.0
2015-08-16,,,,,,,,,,,,,,,,,,,,,,,,,,,,,,,,,,,,,,,,,1.5,2.5,0.5,1.75,4.0
2015-08-17,,,,,,,,,,,,,,,,,,,,,,,,,,,,,,,,,,,,,,,,,1.5,2.5,0.5,1.75,4.0
2015-08-18,,,,,,,,,,,,,,,,,,,,,,,,,,,,,,,,,,,,,,,,,1.5,2.5,0.5,1.75,4.0
2015-08-19,,,,,,,,,,,,,,,,,,,,,,,,,,,,,,,,,,,,,,,,,1.5,2.5,0.5,1.75,4.0
2015-08-20,,,,,,,,,,,,,,,,,,,,,,,,,,,,,,,,,,,,,,,,,1.5,2.5,0.5,1.75,4.0
2015-08-21,,,,,,,,,,,,,,,,,,,,,,,,,,,,,,,,,,,,,,,,,1.5,2.5,0.5,1.75,4.0
2015-08-22,,,,,,,,,,,,,,,,,,,,,,,,,,,,,,,,,,,,,,,,,1.5,2.5,0.5,1.75,4.0
2015-08-23,,,,,,,,,,,,,,,,,,,,,,,,,,,,,,,,,,,,,,,,,1.5,2.5,0.5,1.75,4.0
2015-08-24,,,,,,,,,,,,,,,,,,,,,,,,,,,,,,,,,,,,,,,,,1.5,2.5,0.5,1.75,4.0
2015-08-25,,,,,,,,,,,,,,,,,,,,,,,,,,,,,,,,,,,,,,,,,1.5,2.5,0.5,1.75,4.0
2015-08-26,,,,,,,,,,,,,,,,,,,,,,,,,,,,,,,,,,,,,,,,,1.5,2.5,0.5,1.75,4.0
2015-08-27,,,,,,,,,,,,,,,,,,,,,,,,,,,,,,,,,,,,,,,,,1.5,2.5,0.5,1.75,4.0
2015-08-28,,,,,,,,,,,,,,,,,,,,,,,,,,,,,,,,,,,,,,,,,1.5,2.5,0.5,1.75,4.0
2015-08-29,,,,,,,,,,,,,,,,,,,,,,,,,,,,,,,,,,,,,,,,,1.5,2.5,0.5,1.75,4.0
2015-08-30,,,,,,,,,,,,,,,,,,,,,,,,,,,,,,,,,,,,,,,,,1.5,2.5,0.5,1.75,4.0
2015-08-31,,,,,,,,,,,,,,,,,,,,,,,,,,,,,,,,,,,,,,,,,1.5,2.5,0.5,1.75,4.0
2015-09-01,,,,,,,,,,,,,,,,,,,,,,,,,,,,,,,,,,,,,,,,,1.5,2.5,0.5,1.75,4.0
2015-09-02,,,,,,,,,,,,,,,,,,,,,,,,,,,,,,,,,,,,,,,,,1.5,2.5,0.5,1.75,4.0
2015-09-03,,,,,,,,,,,,,,,,,,,,,,,,,,,,,,,,,,,,,,,,,1.5,2.5,0.5,1.75,4.0
2015-09-04,,,,,,,,,,,,,,,,,,,,,,,,,,,,,,,,,,,,,,,,,1.5,2.5,0.5,1.75,4.0
2015-09-05,,,,,,,,,,,,,,,,,,,,,,,,,,,,,,,,,,,,,,,,,1.5,2.5,0.5,1.75,4.0
2015-09-06,,,,,,,,,,,,,,,,,,,,,,,,,,,,,,,,,,,,,,,,,1.5,2.5,0.5,1.75,4.0
2015-09-07,,,,,,,,,,,,,,,,,,,,,,,,,,,,,,,,,,,,,,,,,1.5,2.5,0.5,1.75,4.0
2015-09-08,,,,,,,,,,,,,,,,,,,,,,,,,,,,,,,,,,,,,,,,,1.5,2.5,0.5,1.75,4.0
2015-09-09,,,,,,,,,,,,,,,,,,,,,,,,,,,,,,,,,,,,,,,,,1.5,2.5,0.5,1.75,4.0
2015-09-10,,,,,,,,,,,,,,,,,,,,,,,,,,,,,,,,,,,,,,,,,1.5,2.5,0.5,1.75,4.0
2015-09-11,,,,,,,,,,,,,,,,,,,,,,,,,,,,,,,,,,,,,,,,,1.5,2.5,0.5,1.75,4.0
2015-09-12,,,,,,,,,,,,,,,,,,,,,,,,,,,,,,,,,,,,,,,,,1.5,2.5,0.5,1.75,4.0
2015-09-13,,,,,,,,,,,,,,,,,,,,,,,,,,,,,,,,,,,,,,,,,1.5,2.5,0.5,1.75,4.0
2015-09-14,,,,,,,,,,,,,,,,,,,,,,,,,,,,,,,,,,,,,,,,,1.5,2.5,0.5,1.75,4.0
2015-09-15,,,,,,,,,,,,,,,,,,,,,,,,,,,,,,,,,,,,,,,,,1.5,2.5,0.5,1.75,4.0
2015-09-16,,,,,,,,,,,,,,,,,,,,,,,,,,,,,,,,,,,,,,,,,1.5,2.5,0.5,1.75,4.0
2015-09-17,,,,,,,,,,,,,,,,,,,,,,,,,,,,,,,,,,,,,,,,,1.5,2.5,0.5,1.75,4.0
2015-09-18,,,,,,,,,,,,,,,,,,,,,,,,,,,,,,,,,,,,,,,,,1.5,2.5,0.5,1.75,4.0
2015-09-19,,,,,,,,,,,,,,,,,,,,,,,,,,,,,,,,,,,,,,,,,1.5,2.5,0.5,1.75,4.0
2015-09-20,,,,,,,,,,,,,,,,,,,,,,,,,,,,,,,,,,,,,,,,,1.5,2.5,0.5,1.75,4.0
2015-09-21,,,,,,,,,,,,,,,,,,,,,,,,,,,,,,,,,,,,,,,,,1.5,2.5,0.5,1.75,4.0
2015-09-22,,,,,,,,,,,,,,,,,,,,,,,,,,,,,,,,,,,,,,,,,1.5,2.5,0.5,1.75,4.0
2015-09-23,,,,,,,,,,,,,,,,,,,,,,,,,,,,,,,,,,,,,,,,,1.5,2.5,0.5,1.75,4.0
2015-09-24,,,,,,,,,,,,,,,,,,,,,,,,,,,,,,,,,,,,,,,,,1.5,2.5,0.5,1.75,4.0
2015-09-25,,,,,,,,,,,,,,,,,,,,,,,,,,,,,,,,,,,,,,,,,1.5,2.5,0.5,1.75,4.0
2015-09-26,,,,,,,,,,,,,,,,,,,,,,,,,,,,,,,,,,,,,,,,,1.5,2.5,0.5,1.75,4.0
2015-09-27,,,,,,,,,,,,,,,,,,,,,,,,,,,,,,,,,,,,,,,,,1.5,2.5,0.5,1.75,4.0
2015-09-28,,,,,,,,,,,,,,,,,,,,,,,,,,,,,,,,,,,,,,,,,1.5,2.5,0.5,1.75,4.0
2015-09-29,,,,,,,,,,,,,,,,,,,,,,,,,,,,,,,,,,,,,,,,,1.5,2.5,0.5,1.75,4.0
2015-09-30,,,,,,,,,,,,,,,,,,,,,,,,,,,,,,,,,,,,,,,,,1.5,2.5,0.5,1.75,4.0
2015-10-01,,,,,,,,,,,,,,,,,,,,,,,,,,,,,,,,,,,,,,,,,1.5,2.5,0.5,1.75,4.0
2015-10-02,,,,,,,,,,,,,,,,,,,,,,,,,,,,,,,,,,,,,,,,,1.5,2.5,0.5,1.75,4.0
2015-10-03,,,,,,,,,,,,,,,,,,,,,,,,,,,,,,,,,,,,,,,,,1.5,2.5,0.5,1.75,4.0
2015-10-04,,,,,,,,,,,,,,,,,,,,,,,,,,,,,,,,,,,,,,,,,1.5,2.5,0.5,1.75,4.0
2015-10-05,,,,,,,,,,,,,,,,,,,,,,,,,,,,,,,,,,,,,,,,,1.5,2.5,0.5,1.75,4.0
2015-10-06,,,,,,,,,,,,,,,,,,,,,,,,,,,,,,,,,,,,,,,,,1.5,2.5,0.5,1.75,4.0
2015-10-07,,,,,,,,,,,,,,,,,,,,,,,,,,,,,,,,,,,,,,,,,1.5,2.5,0.5,1.75,4.0
2015-10-08,,,,,,,,,,,,,,,,,,,,,,,,,,,,,,,,,,,,,,,,,1.5,2.5,0.5,1.75,4.0
2015-10-09,,,,,,,,,,,,,,,,,,,,,,,,,,,,,,,,,,,,,,,,,1.5,2.5,0.5,1.75,4.0
2015-10-10,,,,,,,,,,,,,,,,,,,,,,,,,,,,,,,,,,,,,,,,,1.5,2.5,0.5,1.75,4.0
2015-10-11,,,,,,,,,,,,,,,,,,,,,,,,,,,,,,,,,,,,,,,,,1.5,2.5,0.5,1.75,4.0
2015-10-12,,,,,,,,,,,,,,,,,,,,,,,,,,,,,,,,,,,,,,,,,1.5,2.5,0.5,1.75,4.0
2015-10-13,,,,,,,,,,,,,,,,,,,,,,,,,,,,,,,,,,,,,,,,,1.5,2.5,0.5,1.75,4.0
2015-10-14,,,,,,,,,,,,,,,,,,,,,,,,,,,,,,,,,,,,,,,,,1.5,2.5,0.5,1.75,4.0
2015-10-15,,,,,,,,,,,,,,,,,,,,,,,,,,,,,,,,,,,,,,,,,1.5,2.5,0.5,1.75,4.0
2015-10-16,,,,,,,,,,,,,,,,,,,,,,,,,,,,,,,,,,,,,,,,,1.5,2.5,0.5,1.75,4.0
2015-10-17,,,,,,,,,,,,,,,,,,,,,,,,,,,,,,,,,,,,,,,,,1.5,2.5,0.5,1.75,4.0
2015-10-18,,,,,,,,,,,,,,,,,,,,,,,,,,,,,,,,,,,,,,,,,1.5,2.5,0.5,1.75,4.0
2015-10-19,,,,,,,,,,,,,,,,,,,,,,,,,,,,,,,,,,,,,,,,,1.5,2.5,0.5,1.75,4.0
2015-10-20,,,,,,,,,,,,,,,,,,,,,,,,,,,,,,,,,,,,,,,,,1.5,2.5,0.5,1.75,4.0
2015-10-21,,,,,,,,,,,,,,,,,,,,,,,,,,,,,,,,,,,,,,,,,1.5,2.5,0.5,1.75,4.0
2015-10-22,,,,,,,,,,,,,,,,,,,,,,,,,,,,,,,,,,,,,,,,,1.5,2.5,0.5,1.75,4.0
2015-10-23,,,,,,,,,,,,,,,,,,,,,,,,,,,,,,,,,,,,,,,,,1.5,2.5,0.5,1.75,4.0
2015-10-24,,,,,,,,,,,,,,,,,,,,,,,,,,,,,,,,,,,,,,,,,1.5,2.5,0.5,1.75,4.0
2015-10-25,,,,,,,,,,,,,,,,,,,,,,,,,,,,,,,,,,,,,,,,,1.5,2.5,0.5,1.75,4.0
2015-10-26,,,,,,,,,,,,,,,,,,,,,,,,,,,,,,,,,,,,,,,,,1.5,2.5,0.5,1.75,4.0
2015-10-27,,,,,,,,,,,,,,,,,,,,,,,,,,,,,,,,,,,,,,,,,1.5,2.5,0.5,1.75,4.0
2015-10-28,,,,,,,,,,,,,,,,,,,,,,,,,,,,,,,,,,,,,,,,,1.5,2.5,0.5,1.75,4.0
2015-10-29,,,,,,,,,,,,,,,,,,,,,,,,,,,,,,,,,,,,,,,,,1.5,2.5,0.5,1.75,4.0
2015-10-30,,,,,,,,,,,,,,,,,,,,,,,,,,,,,,,,,,,,,,,,,1.5,2.5,0.5,1.75,4.0
2015-10-31,,,,,,,,,,,,,,,,,,,,,,,,,,,,,,,,,,,,,,,,,1.5,2.5,0.5,1.75,4.0
2015-11-01,,,,,,,,,,,,,,,,,,,,,,,,,,,,,,,,,,,,,,,,,1.5,2.5,0.5,1.75,4.0
2015-11-02,,,,,,,,,,,,,,,,,,,,,,,,,,,,,,,,,,,,,,,,,1.5,2.5,0.5,1.75,4.0
2015-11-03,,,,,,,,,,,,,,,,,,,,,,,,,,,,,,,,,,,,,,,,,1.5,2.5,0.5,1.75,4.0
2015-11-04,,,,,,,,,,,,,,,,,,,,,,,,,,,,,,,,,,,,,,,,,1.5,2.5,0.5,1.75,4.0
2015-11-05,,,,,,,,,,,,,,,,,,,,,,,,,,,,,,,,,,,,,,,,,1.5,2.5,0.5,1.75,4.0
2015-11-06,,,,,,,,,,,,,,,,,,,,,,,,,,,,,,,,,,,,,,,,,1.5,2.5,0.5,1.75,4.0
2015-11-07,,,,,,,,,,,,,,,,,,,,,,,,,,,,,,,,,,,,,,,,,1.5,2.5,0.5,1.75,4.0
2015-11-08,,,,,,,,,,,,,,,,,,,,,,,,,,,,,,,,,,,,,,,,,1.5,2.5,0.5,1.75,4.0
2015-11-09,,,,,,,,,,,,,,,,,,,,,,,,,,,,,,,,,,,,,,,,,1.5,2.5,0.5,1.75,4.0
2015-11-10,,,,,,,,,,,,,,,,,,,,,,,,,,,,,,,,,,,,,,,,,1.5,2.5,0.5,1.75,4.0
2015-11-11,,,,,,,,,,,,,,,,,,,,,,,,,,,,,,,,,,,,,,,,,1.5,2.5,0.5,1.75,4.0
2015-11-12,,,,,,,,,,,,,,,,,,,,,,,,,,,,,,,,,,,,,,,,,1.5,2.5,0.5,1.75,4.0
2015-11-13,,,,,,,,,,,,,,,,,,,,,,,,,,,,,,,,,,,,,,,,,1.5,2.5,0.5,1.75,4.0
2015-11-14,,,,,,,,,,,,,,,,,,,,,,,,,,,,,,,,,,,,,,,,,1.5,2.5,0.5,1.75,4.0
2015-11-15,,,,,,,,,,,,,,,,,,,,,,,,,,,,,,,,,,,,,,,,,1.5,2.5,0.5,1.75,4.0
2015-11-16,,,,,,,,,,,,,,,,,,,,,,,,,,,,,,,,,,,,,,,,,1.5,2.5,0.5,1.75,4.0
2015-11-17,,,,,,,,,,,,,,,,,,,,,,,,,,,,,,,,,,,,,,,,,1.5,2.5,0.5,1.75,4.0
2015-11-18,,,,,,,,,,,,,,,,,,,,,,,,,,,,,,,,,,,,,,,,,1.5,2.5,0.5,1.75,4.0
2015-11-19,,,,,,,,,,,,,,,,,,,,,,,,,,,,,,,,,,,,,,,,,1.5,2.5,0.5,1.75,4.0
2015-11-20,,,,,,,,,,,,,,,,,,,,,,,,,,,,,,,,,,,,,,,,,1.5,2.5,0.5,1.75,4.0
2015-11-21,,,,,,,,,,,,,,,,,,,,,,,,,,,,,,,,,,,,,,,,,1.5,2.5,0.5,1.75,4.0
2015-11-22,,,,,,,,,,,,,,,,,,,,,,,,,,,,,,,,,,,,,,,,,1.5,2.5,0.5,1.75,4.0
2015-11-23,,,,,,,,,,,,,,,,,,,,,,,,,,,,,,,,,,,,,,,,,1.5,2.5,0.5,1.75,4.0
2015-11-24,,,,,,,,,,,,,,,,,,,,,,,,,,,,,,,,,,,,,,,,,1.5,2.5,0.5,1.75,4.0
2015-11-25,,,,,,,,,,,,,,,,,,,,,,,,,,,,,,,,,,,,,,,,,1.5,2.5,0.5,1.75,4.0
2015-11-26,,,,,,,,,,,,,,,,,,,,,,,,,,,,,,,,,,,,,,,,,1.5,2.5,0.5,1.75,4.0
2015-11-27,,,,,,,,,,,,,,,,,,,,,,,,,,,,,,,,,,,,,,,,,1.5,2.5,0.5,1.75,4.0
2015-11-28,,,,,,,,,,,,,,,,,,,,,,,,,,,,,,,,,,,,,,,,,1.5,2.5,0.5,1.75,4.0
2015-11-29,,,,,,,,,,,,,,,,,,,,,,,,,,,,,,,,,,,,,,,,,1.5,2.5,0.5,1.75,4.0
2015-11-30,,,,,,,,,,,,,,,,,,,,,,,,,,,,,,,,,,,,,,,,,1.5,2.5,0.5,1.75,4.0
2015-12-01,,,,,,,,,,,,,,,,,,,,,,,,,,,,,,,,,,,,,,,,,1.5,2.5,0.5,1.75,4.0
2015-12-02,,,,,,,,,,,,,,,,,,,,,,,,,,,,,,,,,,,,,,,,,1.5,2.5,0.5,1.75,4.0
2015-12-03,,,,,,,,,,,,,,,,,,,,,,,,,,,,,,,,,,,,,,,,,1.5,2.5,0.5,1.75,4.0
2015-12-04,,,,,,,,,,,,,,,,,,,,,,,,,,,,,,,,,,,,,,,,,1.5,2.5,0.5,1.75,4.0
2015-12-05,,,,,,,,,,,,,,,,,,,,,,,,,,,,,,,,,,,,,,,,,1.5,2.5,0.5,1.75,4.0
2015-12-06,,,,,,,,,,,,,,,,,,,,,,,,,,,,,,,,,,,,,,,,,1.5,2.5,0.5,1.75,4.0
2015-12-07,,,,,,,,,,,,,,,,,,,,,,,,,,,,,,,,,,,,,,,,,1.5,2.5,0.5,1.75,4.0
2015-12-08,,,,,,,,,,,,,,,,,,,,,,,,,,,,,,,,,,,,,,,,,1.5,2.5,0.5,1.75,4.0
2015-12-09,,,,,,,,,,,,,,,,,,,,,,,,,,,,,,,,,,,,,,,,,1.5,2.5,0.5,1.75,4.0
2015-12-10,,,,,,,,,,,,,,,,,,,,,,,,,,,,,,,,,,,,,,,,,1.5,2.5,0.5,1.75,4.0
2015-12-11,,,,,,,,,,,,,,,,,,,,,,,,,,,,,,,,,,,,,,,,,1.5,2.5,0.5,1.75,4.0
2015-12-12,,,,,,,,,,,,,,,,,,,,,,,,,,,,,,,,,,,,,,,,,1.5,2.5,0.5,1.75,4.0
2015-12-13,,,,,,,,,,,,,,,,,,,,,,,,,,,,,,,,,,,,,,,,,1.5,2.5,0.5,1.75,4.0
2015-12-14,,,,,,,,,,,,,,,,,,,,,,,,,,,,,,,,,,,,,,,,,1.5,2.5,0.5,1.75,4.0
2015-12-15,,,,,,,,,,,,,,,,,,,,,,,,,,,,,,,,,,,,,,,,,1.5,2.5,0.5,1.75,4.0
2015-12-16,,,,,,,,,,,,,,,,,,,,,,,,,,,,,,,,,,,,,,,,,1.5,2.5,0.5,1.75,4.0
2015-12-17,,,,,,,,,,,,,,,,,,,,,,,,,,,,,,,,,,,,,,,,,1.5,2.5,0.5,1.75,4.0
2015-12-18,,,,,,,,,,,,,,,,,,,,,,,,,,,,,,,,,,,,,,,,,1.5,2.5,0.5,1.75,4.0
2015-12-19,,,,,,,,,,,,,,,,,,,,,,,,,,,,,,,,,,,,,,,,,1.5,2.5,0.5,1.75,4.0
2015-12-20,,,,,,,,,,,,,,,,,,,,,,,,,,,,,,,,,,,,,,,,,1.5,2.5,0.5,1.75,4.0
2015-12-21,,,,,,,,,,,,,,,,,,,,,,,,,,,,,,,,,,,,,,,,,1.5,2.5,0.5,1.75,4.0
2015-12-22,,,,,,,,,,,,,,,,,,,,,,,,,,,,,,,,,,,,,,,,,1.5,2.5,0.5,1.75,4.0
2015-12-23,,,,,,,,,,,,,,,,,,,,,,,,,,,,,,,,,,,,,,,,,1.5,2.5,0.5,1.75,4.0
2015-12-24,,,,,,,,,,,,,,,,,,,,,,,,,,,,,,,,,,,,,,,,,1.5,2.5,0.5,1.75,4.0
2015-12-25,,,,,,,,,,,,,,,,,,,,,,,,,,,,,,,,,,,,,,,,,1.5,2.5,0.5,1.75,4.0
2015-12-26,,,,,,,,,,,,,,,,,,,,,,,,,,,,,,,,,,,,,,,,,1.5,2.5,0.5,1.75,4.0
2015-12-27,,,,,,,,,,,,,,,,,,,,,,,,,,,,,,,,,,,,,,,,,1.5,2.5,0.5,1.75,4.0
2015-12-28,,,,,,,,,,,,,,,,,,,,,,,,,,,,,,,,,,,,,,,,,1.5,2.5,0.5,1.75,4.0
2015-12-29,,,,,,,,,,,,,,,,,,,,,,,,,,,,,,,,,,,,,,,,,1.5,2.5,0.5,1.75,4.0
2015-12-30,,,,,,,,,,,,,,,,,,,,,,,,,,,,,,,,,,,,,,,,,1.5,2.5,0.5,1.75,4.0
2015-12-31,,,,,,,,,,,,,,,,,,,,,,,,,,,,,,,,,,,,,,,,,1.5,2.5,0.5,1.75,4.0
2016-01-01,,,,,,,,,,,,,,,,,,,,,,,,,,,,,,,,,,,,,,,,,1.5,2.5,0.5,1.75,4.0
2016-01-02,,,,,,,,,,,,,,,,,,,,,,,,,,,,,,,,,,,,,,,,,1.5,2.5,0.5,1.75,4.0
2016-01-03,,,,,,,,,,,,,,,,,,,,,,,,,,,,,,,,,,,,,,,,,1.5,2.5,0.5,1.75,4.0
2016-01-04,,,,,,,,,,,,,,,,,,,,,,,,,,,,,,,,,,,,,,,,,1.5,2.5,0.5,1.75,4.0
2016-01-05,,,,,,,,,,,,,,,,,,,,,,,,,,,,,,,,,,,,,,,,,1.5,2.5,0.5,1.75,4.0
2016-01-06,,,,,,,,,,,,,,,,,,,,,,,,,,,,,,,,,,,,,,,,,1.5,2.5,0.5,1.75,4.0
2016-01-07,,,,,,,,,,,,,,,,,,,,,,,,,,,,,,,,,,,,,,,,,1.5,2.5,0.5,1.75,4.0
2016-01-08,,,,,,,,,,,,,,,,,,,,,,,,,,,,,,,,,,,,,,,,,1.5,2.5,0.5,1.75,4.0
2016-01-09,,,,,,,,,,,,,,,,,,,,,,,,,,,,,,,,,,,,,,,,,1.5,2.5,0.5,1.75,4.0
2016-01-10,,,,,,,,,,,,,,,,,,,,,,,,,,,,,,,,,,,,,,,,,1.5,2.5,0.5,1.75,4.0
2016-01-11,,,,,,,,,,,,,,,,,,,,,,,,,,,,,,,,,,,,,,,,,1.5,2.5,0.5,1.75,4.0
2016-01-12,,,,,,,,,,,,,,,,,,,,,,,,,,,,,,,,,,,,,,,,,1.5,2.5,0.5,1.75,4.0
2016-01-13,,,,,,,,,,,,,,,,,,,,,,,,,,,,,,,,,,,,,,,,,1.5,2.5,0.5,1.75,4.0
2016-01-14,,,,,,,,,,,,,,,,,,,,,,,,,,,,,,,,,,,,,,,,,1.5,2.5,0.5,1.75,4.0
2016-01-15,,,,,,,,,,,,,,,,,,,,,,,,,,,,,,,,,,,,,,,,,1.5,2.5,0.5,1.75,4.0
2016-01-16,,,,,,,,,,,,,,,,,,,,,,,,,,,,,,,,,,,,,,,,,1.5,2.5,0.5,1.75,4.0
2016-01-17,,,,,,,,,,,,,,,,,,,,,,,,,,,,,,,,,,,,,,,,,1.5,2.5,0.5,1.75,4.0
2016-01-18,,,,,,,,,,,,,,,,,,,,,,,,,,,,,,,,,,,,,,,,,1.5,2.5,0.5,1.75,4.0
2016-01-19,,,,,,,,,,,,,,,,,,,,,,,,,,,,,,,,,,,,,,,,,1.5,2.5,0.5,1.75,4.0
2016-01-20,,,,,,,,,,,,,,,,,,,,,,,,,,,,,,,,,,,,,,,,,1.5,2.5,0.5,1.75,4.0
2016-01-21,,,,,,,,,,,,,,,,,,,,,,,,,,,,,,,,,,,,,,,,,1.5,2.5,0.5,1.75,4.0
2016-01-22,,,,,,,,,,,,,,,,,,,,,,,,,,,,,,,,,,,,,,,,,1.5,2.5,0.5,1.75,4.0
2016-01-23,,,,,,,,,,,,,,,,,,,,,,,,,,,,,,,,,,,,,,,,,1.5,2.5,0.5,1.75,4.0
2016-01-24,,,,,,,,,,,,,,,,,,,,,,,,,,,,,,,,,,,,,,,,,1.5,2.5,0.5,1.75,4.0
2016-01-25,,,,,,,,,,,,,,,,,,,,,,,,,,,,,,,,,,,,,,,,,1.5,2.5,0.5,1.75,4.0
2016-01-26,,,,,,,,,,,,,,,,,,,,,,,,,,,,,,,,,,,,,,,,,1.5,2.5,0.5,1.75,4.0
2016-01-27,,,,,,,,,,,,,,,,,,,,,,,,,,,,,,,,,,,,,,,,,1.5,2.5,0.5,1.75,4.0
2016-01-28,,,,,,,,,,,,,,,,,,,,,,,,,,,,,,,,,,,,,,,,,1.5,2.5,0.5,1.75,4.0
2016-01-29,,,,,,,,,,,,,,,,,,,,,,,,,,,,,,,,,,,,,,,,,1.5,2.5,0.5,1.75,4.0
2016-01-30,,,,,,,,,,,,,,,,,,,,,,,,,,,,,,,,,,,,,,,,,1.5,2.5,0.5,1.75,4.0
2016-01-31,,,,,,,,,,,,,,,,,,,,,,,,,,,,,,,,,,,,,,,,,1.5,2.5,0.5,1.75,4.0
2016-02-01,,,,,,,,,,,,,,,,,,,,,,,,,,,,,,,,,,,,,,,,,1.5,2.5,0.5,1.75,4.0
2016-02-02,,,,,,,,,,,,,,,,,,,,,,,,,,,,,,,,,,,,,,,,,1.5,2.5,0.5,1.75,4.0
2016-02-03,,,,,,,,,,,,,,,,,,,,,,,,,,,,,,,,,,,,,,,,,1.5,2.5,0.5,1.75,4.0
2016-02-04,,,,,,,,,,,,,,,,,,,,,,,,,,,,,,,,,,,,,,,,,1.5,2.5,0.5,1.75,4.0
2016-02-05,,,,,,,,,,,,,,,,,,,,,,,,,,,,,,,,,,,,,,,,,1.5,2.5,0.5,1.75,4.0
2016-02-06,,,,,,,,,,,,,,,,,,,,,,,,,,,,,,,,,,,,,,,,,1.5,2.5,0.5,1.75,4.0
2016-02-07,,,,,,,,,,,,,,,,,,,,,,,,,,,,,,,,,,,,,,,,,1.5,2.5,0.5,1.75,4.0
2016-02-08,,,,,,,,,,,,,,,,,,,,,,,,,,,,,,,,,,,,,,,,,1.5,2.5,0.5,1.75,4.0
2016-02-09,,,,,,,,,,,,,,,,,,,,,,,,,,,,,,,,,,,,,,,,,1.5,2.5,0.5,1.75,4.0
2016-02-10,,,,,,,,,,,,,,,,,,,,,,,,,,,,,,,,,,,,,,,,,1.5,2.5,0.5,1.75,4.0
2016-02-11,,,,,,,,,,,,,,,,,,,,,,,,,,,,,,,,,,,,,,,,,1.5,2.5,0.5,1.75,4.0
2016-02-12,,,,,,,,,,,,,,,,,,,,,,,,,,,,,,,,,,,,,,,,,1.5,2.5,0.5,1.75,4.0
2016-02-13,,,,,,,,,,,,,,,,,,,,,,,,,,,,,,,,,,,,,,,,,1.5,2.5,0.5,1.75,4.0
2016-02-14,,,,,,,,,,,,,,,,,,,,,,,,,,,,,,,,,,,,,,,,,1.5,2.5,0.5,1.75,4.0
2016-02-15,,,,,,,,,,,,,,,,,,,,,,,,,,,,,,,,,,,,,,,,,1.5,2.5,0.5,1.75,4.0
2016-02-16,,,,,,,,,,,,,,,,,,,,,,,,,,,,,,,,,,,,,,,,,1.5,2.5,0.5,1.75,4.0
2016-02-17,,,,,,,,,,,,,,,,,,,,,,,,,,,,,,,,,,,,,,,,,1.5,2.5,0.5,1.75,4.0
2016-02-18,,,,,,,,,,,,,,,,,,,,,,,,,,,,,,,,,,,,,,,,,1.5,2.5,0.5,1.75,4.0
2016-02-19,,,,,,,,,,,,,,,,,,,,,,,,,,,,,,,,,,,,,,,,,1.5,2.5,0.5,1.75,4.0
2016-02-20,,,,,,,,,,,,,,,,,,,,,,,,,,,,,,,,,,,,,,,,,1.5,2.5,0.5,1.75,4.0
2016-02-21,,,,,,,,,,,,,,,,,,,,,,,,,,,,,,,,,,,,,,,,,1.5,2.5,0.5,1.75,4.0
2016-02-22,,,,,,,,,,,,,,,,,,,,,,,,,,,,,,,,,,,,,,,,,1.5,2.5,0.5,1.75,4.0
2016-02-23,,,,,,,,,,,,,,,,,,,,,,,,,,,,,,,,,,,,,,,,,1.5,2.5,0.5,1.75,4.0
2016-02-24,,,,,,,,,,,,,,,,,,,,,,,,,,,,,,,,,,,,,,,,,1.5,2.5,0.5,1.75,4.0
2016-02-25,,,,,,,,,,,,,,,,,,,,,,,,,,,,,,,,,,,,,,,,,1.5,2.5,0.5,1.75,4.0
2016-02-26,,,,,,,,,,,,,,,,,,,,,,,,,,,,,,,,,,,,,,,,,1.5,2.5,0.5,1.75,4.0
2016-02-27,,,,,,,,,,,,,,,,,,,,,,,,,,,,,,,,,,,,,,,,,1.5,2.5,0.5,1.75,4.0
2016-02-28,,,,,,,,,,,,,,,,,,,,,,,,,,,,,,,,,,,,,,,,,1.5,2.5,0.5,1.75,4.0
2016-02-29,,,,,,,,,,,,,,,,,,,,,,,,,,,,,,,,,,,,,,,,,1.5,2.5,0.5,1.75,4.0
2016-03-01,,,,,,,,,,,,,,,,,,,,,,,,,,,,,,,,,,,,,,,,,1.5,2.5,0.5,1.75,4.0
2016-03-02,,,,,,,,,,,,,,,,,,,,,,,,,,,,,,,,,,,,,,,,,1.5,2.5,0.5,1.75,4.0
2016-03-03,,,,,,,,,,,,,,,,,,,,,,,,,,,,,,,,,,,,,,,,,1.5,2.5,0.5,1.75,4.0
2016-03-04,,,,,,,,,,,,,,,,,,,,,,,,,,,,,,,,,,,,,,,,,1.5,2.5,0.5,1.75,4.0
2016-03-05,,,,,,,,,,,,,,,,,,,,,,,,,,,,,,,,,,,,,,,,,1.5,2.5,0.5,1.75,4.0
2016-03-06,,,,,,,,,,,,,,,,,,,,,,,,,,,,,,,,,,,,,,,,,1.5,2.5,0.5,1.75,4.0
2016-03-07,,,,,,,,,,,,,,,,,,,,,,,,,,,,,,,,,,,,,,,,,1.5,2.5,0.5,1.75,4.0
2016-03-08,,,,,,,,,,,,,,,,,,,,,,,,,,,,,,,,,,,,,,,,,1.5,2.5,0.5,1.75,4.0
2016-03-09,,,,,,,,,,,,,,,,,,,,,,,,,,,,,,,,,,,,,,,,,1.5,2.5,0.5,1.75,4.0
2016-03-10,,,,,,,,,,,,,,,,,,,,,,,,,,,,,,,,,,,,,,,,,1.5,2.5,0.5,1.75,4.0
2016-03-11,,,,,,,,,,,,,,,,,,,,,,,,,,,,,,,,,,,,,,,,,1.5,2.5,0.5,1.75,4.0
2016-03-12,,,,,,,,,,,,,,,,,,,,,,,,,,,,,,,,,,,,,,,,,1.5,2.5,0.5,1.75,4.0
2016-03-13,,,,,,,,,,,,,,,,,,,,,,,,,,,,,,,,,,,,,,,,,1.5,2.5,0.5,1.75,4.0
2016-03-14,,,,,,,,,,,,,,,,,,,,,,,,,,,,,,,,,,,,,,,,,1.5,2.5,0.5,1.75,4.0
2016-03-15,,,,,,,,,,,,,,,,,,,,,,,,,,,,,,,,,,,,,,,,,1.5,2.5,0.5,1.75,4.0
2016-03-16,,,,,,,,,,,,,,,,,,,,,,,,,,,,,,,,,,,,,,,,,1.5,2.5,0.5,1.75,4.0
2016-03-17,,,,,,,,,,,,,,,,,,,,,,,,,,,,,,,,,,,,,,,,,1.5,2.5,0.5,1.75,4.0
2016-03-18,,,,,,,,,,,,,,,,,,,,,,,,,,,,,,,,,,,,,,,,,1.5,2.5,0.5,1.75,4.0
2016-03-19,,,,,,,,,,,,,,,,,,,,,,,,,,,,,,,,,,,,,,,,,1.5,2.5,0.5,1.75,4.0
2016-03-20,,,,,,,,,,,,,,,,,,,,,,,,,,,,,,,,,,,,,,,,,1.5,2.5,0.5,1.75,4.0
2016-03-21,,,,,,,,,,,,,,,,,,,,,,,,,,,,,,,,,,,,,,,,,1.5,2.5,0.5,1.75,4.0
2016-03-22,,,,,,,,,,,,,,,,,,,,,,,,,,,,,,,,,,,,,,,,,1.5,2.5,0.5,1.75,4.0
2016-03-23,,,,,,,,,,,,,,,,,,,,,,,,,,,,,,,,,,,,,,,,,1.5,2.5,0.5,1.75,4.0
2016-03-24,,,,,,,,,,,,,,,,,,,,,,,,,,,,,,,,,,,,,,,,,1.5,2.5,0.5,1.75,4.0
2016-03-25,,,,,,,,,,,,,,,,,,,,,,,,,,,,,,,,,,,,,,,,,1.5,2.5,0.5,1.75,4.0
2016-03-26,,,,,,,,,,,,,,,,,,,,,,,,,,,,,,,,,,,,,,,,,1.5,2.5,0.5,1.75,4.0
2016-03-27,,,,,,,,,,,,,,,,,,,,,,,,,,,,,,,,,,,,,,,,,1.5,2.5,0.5,1.75,4.0
2016-03-28,,,,,,,,,,,,,,,,,,,,,,,,,,,,,,,,,,,,,,,,,1.5,2.5,0.5,1.75,4.0
2016-03-29,,,,,,,,,,,,,,,,,,,,,,,,,,,,,,,,,,,,,,,,,1.5,2.5,0.5,1.75,4.0
2016-03-30,,,,,,,,,,,,,,,,,,,,,,,,,,,,,,,,,,,,,,,,,1.5,2.5,0.5,1.75,4.0
2016-03-31,,,,,,,,,,,,,,,,,,,,,,,,,,,,,,,,,,,,,,,,,1.5,2.5,0.5,1.75,4.0
2016-04-01,,,,,,,,,,,,,,,,,,,,,,,,,,,,,,,,,,,,,,,,,1.5,2.5,0.5,1.75,4.0
2016-04-02,,,,,,,,,,,,,,,,,,,,,,,,,,,,,,,,,,,,,,,,,1.5,2.5,0.5,1.75,4.0
2016-04-03,,,,,,,,,,,,,,,,,,,,,,,,,,,,,,,,,,,,,,,,,1.5,2.5,0.5,1.75,4.0
2016-04-04,,,,,,,,,,,,,,,,,,,,,,,,,,,,,,,,,,,,,,,,,1.5,2.5,0.5,1.75,4.0
2016-04-05,,,,,,,,,,,,,,,,,,,,,,,,,,,,,,,,,,,,,,,,,1.5,2.5,0.5,1.75,4.0
2016-04-06,,,,,,,,,,,,,,,,,,,,,,,,,,,,,,,,,,,,,,,,,1.5,2.5,0.5,1.75,4.0
2016-04-07,,,,,,,,,,,,,,,,,,,,,,,,,,,,,,,,,,,,,,,,,1.5,2.5,0.5,1.75,4.0
2016-04-08,,,,,,,,,,,,,,,,,,,,,,,,,,,,,,,,,,,,,,,,,1.5,2.5,0.5,1.75,4.0
2016-04-09,,,,,,,,,,,,,,,,,,,,,,,,,,,,,,,,,,,,,,,,,1.5,2.5,0.5,1.75,4.0
2016-04-10,,,,,,,,,,,,,,,,,,,,,,,,,,,,,,,,,,,,,,,,,1.5,2.5,0.5,1.75,4.0
2016-04-11,,,,,,,,,,,,,,,,,,,,,,,,,,,,,,,,,,,,,,,,,1.5,2.5,0.5,1.75,4.0
2016-04-12,,,,,,,,,,,,,,,,,,,,,,,,,,,,,,,,,,,,,,,,,1.5,2.5,0.5,1.75,4.0
2016-04-13,,,,,,,,,,,,,,,,,,,,,,,,,,,,,,,,,,,,,,,,,1.5,2.5,0.5,1.75,4.0
2016-04-14,,,,,,,,,,,,,,,,,,,,,,,,,,,,,,,,,,,,,,,,,1.5,2.5,0.5,1.75,4.0
2016-04-15,,,,,,,,,,,,,,,,,,,,,,,,,,,,,,,,,,,,,,,,,1.5,2.5,0.5,1.75,4.0
2016-04-16,,,,,,,,,,,,,,,,,,,,,,,,,,,,,,,,,,,,,,,,,1.5,2.5,0.5,1.75,4.0
2016-04-17,,,,,,,,,,,,,,,,,,,,,,,,,,,,,,,,,,,,,,,,,1.5,2.5,0.5,1.75,4.0
2016-04-18,,,,,,,,,,,,,,,,,,,,,,,,,,,,,,,,,,,,,,,,,1.5,2.5,0.5,1.75,4.0
2016-04-19,,,,,,,,,,,,,,,,,,,,,,,,,,,,,,,,,,,,,,,,,1.5,2.5,0.5,1.75,4.0
2016-04-20,,,,,,,,,,,,,,,,,,,,,,,,,,,,,,,,,,,,,,,,,1.5,2.5,0.5,1.75,4.0
2016-04-21,,,,,,,,,,,,,,,,,,,,,,,,,,,,,,,,,,,,,,,,,1.5,2.5,0.5,1.75,4.0
2016-04-22,,,,,,,,,,,,,,,,,,,,,,,,,,,,,,,,,,,,,,,,,1.5,2.5,0.5,1.75,4.0
2016-04-23,,,,,,,,,,,,,,,,,,,,,,,,,,,,,,,,,,,,,,,,,1.5,2.5,0.5,1.75,4.0
2016-04-24,,,,,,,,,,,,,,,,,,,,,,,,,,,,,,,,,,,,,,,,,1.5,2.5,0.5,1.75,4.0
2016-04-25,,,,,,,,,,,,,,,,,,,,,,,,,,,,,,,,,,,,,,,,,1.5,2.5,0.5,1.75,4.0
2016-04-26,,,,,,,,,,,,,,,,,,,,,,,,,,,,,,,,,,,,,,,,,1.5,2.5,0.5,1.75,4.0
2016-04-27,,,,,,,,,,,,,,,,,,,,,,,,,,,,,,,,,,,,,,,,,1.5,2.5,0.5,1.75,4.0
2016-04-28,,,,,,,,,,,,,,,,,,,,,,,,,,,,,,,,,,,,,,,,,1.5,2.5,0.5,1.75,4.0
2016-04-29,,,,,,,,,,,,,,,,,,,,,,,,,,,,,,,,,,,,,,,,,1.5,2.5,0.5,1.75,4.0
2016-04-30,,,,,,,,,,,,,,,,,,,,,,,,,,,,,,,,,,,,,,,,,1.5,2.5,0.5,1.75,4.0
2016-05-01,,,,,,,,,,,,,,,,,,,,,,,,,,,,,,,,,,,,,,,,,1.5,2.5,0.5,1.75,4.0
2016-05-02,,,,,,,,,,,,,,,,,,,,,,,,,,,,,,,,,,,,,,,,,1.5,2.5,0.5,1.75,4.0
2016-05-03,,,,,,,,,,,,,,,,,,,,,,,,,,,,,,,,,,,,,,,,,1.5,2.5,0.5,1.75,4.0
2016-05-04,,,,,,,,,,,,,,,,,,,,,,,,,,,,,,,,,,,,,,,,,1.5,2.5,0.5,1.75,4.0
2016-05-05,,,,,,,,,,,,,,,,,,,,,,,,,,,,,,,,,,,,,,,,,1.5,2.5,0.5,1.75,4.0
2016-05-06,,,,,,,,,,,,,,,,,,,,,,,,,,,,,,,,,,,,,,,,,1.5,2.5,0.5,1.75,4.0
2016-05-07,,,,,,,,,,,,,,,,,,,,,,,,,,,,,,,,,,,,,,,,,1.5,2.5,0.5,1.75,4.0
2016-05-08,,,,,,,,,,,,,,,,,,,,,,,,,,,,,,,,,,,,,,,,,1.5,2.5,0.5,1.75,4.0
2016-05-09,,,,,,,,,,,,,,,,,,,,,,,,,,,,,,,,,,,,,,,,,1.5,2.5,0.5,1.75,4.0
2016-05-10,,,,,,,,,,,,,,,,,,,,,,,,,,,,,,,,,,,,,,,,,1.5,2.5,0.5,1.75,4.0
2016-05-11,,,,,,,,,,,,,,,,,,,,,,,,,,,,,,,,,,,,,,,,,1.5,2.5,0.5,1.75,4.0
2016-05-12,,,,,,,,,,,,,,,,,,,,,,,,,,,,,,,,,,,,,,,,,1.5,2.5,0.5,1.75,4.0
2016-05-13,,,,,,,,,,,,,,,,,,,,,,,,,,,,,,,,,,,,,,,,,1.5,2.5,0.5,1.75,4.0
2016-05-14,,,,,,,,,,,,,,,,,,,,,,,,,,,,,,,,,,,,,,,,,1.5,2.5,0.5,1.75,4.0
2016-05-15,,,,,,,,,,,,,,,,,,,,,,,,,,,,,,,,,,,,,,,,,1.5,2.5,0.5,1.75,4.0
2016-05-16,,,,,,,,,,,,,,,,,,,,,,,,,,,,,,,,,,,,,,,,,1.5,2.5,0.5,1.75,4.0
2016-05-17,,,,,,,,,,,,,,,,,,,,,,,,,,,,,,,,,,,,,,,,,1.5,2.5,0.5,1.75,4.0
2016-05-18,,,,,,,,,,,,,,,,,,,,,,,,,,,,,,,,,,,,,,,,,1.5,2.5,0.5,1.75,4.0
2016-05-19,,,,,,,,,,,,,,,,,,,,,,,,,,,,,,,,,,,,,,,,,1.5,2.5,0.5,1.75,4.0
2016-05-20,,,,,,,,,,,,,,,,,,,,,,,,,,,,,,,,,,,,,,,,,1.5,2.5,0.5,1.75,4.0
2016-05-21,,,,,,,,,,,,,,,,,,,,,,,,,,,,,,,,,,,,,,,,,1.5,2.5,0.5,1.75,4.0
2016-05-22,,,,,,,,,,,,,,,,,,,,,,,,,,,,,,,,,,,,,,,,,1.5,2.5,0.5,1.75,4.0
2016-05-23,,,,,,,,,,,,,,,,,,,,,,,,,,,,,,,,,,,,,,,,,1.5,2.5,0.5,1.75,4.0
2016-05-24,,,,,,,,,,,,,,,,,,,,,,,,,,,,,,,,,,,,,,,,,1.5,2.5,0.5,1.75,4.0
2016-05-25,,,,,,,,,,,,,,,,,,,,,,,,,,,,,,,,,,,,,,,,,1.5,2.5,0.5,1.75,4.0
2016-05-26,,,,,,,,,,,,,,,,,,,,,,,,,,,,,,,,,,,,,,,,,1.5,2.5,0.5,1.75,4.0
2016-05-27,,,,,,,,,,,,,,,,,,,,,,,,,,,,,,,,,,,,,,,,,1.5,2.5,0.5,1.75,4.0
2016-05-28,,,,,,,,,,,,,,,,,,,,,,,,,,,,,,,,,,,,,,,,,1.5,2.5,0.5,1.75,4.0
2016-05-29,,,,,,,,,,,,,,,,,,,,,,,,,,,,,,,,,,,,,,,,,1.5,2.5,0.5,1.75,4.0
2016-05-30,,,,,,,,,,,,,,,,,,,,,,,,,,,,,,,,,,,,,,,,,1.5,2.5,0.5,1.75,4.0
2016-05-31,,,,,,,,,,,,,,,,,,,,,,,,,,,,,,,,,,,,,,,,,1.5,2.5,0.5,1.75,4.0
2016-06-01,,,,,,,,,,,,,,,,,,,,,,,,,,,,,,,,,,,,,,,,,1.5,2.5,0.5,1.75,4.0
2016-06-02,,,,,,,,,,,,,,,,,,,,,,,,,,,,,,,,,,,,,,,,,1.5,2.5,0.5,1.75,4.0
2016-06-03,,,,,,,,,,,,,,,,,,,,,,,,,,,,,,,,,,,,,,,,,1.5,2.5,0.5,1.75,4.0
2016-06-04,,,,,,,,,,,,,,,,,,,,,,,,,,,,,,,,,,,,,,,,,1.5,2.5,0.5,1.75,4.0
2016-06-05,,,,,,,,,,,,,,,,,,,,,,,,,,,,,,,,,,,,,,,,,1.5,2.5,0.5,1.75,4.0
2016-06-06,,,,,,,,,,,,,,,,,,,,,,,,,,,,,,,,,,,,,,,,,1.5,2.5,0.5,1.75,4.0
2016-06-07,,,,,,,,,,,,,,,,,,,,,,,,,,,,,,,,,,,,,,,,,1.5,2.5,0.5,1.75,4.0
2016-06-08,,,,,,,,,,,,,,,,,,,,,,,,,,,,,,,,,,,,,,,,,1.5,2.5,0.5,1.75,4.0
2016-06-09,,,,,,,,,,,,,,,,,,,,,,,,,,,,,,,,,,,,,,,,,1.5,2.5,0.5,1.75,4.0
2016-06-10,,,,,,,,,,,,,,,,,,,,,,,,,,,,,,,,,,,,,,,,,1.5,2.5,0.5,1.75,4.0
2016-06-11,,,,,,,,,,,,,,,,,,,,,,,,,,,,,,,,,,,,,,,,,1.5,2.5,0.5,1.75,4.0
2016-06-12,,,,,,,,,,,,,,,,,,,,,,,,,,,,,,,,,,,,,,,,,1.5,2.5,0.5,1.75,4.0
2016-06-13,,,,,,,,,,,,,,,,,,,,,,,,,,,,,,,,,,,,,,,,,1.5,2.5,0.5,1.75,4.0
2016-06-14,,,,,,,,,,,,,,,,,,,,,,,,,,,,,,,,,,,,,,,,,1.5,2.5,0.5,1.75,4.0
2016-06-15,,,,,,,,,,,,,,,,,,,,,,,,,,,,,,,,,,,,,,,,,1.5,2.5,0.5,1.75,4.0
2016-06-16,,,,,,,,,,,,,,,,,,,,,,,,,,,,,,,,,,,,,,,,,1.5,2.5,0.5,1.75,4.0
2016-06-17,,,,,,,,,,,,,,,,,,,,,,,,,,,,,,,,,,,,,,,,,1.5,2.5,0.5,1.75,4.0
2016-06-18,,,,,,,,,,,,,,,,,,,,,,,,,,,,,,,,,,,,,,,,,1.5,2.5,0.5,1.75,4.0
2016-06-19,,,,,,,,,,,,,,,,,,,,,,,,,,,,,,,,,,,,,,,,,1.5,2.5,0.5,1.75,4.0
2016-06-20,,,,,,,,,,,,,,,,,,,,,,,,,,,,,,,,,,,,,,,,,1.5,2.5,0.5,1.75,4.0
2016-06-21,,,,,,,,,,,,,,,,,,,,,,,,,,,,,,,,,,,,,,,,,1.5,2.5,0.5,1.75,4.0
2016-06-22,,,,,,,,,,,,,,,,,,,,,,,,,,,,,,,,,,,,,,,,,1.5,2.5,0.5,1.75,4.0
2016-06-23,,,,,,,,,,,,,,,,,,,,,,,,,,,,,,,,,,,,,,,,,1.5,2.5,0.5,1.75,4.0
2016-06-24,,,,,,,,,,,,,,,,,,,,,,,,,,,,,,,,,,,,,,,,,1.5,2.5,0.5,1.75,4.0
2016-06-25,,,,,,,,,,,,,,,,,,,,,,,,,,,,,,,,,,,,,,,,,1.5,2.5,0.5,1.75,4.0
2016-06-26,,,,,,,,,,,,,,,,,,,,,,,,,,,,,,,,,,,,,,,,,1.5,2.5,0.5,1.75,4.0
2016-06-27,,,,,,,,,,,,,,,,,,,,,,,,,,,,,,,,,,,,,,,,,1.5,2.5,0.5,1.75,4.0
2016-06-28,,,,,,,,,,,,,,,,,,,,,,,,,,,,,,,,,,,,,,,,,1.5,2.5,0.5,1.75,4.0
2016-06-29,,,,,,,,,,,,,,,,,,,,,,,,,,,,,,,,,,,,,,,,,1.5,2.5,0.5,1.75,4.0
2016-06-30,,,,,,,,,,,,,,,,,,,,,,,,,,,,,,,,,,,,,,,,,1.5,2.5,0.5,1.75,4.0
2016-07-01,,,,,,,,,,,,,,,,,,,,,,,,,,,,,,,,,,,,,,,,,1.5,2.5,0.5,1.75,4.0
2016-07-02,,,,,,,,,,,,,,,,,,,,,,,,,,,,,,,,,,,,,,,,,1.5,2.5,0.5,1.75,4.0
2016-07-03,,,,,,,,,,,,,,,,,,,,,,,,,,,,,,,,,,,,,,,,,1.5,2.5,0.5,1.75,4.0
2016-07-04,,,,,,,,,,,,,,,,,,,,,,,,,,,,,,,,,,,,,,,,,1.5,2.5,0.5,1.75,4.0
2016-07-05,,,,,,,,,,,,,,,,,,,,,,,,,,,,,,,,,,,,,,,,,1.5,2.5,0.5,1.75,4.0
2016-07-06,,,,,,,,,,,,,,,,,,,,,,,,,,,,,,,,,,,,,,,,,1.5,2.5,0.5,1.75,4.0
2016-07-07,,,,,,,,,,,,,,,,,,,,,,,,,,,,,,,,,,,,,,,,,1.5,2.5,0.5,1.75,4.0
2016-07-08,,,,,,,,,,,,,,,,,,,,,,,,,,,,,,,,,,,,,,,,,1.5,2.5,0.5,1.75,4.0
2016-07-09,,,,,,,,,,,,,,,,,,,,,,,,,,,,,,,,,,,,,,,,,1.5,2.5,0.5,1.75,4.0
2016-07-10,,,,,,,,,,,,,,,,,,,,,,,,,,,,,,,,,,,,,,,,,1.5,2.5,0.5,1.75,4.0
2016-07-11,,,,,,,,,,,,,,,,,,,,,,,,,,,,,,,,,,,,,,,,,1.5,2.5,0.5,1.75,4.0
2016-07-12,,,,,,,,,,,,,,,,,,,,,,,,,,,,,,,,,,,,,,,,,1.5,2.5,0.5,1.75,4.0
2016-07-13,,,,,,,,,,,,,,,,,,,,,,,,,,,,,,,,,,,,,,,,,1.5,2.5,0.5,1.75,4.0
2016-07-14,,,,,,,,,,,,,,,,,,,,,,,,,,,,,,,,,,,,,,,,,1.5,2.5,0.5,1.75,4.0
2016-07-15,,,,,,,,,,,,,,,,,,,,,,,,,,,,,,,,,,,,,,,,,1.5,2.5,0.5,1.75,4.0
2016-07-16,,,,,,,,,,,,,,,,,,,,,,,,,,,,,,,,,,,,,,,,,1.5,2.5,0.5,1.75,4.0
2016-07-17,,,,,,,,,,,,,,,,,,,,,,,,,,,,,,,,,,,,,,,,,1.5,2.5,0.5,1.75,4.0
2016-07-18,,,,,,,,,,,,,,,,,,,,,,,,,,,,,,,,,,,,,,,,,1.5,2.5,0.5,1.75,4.0
2016-07-19,,,,,,,,,,,,,,,,,,,,,,,,,,,,,,,,,,,,,,,,,1.5,2.5,0.5,1.75,4.0
2016-07-20,,,,,,,,,,,,,,,,,,,,,,,,,,,,,,,,,,,,,,,,,1.5,2.5,0.5,1.75,4.0
2016-07-21,,,,,,,,,,,,,,,,,,,,,,,,,,,,,,,,,,,,,,,,,1.5,2.5,0.5,1.75,4.0
2016-07-22,,,,,,,,,,,,,,,,,,,,,,,,,,,,,,,,,,,,,,,,,1.5,2.5,0.5,1.75,4.0
2016-07-23,,,,,,,,,,,,,,,,,,,,,,,,,,,,,,,,,,,,,,,,,1.5,2.5,0.5,1.75,4.0
2016-07-24,,,,,,,,,,,,,,,,,,,,,,,,,,,,,,,,,,,,,,,,,1.5,2.5,0.5,1.75,4.0
2016-07-25,,,,,,,,,,,,,,,,,,,,,,,,,,,,,,,,,,,,,,,,,1.5,2.5,0.5,1.75,4.0
2016-07-26,,,,,,,,,,,,,,,,,,,,,,,,,,,,,,,,,,,,,,,,,1.5,2.5,0.5,1.75,4.0
2016-07-27,,,,,,,,,,,,,,,,,,,,,,,,,,,,,,,,,,,,,,,,,1.5,2.5,0.5,1.75,4.0
2016-07-28,,,,,,,,,,,,,,,,,,,,,,,,,,,,,,,,,,,,,,,,,1.5,2.5,0.5,1.75,4.0
2016-07-29,,,,,,,,,,,,,,,,,,,,,,,,,,,,,,,,,,,,,,,,,1.5,2.5,0.5,1.75,4.0
2016-07-30,,,,,,,,,,,,,,,,,,,,,,,,,,,,,,,,,,,,,,,,,1.5,2.5,0.5,1.75,4.0
2016-07-31,,,,,,,,,,,,,,,,,,,,,,,,,,,,,,,,,,,,,,,,,1.5,2.5,0.5,1.75,4.0
2016-08-01,,,,,,,,,,,,,,,,,,,,,,,,,,,,,,,,,,,,,,,,,1.5,2.5,0.5,1.75,4.0
2016-08-02,,,,,,,,,,,,,,,,,,,,,,,,,,,,,,,,,,,,,,,,,1.5,2.5,0.5,1.75,4.0
2016-08-03,,,,,,,,,,,,,,,,,,,,,,,,,,,,,,,,,,,,,,,,,1.5,2.5,0.5,1.75,4.0
2016-08-04,,,,,,,,,,,,,,,,,,,,,,,,,,,,,,,,,,,,,,,,,1.5,2.5,0.5,1.75,4.0
2016-08-05,,,,,,,,,,,,,,,,,,,,,,,,,,,,,,,,,,,,,,,,,1.5,2.5,0.5,1.75,4.0
2016-08-06,,,,,,,,,,,,,,,,,,,,,,,,,,,,,,,,,,,,,,,,,1.5,2.5,0.5,1.75,4.0
2016-08-07,,,,,,,,,,,,,,,,,,,,,,,,,,,,,,,,,,,,,,,,,1.5,2.5,0.5,1.75,4.0
2016-08-08,,,,,,,,,,,,,,,,,,,,,,,,,,,,,,,,,,,,,,,,,1.5,2.5,0.5,1.75,4.0
2016-08-09,,,,,,,,,,,,,,,,,,,,,,,,,,,,,,,,,,,,,,,,,1.5,2.5,0.5,1.75,4.0
2016-08-10,,,,,,,,,,,,,,,,,,,,,,,,,,,,,,,,,,,,,,,,,1.5,2.5,0.5,1.75,4.0
2016-08-11,,,,,,,,,,,,,,,,,,,,,,,,,,,,,,,,,,,,,,,,,1.5,2.5,0.5,1.75,4.0
2016-08-12,,,,,,,,,,,,,,,,,,,,,,,,,,,,,,,,,,,,,,,,,1.5,2.5,0.5,1.75,4.0
2016-08-13,,,,,,,,,,,,,,,,,,,,,,,,,,,,,,,,,,,,,,,,,1.5,2.5,0.5,1.75,4.0
2016-08-14,,,,,,,,,,,,,,,,,,,,,,,,,,,,,,,,,,,,,,,,,1.5,2.5,0.5,1.75,4.0
2016-08-15,,,,,,,,,,,,,,,,,,,,,,,,,,,,,,,,,,,,,,,,,1.5,2.5,0.5,1.75,4.0
2016-08-16,,,,,,,,,,,,,,,,,,,,,,,,,,,,,,,,,,,,,,,,,1.5,2.5,0.5,1.75,4.0
2016-08-17,,,,,,,,,,,,,,,,,,,,,,,,,,,,,,,,,,,,,,,,,1.5,2.5,0.5,1.75,4.0
2016-08-18,,,,,,,,,,,,,,,,,,,,,,,,,,,,,,,,,,,,,,,,,1.5,2.5,0.5,1.75,4.0
2016-08-19,,,,,,,,,,,,,,,,,,,,,,,,,,,,,,,,,,,,,,,,,1.5,2.5,0.5,1.75,4.0
2016-08-20,,,,,,,,,,,,,,,,,,,,,,,,,,,,,,,,,,,,,,,,,1.5,2.5,0.5,1.75,4.0
2016-08-21,,,,,,,,,,,,,,,,,,,,,,,,,,,,,,,,,,,,,,,,,1.5,2.5,0.5,1.75,4.0
2016-08-22,,,,,,,,,,,,,,,,,,,,,,,,,,,,,,,,,,,,,,,,,1.5,2.5,0.5,1.75,4.0
2016-08-23,,,,,,,,,,,,,,,,,,,,,,,,,,,,,,,,,,,,,,,,,1.5,2.5,0.5,1.75,4.0
2016-08-24,,,,,,,,,,,,,,,,,,,,,,,,,,,,,,,,,,,,,,,,,1.5,2.5,0.5,1.75,4.0
2016-08-25,,,,,,,,,,,,,,,,,,,,,,,,,,,,,,,,,,,,,,,,,1.5,2.5,0.5,1.75,4.0
2016-08-26,,,,,,,,,,,,,,,,,,,,,,,,,,,,,,,,,,,,,,,,,1.5,2.5,0.5,1.75,4.0
2016-08-27,,,,,,,,,,,,,,,,,,,,,,,,,,,,,,,,,,,,,,,,,1.5,2.5,0.5,1.75,4.0
2016-08-28,,,,,,,,,,,,,,,,,,,,,,,,,,,,,,,,,,,,,,,,,1.5,2.5,0.5,1.75,4.0
2016-08-29,,,,,,,,,,,,,,,,,,,,,,,,,,,,,,,,,,,,,,,,,1.5,2.5,0.5,1.75,4.0
2016-08-30,,,,,,,,,,,,,,,,,,,,,,,,,,,,,,,,,,,,,,,,,1.5,2.5,0.5,1.75,4.0
2016-08-31,,,,,,,,,,,,,,,,,,,,,,,,,,,,,,,,,,,,,,,,,1.5,2.5,0.5,1.75,4.0
2016-09-01,,,,,,,,,,,,,,,,,,,,,,,,,,,,,,,,,,,,,,,,,1.5,2.5,0.5,1.75,4.0
2016-09-02,,,,,,,,,,,,,,,,,,,,,,,,,,,,,,,,,,,,,,,,,1.5,2.5,0.5,1.75,4.0
2016-09-03,,,,,,,,,,,,,,,,,,,,,,,,,,,,,,,,,,,,,,,,,1.5,2.5,0.5,1.75,4.0
2016-09-04,,,,,,,,,,,,,,,,,,,,,,,,,,,,,,,,,,,,,,,,,1.5,2.5,0.5,1.75,4.0
2016-09-05,,,,,,,,,,,,,,,,,,,,,,,,,,,,,,,,,,,,,,,,,1.5,2.5,0.5,1.75,4.0
2016-09-06,,,,,,,,,,,,,,,,,,,,,,,,,,,,,,,,,,,,,,,,,1.5,2.5,0.5,1.75,4.0
2016-09-07,,,,,,,,,,,,,,,,,,,,,,,,,,,,,,,,,,,,,,,,,1.5,2.5,0.5,1.75,4.0
2016-09-08,,,,,,,,,,,,,,,,,,,,,,,,,,,,,,,,,,,,,,,,,1.5,2.5,0.5,1.75,4.0
2016-09-09,,,,,,,,,,,,,,,,,,,,,,,,,,,,,,,,,,,,,,,,,1.5,2.5,0.5,1.75,4.0
2016-09-10,,,,,,,,,,,,,,,,,,,,,,,,,,,,,,,,,,,,,,,,,1.5,2.5,0.5,1.75,4.0
2016-09-11,,,,,,,,,,,,,,,,,,,,,,,,,,,,,,,,,,,,,,,,,1.5,2.5,0.5,1.75,4.0
2016-09-12,,,,,,,,,,,,,,,,,,,,,,,,,,,,,,,,,,,,,,,,,1.5,2.5,0.5,1.75,4.0
2016-09-13,,,,,,,,,,,,,,,,,,,,,,,,,,,,,,,,,,,,,,,,,1.5,2.5,0.5,1.75,4.0
2016-09-14,,,,,,,,,,,,,,,,,,,,,,,,,,,,,,,,,,,,,,,,,1.5,2.5,0.5,1.75,4.0
2016-09-15,,,,,,,,,,,,,,,,,,,,,,,,,,,,,,,,,,,,,,,,,1.5,2.5,0.5,1.75,4.0
2016-09-16,,,,,,,,,,,,,,,,,,,,,,,,,,,,,,,,,,,,,,,,,1.5,2.5,0.5,1.75,4.0
2016-09-17,,,,,,,,,,,,,,,,,,,,,,,,,,,,,,,,,,,,,,,,,1.5,2.5,0.5,1.75,4.0
2016-09-18,,,,,,,,,,,,,,,,,,,,,,,,,,,,,,,,,,,,,,,,,1.5,2.5,0.5,1.75,4.0
2016-09-19,,,,,,,,,,,,,,,,,,,,,,,,,,,,,,,,,,,,,,,,,1.5,2.5,0.5,1.75,4.0
2016-09-20,,,,,,,,,,,,,,,,,,,,,,,,,,,,,,,,,,,,,,,,,1.5,2.5,0.5,1.75,4.0
2016-09-21,,,,,,,,,,,,,,,,,,,,,,,,,,,,,,,,,,,,,,,,,1.5,2.5,0.5,1.75,4.0
2016-09-22,,,,,,,,,,,,,,,,,,,,,,,,,,,,,,,,,,,,,,,,,1.5,2.5,0.5,1.75,4.0
2016-09-23,,,,,,,,,,,,,,,,,,,,,,,,,,,,,,,,,,,,,,,,,1.5,2.5,0.5,1.75,4.0
2016-09-24,,,,,,,,,,,,,,,,,,,,,,,,,,,,,,,,,,,,,,,,,1.5,2.5,0.5,1.75,4.0
2016-09-25,,,,,,,,,,,,,,,,,,,,,,,,,,,,,,,,,,,,,,,,,1.5,2.5,0.5,1.75,4.0
2016-09-26,,,,,,,,,,,,,,,,,,,,,,,,,,,,,,,,,,,,,,,,,1.5,2.5,0.5,1.75,4.0
2016-09-27,,,,,,,,,,,,,,,,,,,,,,,,,,,,,,,,,,,,,,,,,1.5,2.5,0.5,1.75,4.0
2016-09-28,,,,,,,,,,,,,,,,,,,,,,,,,,,,,,,,,,,,,,,,,1.5,2.5,0.5,1.75,4.0
2016-09-29,,,,,,,,,,,,,,,,,,,,,,,,,,,,,,,,,,,,,,,,,1.5,2.5,0.5,1.75,4.0
2016-09-30,,,,,,,,,,,,,,,,,,,,,,,,,,,,,,,,,,,,,,,,,1.5,2.5,0.5,1.75,4.0
2016-10-01,,,,,,,,,,,,,,,,,,,,,,,,,,,,,,,,,,,,,,,,,1.5,2.5,0.5,1.75,4.0
2016-10-02,,,,,,,,,,,,,,,,,,,,,,,,,,,,,,,,,,,,,,,,,1.5,2.5,0.5,1.75,4.0
2016-10-03,,,,,,,,,,,,,,,,,,,,,,,,,,,,,,,,,,,,,,,,,1.5,2.5,0.5,1.75,4.0
2016-10-04,,,,,,,,,,,,,,,,,,,,,,,,,,,,,,,,,,,,,,,,,1.5,2.5,0.5,1.75,4.0
2016-10-05,,,,,,,,,,,,,,,,,,,,,,,,,,,,,,,,,,,,,,,,,1.5,2.5,0.5,1.75,4.0
2016-10-06,,,,,,,,,,,,,,,,,,,,,,,,,,,,,,,,,,,,,,,,,1.5,2.5,0.5,1.75,4.0
2016-10-07,,,,,,,,,,,,,,,,,,,,,,,,,,,,,,,,,,,,,,,,,1.5,2.5,0.5,1.75,4.0
2016-10-08,,,,,,,,,,,,,,,,,,,,,,,,,,,,,,,,,,,,,,,,,1.5,2.5,0.5,1.75,4.0
2016-10-09,,,,,,,,,,,,,,,,,,,,,,,,,,,,,,,,,,,,,,,,,1.5,2.5,0.5,1.75,4.0
2016-10-10,,,,,,,,,,,,,,,,,,,,,,,,,,,,,,,,,,,,,,,,,1.5,2.5,0.5,1.75,4.0
2016-10-11,,,,,,,,,,,,,,,,,,,,,,,,,,,,,,,,,,,,,,,,,1.5,2.5,0.5,1.75,4.0
2016-10-12,,,,,,,,,,,,,,,,,,,,,,,,,,,,,,,,,,,,,,,,,1.5,2.5,0.5,1.75,4.0
2016-10-13,,,,,,,,,,,,,,,,,,,,,,,,,,,,,,,,,,,,,,,,,1.5,2.5,0.5,1.75,4.0
2016-10-14,,,,,,,,,,,,,,,,,,,,,,,,,,,,,,,,,,,,,,,,,1.5,2.5,0.5,1.75,4.0
2016-10-15,,,,,,,,,,,,,,,,,,,,,,,,,,,,,,,,,,,,,,,,,1.5,2.5,0.5,1.75,4.0
2016-10-16,,,,,,,,,,,,,,,,,,,,,,,,,,,,,,,,,,,,,,,,,1.5,2.5,0.5,1.75,4.0
2016-10-17,,,,,,,,,,,,,,,,,,,,,,,,,,,,,,,,,,,,,,,,,1.5,2.5,0.5,1.75,4.0
2016-10-18,,,,,,,,,,,,,,,,,,,,,,,,,,,,,,,,,,,,,,,,,1.5,2.5,0.5,1.75,4.0
2016-10-19,,,,,,,,,,,,,,,,,,,,,,,,,,,,,,,,,,,,,,,,,1.5,2.5,0.5,1.75,4.0
2016-10-20,,,,,,,,,,,,,,,,,,,,,,,,,,,,,,,,,,,,,,,,,1.5,2.5,0.5,1.75,4.0
2016-10-21,,,,,,,,,,,,,,,,,,,,,,,,,,,,,,,,,,,,,,,,,1.5,2.5,0.5,1.75,4.0
2016-10-22,,,,,,,,,,,,,,,,,,,,,,,,,,,,,,,,,,,,,,,,,1.5,2.5,0.5,1.75,4.0
2016-10-23,,,,,,,,,,,,,,,,,,,,,,,,,,,,,,,,,,,,,,,,,1.5,2.5,0.5,1.75,4.0
2016-10-24,,,,,,,,,,,,,,,,,,,,,,,,,,,,,,,,,,,,,,,,,1.5,2.5,0.5,1.75,4.0
2016-10-25,,,,,,,,,,,,,,,,,,,,,,,,,,,,,,,,,,,,,,,,,1.5,2.5,0.5,1.75,4.0
2016-10-26,,,,,,,,,,,,,,,,,,,,,,,,,,,,,,,,,,,,,,,,,1.5,2.5,0.5,1.75,4.0
2016-10-27,,,,,,,,,,,,,,,,,,,,,,,,,,,,,,,,,,,,,,,,,1.5,2.5,0.5,1.75,4.0
2016-10-28,,,,,,,,,,,,,,,,,,,,,,,,,,,,,,,,,,,,,,,,,1.5,2.5,0.5,1.75,4.0
2016-10-29,,,,,,,,,,,,,,,,,,,,,,,,,,,,,,,,,,,,,,,,,1.5,2.5,0.5,1.75,4.0
2016-10-30,,,,,,,,,,,,,,,,,,,,,,,,,,,,,,,,,,,,,,,,,1.5,2.5,0.5,1.75,4.0
2016-10-31,,,,,,,,,,,,,,,,,,,,,,,,,,,,,,,,,,,,,,,,,1.5,2.5,0.5,1.75,4.0
2016-11-01,,,,,,,,,,,,,,,,,,,,,,,,,,,,,,,,,,,,,,,,,1.5,2.5,0.5,1.75,4.0
2016-11-02,,,,,,,,,,,,,,,,,,,,,,,,,,,,,,,,,,,,,,,,,1.5,2.5,0.5,1.75,4.0
2016-11-03,,,,,,,,,,,,,,,,,,,,,,,,,,,,,,,,,,,,,,,,,1.5,2.5,0.5,1.75,4.0
2016-11-04,,,,,,,,,,,,,,,,,,,,,,,,,,,,,,,,,,,,,,,,,1.5,2.5,0.5,1.75,4.0
2016-11-05,,,,,,,,,,,,,,,,,,,,,,,,,,,,,,,,,,,,,,,,,1.5,2.5,0.5,1.75,4.0
2016-11-06,,,,,,,,,,,,,,,,,,,,,,,,,,,,,,,,,,,,,,,,,1.5,2.5,0.5,1.75,4.0
2016-11-07,,,,,,,,,,,,,,,,,,,,,,,,,,,,,,,,,,,,,,,,,1.5,2.5,0.5,1.75,4.0
2016-11-08,,,,,,,,,,,,,,,,,,,,,,,,,,,,,,,,,,,,,,,,,1.5,2.5,0.5,1.75,4.0
2016-11-09,,,,,,,,,,,,,,,,,,,,,,,,,,,,,,,,,,,,,,,,,1.5,2.5,0.5,1.75,4.0
2016-11-10,,,,,,,,,,,,,,,,,,,,,,,,,,,,,,,,,,,,,,,,,1.5,2.5,0.5,1.75,4.0
2016-11-11,,,,,,,,,,,,,,,,,,,,,,,,,,,,,,,,,,,,,,,,,1.5,2.5,0.5,1.75,4.0
2016-11-12,,,,,,,,,,,,,,,,,,,,,,,,,,,,,,,,,,,,,,,,,1.5,2.5,0.5,1.75,4.0
2016-11-13,,,,,,,,,,,,,,,,,,,,,,,,,,,,,,,,,,,,,,,,,1.5,2.5,0.5,1.75,4.0
2016-11-14,,,,,,,,,,,,,,,,,,,,,,,,,,,,,,,,,,,,,,,,,1.5,2.5,0.5,1.75,4.0
2016-11-15,,,,,,,,,,,,,,,,,,,,,,,,,,,,,,,,,,,,,,,,,1.5,2.5,0.5,1.75,4.0
2016-11-16,,,,,,,,,,,,,,,,,,,,,,,,,,,,,,,,,,,,,,,,,1.5,2.5,0.5,1.75,4.0
2016-11-17,,,,,,,,,,,,,,,,,,,,,,,,,,,,,,,,,,,,,,,,,1.5,2.5,0.5,1.75,4.0
2016-11-18,,,,,,,,,,,,,,,,,,,,,,,,,,,,,,,,,,,,,,,,,1.5,2.5,0.5,1.75,4.0
2016-11-19,,,,,,,,,,,,,,,,,,,,,,,,,,,,,,,,,,,,,,,,,1.5,2.5,0.5,1.75,4.0
2016-11-20,,,,,,,,,,,,,,,,,,,,,,,,,,,,,,,,,,,,,,,,,1.5,2.5,0.5,1.75,4.0
2016-11-21,,,,,,,,,,,,,,,,,,,,,,,,,,,,,,,,,,,,,,,,,1.5,2.5,0.5,1.75,4.0
2016-11-22,,,,,,,,,,,,,,,,,,,,,,,,,,,,,,,,,,,,,,,,,1.5,2.5,0.5,1.75,4.0
2016-11-23,,,,,,,,,,,,,,,,,,,,,,,,,,,,,,,,,,,,,,,,,1.5,2.5,0.5,1.75,4.0
2016-11-24,,,,,,,,,,,,,,,,,,,,,,,,,,,,,,,,,,,,,,,,,1.5,2.5,0.5,1.75,4.0
2016-11-25,,,,,,,,,,,,,,,,,,,,,,,,,,,,,,,,,,,,,,,,,1.5,2.5,0.5,1.75,4.0
2016-11-26,,,,,,,,,,,,,,,,,,,,,,,,,,,,,,,,,,,,,,,,,1.5,2.5,0.5,1.75,4.0
2016-11-27,,,,,,,,,,,,,,,,,,,,,,,,,,,,,,,,,,,,,,,,,1.5,2.5,0.5,1.75,4.0
2016-11-28,,,,,,,,,,,,,,,,,,,,,,,,,,,,,,,,,,,,,,,,,1.5,2.5,0.5,1.75,4.0
2016-11-29,,,,,,,,,,,,,,,,,,,,,,,,,,,,,,,,,,,,,,,,,1.5,2.5,0.5,1.75,4.0
2016-11-30,,,,,,,,,,,,,,,,,,,,,,,,,,,,,,,,,,,,,,,,,1.5,2.5,0.5,1.75,4.0
2016-12-01,,,,,,,,,,,,,,,,,,,,,,,,,,,,,,,,,,,,,,,,,1.5,2.5,0.5,1.75,4.0
2016-12-02,,,,,,,,,,,,,,,,,,,,,,,,,,,,,,,,,,,,,,,,,1.5,2.5,0.5,1.75,4.0
2016-12-03,,,,,,,,,,,,,,,,,,,,,,,,,,,,,,,,,,,,,,,,,1.5,2.5,0.5,1.75,4.0
2016-12-04,,,,,,,,,,,,,,,,,,,,,,,,,,,,,,,,,,,,,,,,,1.5,2.5,0.5,1.75,4.0
2016-12-05,,,,,,,,,,,,,,,,,,,,,,,,,,,,,,,,,,,,,,,,,1.5,2.5,0.5,1.75,4.0
2016-12-06,,,,,,,,,,,,,,,,,,,,,,,,,,,,,,,,,,,,,,,,,1.5,2.5,0.5,1.75,4.0
2016-12-07,,,,,,,,,,,,,,,,,,,,,,,,,,,,,,,,,,,,,,,,,1.5,2.5,0.5,1.75,4.0
2016-12-08,,,,,,,,,,,,,,,,,,,,,,,,,,,,,,,,,,,,,,,,,1.5,2.5,0.5,1.75,4.0
2016-12-09,,,,,,,,,,,,,,,,,,,,,,,,,,,,,,,,,,,,,,,,,1.5,2.5,0.5,1.75,4.0
2016-12-10,,,,,,,,,,,,,,,,,,,,,,,,,,,,,,,,,,,,,,,,,1.5,2.5,0.5,1.75,4.0
2016-12-11,,,,,,,,,,,,,,,,,,,,,,,,,,,,,,,,,,,,,,,,,1.5,2.5,0.5,1.75,4.0
2016-12-12,,,,,,,,,,,,,,,,,,,,,,,,,,,,,,,,,,,,,,,,,1.5,2.5,0.5,1.75,4.0
2016-12-13,,,,,,,,,,,,,,,,,,,,,,,,,,,,,,,,,,,,,,,,,1.5,2.5,0.5,1.75,4.0
2016-12-14,,,,,,,,,,,,,,,,,,,,,,,,,,,,,,,,,,,,,,,,,1.5,2.5,0.5,1.75,4.0
2016-12-15,,,,,,,,,,,,,,,,,,,,,,,,,,,,,,,,,,,,,,,,,1.5,2.5,0.5,1.75,4.0
2016-12-16,,,,,,,,,,,,,,,,,,,,,,,,,,,,,,,,,,,,,,,,,1.5,2.5,0.5,1.75,4.0
2016-12-17,,,,,,,,,,,,,,,,,,,,,,,,,,,,,,,,,,,,,,,,,1.5,2.5,0.5,1.75,4.0
2016-12-18,,,,,,,,,,,,,,,,,,,,,,,,,,,,,,,,,,,,,,,,,1.5,2.5,0.5,1.75,4.0
2016-12-19,,,,,,,,,,,,,,,,,,,,,,,,,,,,,,,,,,,,,,,,,1.5,2.5,0.5,1.75,4.0
2016-12-20,,,,,,,,,,,,,,,,,,,,,,,,,,,,,,,,,,,,,,,,,1.5,2.5,0.5,1.75,4.0
2016-12-21,,,,,,,,,,,,,,,,,,,,,,,,,,,,,,,,,,,,,,,,,1.5,2.5,0.5,1.75,4.0
2016-12-22,,,,,,,,,,,,,,,,,,,,,,,,,,,,,,,,,,,,,,,,,1.5,2.5,0.5,1.75,4.0
2016-12-23,,,,,,,,,,,,,,,,,,,,,,,,,,,,,,,,,,,,,,,,,1.5,2.5,0.5,1.75,4.0
2016-12-24,,,,,,,,,,,,,,,,,,,,,,,,,,,,,,,,,,,,,,,,,1.5,2.5,0.5,1.75,4.0
2016-12-25,,,,,,,,,,,,,,,,,,,,,,,,,,,,,,,,,,,,,,,,,1.5,2.5,0.5,1.75,4.0
2016-12-26,,,,,,,,,,,,,,,,,,,,,,,,,,,,,,,,,,,,,,,,,1.5,2.5,0.5,1.75,4.0
2016-12-27,,,,,,,,,,,,,,,,,,,,,,,,,,,,,,,,,,,,,,,,,1.5,2.5,0.5,1.75,4.0
2016-12-28,,,,,,,,,,,,,,,,,,,,,,,,,,,,,,,,,,,,,,,,,1.5,2.5,0.5,1.75,4.0
2016-12-29,,,,,,,,,,,,,,,,,,,,,,,,,,,,,,,,,,,,,,,,,1.5,2.5,0.5,1.75,4.0
2016-12-30,,,,,,,,,,,,,,,,,,,,,,,,,,,,,,,,,,,,,,,,,1.5,2.5,0.5,1.75,4.0
2016-12-31,,,,,,,,,,,,,,,,,,,,,,,,,,,,,,,,,,,,,,,,,1.5,2.5,0.5,1.75,4.0
2017-01-01,,,,,,,,,,,,,,,,,,,,,,,,,,,,,,,,,,,,,,,,,1.5,2.5,0.5,1.75,4.0
2017-01-02,,,,,,,,,,,,,,,,,,,,,,,,,,,,,,,,,,,,,,,,,1.5,2.5,0.5,1.75,4.0
2017-01-03,,,,,,,,,,,,,,,,,,,,,,,,,,,,,,,,,,,,,,,,,1.5,2.5,0.5,1.75,4.0
2017-01-04,,,,,,,,,,,,,,,,,,,,,,,,,,,,,,,,,,,,,,,,,1.5,2.5,0.5,1.75,4.0
2017-01-05,,,,,,,,,,,,,,,,,,,,,,,,,,,,,,,,,,,,,,,,,1.5,2.5,0.5,1.75,4.0
2017-01-06,,,,,,,,,,,,,,,,,,,,,,,,,,,,,,,,,,,,,,,,,1.5,2.5,0.5,1.75,4.0
2017-01-07,,,,,,,,,,,,,,,,,,,,,,,,,,,,,,,,,,,,,,,,,1.5,2.5,0.5,1.75,4.0
2017-01-08,,,,,,,,,,,,,,,,,,,,,,,,,,,,,,,,,,,,,,,,,1.5,2.5,0.5,1.75,4.0
2017-01-09,,,,,,,,,,,,,,,,,,,,,,,,,,,,,,,,,,,,,,,,,1.5,2.5,0.5,1.75,4.0
2017-01-10,,,,,,,,,,,,,,,,,,,,,,,,,,,,,,,,,,,,,,,,,1.5,2.5,0.5,1.75,4.0
2017-01-11,,,,,,,,,,,,,,,,,,,,,,,,,,,,,,,,,,,,,,,,,1.5,2.5,0.5,1.75,4.0
2017-01-12,,,,,,,,,,,,,,,,,,,,,,,,,,,,,,,,,,,,,,,,,1.5,2.5,0.5,1.75,4.0
2017-01-13,,,,,,,,,,,,,,,,,,,,,,,,,,,,,,,,,,,,,,,,,1.5,2.5,0.5,1.75,4.0
2017-01-14,,,,,,,,,,,,,,,,,,,,,,,,,,,,,,,,,,,,,,,,,1.5,2.5,0.5,1.75,4.0
2017-01-15,,,,,,,,,,,,,,,,,,,,,,,,,,,,,,,,,,,,,,,,,1.5,2.5,0.5,1.75,4.0
2017-01-16,,,,,,,,,,,,,,,,,,,,,,,,,,,,,,,,,,,,,,,,,1.5,2.5,0.5,1.75,4.0
2017-01-17,,,,,,,,,,,,,,,,,,,,,,,,,,,,,,,,,,,,,,,,,1.5,2.5,0.5,1.75,4.0
2017-01-18,,,,,,,,,,,,,,,,,,,,,,,,,,,,,,,,,,,,,,,,,1.5,2.5,0.5,1.75,4.0
2017-01-19,,,,,,,,,,,,,,,,,,,,,,,,,,,,,,,,,,,,,,,,,1.5,2.5,0.5,1.75,4.0
2017-01-20,,,,,,,,,,,,,,,,,,,,,,,,,,,,,,,,,,,,,,,,,1.5,2.5,0.5,1.75,4.0
2017-01-21,,,,,,,,,,,,,,,,,,,,,,,,,,,,,,,,,,,,,,,,,1.5,2.5,0.5,1.75,4.0
2017-01-22,,,,,,,,,,,,,,,,,,,,,,,,,,,,,,,,,,,,,,,,,1.5,2.5,0.5,1.75,4.0
2017-01-23,,,,,,,,,,,,,,,,,,,,,,,,,,,,,,,,,,,,,,,,,1.5,2.5,0.5,1.75,4.0
2017-01-24,,,,,,,,,,,,,,,,,,,,,,,,,,,,,,,,,,,,,,,,,1.5,2.5,0.5,1.75,4.0
2017-01-25,,,,,,,,,,,,,,,,,,,,,,,,,,,,,,,,,,,,,,,,,1.5,2.5,0.5,1.75,4.0
2017-01-26,,,,,,,,,,,,,,,,,,,,,,,,,,,,,,,,,,,,,,,,,1.5,2.5,0.5,1.75,4.0
2017-01-27,,,,,,,,,,,,,,,,,,,,,,,,,,,,,,,,,,,,,,,,,1.5,2.5,0.5,1.75,4.0
2017-01-28,,,,,,,,,,,,,,,,,,,,,,,,,,,,,,,,,,,,,,,,,1.5,2.5,0.5,1.75,4.0
2017-01-29,,,,,,,,,,,,,,,,,,,,,,,,,,,,,,,,,,,,,,,,,1.5,2.5,0.5,1.75,4.0
2017-01-30,,,,,,,,,,,,,,,,,,,,,,,,,,,,,,,,,,,,,,,,,1.5,2.5,0.5,1.75,4.0
2017-01-31,,,,,,,,,,,,,,,,,,,,,,,,,,,,,,,,,,,,,,,,,1.5,2.5,0.5,1.75,4.0
2017-02-01,,,,,,,,,,,,,,,,,,,,,,,,,,,,,,,,,,,,,,,,,1.5,2.5,0.5,1.75,4.0
2017-02-02,,,,,,,,,,,,,,,,,,,,,,,,,,,,,,,,,,,,,,,,,1.5,2.5,0.5,1.75,4.0
2017-02-03,,,,,,,,,,,,,,,,,,,,,,,,,,,,,,,,,,,,,,,,,1.5,2.5,0.5,1.75,4.0
2017-02-04,,,,,,,,,,,,,,,,,,,,,,,,,,,,,,,,,,,,,,,,,1.5,2.5,0.5,1.75,4.0
2017-02-05,,,,,,,,,,,,,,,,,,,,,,,,,,,,,,,,,,,,,,,,,1.5,2.5,0.5,1.75,4.0
2017-02-06,,,,,,,,,,,,,,,,,,,,,,,,,,,,,,,,,,,,,,,,,1.5,2.5,0.5,1.75,4.0
2017-02-07,,,,,,,,,,,,,,,,,,,,,,,,,,,,,,,,,,,,,,,,,1.5,2.5,0.5,1.75,4.0
2017-02-08,,,,,,,,,,,,,,,,,,,,,,,,,,,,,,,,,,,,,,,,,1.5,2.5,0.5,1.75,4.0
2017-02-09,,,,,,,,,,,,,,,,,,,,,,,,,,,,,,,,,,,,,,,,,1.5,2.5,0.5,1.75,4.0
2017-02-10,,,,,,,,,,,,,,,,,,,,,,,,,,,,,,,,,,,,,,,,,1.5,2.5,0.5,1.75,4.0
2017-02-11,,,,,,,,,,,,,,,,,,,,,,,,,,,,,,,,,,,,,,,,,1.5,2.5,0.5,1.75,4.0
2017-02-12,,,,,,,,,,,,,,,,,,,,,,,,,,,,,,,,,,,,,,,,,1.5,2.5,0.5,1.75,4.0
2017-02-13,,,,,,,,,,,,,,,,,,,,,,,,,,,,,,,,,,,,,,,,,1.5,2.5,0.5,1.75,4.0
2017-02-14,,,,,,,,,,,,,,,,,,,,,,,,,,,,,,,,,,,,,,,,,1.5,2.5,0.5,1.75,4.0
2017-02-15,,,,,,,,,,,,,,,,,,,,,,,,,,,,,,,,,,,,,,,,,1.5,2.5,0.5,1.75,4.0
2017-02-16,,,,,,,,,,,,,,,,,,,,,,,,,,,,,,,,,,,,,,,,,1.5,2.5,0.5,1.75,4.0
2017-02-17,,,,,,,,,,,,,,,,,,,,,,,,,,,,,,,,,,,,,,,,,1.5,2.5,0.5,1.75,4.0
2017-02-18,,,,,,,,,,,,,,,,,,,,,,,,,,,,,,,,,,,,,,,,,1.5,2.5,0.5,1.75,4.0
2017-02-19,,,,,,,,,,,,,,,,,,,,,,,,,,,,,,,,,,,,,,,,,1.5,2.5,0.5,1.75,4.0
2017-02-20,,,,,,,,,,,,,,,,,,,,,,,,,,,,,,,,,,,,,,,,,1.5,2.5,0.5,1.75,4.0
2017-02-21,,,,,,,,,,,,,,,,,,,,,,,,,,,,,,,,,,,,,,,,,1.5,2.5,0.5,1.75,4.0
2017-02-22,,,,,,,,,,,,,,,,,,,,,,,,,,,,,,,,,,,,,,,,,1.5,2.5,0.5,1.75,4.0
2017-02-23,,,,,,,,,,,,,,,,,,,,,,,,,,,,,,,,,,,,,,,,,1.5,2.5,0.5,1.75,4.0
2017-02-24,,,,,,,,,,,,,,,,,,,,,,,,,,,,,,,,,,,,,,,,,1.5,2.5,0.5,1.75,4.0
2017-02-25,,,,,,,,,,,,,,,,,,,,,,,,,,,,,,,,,,,,,,,,,1.5,2.5,0.5,1.75,4.0
2017-02-26,,,,,,,,,,,,,,,,,,,,,,,,,,,,,,,,,,,,,,,,,1.5,2.5,0.5,1.75,4.0
2017-02-27,,,,,,,,,,,,,,,,,,,,,,,,,,,,,,,,,,,,,,,,,1.5,2.5,0.5,1.75,4.0
2017-02-28,,,,,,,,,,,,,,,,,,,,,,,,,,,,,,,,,,,,,,,,,1.5,2.5,0.5,1.75,4.0
2017-03-01,,,,,,,,,,,,,,,,,,,,,,,,,,,,,,,,,,,,,,,,,1.5,2.5,0.5,1.75,4.0
2017-03-02,,,,,,,,,,,,,,,,,,,,,,,,,,,,,,,,,,,,,,,,,1.5,2.5,0.5,1.75,4.0
2017-03-03,,,,,,,,,,,,,,,,,,,,,,,,,,,,,,,,,,,,,,,,,1.5,2.5,0.5,1.75,4.0
2017-03-04,,,,,,,,,,,,,,,,,,,,,,,,,,,,,,,,,,,,,,,,,1.5,2.5,0.5,1.75,4.0
2017-03-05,,,,,,,,,,,,,,,,,,,,,,,,,,,,,,,,,,,,,,,,,1.5,2.5,0.5,1.75,4.0
2017-03-06,,,,,,,,,,,,,,,,,,,,,,,,,,,,,,,,,,,,,,,,,1.5,2.5,0.5,1.75,4.0
2017-03-07,,,,,,,,,,,,,,,,,,,,,,,,,,,,,,,,,,,,,,,,,1.5,2.5,0.5,1.75,4.0
2017-03-08,,,,,,,,,,,,,,,,,,,,,,,,,,,,,,,,,,,,,,,,,1.5,2.5,0.5,1.75,4.0
2017-03-09,,,,,,,,,,,,,,,,,,,,,,,,,,,,,,,,,,,,,,,,,1.5,2.5,0.5,1.75,4.0
2017-03-10,,,,,,,,,,,,,,,,,,,,,,,,,,,,,,,,,,,,,,,,,1.5,2.5,0.5,1.75,4.0
2017-03-11,,,,,,,,,,,,,,,,,,,,,,,,,,,,,,,,,,,,,,,,,1.5,2.5,0.5,1.75,4.0
2017-03-12,,,,,,,,,,,,,,,,,,,,,,,,,,,,,,,,,,,,,,,,,1.5,2.5,0.5,1.75,4.0
2017-03-13,,,,,,,,,,,,,,,,,,,,,,,,,,,,,,,,,,,,,,,,,1.5,2.5,0.5,1.75,4.0
2017-03-14,,,,,,,,,,,,,,,,,,,,,,,,,,,,,,,,,,,,,,,,,1.5,2.5,0.5,1.75,4.0
2017-03-15,,,,,,,,,,,,,,,,,,,,,,,,,,,,,,,,,,,,,,,,,1.5,2.5,0.5,1.75,4.0
2017-03-16,,,,,,,,,,,,,,,,,,,,,,,,,,,,,,,,,,,,,,,,,1.5,2.5,0.5,1.75,4.0
2017-03-17,,,,,,,,,,,,,,,,,,,,,,,,,,,,,,,,,,,,,,,,,1.5,2.5,0.5,1.75,4.0
2017-03-18,,,,,,,,,,,,,,,,,,,,,,,,,,,,,,,,,,,,,,,,,1.5,2.5,0.5,1.75,4.0
2017-03-19,,,,,,,,,,,,,,,,,,,,,,,,,,,,,,,,,,,,,,,,,1.5,2.5,0.5,1.75,4.0
2017-03-20,,,,,,,,,,,,,,,,,,,,,,,,,,,,,,,,,,,,,,,,,1.5,2.5,0.5,1.75,4.0
2017-03-21,,,,,,,,,,,,,,,,,,,,,,,,,,,,,,,,,,,,,,,,,1.5,2.5,0.5,1.75,4.0
2017-03-22,,,,,,,,,,,,,,,,,,,,,,,,,,,,,,,,,,,,,,,,,1.5,2.5,0.5,1.75,4.0
2017-03-23,,,,,,,,,,,,,,,,,,,,,,,,,,,,,,,,,,,,,,,,,1.5,2.5,0.5,1.75,4.0
2017-03-24,,,,,,,,,,,,,,,,,,,,,,,,,,,,,,,,,,,,,,,,,1.5,2.5,0.5,1.75,4.0
2017-03-25,,,,,,,,,,,,,,,,,,,,,,,,,,,,,,,,,,,,,,,,,1.5,2.5,0.5,1.75,4.0
2017-03-26,,,,,,,,,,,,,,,,,,,,,,,,,,,,,,,,,,,,,,,,,1.5,2.5,0.5,1.75,4.0
2017-03-27,,,,,,,,,,,,,,,,,,,,,,,,,,,,,,,,,,,,,,,,,1.5,2.5,0.5,1.75,4.0
2017-03-28,,,,,,,,,,,,,,,,,,,,,,,,,,,,,,,,,,,,,,,,,1.5,2.5,0.5,1.75,4.0
2017-03-29,,,,,,,,,,,,,,,,,,,,,,,,,,,,,,,,,,,,,,,,,1.5,2.5,0.5,1.75,4.0
2017-03-30,,,,,,,,,,,,,,,,,,,,,,,,,,,,,,,,,,,,,,,,,1.5,2.5,0.5,1.75,4.0
2017-03-31,,,,,,,,,,,,,,,,,,,,,,,,,,,,,,,,,,,,,,,,,1.5,2.5,0.5,1.75,4.0
2017-04-01,,,,,,,,,,,,,,,,,,,,,,,,,,,,,,,,,,,,,,,,,1.5,2.5,0.5,1.75,4.0
2017-04-02,,,,,,,,,,,,,,,,,,,,,,,,,,,,,,,,,,,,,,,,,1.5,2.5,0.5,1.75,4.0
2017-04-03,,,,,,,,,,,,,,,,,,,,,,,,,,,,,,,,,,,,,,,,,1.5,2.5,0.5,1.75,4.0
2017-04-04,,,,,,,,,,,,,,,,,,,,,,,,,,,,,,,,,,,,,,,,,1.5,2.5,0.5,1.75,4.0
2017-04-05,,,,,,,,,,,,,,,,,,,,,,,,,,,,,,,,,,,,,,,,,1.5,2.5,0.5,1.75,4.0
2017-04-06,,,,,,,,,,,,,,,,,,,,,,,,,,,,,,,,,,,,,,,,,1.5,2.5,0.5,1.75,4.0
2017-04-07,,,,,,,,,,,,,,,,,,,,,,,,,,,,,,,,,,,,,,,,,1.5,2.5,0.5,1.75,4.0
2017-04-08,,,,,,,,,,,,,,,,,,,,,,,,,,,,,,,,,,,,,,,,,1.5,2.5,0.5,1.75,4.0
2017-04-09,,,,,,,,,,,,,,,,,,,,,,,,,,,,,,,,,,,,,,,,,1.5,2.5,0.5,1.75,4.0
2017-04-10,,,,,,,,,,,,,,,,,,,,,,,,,,,,,,,,,,,,,,,,,1.5,2.5,0.5,1.75,4.0
2017-04-11,,,,,,,,,,,,,,,,,,,,,,,,,,,,,,,,,,,,,,,,,1.5,2.5,0.5,1.75,4.0
2017-04-12,,,,,,,,,,,,,,,,,,,,,,,,,,,,,,,,,,,,,,,,,1.5,2.5,0.5,1.75,4.0
2017-04-13,,,,,,,,,,,,,,,,,,,,,,,,,,,,,,,,,,,,,,,,,1.5,2.5,0.5,1.75,4.0
2017-04-14,,,,,,,,,,,,,,,,,,,,,,,,,,,,,,,,,,,,,,,,,1.5,2.5,0.5,1.75,4.0
2017-04-15,,,,,,,,,,,,,,,,,,,,,,,,,,,,,,,,,,,,,,,,,1.5,2.5,0.5,1.75,4.0
2017-04-16,,,,,,,,,,,,,,,,,,,,,,,,,,,,,,,,,,,,,,,,,1.5,2.5,0.5,1.75,4.0
2017-04-17,,,,,,,,,,,,,,,,,,,,,,,,,,,,,,,,,,,,,,,,,1.5,2.5,0.5,1.75,4.0
2017-04-18,,,,,,,,,,,,,,,,,,,,,,,,,,,,,,,,,,,,,,,,,1.5,2.5,0.5,1.75,4.0
2017-04-19,,,,,,,,,,,,,,,,,,,,,,,,,,,,,,,,,,,,,,,,,1.5,2.5,0.5,1.75,4.0
2017-04-20,,,,,,,,,,,,,,,,,,,,,,,,,,,,,,,,,,,,,,,,,1.5,2.5,0.5,1.75,4.0
2017-04-21,,,,,,,,,,,,,,,,,,,,,,,,,,,,,,,,,,,,,,,,,1.5,2.5,0.5,1.75,4.0
2017-04-22,,,,,,,,,,,,,,,,,,,,,,,,,,,,,,,,,,,,,,,,,1.5,2.5,0.5,1.75,4.0
2017-04-23,,,,,,,,,,,,,,,,,,,,,,,,,,,,,,,,,,,,,,,,,1.5,2.5,0.5,1.75,4.0
2017-04-24,,,,,,,,,,,,,,,,,,,,,,,,,,,,,,,,,,,,,,,,,1.5,2.5,0.5,1.75,4.0
2017-04-25,,,,,,,,,,,,,,,,,,,,,,,,,,,,,,,,,,,,,,,,,1.5,2.5,0.5,1.75,4.0
2017-04-26,,,,,,,,,,,,,,,,,,,,,,,,,,,,,,,,,,,,,,,,,1.5,2.5,0.5,1.75,4.0
2017-04-27,,,,,,,,,,,,,,,,,,,,,,,,,,,,,,,,,,,,,,,,,1.5,2.5,0.5,1.75,4.0
2017-04-28,,,,,,,,,,,,,,,,,,,,,,,,,,,,,,,,,,,,,,,,,1.5,2.5,0.5,1.75,4.0
2017-04-29,,,,,,,,,,,,,,,,,,,,,,,,,,,,,,,,,,,,,,,,,1.5,2.5,0.5,1.75,4.0
2017-04-30,,,,,,,,,,,,,,,,,,,,,,,,,,,,,,,,,,,,,,,,,1.5,2.5,0.5,1.75,4.0
2017-05-01,,,,,,,,,,,,,,,,,,,,,,,,,,,,,,,,,,,,,,,,,1.5,2.5,0.5,1.75,4.0
2017-05-02,,,,,,,,,,,,,,,,,,,,,,,,,,,,,,,,,,,,,,,,,1.5,2.5,0.5,1.75,4.0
2017-05-03,,,,,,,,,,,,,,,,,,,,,,,,,,,,,,,,,,,,,,,,,1.5,2.5,0.5,1.75,4.0
2017-05-04,,,,,,,,,,,,,,,,,,,,,,,,,,,,,,,,,,,,,,,,,1.5,2.5,0.5,1.75,4.0
2017-05-05,,,,,,,,,,,,,,,,,,,,,,,,,,,,,,,,,,,,,,,,,1.5,2.5,0.5,1.75,4.0
2017-05-06,,,,,,,,,,,,,,,,,,,,,,,,,,,,,,,,,,,,,,,,,1.5,2.5,0.5,1.75,4.0
2017-05-07,,,,,,,,,,,,,,,,,,,,,,,,,,,,,,,,,,,,,,,,,1.5,2.5,0.5,1.75,4.0
2017-05-08,,,,,,,,,,,,,,,,,,,,,,,,,,,,,,,,,,,,,,,,,1.5,2.5,0.5,1.75,4.0
2017-05-09,,,,,,,,,,,,,,,,,,,,,,,,,,,,,,,,,,,,,,,,,1.5,2.5,0.5,1.75,4.0
2017-05-10,,,,,,,,,,,,,,,,,,,,,,,,,,,,,,,,,,,,,,,,,1.5,2.5,0.5,1.75,4.0
2017-05-11,,,,,,,,,,,,,,,,,,,,,,,,,,,,,,,,,,,,,,,,,1.5,2.5,0.5,1.75,4.0
2017-05-12,,,,,,,,,,,,,,,,,,,,,,,,,,,,,,,,,,,,,,,,,1.5,2.5,0.5,1.75,4.0
2017-05-13,,,,,,,,,,,,,,,,,,,,,,,,,,,,,,,,,,,,,,,,,1.5,2.5,0.5,1.75,4.0
2017-05-14,,,,,,,,,,,,,,,,,,,,,,,,,,,,,,,,,,,,,,,,,1.5,2.5,0.5,1.75,4.0
2017-05-15,,,,,,,,,,,,,,,,,,,,,,,,,,,,,,,,,,,,,,,,,1.5,2.5,0.5,1.75,4.0
2017-05-16,,,,,,,,,,,,,,,,,,,,,,,,,,,,,,,,,,,,,,,,,1.5,2.5,0.5,1.75,4.0
2017-05-17,,,,,,,,,,,,,,,,,,,,,,,,,,,,,,,,,,,,,,,,,1.5,2.5,0.5,1.75,4.0
2017-05-18,,,,,,,,,,,,,,,,,,,,,,,,,,,,,,,,,,,,,,,,,1.5,2.5,0.5,1.75,4.0
2017-05-19,,,,,,,,,,,,,,,,,,,,,,,,,,,,,,,,,,,,,,,,,1.5,2.5,0.5,1.75,4.0
2017-05-20,,,,,,,,,,,,,,,,,,,,,,,,,,,,,,,,,,,,,,,,,1.5,2.5,0.5,1.75,4.0
2017-05-21,,,,,,,,,,,,,,,,,,,,,,,,,,,,,,,,,,,,,,,,,1.5,2.5,0.5,1.75,4.0
2017-05-22,,,,,,,,,,,,,,,,,,,,,,,,,,,,,,,,,,,,,,,,,1.5,2.5,0.5,1.75,4.0
2017-05-23,,,,,,,,,,,,,,,,,,,,,,,,,,,,,,,,,,,,,,,,,1.5,2.5,0.5,1.75,4.0
2017-05-24,,,,,,,,,,,,,,,,,,,,,,,,,,,,,,,,,,,,,,,,,1.5,2.5,0.5,1.75,4.0
2017-05-25,,,,,,,,,,,,,,,,,,,,,,,,,,,,,,,,,,,,,,,,,1.5,2.5,0.5,1.75,4.0
2017-05-26,,,,,,,,,,,,,,,,,,,,,,,,,,,,,,,,,,,,,,,,,1.5,2.5,0.5,1.75,4.0
2017-05-27,,,,,,,,,,,,,,,,,,,,,,,,,,,,,,,,,,,,,,,,,1.5,2.5,0.5,1.75,4.0
2017-05-28,,,,,,,,,,,,,,,,,,,,,,,,,,,,,,,,,,,,,,,,,1.5,2.5,0.5,1.75,4.0
2017-05-29,,,,,,,,,,,,,,,,,,,,,,,,,,,,,,,,,,,,,,,,,1.5,2.5,0.5,1.75,4.0
2017-05-30,,,,,,,,,,,,,,,,,,,,,,,,,,,,,,,,,,,,,,,,,1.5,2.5,0.5,1.75,4.0
2017-05-31,,,,,,,,,,,,,,,,,,,,,,,,,,,,,,,,,,,,,,,,,1.5,2.5,0.5,1.75,4.0
2017-06-01,,,,,,,,,,,,,,,,,,,,,,,,,,,,,,,,,,,,,,,,,1.5,2.5,0.5,1.75,4.0
2017-06-02,,,,,,,,,,,,,,,,,,,,,,,,,,,,,,,,,,,,,,,,,1.5,2.5,0.5,1.75,4.0
2017-06-03,,,,,,,,,,,,,,,,,,,,,,,,,,,,,,,,,,,,,,,,,1.5,2.5,0.5,1.75,4.0
2017-06-04,,,,,,,,,,,,,,,,,,,,,,,,,,,,,,,,,,,,,,,,,1.5,2.5,0.5,1.75,4.0
2017-06-05,,,,,,,,,,,,,,,,,,,,,,,,,,,,,,,,,,,,,,,,,1.5,2.5,0.5,1.75,4.0
2017-06-06,,,,,,,,,,,,,,,,,,,,,,,,,,,,,,,,,,,,,,,,,1.5,2.5,0.5,1.75,4.0
2017-06-07,,,,,,,,,,,,,,,,,,,,,,,,,,,,,,,,,,,,,,,,,1.5,2.5,0.5,1.75,4.0
2017-06-08,,,,,,,,,,,,,,,,,,,,,,,,,,,,,,,,,,,,,,,,,1.5,2.5,0.5,1.75,4.0
2017-06-09,,,,,,,,,,,,,,,,,,,,,,,,,,,,,,,,,,,,,,,,,1.5,2.5,0.5,1.75,4.0
2017-06-10,,,,,,,,,,,,,,,,,,,,,,,,,,,,,,,,,,,,,,,,,1.5,2.5,0.5,1.75,4.0
2017-06-11,,,,,,,,,,,,,,,,,,,,,,,,,,,,,,,,,,,,,,,,,1.5,2.5,0.5,1.75,4.0
2017-06-12,,,,,,,,,,,,,,,,,,,,,,,,,,,,,,,,,,,,,,,,,1.5,2.5,0.5,1.75,4.0
2017-06-13,,,,,,,,,,,,,,,,,,,,,,,,,,,,,,,,,,,,,,,,,1.5,2.5,0.5,1.75,4.0
2017-06-14,,,,,,,,,,,,,,,,,,,,,,,,,,,,,,,,,,,,,,,,,1.5,2.5,0.5,1.75,4.0
2017-06-15,,,,,,,,,,,,,,,,,,,,,,,,,,,,,,,,,,,,,,,,,1.5,2.5,0.5,1.75,4.0
2017-06-16,,,,,,,,,,,,,,,,,,,,,,,,,,,,,,,,,,,,,,,,,1.5,2.5,0.5,1.75,4.0
2017-06-17,,,,,,,,,,,,,,,,,,,,,,,,,,,,,,,,,,,,,,,,,1.5,2.5,0.5,1.75,4.0
2017-06-18,,,,,,,,,,,,,,,,,,,,,,,,,,,,,,,,,,,,,,,,,1.5,2.5,0.5,1.75,4.0
2017-06-19,,,,,,,,,,,,,,,,,,,,,,,,,,,,,,,,,,,,,,,,,1.5,2.5,0.5,1.75,4.0
2017-06-20,,,,,,,,,,,,,,,,,,,,,,,,,,,,,,,,,,,,,,,,,1.5,2.5,0.5,1.75,4.0
2017-06-21,,,,,,,,,,,,,,,,,,,,,,,,,,,,,,,,,,,,,,,,,1.5,2.5,0.5,1.75,4.0
2017-06-22,,,,,,,,,,,,,,,,,,,,,,,,,,,,,,,,,,,,,,,,,1.5,2.5,0.5,1.75,4.0
2017-06-23,,,,,,,,,,,,,,,,,,,,,,,,,,,,,,,,,,,,,,,,,1.5,2.5,0.5,1.75,4.0
2017-06-24,,,,,,,,,,,,,,,,,,,,,,,,,,,,,,,,,,,,,,,,,1.5,2.5,0.5,1.75,4.0
2017-06-25,,,,,,,,,,,,,,,,,,,,,,,,,,,,,,,,,,,,,,,,,1.5,2.5,0.5,1.75,4.0
2017-06-26,,,,,,,,,,,,,,,,,,,,,,,,,,,,,,,,,,,,,,,,,1.5,2.5,0.5,1.75,4.0
2017-06-27,,,,,,,,,,,,,,,,,,,,,,,,,,,,,,,,,,,,,,,,,1.5,2.5,0.5,1.75,4.0
2017-06-28,,,,,,,,,,,,,,,,,,,,,,,,,,,,,,,,,,,,,,,,,1.5,2.5,0.5,1.75,4.0
2017-06-29,,,,,,,,,,,,,,,,,,,,,,,,,,,,,,,,,,,,,,,,,1.5,2.5,0.5,1.75,4.0
2017-06-30,,,,,,,,,,,,,,,,,,,,,,,,,,,,,,,,,,,,,,,,,1.5,2.5,0.5,1.75,4.0
2017-07-01,,,,,,,,,,,,,,,,,,,,,,,,,,,,,,,,,,,,,,,,,1.5,2.5,0.5,1.75,4.0
2017-07-02,,,,,,,,,,,,,,,,,,,,,,,,,,,,,,,,,,,,,,,,,1.5,2.5,0.5,1.75,4.0
2017-07-03,,,,,,,,,,,,,,,,,,,,,,,,,,,,,,,,,,,,,,,,,1.5,2.5,0.5,1.75,4.0
2017-07-04,,,,,,,,,,,,,,,,,,,,,,,,,,,,,,,,,,,,,,,,,1.5,2.5,0.5,1.75,4.0
2017-07-05,,,,,,,,,,,,,,,,,,,,,,,,,,,,,,,,,,,,,,,,,1.5,2.5,0.5,1.75,4.0
2017-07-06,,,,,,,,,,,,,,,,,,,,,,,,,,,,,,,,,,,,,,,,,1.5,2.5,0.5,1.75,4.0
2017-07-07,,,,,,,,,,,,,,,,,,,,,,,,,,,,,,,,,,,,,,,,,1.5,2.5,0.5,1.75,4.0
2017-07-08,,,,,,,,,,,,,,,,,,,,,,,,,,,,,,,,,,,,,,,,,1.5,2.5,0.5,1.75,4.0
2017-07-09,,,,,,,,,,,,,,,,,,,,,,,,,,,,,,,,,,,,,,,,,1.5,2.5,0.5,1.75,4.0
2017-07-10,,,,,,,,,,,,,,,,,,,,,,,,,,,,,,,,,,,,,,,,,1.5,2.5,0.5,1.75,4.0
2017-07-11,,,,,,,,,,,,,,,,,,,,,,,,,,,,,,,,,,,,,,,,,1.5,2.5,0.5,1.75,4.0
2017-07-12,,,,,,,,,,,,,,,,,,,,,,,,,,,,,,,,,,,,,,,,,1.5,2.5,0.5,1.75,4.0
2017-07-13,,,,,,,,,,,,,,,,,,,,,,,,,,,,,,,,,,,,,,,,,1.5,2.5,0.5,1.75,4.0
2017-07-14,,,,,,,,,,,,,,,,,,,,,,,,,,,,,,,,,,,,,,,,,1.5,2.5,0.5,1.75,4.0
2017-07-15,,,,,,,,,,,,,,,,,,,,,,,,,,,,,,,,,,,,,,,,,1.5,2.5,0.5,1.75,4.0
2017-07-16,,,,,,,,,,,,,,,,,,,,,,,,,,,,,,,,,,,,,,,,,1.5,2.5,0.5,1.75,4.0
2017-07-17,,,,,,,,,,,,,,,,,,,,,,,,,,,,,,,,,,,,,,,,,1.5,2.5,0.5,1.75,4.0
2017-07-18,,,,,,,,,,,,,,,,,,,,,,,,,,,,,,,,,,,,,,,,,1.5,2.5,0.5,1.75,4.0
2017-07-19,,,,,,,,,,,,,,,,,,,,,,,,,,,,,,,,,,,,,,,,,1.5,2.5,0.5,1.75,4.0
2017-07-20,,,,,,,,,,,,,,,,,,,,,,,,,,,,,,,,,,,,,,,,,1.5,2.5,0.5,1.75,4.0
2017-07-21,,,,,,,,,,,,,,,,,,,,,,,,,,,,,,,,,,,,,,,,,1.5,2.5,0.5,1.75,4.0
2017-07-22,,,,,,,,,,,,,,,,,,,,,,,,,,,,,,,,,,,,,,,,,1.5,2.5,0.5,1.75,4.0
2017-07-23,,,,,,,,,,,,,,,,,,,,,,,,,,,,,,,,,,,,,,,,,1.5,2.5,0.5,1.75,4.0
2017-07-24,,,,,,,,,,,,,,,,,,,,,,,,,,,,,,,,,,,,,,,,,1.5,2.5,0.5,1.75,4.0
2017-07-25,,,,,,,,,,,,,,,,,,,,,,,,,,,,,,,,,,,,,,,,,1.5,2.5,0.5,1.75,4.0
2017-07-26,,,,,,,,,,,,,,,,,,,,,,,,,,,,,,,,,,,,,,,,,1.5,2.5,0.5,1.75,4.0
2017-07-27,,,,,,,,,,,,,,,,,,,,,,,,,,,,,,,,,,,,,,,,,1.5,2.5,0.5,1.75,4.0
2017-07-28,,,,,,,,,,,,,,,,,,,,,,,,,,,,,,,,,,,,,,,,,1.5,2.5,0.5,1.75,4.0
2017-07-29,,,,,,,,,,,,,,,,,,,,,,,,,,,,,,,,,,,,,,,,,1.5,2.5,0.5,1.75,4.0
2017-07-30,,,,,,,,,,,,,,,,,,,,,,,,,,,,,,,,,,,,,,,,,1.5,2.5,0.5,1.75,4.0
2017-07-31,,,,,,,,,,,,,,,,,,,,,,,,,,,,,,,,,,,,,,,,,1.5,2.5,0.5,1.75,4.0
2017-08-01,,,,,,,,,,,,,,,,,,,,,,,,,,,,,,,,,,,,,,,,,1.5,2.5,0.5,1.75,4.0
2017-08-02,,,,,,,,,,,,,,,,,,,,,,,,,,,,,,,,,,,,,,,,,1.5,2.5,0.5,1.75,4.0
2017-08-03,,,,,,,,,,,,,,,,,,,,,,,,,,,,,,,,,,,,,,,,,1.5,2.5,0.5,1.75,4.0
2017-08-04,,,,,,,,,,,,,,,,,,,,,,,,,,,,,,,,,,,,,,,,,1.5,2.5,0.5,1.75,4.0
2017-08-05,,,,,,,,,,,,,,,,,,,,,,,,,,,,,,,,,,,,,,,,,1.5,2.5,0.5,1.75,4.0
2017-08-06,,,,,,,,,,,,,,,,,,,,,,,,,,,,,,,,,,,,,,,,,1.5,2.5,0.5,1.75,4.0
2017-08-07,,,,,,,,,,,,,,,,,,,,,,,,,,,,,,,,,,,,,,,,,1.5,2.5,0.5,1.75,4.0
2017-08-08,,,,,,,,,,,,,,,,,,,,,,,,,,,,,,,,,,,,,,,,,1.5,2.5,0.5,1.75,4.0
2017-08-09,,,,,,,,,,,,,,,,,,,,,,,,,,,,,,,,,,,,,,,,,1.5,2.5,0.5,1.75,4.0
2017-08-10,,,,,,,,,,,,,,,,,,,,,,,,,,,,,,,,,,,,,,,,,1.5,2.5,0.5,1.75,4.0
2017-08-11,,,,,,,,,,,,,,,,,,,,,,,,,,,,,,,,,,,,,,,,,1.5,2.5,0.5,1.75,4.0
2017-08-12,,,,,,,,,,,,,,,,,,,,,,,,,,,,,,,,,,,,,,,,,1.5,2.5,0.5,1.75,4.0
2017-08-13,,,,,,,,,,,,,,,,,,,,,,,,,,,,,,,,,,,,,,,,,1.5,2.5,0.5,1.75,4.0
2017-08-14,,,,,,,,,,,,,,,,,,,,,,,,,,,,,,,,,,,,,,,,,1.5,2.5,0.5,1.75,4.0
2017-08-15,,,,,,,,,,,,,,,,,,,,,,,,,,,,,,,,,,,,,,,,,1.5,2.5,0.5,1.75,4.0
2017-08-16,,,,,,,,,,,,,,,,,,,,,,,,,,,,,,,,,,,,,,,,,1.5,2.5,0.5,1.75,4.0
2017-08-17,,,,,,,,,,,,,,,,,,,,,,,,,,,,,,,,,,,,,,,,,1.5,2.5,0.5,1.75,4.0
2017-08-18,,,,,,,,,,,,,,,,,,,,,,,,,,,,,,,,,,,,,,,,,1.5,2.5,0.5,1.75,4.0
2017-08-19,,,,,,,,,,,,,,,,,,,,,,,,,,,,,,,,,,,,,,,,,1.5,2.5,0.5,1.75,4.0
2017-08-20,,,,,,,,,,,,,,,,,,,,,,,,,,,,,,,,,,,,,,,,,1.5,2.5,0.5,1.75,4.0
2017-08-21,,,,,,,,,,,,,,,,,,,,,,,,,,,,,,,,,,,,,,,,,1.5,2.5,0.5,1.75,4.0
2017-08-22,,,,,,,,,,,,,,,,,,,,,,,,,,,,,,,,,,,,,,,,,1.5,2.5,0.5,1.75,4.0
2017-08-23,,,,,,,,,,,,,,,,,,,,,,,,,,,,,,,,,,,,,,,,,1.5,2.5,0.5,1.75,4.0
2017-08-24,,,,,,,,,,,,,,,,,,,,,,,,,,,,,,,,,,,,,,,,,1.5,2.5,0.5,1.75,4.0
2017-08-25,,,,,,,,,,,,,,,,,,,,,,,,,,,,,,,,,,,,,,,,,1.5,2.5,0.5,1.75,4.0
2017-08-26,,,,,,,,,,,,,,,,,,,,,,,,,,,,,,,,,,,,,,,,,1.5,2.5,0.5,1.75,4.0
2017-08-27,,,,,,,,,,,,,,,,,,,,,,,,,,,,,,,,,,,,,,,,,1.5,2.5,0.5,1.75,4.0
2017-08-28,,,,,,,,,,,,,,,,,,,,,,,,,,,,,,,,,,,,,,,,,1.5,2.5,0.5,1.75,4.0
2017-08-29,,,,,,,,,,,,,,,,,,,,,,,,,,,,,,,,,,,,,,,,,1.5,2.5,0.5,1.75,4.0
2017-08-30,,,,,,,,,,,,,,,,,,,,,,,,,,,,,,,,,,,,,,,,,1.5,2.5,0.5,1.75,4.0
2017-08-31,,,,,,,,,,,,,,,,,,,,,,,,,,,,,,,,,,,,,,,,,1.5,2.5,0.5,1.75,4.0
2017-09-01,,,,,,,,,,,,,,,,,,,,,,,,,,,,,,,,,,,,,,,,,1.5,2.5,0.5,1.75,4.0
2017-09-02,,,,,,,,,,,,,,,,,,,,,,,,,,,,,,,,,,,,,,,,,1.5,2.5,0.5,1.75,4.0
2017-09-03,,,,,,,,,,,,,,,,,,,,,,,,,,,,,,,,,,,,,,,,,1.5,2.5,0.5,1.75,4.0
2017-09-04,,,,,,,,,,,,,,,,,,,,,,,,,,,,,,,,,,,,,,,,,1.5,2.5,0.5,1.75,4.0
2017-09-05,,,,,,,,,,,,,,,,,,,,,,,,,,,,,,,,,,,,,,,,,1.5,2.5,0.5,1.75,4.0
2017-09-06,,,,,,,,,,,,,,,,,,,,,,,,,,,,,,,,,,,,,,,,,1.5,2.5,0.5,1.75,4.0
2017-09-07,,,,,,,,,,,,,,,,,,,,,,,,,,,,,,,,,,,,,,,,,1.5,2.5,0.5,1.75,4.0
2017-09-08,,,,,,,,,,,,,,,,,,,,,,,,,,,,,,,,,,,,,,,,,1.5,2.5,0.5,1.75,4.0
2017-09-09,,,,,,,,,,,,,,,,,,,,,,,,,,,,,,,,,,,,,,,,,1.5,2.5,0.5,1.75,4.0
2017-09-10,,,,,,,,,,,,,,,,,,,,,,,,,,,,,,,,,,,,,,,,,1.5,2.5,0.5,1.75,4.0
2017-09-11,,,,,,,,,,,,,,,,,,,,,,,,,,,,,,,,,,,,,,,,,1.5,2.5,0.5,1.75,4.0
2017-09-12,,,,,,,,,,,,,,,,,,,,,,,,,,,,,,,,,,,,,,,,,1.5,2.5,0.5,1.75,4.0
2017-09-13,,,,,,,,,,,,,,,,,,,,,,,,,,,,,,,,,,,,,,,,,1.5,2.5,0.5,1.75,4.0
2017-09-14,,,,,,,,,,,,,,,,,,,,,,,,,,,,,,,,,,,,,,,,,1.5,2.5,0.5,1.75,4.0
2017-09-15,,,,,,,,,,,,,,,,,,,,,,,,,,,,,,,,,,,,,,,,,1.5,2.5,0.5,1.75,4.0
2017-09-16,,,,,,,,,,,,,,,,,,,,,,,,,,,,,,,,,,,,,,,,,1.5,2.5,0.5,1.75,4.0
2017-09-17,,,,,,,,,,,,,,,,,,,,,,,,,,,,,,,,,,,,,,,,,1.5,2.5,0.5,1.75,4.0
2017-09-18,,,,,,,,,,,,,,,,,,,,,,,,,,,,,,,,,,,,,,,,,1.5,2.5,0.5,1.75,4.0
2017-09-19,,,,,,,,,,,,,,,,,,,,,,,,,,,,,,,,,,,,,,,,,1.5,2.5,0.5,1.75,4.0
2017-09-20,,,,,,,,,,,,,,,,,,,,,,,,,,,,,,,,,,,,,,,,,1.5,2.5,0.5,1.75,4.0
2017-09-21,,,,,,,,,,,,,,,,,,,,,,,,,,,,,,,,,,,,,,,,,1.5,2.5,0.5,1.75,4.0
2017-09-22,,,,,,,,,,,,,,,,,,,,,,,,,,,,,,,,,,,,,,,,,1.5,2.5,0.5,1.75,4.0
2017-09-23,,,,,,,,,,,,,,,,,,,,,,,,,,,,,,,,,,,,,,,,,1.5,2.5,0.5,1.75,4.0
2017-09-24,,,,,,,,,,,,,,,,,,,,,,,,,,,,,,,,,,,,,,,,,1.5,2.5,0.5,1.75,4.0
2017-09-25,,,,,,,,,,,,,,,,,,,,,,,,,,,,,,,,,,,,,,,,,1.5,2.5,0.5,1.75,4.0
2017-09-26,,,,,,,,,,,,,,,,,,,,,,,,,,,,,,,,,,,,,,,,,1.5,2.5,0.5,1.75,4.0
2017-09-27,,,,,,,,,,,,,,,,,,,,,,,,,,,,,,,,,,,,,,,,,1.5,2.5,0.5,1.75,4.0
2017-09-28,,,,,,,,,,,,,,,,,,,,,,,,,,,,,,,,,,,,,,,,,1.5,2.5,0.5,1.75,4.0
2017-09-29,,,,,,,,,,,,,,,,,,,,,,,,,,,,,,,,,,,,,,,,,1.5,2.5,0.5,1.75,4.0
2017-09-30,,,,,,,,,,,,,,,,,,,,,,,,,,,,,,,,,,,,,,,,,1.5,2.5,0.5,1.75,4.0
2017-10-01,,,,,,,,,,,,,,,,,,,,,,,,,,,,,,,,,,,,,,,,,1.5,2.5,0.5,1.75,4.0
2017-10-02,,,,,,,,,,,,,,,,,,,,,,,,,,,,,,,,,,,,,,,,,1.5,2.5,0.5,1.75,4.0
2017-10-03,,,,,,,,,,,,,,,,,,,,,,,,,,,,,,,,,,,,,,,,,1.5,2.5,0.5,1.75,4.0
2017-10-04,,,,,,,,,,,,,,,,,,,,,,,,,,,,,,,,,,,,,,,,,1.5,2.5,0.5,1.75,4.0
2017-10-05,,,,,,,,,,,,,,,,,,,,,,,,,,,,,,,,,,,,,,,,,1.5,2.5,0.5,1.75,4.0
2017-10-06,,,,,,,,,,,,,,,,,,,,,,,,,,,,,,,,,,,,,,,,,1.5,2.5,0.5,1.75,4.0
2017-10-07,,,,,,,,,,,,,,,,,,,,,,,,,,,,,,,,,,,,,,,,,1.5,2.5,0.5,1.75,4.0
2017-10-08,,,,,,,,,,,,,,,,,,,,,,,,,,,,,,,,,,,,,,,,,1.5,2.5,0.5,1.75,4.0
2017-10-09,,,,,,,,,,,,,,,,,,,,,,,,,,,,,,,,,,,,,,,,,1.5,2.5,0.5,1.75,4.0
2017-10-10,,,,,,,,,,,,,,,,,,,,,,,,,,,,,,,,,,,,,,,,,1.5,2.5,0.5,1.75,4.0
2017-10-11,,,,,,,,,,,,,,,,,,,,,,,,,,,,,,,,,,,,,,,,,1.5,2.5,0.5,1.75,4.0
2017-10-12,,,,,,,,,,,,,,,,,,,,,,,,,,,,,,,,,,,,,,,,,1.5,2.5,0.5,1.75,4.0
2017-10-13,,,,,,,,,,,,,,,,,,,,,,,,,,,,,,,,,,,,,,,,,1.5,2.5,0.5,1.75,4.0
2017-10-14,,,,,,,,,,,,,,,,,,,,,,,,,,,,,,,,,,,,,,,,,1.5,2.5,0.5,1.75,4.0
2017-10-15,,,,,,,,,,,,,,,,,,,,,,,,,,,,,,,,,,,,,,,,,1.5,2.5,0.5,1.75,4.0
2017-10-16,,,,,,,,,,,,,,,,,,,,,,,,,,,,,,,,,,,,,,,,,1.5,2.5,0.5,1.75,4.0
2017-10-17,,,,,,,,,,,,,,,,,,,,,,,,,,,,,,,,,,,,,,,,,1.5,2.5,0.5,1.75,4.0
2017-10-18,,,,,,,,,,,,,,,,,,,,,,,,,,,,,,,,,,,,,,,,,1.5,2.5,0.5,1.75,4.0
2017-10-19,,,,,,,,,,,,,,,,,,,,,,,,,,,,,,,,,,,,,,,,,1.5,2.5,0.5,1.75,4.0
2017-10-20,,,,,,,,,,,,,,,,,,,,,,,,,,,,,,,,,,,,,,,,,1.5,2.5,0.5,1.75,4.0
2017-10-21,,,,,,,,,,,,,,,,,,,,,,,,,,,,,,,,,,,,,,,,,1.5,2.5,0.5,1.75,4.0
2017-10-22,,,,,,,,,,,,,,,,,,,,,,,,,,,,,,,,,,,,,,,,,1.5,2.5,0.5,1.75,4.0
2017-10-23,,,,,,,,,,,,,,,,,,,,,,,,,,,,,,,,,,,,,,,,,1.5,2.5,0.5,1.75,4.0
2017-10-24,,,,,,,,,,,,,,,,,,,,,,,,,,,,,,,,,,,,,,,,,1.5,2.5,0.5,1.75,4.0
2017-10-25,,,,,,,,,,,,,,,,,,,,,,,,,,,,,,,,,,,,,,,,,1.5,2.5,0.5,1.75,4.0
2017-10-26,,,,,,,,,,,,,,,,,,,,,,,,,,,,,,,,,,,,,,,,,1.5,2.5,0.5,1.75,4.0
2017-10-27,,,,,,,,,,,,,,,,,,,,,,,,,,,,,,,,,,,,,,,,,1.5,2.5,0.5,1.75,4.0
2017-10-28,,,,,,,,,,,,,,,,,,,,,,,,,,,,,,,,,,,,,,,,,1.5,2.5,0.5,1.75,4.0
2017-10-29,,,,,,,,,,,,,,,,,,,,,,,,,,,,,,,,,,,,,,,,,1.5,2.5,0.5,1.75,4.0
2017-10-30,,,,,,,,,,,,,,,,,,,,,,,,,,,,,,,,,,,,,,,,,1.5,2.5,0.5,1.75,4.0
2017-10-31,,,,,,,,,,,,,,,,,,,,,,,,,,,,,,,,,,,,,,,,,1.5,2.5,0.5,1.75,4.0
2017-11-01,,,,,,,,,,,,,,,,,,,,,,,,,,,,,,,,,,,,,,,,,1.5,2.5,0.5,1.75,4.0
2017-11-02,,,,,,,,,,,,,,,,,,,,,,,,,,,,,,,,,,,,,,,,,1.5,2.5,0.5,1.75,4.0
2017-11-03,,,,,,,,,,,,,,,,,,,,,,,,,,,,,,,,,,,,,,,,,1.5,2.5,0.5,1.75,4.0
2017-11-04,,,,,,,,,,,,,,,,,,,,,,,,,,,,,,,,,,,,,,,,,1.5,2.5,0.5,1.75,4.0
2017-11-05,,,,,,,,,,,,,,,,,,,,,,,,,,,,,,,,,,,,,,,,,1.5,2.5,0.5,1.75,4.0
2017-11-06,,,,,,,,,,,,,,,,,,,,,,,,,,,,,,,,,,,,,,,,,1.5,2.5,0.5,1.75,4.0
2017-11-07,,,,,,,,,,,,,,,,,,,,,,,,,,,,,,,,,,,,,,,,,1.5,2.5,0.5,1.75,4.0
2017-11-08,,,,,,,,,,,,,,,,,,,,,,,,,,,,,,,,,,,,,,,,,1.5,2.5,0.5,1.75,4.0
2017-11-09,,,,,,,,,,,,,,,,,,,,,,,,,,,,,,,,,,,,,,,,,1.5,2.5,0.5,1.75,4.0
2017-11-10,,,,,,,,,,,,,,,,,,,,,,,,,,,,,,,,,,,,,,,,,1.5,2.5,0.5,1.75,4.0
2017-11-11,,,,,,,,,,,,,,,,,,,,,,,,,,,,,,,,,,,,,,,,,1.5,2.5,0.5,1.75,4.0
2017-11-12,,,,,,,,,,,,,,,,,,,,,,,,,,,,,,,,,,,,,,,,,1.5,2.5,0.5,1.75,4.0
2017-11-13,,,,,,,,,,,,,,,,,,,,,,,,,,,,,,,,,,,,,,,,,1.5,2.5,0.5,1.75,4.0
2017-11-14,,,,,,,,,,,,,,,,,,,,,,,,,,,,,,,,,,,,,,,,,1.5,2.5,0.5,1.75,4.0
2017-11-15,,,,,,,,,,,,,,,,,,,,,,,,,,,,,,,,,,,,,,,,,1.5,2.5,0.5,1.75,4.0
2017-11-16,,,,,,,,,,,,,,,,,,,,,,,,,,,,,,,,,,,,,,,,,1.5,2.5,0.5,1.75,4.0
2017-11-17,,,,,,,,,,,,,,,,,,,,,,,,,,,,,,,,,,,,,,,,,1.5,2.5,0.5,1.75,4.0
2017-11-18,,,,,,,,,,,,,,,,,,,,,,,,,,,,,,,,,,,,,,,,,1.5,2.5,0.5,1.75,4.0
2017-11-19,,,,,,,,,,,,,,,,,,,,,,,,,,,,,,,,,,,,,,,,,1.5,2.5,0.5,1.75,4.0
2017-11-20,,,,,,,,,,,,,,,,,,,,,,,,,,,,,,,,,,,,,,,,,1.5,2.5,0.5,1.75,4.0
2017-11-21,,,,,,,,,,,,,,,,,,,,,,,,,,,,,,,,,,,,,,,,,1.5,2.5,0.5,1.75,4.0
2017-11-22,,,,,,,,,,,,,,,,,,,,,,,,,,,,,,,,,,,,,,,,,1.5,2.5,0.5,1.75,4.0
2017-11-23,,,,,,,,,,,,,,,,,,,,,,,,,,,,,,,,,,,,,,,,,1.5,2.5,0.5,1.75,4.0
2017-11-24,,,,,,,,,,,,,,,,,,,,,,,,,,,,,,,,,,,,,,,,,1.5,2.5,0.5,1.75,4.0
2017-11-25,,,,,,,,,,,,,,,,,,,,,,,,,,,,,,,,,,,,,,,,,1.5,2.5,0.5,1.75,4.0
2017-11-26,,,,,,,,,,,,,,,,,,,,,,,,,,,,,,,,,,,,,,,,,1.5,2.5,0.5,1.75,4.0
2017-11-27,,,,,,,,,,,,,,,,,,,,,,,,,,,,,,,,,,,,,,,,,1.5,2.5,0.5,1.75,4.0
2017-11-28,,,,,,,,,,,,,,,,,,,,,,,,,,,,,,,,,,,,,,,,,1.5,2.5,0.5,1.75,4.0
2017-11-29,,,,,,,,,,,,,,,,,,,,,,,,,,,,,,,,,,,,,,,,,1.5,2.5,0.5,1.75,4.0
2017-11-30,,,,,,,,,,,,,,,,,,,,,,,,,,,,,,,,,,,,,,,,,1.5,2.5,0.5,1.75,4.0
2017-12-01,,,,,,,,,,,,,,,,,,,,,,,,,,,,,,,,,,,,,,,,,1.5,2.5,0.5,1.75,4.0
2017-12-02,,,,,,,,,,,,,,,,,,,,,,,,,,,,,,,,,,,,,,,,,1.5,2.5,0.5,1.75,4.0
2017-12-03,,,,,,,,,,,,,,,,,,,,,,,,,,,,,,,,,,,,,,,,,1.5,2.5,0.5,1.75,4.0
2017-12-04,,,,,,,,,,,,,,,,,,,,,,,,,,,,,,,,,,,,,,,,,1.5,2.5,0.5,1.75,4.0
2017-12-05,,,,,,,,,,,,,,,,,,,,,,,,,,,,,,,,,,,,,,,,,1.5,2.5,0.5,1.75,4.0
2017-12-06,,,,,,,,,,,,,,,,,,,,,,,,,,,,,,,,,,,,,,,,,1.5,2.5,0.5,1.75,4.0
2017-12-07,,,,,,,,,,,,,,,,,,,,,,,,,,,,,,,,,,,,,,,,,1.5,2.5,0.5,1.75,4.0
2017-12-08,,,,,,,,,,,,,,,,,,,,,,,,,,,,,,,,,,,,,,,,,1.5,2.5,0.5,1.75,4.0
2017-12-09,,,,,,,,,,,,,,,,,,,,,,,,,,,,,,,,,,,,,,,,,1.5,2.5,0.5,1.75,4.0
2017-12-10,,,,,,,,,,,,,,,,,,,,,,,,,,,,,,,,,,,,,,,,,1.5,2.5,0.5,1.75,4.0
2017-12-11,,,,,,,,,,,,,,,,,,,,,,,,,,,,,,,,,,,,,,,,,1.5,2.5,0.5,1.75,4.0
2017-12-12,,,,,,,,,,,,,,,,,,,,,,,,,,,,,,,,,,,,,,,,,1.5,2.5,0.5,1.75,4.0
2017-12-13,,,,,,,,,,,,,,,,,,,,,,,,,,,,,,,,,,,,,,,,,1.5,2.5,0.5,1.75,4.0
2017-12-14,,,,,,,,,,,,,,,,,,,,,,,,,,,,,,,,,,,,,,,,,1.5,2.5,0.5,1.75,4.0
2017-12-15,,,,,,,,,,,,,,,,,,,,,,,,,,,,,,,,,,,,,,,,,1.5,2.5,0.5,1.75,4.0
2017-12-16,,,,,,,,,,,,,,,,,,,,,,,,,,,,,,,,,,,,,,,,,1.5,2.5,0.5,1.75,4.0
2017-12-17,,,,,,,,,,,,,,,,,,,,,,,,,,,,,,,,,,,,,,,,,1.5,2.5,0.5,1.75,4.0
2017-12-18,,,,,,,,,,,,,,,,,,,,,,,,,,,,,,,,,,,,,,,,,1.5,2.5,0.5,1.75,4.0
2017-12-19,,,,,,,,,,,,,,,,,,,,,,,,,,,,,,,,,,,,,,,,,1.5,2.5,0.5,1.75,4.0
2017-12-20,,,,,,,,,,,,,,,,,,,,,,,,,,,,,,,,,,,,,,,,,1.5,2.5,0.5,1.75,4.0
2017-12-21,,,,,,,,,,,,,,,,,,,,,,,,,,,,,,,,,,,,,,,,,1.5,2.5,0.5,1.75,4.0
2017-12-22,,,,,,,,,,,,,,,,,,,,,,,,,,,,,,,,,,,,,,,,,1.5,2.5,0.5,1.75,4.0
2017-12-23,,,,,,,,,,,,,,,,,,,,,,,,,,,,,,,,,,,,,,,,,1.5,2.5,0.5,1.75,4.0
2017-12-24,,,,,,,,,,,,,,,,,,,,,,,,,,,,,,,,,,,,,,,,,1.5,2.5,0.5,1.75,4.0
2017-12-25,,,,,,,,,,,,,,,,,,,,,,,,,,,,,,,,,,,,,,,,,1.5,2.5,0.5,1.75,4.0
2017-12-26,,,,,,,,,,,,,,,,,,,,,,,,,,,,,,,,,,,,,,,,,1.5,2.5,0.5,1.75,4.0
2017-12-27,,,,,,,,,,,,,,,,,,,,,,,,,,,,,,,,,,,,,,,,,1.5,2.5,0.5,1.75,4.0
2017-12-28,,,,,,,,,,,,,,,,,,,,,,,,,,,,,,,,,,,,,,,,,1.5,2.5,0.5,1.75,4.0
2017-12-29,,,,,,,,,,,,,,,,,,,,,,,,,,,,,,,,,,,,,,,,,1.5,2.5,0.5,1.75,4.0
2017-12-30,,,,,,,,,,,,,,,,,,,,,,,,,,,,,,,,,,,,,,,,,1.5,2.5,0.5,1.75,4.0
2017-12-31,,,,,,,,,,,,,,,,,,,,,,,,,,,,,,,,,,,,,,,,,1.5,2.5,0.5,1.75,4.0
2018-01-01,,,,,,,,,,,,,,,,,,,,,,,,,,,,,,,,,,,,,,,,,1.5,2.5,0.5,1.75,4.0
2018-01-02,,,,,,,,,,,,,,,,,,,,,,,,,,,,,,,,,,,,,,,,,1.5,2.5,0.5,1.75,4.0
2018-01-03,,,,,,,,,,,,,,,,,,,,,,,,,,,,,,,,,,,,,,,,,1.5,2.5,0.5,1.75,4.0
2018-01-04,,,,,,,,,,,,,,,,,,,,,,,,,,,,,,,,,,,,,,,,,1.5,2.5,0.5,1.75,4.0
2018-01-05,,,,,,,,,,,,,,,,,,,,,,,,,,,,,,,,,,,,,,,,,1.5,2.5,0.5,1.75,4.0
2018-01-06,,,,,,,,,,,,,,,,,,,,,,,,,,,,,,,,,,,,,,,,,1.5,2.5,0.5,1.75,4.0
2018-01-07,,,,,,,,,,,,,,,,,,,,,,,,,,,,,,,,,,,,,,,,,1.5,2.5,0.5,1.75,4.0
2018-01-08,,,,,,,,,,,,,,,,,,,,,,,,,,,,,,,,,,,,,,,,,1.5,2.5,0.5,1.75,4.0
2018-01-09,,,,,,,,,,,,,,,,,,,,,,,,,,,,,,,,,,,,,,,,,1.5,2.5,0.5,1.75,4.0
2018-01-10,,,,,,,,,,,,,,,,,,,,,,,,,,,,,,,,,,,,,,,,,1.5,2.5,0.5,1.75,4.0
2018-01-11,,,,,,,,,,,,,,,,,,,,,,,,,,,,,,,,,,,,,,,,,1.5,2.5,0.5,1.75,4.0
2018-01-12,,,,,,,,,,,,,,,,,,,,,,,,,,,,,,,,,,,,,,,,,1.5,2.5,0.5,1.75,4.0
2018-01-13,,,,,,,,,,,,,,,,,,,,,,,,,,,,,,,,,,,,,,,,,1.5,2.5,0.5,1.75,4.0
2018-01-14,,,,,,,,,,,,,,,,,,,,,,,,,,,,,,,,,,,,,,,,,1.5,2.5,0.5,1.75,4.0
2018-01-15,,,,,,,,,,,,,,,,,,,,,,,,,,,,,,,,,,,,,,,,,1.5,2.5,0.5,1.75,4.0
2018-01-16,,,,,,,,,,,,,,,,,,,,,,,,,,,,,,,,,,,,,,,,,1.5,2.5,0.5,1.75,4.0
2018-01-17,,,,,,,,,,,,,,,,,,,,,,,,,,,,,,,,,,,,,,,,,1.5,2.5,0.5,1.75,4.0
2018-01-18,,,,,,,,,,,,,,,,,,,,,,,,,,,,,,,,,,,,,,,,,1.5,2.5,0.5,1.75,4.0
2018-01-19,,,,,,,,,,,,,,,,,,,,,,,,,,,,,,,,,,,,,,,,,1.5,2.5,0.5,1.75,4.0
2018-01-20,,,,,,,,,,,,,,,,,,,,,,,,,,,,,,,,,,,,,,,,,1.5,2.5,0.5,1.75,4.0
2018-01-21,,,,,,,,,,,,,,,,,,,,,,,,,,,,,,,,,,,,,,,,,1.5,2.5,0.5,1.75,4.0
2018-01-22,,,,,,,,,,,,,,,,,,,,,,,,,,,,,,,,,,,,,,,,,1.5,2.5,0.5,1.75,4.0
2018-01-23,,,,,,,,,,,,,,,,,,,,,,,,,,,,,,,,,,,,,,,,,1.5,2.5,0.5,1.75,4.0
2018-01-24,,,,,,,,,,,,,,,,,,,,,,,,,,,,,,,,,,,,,,,,,1.5,2.5,0.5,1.75,4.0
2018-01-25,,,,,,,,,,,,,,,,,,,,,,,,,,,,,,,,,,,,,,,,,1.5,2.5,0.5,1.75,4.0
2018-01-26,,,,,,,,,,,,,,,,,,,,,,,,,,,,,,,,,,,,,,,,,1.5,2.5,0.5,1.75,4.0
2018-01-27,,,,,,,,,,,,,,,,,,,,,,,,,,,,,,,,,,,,,,,,,1.5,2.5,0.5,1.75,4.0
2018-01-28,,,,,,,,,,,,,,,,,,,,,,,,,,,,,,,,,,,,,,,,,1.5,2.5,0.5,1.75,4.0
2018-01-29,,,,,,,,,,,,,,,,,,,,,,,,,,,,,,,,,,,,,,,,,1.5,2.5,0.5,1.75,4.0
2018-01-30,,,,,,,,,,,,,,,,,,,,,,,,,,,,,,,,,,,,,,,,,1.5,2.5,0.5,1.75,4.0
2018-01-31,,,,,,,,,,,,,,,,,,,,,,,,,,,,,,,,,,,,,,,,,1.5,2.5,0.5,1.75,4.0
2018-02-01,,,,,,,,,,,,,,,,,,,,,,,,,,,,,,,,,,,,,,,,,1.5,2.5,0.5,1.75,4.0
2018-02-02,,,,,,,,,,,,,,,,,,,,,,,,,,,,,,,,,,,,,,,,,1.5,2.5,0.5,1.75,4.0
2018-02-03,,,,,,,,,,,,,,,,,,,,,,,,,,,,,,,,,,,,,,,,,1.5,2.5,0.5,1.75,4.0
2018-02-04,,,,,,,,,,,,,,,,,,,,,,,,,,,,,,,,,,,,,,,,,1.5,2.5,0.5,1.75,4.0
2018-02-05,,,,,,,,,,,,,,,,,,,,,,,,,,,,,,,,,,,,,,,,,1.5,2.5,0.5,1.75,4.0
2018-02-06,,,,,,,,,,,,,,,,,,,,,,,,,,,,,,,,,,,,,,,,,1.5,2.5,0.5,1.75,4.0
2018-02-07,,,,,,,,,,,,,,,,,,,,,,,,,,,,,,,,,,,,,,,,,1.5,2.5,0.5,1.75,4.0
2018-02-08,,,,,,,,,,,,,,,,,,,,,,,,,,,,,,,,,,,,,,,,,1.5,2.5,0.5,1.75,4.0
2018-02-09,,,,,,,,,,,,,,,,,,,,,,,,,,,,,,,,,,,,,,,,,1.5,2.5,0.5,1.75,4.0
2018-02-10,,,,,,,,,,,,,,,,,,,,,,,,,,,,,,,,,,,,,,,,,1.5,2.5,0.5,1.75,4.0
2018-02-11,,,,,,,,,,,,,,,,,,,,,,,,,,,,,,,,,,,,,,,,,1.5,2.5,0.5,1.75,4.0
2018-02-12,,,,,,,,,,,,,,,,,,,,,,,,,,,,,,,,,,,,,,,,,1.5,2.5,0.5,1.75,4.0
2018-02-13,,,,,,,,,,,,,,,,,,,,,,,,,,,,,,,,,,,,,,,,,1.5,2.5,0.5,1.75,4.0
2018-02-14,,,,,,,,,,,,,,,,,,,,,,,,,,,,,,,,,,,,,,,,,1.5,2.5,0.5,1.75,4.0
2018-02-15,,,,,,,,,,,,,,,,,,,,,,,,,,,,,,,,,,,,,,,,,1.5,2.5,0.5,1.75,4.0
2018-02-16,,,,,,,,,,,,,,,,,,,,,,,,,,,,,,,,,,,,,,,,,1.5,2.5,0.5,1.75,4.0
2018-02-17,,,,,,,,,,,,,,,,,,,,,,,,,,,,,,,,,,,,,,,,,1.5,2.5,0.5,1.75,4.0
2018-02-18,,,,,,,,,,,,,,,,,,,,,,,,,,,,,,,,,,,,,,,,,1.5,2.5,0.5,1.75,4.0
2018-02-19,,,,,,,,,,,,,,,,,,,,,,,,,,,,,,,,,,,,,,,,,1.5,2.5,0.5,1.75,4.0
2018-02-20,,,,,,,,,,,,,,,,,,,,,,,,,,,,,,,,,,,,,,,,,1.5,2.5,0.5,1.75,4.0
2018-02-21,,,,,,,,,,,,,,,,,,,,,,,,,,,,,,,,,,,,,,,,,1.5,2.5,0.5,1.75,4.0
2018-02-22,,,,,,,,,,,,,,,,,,,,,,,,,,,,,,,,,,,,,,,,,1.5,2.5,0.5,1.75,4.0
2018-02-23,,,,,,,,,,,,,,,,,,,,,,,,,,,,,,,,,,,,,,,,,1.5,2.5,0.5,1.75,4.0
2018-02-24,,,,,,,,,,,,,,,,,,,,,,,,,,,,,,,,,,,,,,,,,1.5,2.5,0.5,1.75,4.0
2018-02-25,,,,,,,,,,,,,,,,,,,,,,,,,,,,,,,,,,,,,,,,,1.5,2.5,0.5,1.75,4.0
2018-02-26,,,,,,,,,,,,,,,,,,,,,,,,,,,,,,,,,,,,,,,,,1.5,2.5,0.5,1.75,4.0
2018-02-27,,,,,,,,,,,,,,,,,,,,,,,,,,,,,,,,,,,,,,,,,1.5,2.5,0.5,1.75,4.0
2018-02-28,,,,,,,,,,,,,,,,,,,,,,,,,,,,,,,,,,,,,,,,,1.5,2.5,0.5,1.75,4.0
2018-03-01,,,,,,,,,,,,,,,,,,,,,,,,,,,,,,,,,,,,,,,,,1.5,2.5,0.5,1.75,4.0
2018-03-02,,,,,,,,,,,,,,,,,,,,,,,,,,,,,,,,,,,,,,,,,1.5,2.5,0.5,1.75,4.0
2018-03-03,,,,,,,,,,,,,,,,,,,,,,,,,,,,,,,,,,,,,,,,,1.5,2.5,0.5,1.75,4.0
2018-03-04,,,,,,,,,,,,,,,,,,,,,,,,,,,,,,,,,,,,,,,,,1.5,2.5,0.5,1.75,4.0
2018-03-05,,,,,,,,,,,,,,,,,,,,,,,,,,,,,,,,,,,,,,,,,1.5,2.5,0.5,1.75,4.0
2018-03-06,,,,,,,,,,,,,,,,,,,,,,,,,,,,,,,,,,,,,,,,,1.5,2.5,0.5,1.75,4.0
2018-03-07,,,,,,,,,,,,,,,,,,,,,,,,,,,,,,,,,,,,,,,,,1.5,2.5,0.5,1.75,4.0
2018-03-08,,,,,,,,,,,,,,,,,,,,,,,,,,,,,,,,,,,,,,,,,1.5,2.5,0.5,1.75,4.0
2018-03-09,,,,,,,,,,,,,,,,,,,,,,,,,,,,,,,,,,,,,,,,,1.5,2.5,0.5,1.75,4.0
2018-03-10,,,,,,,,,,,,,,,,,,,,,,,,,,,,,,,,,,,,,,,,,1.5,2.5,0.5,1.75,4.0
2018-03-11,,,,,,,,,,,,,,,,,,,,,,,,,,,,,,,,,,,,,,,,,1.5,2.5,0.5,1.75,4.0
2018-03-12,,,,,,,,,,,,,,,,,,,,,,,,,,,,,,,,,,,,,,,,,1.5,2.5,0.5,1.75,4.0
2018-03-13,,,,,,,,,,,,,,,,,,,,,,,,,,,,,,,,,,,,,,,,,1.5,2.5,0.5,1.75,4.0
2018-03-14,,,,,,,,,,,,,,,,,,,,,,,,,,,,,,,,,,,,,,,,,1.5,2.5,0.5,1.75,4.0
2018-03-15,,,,,,,,,,,,,,,,,,,,,,,,,,,,,,,,,,,,,,,,,1.5,2.5,0.5,1.75,4.0
2018-03-16,,,,,,,,,,,,,,,,,,,,,,,,,,,,,,,,,,,,,,,,,1.5,2.5,0.5,1.75,4.0
2018-03-17,,,,,,,,,,,,,,,,,,,,,,,,,,,,,,,,,,,,,,,,,1.5,2.5,0.5,1.75,4.0
2018-03-18,,,,,,,,,,,,,,,,,,,,,,,,,,,,,,,,,,,,,,,,,1.5,2.5,0.5,1.75,4.0
2018-03-19,,,,,,,,,,,,,,,,,,,,,,,,,,,,,,,,,,,,,,,,,1.5,2.5,0.5,1.75,4.0
2018-03-20,,,,,,,,,,,,,,,,,,,,,,,,,,,,,,,,,,,,,,,,,1.5,2.5,0.5,1.75,4.0
2018-03-21,,,,,,,,,,,,,,,,,,,,,,,,,,,,,,,,,,,,,,,,,1.5,2.5,0.5,1.75,4.0
2018-03-22,,,,,,,,,,,,,,,,,,,,,,,,,,,,,,,,,,,,,,,,,1.5,2.5,0.5,1.75,4.0
2018-03-23,,,,,,,,,,,,,,,,,,,,,,,,,,,,,,,,,,,,,,,,,1.5,2.5,0.5,1.75,4.0
2018-03-24,,,,,,,,,,,,,,,,,,,,,,,,,,,,,,,,,,,,,,,,,1.5,2.5,0.5,1.75,4.0
2018-03-25,,,,,,,,,,,,,,,,,,,,,,,,,,,,,,,,,,,,,,,,,1.5,2.5,0.5,1.75,4.0
2018-03-26,,,,,,,,,,,,,,,,,,,,,,,,,,,,,,,,,,,,,,,,,1.5,2.5,0.5,1.75,4.0
2018-03-27,,,,,,,,,,,,,,,,,,,,,,,,,,,,,,,,,,,,,,,,,1.5,2.5,0.5,1.75,4.0
2018-03-28,,,,,,,,,,,,,,,,,,,,,,,,,,,,,,,,,,,,,,,,,1.5,2.5,0.5,1.75,4.0
2018-03-29,,,,,,,,,,,,,,,,,,,,,,,,,,,,,,,,,,,,,,,,,1.5,2.5,0.5,1.75,4.0
2018-03-30,,,,,,,,,,,,,,,,,,,,,,,,,,,,,,,,,,,,,,,,,1.5,2.5,0.5,1.75,4.0
2018-03-31,,,,,,,,,,,,,,,,,,,,,,,,,,,,,,,,,,,,,,,,,1.5,2.5,0.5,1.75,4.0
2018-04-01,,,,,,,,,,,,,,,,,,,,,,,,,,,,,,,,,,,,,,,,,1.5,2.5,0.5,1.75,4.0
2018-04-02,,,,,,,,,,,,,,,,,,,,,,,,,,,,,,,,,,,,,,,,,1.5,2.5,0.5,1.75,4.0
2018-04-03,,,,,,,,,,,,,,,,,,,,,,,,,,,,,,,,,,,,,,,,,1.5,2.5,0.5,1.75,4.0
2018-04-04,,,,,,,,,,,,,,,,,,,,,,,,,,,,,,,,,,,,,,,,,1.5,2.5,0.5,1.75,4.0
2018-04-05,,,,,,,,,,,,,,,,,,,,,,,,,,,,,,,,,,,,,,,,,1.5,2.5,0.5,1.75,4.0
2018-04-06,,,,,,,,,,,,,,,,,,,,,,,,,,,,,,,,,,,,,,,,,1.5,2.5,0.5,1.75,4.0
2018-04-07,,,,,,,,,,,,,,,,,,,,,,,,,,,,,,,,,,,,,,,,,1.5,2.5,0.5,1.75,4.0
2018-04-08,,,,,,,,,,,,,,,,,,,,,,,,,,,,,,,,,,,,,,,,,1.5,2.5,0.5,1.75,4.0
2018-04-09,,,,,,,,,,,,,,,,,,,,,,,,,,,,,,,,,,,,,,,,,1.5,2.5,0.5,1.75,4.0
2018-04-10,,,,,,,,,,,,,,,,,,,,,,,,,,,,,,,,,,,,,,,,,1.5,2.5,0.5,1.75,4.0
2018-04-11,,,,,,,,,,,,,,,,,,,,,,,,,,,,,,,,,,,,,,,,,1.5,2.5,0.5,1.75,4.0
2018-04-12,,,,,,,,,,,,,,,,,,,,,,,,,,,,,,,,,,,,,,,,,1.5,2.5,0.5,1.75,4.0
2018-04-13,,,,,,,,,,,,,,,,,,,,,,,,,,,,,,,,,,,,,,,,,1.5,2.5,0.5,1.75,4.0
2018-04-14,,,,,,,,,,,,,,,,,,,,,,,,,,,,,,,,,,,,,,,,,1.5,2.5,0.5,1.75,4.0
2018-04-15,,,,,,,,,,,,,,,,,,,,,,,,,,,,,,,,,,,,,,,,,1.5,2.5,0.5,1.75,4.0
2018-04-16,,,,,,,,,,,,,,,,,,,,,,,,,,,,,,,,,,,,,,,,,1.5,2.5,0.5,1.75,4.0
2018-04-17,,,,,,,,,,,,,,,,,,,,,,,,,,,,,,,,,,,,,,,,,1.5,2.5,0.5,1.75,4.0
2018-04-18,,,,,,,,,,,,,,,,,,,,,,,,,,,,,,,,,,,,,,,,,1.5,2.5,0.5,1.75,4.0
2018-04-19,,,,,,,,,,,,,,,,,,,,,,,,,,,,,,,,,,,,,,,,,1.5,2.5,0.5,1.75,4.0
2018-04-20,,,,,,,,,,,,,,,,,,,,,,,,,,,,,,,,,,,,,,,,,1.5,2.5,0.5,1.75,4.0
2018-04-21,,,,,,,,,,,,,,,,,,,,,,,,,,,,,,,,,,,,,,,,,1.5,2.5,0.5,1.75,4.0
2018-04-22,,,,,,,,,,,,,,,,,,,,,,,,,,,,,,,,,,,,,,,,,1.5,2.5,0.5,1.75,4.0
2018-04-23,,,,,,,,,,,,,,,,,,,,,,,,,,,,,,,,,,,,,,,,,1.5,2.5,0.5,1.75,4.0
2018-04-24,,,,,,,,,,,,,,,,,,,,,,,,,,,,,,,,,,,,,,,,,1.5,2.5,0.5,1.75,4.0
2018-04-25,,,,,,,,,,,,,,,,,,,,,,,,,,,,,,,,,,,,,,,,,1.5,2.5,0.5,1.75,4.0
2018-04-26,,,,,,,,,,,,,,,,,,,,,,,,,,,,,,,,,,,,,,,,,1.5,2.5,0.5,1.75,4.0
2018-04-27,,,,,,,,,,,,,,,,,,,,,,,,,,,,,,,,,,,,,,,,,1.5,2.5,0.5,1.75,4.0
2018-04-28,,,,,,,,,,,,,,,,,,,,,,,,,,,,,,,,,,,,,,,,,1.5,2.5,0.5,1.75,4.0
2018-04-29,,,,,,,,,,,,,,,,,,,,,,,,,,,,,,,,,,,,,,,,,1.5,2.5,0.5,1.75,4.0
2018-04-30,,,,,,,,,,,,,,,,,,,,,,,,,,,,,,,,,,,,,,,,,1.5,2.5,0.5,1.75,4.0
2018-05-01,,,,,,,,,,,,,,,,,,,,,,,,,,,,,,,,,,,,,,,,,1.5,2.5,0.5,1.75,4.0
2018-05-02,,,,,,,,,,,,,,,,,,,,,,,,,,,,,,,,,,,,,,,,,1.5,2.5,0.5,1.75,4.0
2018-05-03,,,,,,,,,,,,,,,,,,,,,,,,,,,,,,,,,,,,,,,,,1.5,2.5,0.5,1.75,4.0
2018-05-04,,,,,,,,,,,,,,,,,,,,,,,,,,,,,,,,,,,,,,,,,1.5,2.5,0.5,1.75,4.0
2018-05-05,,,,,,,,,,,,,,,,,,,,,,,,,,,,,,,,,,,,,,,,,1.5,2.5,0.5,1.75,4.0
2018-05-06,,,,,,,,,,,,,,,,,,,,,,,,,,,,,,,,,,,,,,,,,1.5,2.5,0.5,1.75,4.0
2018-05-07,,,,,,,,,,,,,,,,,,,,,,,,,,,,,,,,,,,,,,,,,1.5,2.5,0.5,1.75,4.0
2018-05-08,,,,,,,,,,,,,,,,,,,,,,,,,,,,,,,,,,,,,,,,,1.5,2.5,0.5,1.75,4.0
2018-05-09,,,,,,,,,,,,,,,,,,,,,,,,,,,,,,,,,,,,,,,,,1.5,2.5,0.5,1.75,4.0
2018-05-10,,,,,,,,,,,,,,,,,,,,,,,,,,,,,,,,,,,,,,,,,1.5,2.5,0.5,1.75,4.0
2018-05-11,,,,,,,,,,,,,,,,,,,,,,,,,,,,,,,,,,,,,,,,,1.5,2.5,0.5,1.75,4.0
2018-05-12,,,,,,,,,,,,,,,,,,,,,,,,,,,,,,,,,,,,,,,,,1.5,2.5,0.5,1.75,4.0
2018-05-13,,,,,,,,,,,,,,,,,,,,,,,,,,,,,,,,,,,,,,,,,1.5,2.5,0.5,1.75,4.0
2018-05-14,,,,,,,,,,,,,,,,,,,,,,,,,,,,,,,,,,,,,,,,,1.5,2.5,0.5,1.75,4.0
2018-05-15,,,,,,,,,,,,,,,,,,,,,,,,,,,,,,,,,,,,,,,,,1.5,2.5,0.5,1.75,4.0
2018-05-16,,,,,,,,,,,,,,,,,,,,,,,,,,,,,,,,,,,,,,,,,1.5,2.5,0.5,1.75,4.0
2018-05-17,,,,,,,,,,,,,,,,,,,,,,,,,,,,,,,,,,,,,,,,,1.5,2.5,0.5,1.75,4.0
2018-05-18,,,,,,,,,,,,,,,,,,,,,,,,,,,,,,,,,,,,,,,,,1.5,2.5,0.5,1.75,4.0
2018-05-19,,,,,,,,,,,,,,,,,,,,,,,,,,,,,,,,,,,,,,,,,1.5,2.5,0.5,1.75,4.0
2018-05-20,,,,,,,,,,,,,,,,,,,,,,,,,,,,,,,,,,,,,,,,,1.5,2.5,0.5,1.75,4.0
2018-05-21,,,,,,,,,,,,,,,,,,,,,,,,,,,,,,,,,,,,,,,,,1.5,2.5,0.5,1.75,4.0
2018-05-22,,,,,,,,,,,,,,,,,,,,,,,,,,,,,,,,,,,,,,,,,1.5,2.5,0.5,1.75,4.0
2018-05-23,,,,,,,,,,,,,,,,,,,,,,,,,,,,,,,,,,,,,,,,,1.5,2.5,0.5,1.75,4.0
2018-05-24,,,,,,,,,,,,,,,,,,,,,,,,,,,,,,,,,,,,,,,,,1.5,2.5,0.5,1.75,4.0
2018-05-25,,,,,,,,,,,,,,,,,,,,,,,,,,,,,,,,,,,,,,,,,1.5,2.5,0.5,1.75,4.0
2018-05-26,,,,,,,,,,,,,,,,,,,,,,,,,,,,,,,,,,,,,,,,,1.5,2.5,0.5,1.75,4.0
2018-05-27,,,,,,,,,,,,,,,,,,,,,,,,,,,,,,,,,,,,,,,,,1.5,2.5,0.5,1.75,4.0
2018-05-28,,,,,,,,,,,,,,,,,,,,,,,,,,,,,,,,,,,,,,,,,1.5,2.5,0.5,1.75,4.0
2018-05-29,,,,,,,,,,,,,,,,,,,,,,,,,,,,,,,,,,,,,,,,,1.5,2.5,0.5,1.75,4.0
2018-05-30,,,,,,,,,,,,,,,,,,,,,,,,,,,,,,,,,,,,,,,,,1.5,2.5,0.5,1.75,4.0
2018-05-31,,,,,,,,,,,,,,,,,,,,,,,,,,,,,,,,,,,,,,,,,1.5,2.5,0.5,1.75,4.0
2018-06-01,,,,,,,,,,,,,,,,,,,,,,,,,,,,,,,,,,,,,,,,,1.5,2.5,0.5,1.75,4.0
2018-06-02,,,,,,,,,,,,,,,,,,,,,,,,,,,,,,,,,,,,,,,,,1.5,2.5,0.5,1.75,4.0
2018-06-03,,,,,,,,,,,,,,,,,,,,,,,,,,,,,,,,,,,,,,,,,1.5,2.5,0.5,1.75,4.0
2018-06-04,,,,,,,,,,,,,,,,,,,,,,,,,,,,,,,,,,,,,,,,,1.5,2.5,0.5,1.75,4.0
2018-06-05,,,,,,,,,,,,,,,,,,,,,,,,,,,,,,,,,,,,,,,,,1.5,2.5,0.5,1.75,4.0
2018-06-06,,,,,,,,,,,,,,,,,,,,,,,,,,,,,,,,,,,,,,,,,1.5,2.5,0.5,1.75,4.0
2018-06-07,,,,,,,,,,,,,,,,,,,,,,,,,,,,,,,,,,,,,,,,,1.5,2.5,0.5,1.75,4.0
2018-06-08,,,,,,,,,,,,,,,,,,,,,,,,,,,,,,,,,,,,,,,,,1.5,2.5,0.5,1.75,4.0
2018-06-09,,,,,,,,,,,,,,,,,,,,,,,,,,,,,,,,,,,,,,,,,1.5,2.5,0.5,1.75,4.0
2018-06-10,,,,,,,,,,,,,,,,,,,,,,,,,,,,,,,,,,,,,,,,,1.5,2.5,0.5,1.75,4.0
2018-06-11,,,,,,,,,,,,,,,,,,,,,,,,,,,,,,,,,,,,,,,,,1.5,2.5,0.5,1.75,4.0
2018-06-12,,,,,,,,,,,,,,,,,,,,,,,,,,,,,,,,,,,,,,,,,1.5,2.5,0.5,1.75,4.0
2018-06-13,,,,,,,,,,,,,,,,,,,,,,,,,,,,,,,,,,,,,,,,,1.5,2.5,0.5,1.75,4.0
2018-06-14,,,,,,,,,,,,,,,,,,,,,,,,,,,,,,,,,,,,,,,,,1.5,2.5,0.5,1.75,4.0
2018-06-15,,,,,,,,,,,,,,,,,,,,,,,,,,,,,,,,,,,,,,,,,1.5,2.5,0.5,1.75,4.0
2018-06-16,,,,,,,,,,,,,,,,,,,,,,,,,,,,,,,,,,,,,,,,,1.5,2.5,0.5,1.75,4.0
2018-06-17,,,,,,,,,,,,,,,,,,,,,,,,,,,,,,,,,,,,,,,,,1.5,2.5,0.5,1.75,4.0
2018-06-18,,,,,,,,,,,,,,,,,,,,,,,,,,,,,,,,,,,,,,,,,1.5,2.5,0.5,1.75,4.0
2018-06-19,,,,,,,,,,,,,,,,,,,,,,,,,,,,,,,,,,,,,,,,,1.5,2.5,0.5,1.75,4.0
2018-06-20,,,,,,,,,,,,,,,,,,,,,,,,,,,,,,,,,,,,,,,,,1.5,2.5,0.5,1.75,4.0
2018-06-21,,,,,,,,,,,,,,,,,,,,,,,,,,,,,,,,,,,,,,,,,1.5,2.5,0.5,1.75,4.0
2018-06-22,,,,,,,,,,,,,,,,,,,,,,,,,,,,,,,,,,,,,,,,,1.5,2.5,0.5,1.75,4.0
2018-06-23,,,,,,,,,,,,,,,,,,,,,,,,,,,,,,,,,,,,,,,,,1.5,2.5,0.5,1.75,4.0
2018-06-24,,,,,,,,,,,,,,,,,,,,,,,,,,,,,,,,,,,,,,,,,1.5,2.5,0.5,1.75,4.0
2018-06-25,,,,,,,,,,,,,,,,,,,,,,,,,,,,,,,,,,,,,,,,,1.5,2.5,0.5,1.75,4.0
2018-06-26,,,,,,,,,,,,,,,,,,,,,,,,,,,,,,,,,,,,,,,,,1.5,2.5,0.5,1.75,4.0
2018-06-27,,,,,,,,,,,,,,,,,,,,,,,,,,,,,,,,,,,,,,,,,1.5,2.5,0.5,1.75,4.0
2018-06-28,,,,,,,,,,,,,,,,,,,,,,,,,,,,,,,,,,,,,,,,,1.5,2.5,0.5,1.75,4.0
2018-06-29,,,,,,,,,,,,,,,,,,,,,,,,,,,,,,,,,,,,,,,,,1.5,2.5,0.5,1.75,4.0
2018-06-30,,,,,,,,,,,,,,,,,,,,,,,,,,,,,,,,,,,,,,,,,1.5,2.5,0.5,1.75,4.0
2018-07-01,,,,,,,,,,,,,,,,,,,,,,,,,,,,,,,,,,,,,,,,,1.5,2.5,0.5,1.75,4.0
2018-07-02,,,,,,,,,,,,,,,,,,,,,,,,,,,,,,,,,,,,,,,,,1.5,2.5,0.5,1.75,4.0
2018-07-03,,,,,,,,,,,,,,,,,,,,,,,,,,,,,,,,,,,,,,,,,1.5,2.5,0.5,1.75,4.0
2018-07-04,,,,,,,,,,,,,,,,,,,,,,,,,,,,,,,,,,,,,,,,,1.5,2.5,0.5,1.75,4.0
2018-07-05,,,,,,,,,,,,,,,,,,,,,,,,,,,,,,,,,,,,,,,,,1.5,2.5,0.5,1.75,4.0
2018-07-06,,,,,,,,,,,,,,,,,,,,,,,,,,,,,,,,,,,,,,,,,1.5,2.5,0.5,1.75,4.0
2018-07-07,,,,,,,,,,,,,,,,,,,,,,,,,,,,,,,,,,,,,,,,,1.5,2.5,0.5,1.75,4.0
2018-07-08,,,,,,,,,,,,,,,,,,,,,,,,,,,,,,,,,,,,,,,,,1.5,2.5,0.5,1.75,4.0
2018-07-09,,,,,,,,,,,,,,,,,,,,,,,,,,,,,,,,,,,,,,,,,1.5,2.5,0.5,1.75,4.0
2018-07-10,,,,,,,,,,,,,,,,,,,,,,,,,,,,,,,,,,,,,,,,,1.5,2.5,0.5,1.75,4.0
2018-07-11,,,,,,,,,,,,,,,,,,,,,,,,,,,,,,,,,,,,,,,,,1.5,2.5,0.5,1.75,4.0
2018-07-12,,,,,,,,,,,,,,,,,,,,,,,,,,,,,,,,,,,,,,,,,1.5,2.5,0.5,1.75,4.0
2018-07-13,,,,,,,,,,,,,,,,,,,,,,,,,,,,,,,,,,,,,,,,,1.5,2.5,0.5,1.75,4.0
2018-07-14,,,,,,,,,,,,,,,,,,,,,,,,,,,,,,,,,,,,,,,,,1.5,2.5,0.5,1.75,4.0
2018-07-15,,,,,,,,,,,,,,,,,,,,,,,,,,,,,,,,,,,,,,,,,1.5,2.5,0.5,1.75,4.0
2018-07-16,,,,,,,,,,,,,,,,,,,,,,,,,,,,,,,,,,,,,,,,,1.5,2.5,0.5,1.75,4.0
2018-07-17,,,,,,,,,,,,,,,,,,,,,,,,,,,,,,,,,,,,,,,,,1.5,2.5,0.5,1.75,4.0
2018-07-18,,,,,,,,,,,,,,,,,,,,,,,,,,,,,,,,,,,,,,,,,1.5,2.5,0.5,1.75,4.0
2018-07-19,,,,,,,,,,,,,,,,,,,,,,,,,,,,,,,,,,,,,,,,,1.5,2.5,0.5,1.75,4.0
2018-07-20,,,,,,,,,,,,,,,,,,,,,,,,,,,,,,,,,,,,,,,,,1.5,2.5,0.5,1.75,4.0
2018-07-21,,,,,,,,,,,,,,,,,,,,,,,,,,,,,,,,,,,,,,,,,1.5,2.5,0.5,1.75,4.0
2018-07-22,,,,,,,,,,,,,,,,,,,,,,,,,,,,,,,,,,,,,,,,,1.5,2.5,0.5,1.75,4.0
2018-07-23,,,,,,,,,,,,,,,,,,,,,,,,,,,,,,,,,,,,,,,,,1.5,2.5,0.5,1.75,4.0
2018-07-24,,,,,,,,,,,,,,,,,,,,,,,,,,,,,,,,,,,,,,,,,1.5,2.5,0.5,1.75,4.0
2018-07-25,,,,,,,,,,,,,,,,,,,,,,,,,,,,,,,,,,,,,,,,,1.5,2.5,0.5,1.75,4.0
2018-07-26,,,,,,,,,,,,,,,,,,,,,,,,,,,,,,,,,,,,,,,,,1.5,2.5,0.5,1.75,4.0
2018-07-27,,,,,,,,,,,,,,,,,,,,,,,,,,,,,,,,,,,,,,,,,1.5,2.5,0.5,1.75,4.0
2018-07-28,,,,,,,,,,,,,,,,,,,,,,,,,,,,,,,,,,,,,,,,,1.5,2.5,0.5,1.75,4.0
2018-07-29,,,,,,,,,,,,,,,,,,,,,,,,,,,,,,,,,,,,,,,,,1.5,2.5,0.5,1.75,4.0
2018-07-30,,,,,,,,,,,,,,,,,,,,,,,,,,,,,,,,,,,,,,,,,1.5,2.5,0.5,1.75,4.0
2018-07-31,,,,,,,,,,,,,,,,,,,,,,,,,,,,,,,,,,,,,,,,,1.5,2.5,0.5,1.75,4.0
2018-08-01,,,,,,,,,,,,,,,,,,,,,,,,,,,,,,,,,,,,,,,,,1.5,2.5,0.5,1.75,4.0
2018-08-02,,,,,,,,,,,,,,,,,,,,,,,,,,,,,,,,,,,,,,,,,1.5,2.5,0.5,1.75,4.0
2018-08-03,,,,,,,,,,,,,,,,,,,,,,,,,,,,,,,,,,,,,,,,,1.5,2.5,0.5,1.75,4.0
2018-08-04,,,,,,,,,,,,,,,,,,,,,,,,,,,,,,,,,,,,,,,,,1.5,2.5,0.5,1.75,4.0
2018-08-05,,,,,,,,,,,,,,,,,,,,,,,,,,,,,,,,,,,,,,,,,1.5,2.5,0.5,1.75,4.0
2018-08-06,,,,,,,,,,,,,,,,,,,,,,,,,,,,,,,,,,,,,,,,,1.5,2.5,0.5,1.75,4.0
2018-08-07,,,,,,,,,,,,,,,,,,,,,,,,,,,,,,,,,,,,,,,,,1.5,2.5,0.5,1.75,4.0
2018-08-08,,,,,,,,,,,,,,,,,,,,,,,,,,,,,,,,,,,,,,,,,1.5,2.5,0.5,1.75,4.0
2018-08-09,,,,,,,,,,,,,,,,,,,,,,,,,,,,,,,,,,,,,,,,,1.5,2.5,0.5,1.75,4.0
2018-08-10,,,,,,,,,,,,,,,,,,,,,,,,,,,,,,,,,,,,,,,,,1.5,2.5,0.5,1.75,4.0
2018-08-11,,,,,,,,,,,,,,,,,,,,,,,,,,,,,,,,,,,,,,,,,1.5,2.5,0.5,1.75,4.0
2018-08-12,,,,,,,,,,,,,,,,,,,,,,,,,,,,,,,,,,,,,,,,,1.5,2.5,0.5,1.75,4.0
2018-08-13,,,,,,,,,,,,,,,,,,,,,,,,,,,,,,,,,,,,,,,,,1.5,2.5,0.5,1.75,4.0
2018-08-14,,,,,,,,,,,,,,,,,,,,,,,,,,,,,,,,,,,,,,,,,1.5,2.5,0.5,1.75,4.0
2018-08-15,,,,,,,,,,,,,,,,,,,,,,,,,,,,,,,,,,,,,,,,,1.5,2.5,0.5,1.75,4.0
2018-08-16,,,,,,,,,,,,,,,,,,,,,,,,,,,,,,,,,,,,,,,,,1.5,2.5,0.5,1.75,4.0
2018-08-17,,,,,,,,,,,,,,,,,,,,,,,,,,,,,,,,,,,,,,,,,1.5,2.5,0.5,1.75,4.0
2018-08-18,,,,,,,,,,,,,,,,,,,,,,,,,,,,,,,,,,,,,,,,,1.5,2.5,0.5,1.75,4.0
2018-08-19,,,,,,,,,,,,,,,,,,,,,,,,,,,,,,,,,,,,,,,,,1.5,2.5,0.5,1.75,4.0
2018-08-20,,,,,,,,,,,,,,,,,,,,,,,,,,,,,,,,,,,,,,,,,1.5,2.5,0.5,1.75,4.0
2018-08-21,,,,,,,,,,,,,,,,,,,,,,,,,,,,,,,,,,,,,,,,,1.5,2.5,0.5,1.75,4.0
2018-08-22,,,,,,,,,,,,,,,,,,,,,,,,,,,,,,,,,,,,,,,,,1.5,2.5,0.5,1.75,4.0
2018-08-23,,,,,,,,,,,,,,,,,,,,,,,,,,,,,,,,,,,,,,,,,1.5,2.5,0.5,1.75,4.0
2018-08-24,,,,,,,,,,,,,,,,,,,,,,,,,,,,,,,,,,,,,,,,,1.5,2.5,0.5,1.75,4.0
2018-08-25,,,,,,,,,,,,,,,,,,,,,,,,,,,,,,,,,,,,,,,,,1.5,2.5,0.5,1.75,4.0
2018-08-26,,,,,,,,,,,,,,,,,,,,,,,,,,,,,,,,,,,,,,,,,1.5,2.5,0.5,1.75,4.0
2018-08-27,,,,,,,,,,,,,,,,,,,,,,,,,,,,,,,,,,,,,,,,,1.5,2.5,0.5,1.75,4.0
2018-08-28,,,,,,,,,,,,,,,,,,,,,,,,,,,,,,,,,,,,,,,,,1.5,2.5,0.5,1.75,4.0
2018-08-29,,,,,,,,,,,,,,,,,,,,,,,,,,,,,,,,,,,,,,,,,1.5,2.5,0.5,1.75,4.0
2018-08-30,,,,,,,,,,,,,,,,,,,,,,,,,,,,,,,,,,,,,,,,,1.5,2.5,0.5,1.75,4.0
2018-08-31,,,,,,,,,,,,,,,,,,,,,,,,,,,,,,,,,,,,,,,,,1.5,2.5,0.5,1.75,4.0
2018-09-01,,,,,,,,,,,,,,,,,,,,,,,,,,,,,,,,,,,,,,,,,1.5,2.5,0.5,1.75,4.0
2018-09-02,,,,,,,,,,,,,,,,,,,,,,,,,,,,,,,,,,,,,,,,,1.5,2.5,0.5,1.75,4.0
2018-09-03,,,,,,,,,,,,,,,,,,,,,,,,,,,,,,,,,,,,,,,,,1.5,2.5,0.5,1.75,4.0
2018-09-04,,,,,,,,,,,,,,,,,,,,,,,,,,,,,,,,,,,,,,,,,1.5,2.5,0.5,1.75,4.0
2018-09-05,,,,,,,,,,,,,,,,,,,,,,,,,,,,,,,,,,,,,,,,,1.5,2.5,0.5,1.75,4.0
2018-09-06,,,,,,,,,,,,,,,,,,,,,,,,,,,,,,,,,,,,,,,,,1.5,2.5,0.5,1.75,4.0
2018-09-07,,,,,,,,,,,,,,,,,,,,,,,,,,,,,,,,,,,,,,,,,1.5,2.5,0.5,1.75,4.0
2018-09-08,,,,,,,,,,,,,,,,,,,,,,,,,,,,,,,,,,,,,,,,,1.5,2.5,0.5,1.75,4.0
2018-09-09,,,,,,,,,,,,,,,,,,,,,,,,,,,,,,,,,,,,,,,,,1.5,2.5,0.5,1.75,4.0
2018-09-10,,,,,,,,,,,,,,,,,,,,,,,,,,,,,,,,,,,,,,,,,1.5,2.5,0.5,1.75,4.0
2018-09-11,,,,,,,,,,,,,,,,,,,,,,,,,,,,,,,,,,,,,,,,,1.5,2.5,0.5,1.75,4.0
2018-09-12,,,,,,,,,,,,,,,,,,,,,,,,,,,,,,,,,,,,,,,,,1.5,2.5,0.5,1.75,4.0
2018-09-13,,,,,,,,,,,,,,,,,,,,,,,,,,,,,,,,,,,,,,,,,1.5,2.5,0.5,1.75,4.0
2018-09-14,,,,,,,,,,,,,,,,,,,,,,,,,,,,,,,,,,,,,,,,,1.5,2.5,0.5,1.75,4.0
2018-09-15,,,,,,,,,,,,,,,,,,,,,,,,,,,,,,,,,,,,,,,,,1.5,2.5,0.5,1.75,4.0
2018-09-16,,,,,,,,,,,,,,,,,,,,,,,,,,,,,,,,,,,,,,,,,1.5,2.5,0.5,1.75,4.0
2018-09-17,,,,,,,,,,,,,,,,,,,,,,,,,,,,,,,,,,,,,,,,,1.5,2.5,0.5,1.75,4.0
2018-09-18,,,,,,,,,,,,,,,,,,,,,,,,,,,,,,,,,,,,,,,,,1.5,2.5,0.5,1.75,4.0
2018-09-19,,,,,,,,,,,,,,,,,,,,,,,,,,,,,,,,,,,,,,,,,1.5,2.5,0.5,1.75,4.0
2018-09-20,,,,,,,,,,,,,,,,,,,,,,,,,,,,,,,,,,,,,,,,,1.5,2.5,0.5,1.75,4.0
2018-09-21,,,,,,,,,,,,,,,,,,,,,,,,,,,,,,,,,,,,,,,,,1.5,2.5,0.5,1.75,4.0
2018-09-22,,,,,,,,,,,,,,,,,,,,,,,,,,,,,,,,,,,,,,,,,1.5,2.5,0.5,1.75,4.0
2018-09-23,,,,,,,,,,,,,,,,,,,,,,,,,,,,,,,,,,,,,,,,,1.5,2.5,0.5,1.75,4.0
2018-09-24,,,,,,,,,,,,,,,,,,,,,,,,,,,,,,,,,,,,,,,,,1.5,2.5,0.5,1.75,4.0
2018-09-25,,,,,,,,,,,,,,,,,,,,,,,,,,,,,,,,,,,,,,,,,1.5,2.5,0.5,1.75,4.0
2018-09-26,,,,,,,,,,,,,,,,,,,,,,,,,,,,,,,,,,,,,,,,,1.5,2.5,0.5,1.75,4.0
2018-09-27,,,,,,,,,,,,,,,,,,,,,,,,,,,,,,,,,,,,,,,,,1.5,2.5,0.5,1.75,4.0
2018-09-28,,,,,,,,,,,,,,,,,,,,,,,,,,,,,,,,,,,,,,,,,1.5,2.5,0.5,1.75,4.0
2018-09-29,,,,,,,,,,,,,,,,,,,,,,,,,,,,,,,,,,,,,,,,,1.5,2.5,0.5,1.75,4.0
2018-09-30,,,,,,,,,,,,,,,,,,,,,,,,,,,,,,,,,,,,,,,,,1.5,2.5,0.5,1.75,4.0
2018-10-01,,,,,,,,,,,,,,,,,,,,,,,,,,,,,,,,,,,,,,,,,1.5,2.5,0.5,1.75,4.0
2018-10-02,,,,,,,,,,,,,,,,,,,,,,,,,,,,,,,,,,,,,,,,,1.5,2.5,0.5,1.75,4.0
2018-10-03,,,,,,,,,,,,,,,,,,,,,,,,,,,,,,,,,,,,,,,,,1.5,2.5,0.5,1.75,4.0
2018-10-04,,,,,,,,,,,,,,,,,,,,,,,,,,,,,,,,,,,,,,,,,1.5,2.5,0.5,1.75,4.0
2018-10-05,,,,,,,,,,,,,,,,,,,,,,,,,,,,,,,,,,,,,,,,,1.5,2.5,0.5,1.75,4.0
2018-10-06,,,,,,,,,,,,,,,,,,,,,,,,,,,,,,,,,,,,,,,,,1.5,2.5,0.5,1.75,4.0
2018-10-07,,,,,,,,,,,,,,,,,,,,,,,,,,,,,,,,,,,,,,,,,1.5,2.5,0.5,1.75,4.0
2018-10-08,,,,,,,,,,,,,,,,,,,,,,,,,,,,,,,,,,,,,,,,,1.5,2.5,0.5,1.75,4.0
2018-10-09,,,,,,,,,,,,,,,,,,,,,,,,,,,,,,,,,,,,,,,,,1.5,2.5,0.5,1.75,4.0
2018-10-10,,,,,,,,,,,,,,,,,,,,,,,,,,,,,,,,,,,,,,,,,1.5,2.5,0.5,1.75,4.0
2018-10-11,,,,,,,,,,,,,,,,,,,,,,,,,,,,,,,,,,,,,,,,,1.5,2.5,0.5,1.75,4.0
2018-10-12,,,,,,,,,,,,,,,,,,,,,,,,,,,,,,,,,,,,,,,,,1.5,2.5,0.5,1.75,4.0
2018-10-13,,,,,,,,,,,,,,,,,,,,,,,,,,,,,,,,,,,,,,,,,1.5,2.5,0.5,1.75,4.0
2018-10-14,,,,,,,,,,,,,,,,,,,,,,,,,,,,,,,,,,,,,,,,,1.5,2.5,0.5,1.75,4.0
2018-10-15,,,,,,,,,,,,,,,,,,,,,,,,,,,,,,,,,,,,,,,,,1.5,2.5,0.5,1.75,4.0
2018-10-16,,,,,,,,,,,,,,,,,,,,,,,,,,,,,,,,,,,,,,,,,1.5,2.5,0.5,1.75,4.0
2018-10-17,,,,,,,,,,,,,,,,,,,,,,,,,,,,,,,,,,,,,,,,,1.5,2.5,0.5,1.75,4.0
2018-10-18,,,,,,,,,,,,,,,,,,,,,,,,,,,,,,,,,,,,,,,,,1.5,2.5,0.5,1.75,4.0
2018-10-19,,,,,,,,,,,,,,,,,,,,,,,,,,,,,,,,,,,,,,,,,1.5,2.5,0.5,1.75,4.0
2018-10-20,,,,,,,,,,,,,,,,,,,,,,,,,,,,,,,,,,,,,,,,,1.5,2.5,0.5,1.75,4.0
2018-10-21,,,,,,,,,,,,,,,,,,,,,,,,,,,,,,,,,,,,,,,,,1.5,2.5,0.5,1.75,4.0
2018-10-22,,,,,,,,,,,,,,,,,,,,,,,,,,,,,,,,,,,,,,,,,1.5,2.5,0.5,1.75,4.0
2018-10-23,,,,,,,,,,,,,,,,,,,,,,,,,,,,,,,,,,,,,,,,,1.5,2.5,0.5,1.75,4.0
2018-10-24,,,,,,,,,,,,,,,,,,,,,,,,,,,,,,,,,,,,,,,,,1.5,2.5,0.5,1.75,4.0
2018-10-25,,,,,,,,,,,,,,,,,,,,,,,,,,,,,,,,,,,,,,,,,1.5,2.5,0.5,1.75,4.0
2018-10-26,,,,,,,,,,,,,,,,,,,,,,,,,,,,,,,,,,,,,,,,,1.5,2.5,0.5,1.75,4.0
2018-10-27,,,,,,,,,,,,,,,,,,,,,,,,,,,,,,,,,,,,,,,,,1.5,2.5,0.5,1.75,4.0
2018-10-28,,,,,,,,,,,,,,,,,,,,,,,,,,,,,,,,,,,,,,,,,1.5,2.5,0.5,1.75,4.0
2018-10-29,,,,,,,,,,,,,,,,,,,,,,,,,,,,,,,,,,,,,,,,,1.5,2.5,0.5,1.75,4.0
2018-10-30,,,,,,,,,,,,,,,,,,,,,,,,,,,,,,,,,,,,,,,,,1.5,2.5,0.5,1.75,4.0
2018-10-31,,,,,,,,,,,,,,,,,,,,,,,,,,,,,,,,,,,,,,,,,1.5,2.5,0.5,1.75,4.0
2018-11-01,,,,,,,,,,,,,,,,,,,,,,,,,,,,,,,,,,,,,,,,,1.5,2.5,0.5,1.75,4.0
2018-11-02,,,,,,,,,,,,,,,,,,,,,,,,,,,,,,,,,,,,,,,,,1.5,2.5,0.5,1.75,4.0
2018-11-03,,,,,,,,,,,,,,,,,,,,,,,,,,,,,,,,,,,,,,,,,1.5,2.5,0.5,1.75,4.0
2018-11-04,,,,,,,,,,,,,,,,,,,,,,,,,,,,,,,,,,,,,,,,,1.5,2.5,0.5,1.75,4.0
2018-11-05,,,,,,,,,,,,,,,,,,,,,,,,,,,,,,,,,,,,,,,,,1.5,2.5,0.5,1.75,4.0
2018-11-06,,,,,,,,,,,,,,,,,,,,,,,,,,,,,,,,,,,,,,,,,1.5,2.5,0.5,1.75,4.0
2018-11-07,,,,,,,,,,,,,,,,,,,,,,,,,,,,,,,,,,,,,,,,,1.5,2.5,0.5,1.75,4.0
2018-11-08,,,,,,,,,,,,,,,,,,,,,,,,,,,,,,,,,,,,,,,,,1.5,2.5,0.5,1.75,4.0
2018-11-09,,,,,,,,,,,,,,,,,,,,,,,,,,,,,,,,,,,,,,,,,1.5,2.5,0.5,1.75,4.0
2018-11-10,,,,,,,,,,,,,,,,,,,,,,,,,,,,,,,,,,,,,,,,,1.5,2.5,0.5,1.75,4.0
2018-11-11,,,,,,,,,,,,,,,,,,,,,,,,,,,,,,,,,,,,,,,,,1.5,2.5,0.5,1.75,4.0
2018-11-12,,,,,,,,,,,,,,,,,,,,,,,,,,,,,,,,,,,,,,,,,1.5,2.5,0.5,1.75,4.0
2018-11-13,,,,,,,,,,,,,,,,,,,,,,,,,,,,,,,,,,,,,,,,,1.5,2.5,0.5,1.75,4.0
2018-11-14,,,,,,,,,,,,,,,,,,,,,,,,,,,,,,,,,,,,,,,,,1.5,2.5,0.5,1.75,4.0
2018-11-15,,,,,,,,,,,,,,,,,,,,,,,,,,,,,,,,,,,,,,,,,1.5,2.5,0.5,1.75,4.0
2018-11-16,,,,,,,,,,,,,,,,,,,,,,,,,,,,,,,,,,,,,,,,,1.5,2.5,0.5,1.75,4.0
2018-11-17,,,,,,,,,,,,,,,,,,,,,,,,,,,,,,,,,,,,,,,,,1.5,2.5,0.5,1.75,4.0
2018-11-18,,,,,,,,,,,,,,,,,,,,,,,,,,,,,,,,,,,,,,,,,1.5,2.5,0.5,1.75,4.0
2018-11-19,,,,,,,,,,,,,,,,,,,,,,,,,,,,,,,,,,,,,,,,,1.5,2.5,0.5,1.75,4.0
2018-11-20,,,,,,,,,,,,,,,,,,,,,,,,,,,,,,,,,,,,,,,,,1.5,2.5,0.5,1.75,4.0
2018-11-21,,,,,,,,,,,,,,,,,,,,,,,,,,,,,,,,,,,,,,,,,1.5,2.5,0.5,1.75,4.0
2018-11-22,,,,,,,,,,,,,,,,,,,,,,,,,,,,,,,,,,,,,,,,,1.5,2.5,0.5,1.75,4.0
2018-11-23,,,,,,,,,,,,,,,,,,,,,,,,,,,,,,,,,,,,,,,,,1.5,2.5,0.5,1.75,4.0
2018-11-24,,,,,,,,,,,,,,,,,,,,,,,,,,,,,,,,,,,,,,,,,1.5,2.5,0.5,1.75,4.0
2018-11-25,,,,,,,,,,,,,,,,,,,,,,,,,,,,,,,,,,,,,,,,,1.5,2.5,0.5,1.75,4.0
2018-11-26,,,,,,,,,,,,,,,,,,,,,,,,,,,,,,,,,,,,,,,,,1.5,2.5,0.5,1.75,4.0
2018-11-27,,,,,,,,,,,,,,,,,,,,,,,,,,,,,,,,,,,,,,,,,1.5,2.5,0.5,1.75,4.0
2018-11-28,,,,,,,,,,,,,,,,,,,,,,,,,,,,,,,,,,,,,,,,,1.5,2.5,0.5,1.75,4.0
2018-11-29,,,,,,,,,,,,,,,,,,,,,,,,,,,,,,,,,,,,,,,,,1.5,2.5,0.5,1.75,4.0
2018-11-30,,,,,,,,,,,,,,,,,,,,,,,,,,,,,,,,,,,,,,,,,1.5,2.5,0.5,1.75,4.0
2018-12-01,,,,,,,,,,,,,,,,,,,,,,,,,,,,,,,,,,,,,,,,,1.5,2.5,0.5,1.75,4.0
2018-12-02,,,,,,,,,,,,,,,,,,,,,,,,,,,,,,,,,,,,,,,,,1.5,2.5,0.5,1.75,4.0
2018-12-03,,,,,,,,,,,,,,,,,,,,,,,,,,,,,,,,,,,,,,,,,1.5,2.5,0.5,1.75,4.0
2018-12-04,,,,,,,,,,,,,,,,,,,,,,,,,,,,,,,,,,,,,,,,,1.5,2.5,0.5,1.75,4.0
2018-12-05,,,,,,,,,,,,,,,,,,,,,,,,,,,,,,,,,,,,,,,,,1.5,2.5,0.5,1.75,4.0
2018-12-06,,,,,,,,,,,,,,,,,,,,,,,,,,,,,,,,,,,,,,,,,1.5,2.5,0.5,1.75,4.0
2018-12-07,,,,,,,,,,,,,,,,,,,,,,,,,,,,,,,,,,,,,,,,,1.5,2.5,0.5,1.75,4.0
2018-12-08,,,,,,,,,,,,,,,,,,,,,,,,,,,,,,,,,,,,,,,,,1.5,2.5,0.5,1.75,4.0
2018-12-09,,,,,,,,,,,,,,,,,,,,,,,,,,,,,,,,,,,,,,,,,1.5,2.5,0.5,1.75,4.0
2018-12-10,,,,,,,,,,,,,,,,,,,,,,,,,,,,,,,,,,,,,,,,,1.5,2.5,0.5,1.75,4.0
2018-12-11,,,,,,,,,,,,,,,,,,,,,,,,,,,,,,,,,,,,,,,,,1.5,2.5,0.5,1.75,4.0
2018-12-12,,,,,,,,,,,,,,,,,,,,,,,,,,,,,,,,,,,,,,,,,1.5,2.5,0.5,1.75,4.0
2018-12-13,,,,,,,,,,,,,,,,,,,,,,,,,,,,,,,,,,,,,,,,,1.5,2.5,0.5,1.75,4.0
2018-12-14,,,,,,,,,,,,,,,,,,,,,,,,,,,,,,,,,,,,,,,,,1.5,2.5,0.5,1.75,4.0
2018-12-15,,,,,,,,,,,,,,,,,,,,,,,,,,,,,,,,,,,,,,,,,1.5,2.5,0.5,1.75,4.0
2018-12-16,,,,,,,,,,,,,,,,,,,,,,,,,,,,,,,,,,,,,,,,,1.5,2.5,0.5,1.75,4.0
2018-12-17,,,,,,,,,,,,,,,,,,,,,,,,,,,,,,,,,,,,,,,,,1.5,2.5,0.5,1.75,4.0
2018-12-18,,,,,,,,,,,,,,,,,,,,,,,,,,,,,,,,,,,,,,,,,1.5,2.5,0.5,1.75,4.0
2018-12-19,,,,,,,,,,,,,,,,,,,,,,,,,,,,,,,,,,,,,,,,,1.5,2.5,0.5,1.75,4.0
2018-12-20,,,,,,,,,,,,,,,,,,,,,,,,,,,,,,,,,,,,,,,,,1.5,2.5,0.5,1.75,4.0
2018-12-21,,,,,,,,,,,,,,,,,,,,,,,,,,,,,,,,,,,,,,,,,1.5,2.5,0.5,1.75,4.0
2018-12-22,,,,,,,,,,,,,,,,,,,,,,,,,,,,,,,,,,,,,,,,,1.5,2.5,0.5,1.75,4.0
2018-12-23,,,,,,,,,,,,,,,,,,,,,,,,,,,,,,,,,,,,,,,,,1.5,2.5,0.5,1.75,4.0
2018-12-24,,,,,,,,,,,,,,,,,,,,,,,,,,,,,,,,,,,,,,,,,1.5,2.5,0.5,1.75,4.0
2018-12-25,,,,,,,,,,,,,,,,,,,,,,,,,,,,,,,,,,,,,,,,,1.5,2.5,0.5,1.75,4.0
2018-12-26,,,,,,,,,,,,,,,,,,,,,,,,,,,,,,,,,,,,,,,,,1.5,2.5,0.5,1.75,4.0
2018-12-27,,,,,,,,,,,,,,,,,,,,,,,,,,,,,,,,,,,,,,,,,1.5,2.5,0.5,1.75,4.0
2018-12-28,,,,,,,,,,,,,,,,,,,,,,,,,,,,,,,,,,,,,,,,,1.5,2.5,0.5,1.75,4.0
2018-12-29,,,,,,,,,,,,,,,,,,,,,,,,,,,,,,,,,,,,,,,,,1.5,2.5,0.5,1.75,4.0
2018-12-30,,,,,,,,,,,,,,,,,,,,,,,,,,,,,,,,,,,,,,,,,1.5,2.5,0.5,1.75,4.0
2018-12-31,,,,,,,,,,,,,,,,,,,,,,,,,,,,,,,,,,,,,,,,,1.5,2.5,0.5,1.75,4.0
2019-01-01,,,,,,,,,,,,,,,,,,,,,,,,,,,,,,,,,,,,,,,,,1.5,2.5,0.5,1.75,4.0
2019-01-02,,,,,,,,,,,,,,,,,,,,,,,,,,,,,,,,,,,,,,,,,1.5,2.5,0.5,1.75,4.0
2019-01-03,,,,,,,,,,,,,,,,,,,,,,,,,,,,,,,,,,,,,,,,,1.5,2.5,0.5,1.75,4.0
2019-01-04,,,,,,,,,,,,,,,,,,,,,,,,,,,,,,,,,,,,,,,,,1.5,2.5,0.5,1.75,4.0
2019-01-05,,,,,,,,,,,,,,,,,,,,,,,,,,,,,,,,,,,,,,,,,1.5,2.5,0.5,1.75,4.0
2019-01-06,,,,,,,,,,,,,,,,,,,,,,,,,,,,,,,,,,,,,,,,,1.5,2.5,0.5,1.75,4.0
2019-01-07,,,,,,,,,,,,,,,,,,,,,,,,,,,,,,,,,,,,,,,,,1.5,2.5,0.5,1.75,4.0
2019-01-08,,,,,,,,,,,,,,,,,,,,,,,,,,,,,,,,,,,,,,,,,1.5,2.5,0.5,1.75,4.0
2019-01-09,,,,,,,,,,,,,,,,,,,,,,,,,,,,,,,,,,,,,,,,,1.5,2.5,0.5,1.75,4.0
2019-01-10,,,,,,,,,,,,,,,,,,,,,,,,,,,,,,,,,,,,,,,,,1.5,2.5,0.5,1.75,4.0
2019-01-11,,,,,,,,,,,,,,,,,,,,,,,,,,,,,,,,,,,,,,,,,1.5,2.5,0.5,1.75,4.0
2019-01-12,,,,,,,,,,,,,,,,,,,,,,,,,,,,,,,,,,,,,,,,,1.5,2.5,0.5,1.75,4.0
2019-01-13,,,,,,,,,,,,,,,,,,,,,,,,,,,,,,,,,,,,,,,,,1.5,2.5,0.5,1.75,4.0
2019-01-14,,,,,,,,,,,,,,,,,,,,,,,,,,,,,,,,,,,,,,,,,1.5,2.5,0.5,1.75,4.0
2019-01-15,,,,,,,,,,,,,,,,,,,,,,,,,,,,,,,,,,,,,,,,,1.5,2.5,0.5,1.75,4.0
2019-01-16,,,,,,,,,,,,,,,,,,,,,,,,,,,,,,,,,,,,,,,,,1.5,2.5,0.5,1.75,4.0
2019-01-17,,,,,,,,,,,,,,,,,,,,,,,,,,,,,,,,,,,,,,,,,1.5,2.5,0.5,1.75,4.0
2019-01-18,,,,,,,,,,,,,,,,,,,,,,,,,,,,,,,,,,,,,,,,,1.5,2.5,0.5,1.75,4.0
2019-01-19,,,,,,,,,,,,,,,,,,,,,,,,,,,,,,,,,,,,,,,,,1.5,2.5,0.5,1.75,4.0
2019-01-20,,,,,,,,,,,,,,,,,,,,,,,,,,,,,,,,,,,,,,,,,1.5,2.5,0.5,1.75,4.0
2019-01-21,,,,,,,,,,,,,,,,,,,,,,,,,,,,,,,,,,,,,,,,,1.5,2.5,0.5,1.75,4.0
2019-01-22,,,,,,,,,,,,,,,,,,,,,,,,,,,,,,,,,,,,,,,,,1.5,2.5,0.5,1.75,4.0
2019-01-23,,,,,,,,,,,,,,,,,,,,,,,,,,,,,,,,,,,,,,,,,1.5,2.5,0.5,1.75,4.0
2019-01-24,,,,,,,,,,,,,,,,,,,,,,,,,,,,,,,,,,,,,,,,,1.5,2.5,0.5,1.75,4.0
2019-01-25,,,,,,,,,,,,,,,,,,,,,,,,,,,,,,,,,,,,,,,,,1.5,2.5,0.5,1.75,4.0
2019-01-26,,,,,,,,,,,,,,,,,,,,,,,,,,,,,,,,,,,,,,,,,1.5,2.5,0.5,1.75,4.0
2019-01-27,,,,,,,,,,,,,,,,,,,,,,,,,,,,,,,,,,,,,,,,,1.5,2.5,0.5,1.75,4.0
2019-01-28,,,,,,,,,,,,,,,,,,,,,,,,,,,,,,,,,,,,,,,,,1.5,2.5,0.5,1.75,4.0
2019-01-29,,,,,,,,,,,,,,,,,,,,,,,,,,,,,,,,,,,,,,,,,1.5,2.5,0.5,1.75,4.0
2019-01-30,,,,,,,,,,,,,,,,,,,,,,,,,,,,,,,,,,,,,,,,,1.5,2.5,0.5,1.75,4.0
2019-01-31,,,,,,,,,,,,,,,,,,,,,,,,,,,,,,,,,,,,,,,,,1.5,2.5,0.5,1.75,4.0
2019-02-01,,,,,,,,,,,,,,,,,,,,,,,,,,,,,,,,,,,,,,,,,1.5,2.5,0.5,1.75,4.0
2019-02-02,,,,,,,,,,,,,,,,,,,,,,,,,,,,,,,,,,,,,,,,,1.5,2.5,0.5,1.75,4.0
2019-02-03,,,,,,,,,,,,,,,,,,,,,,,,,,,,,,,,,,,,,,,,,1.5,2.5,0.5,1.75,4.0
2019-02-04,,,,,,,,,,,,,,,,,,,,,,,,,,,,,,,,,,,,,,,,,1.5,2.5,0.5,1.75,4.0
2019-02-05,,,,,,,,,,,,,,,,,,,,,,,,,,,,,,,,,,,,,,,,,1.5,2.5,0.5,1.75,4.0
2019-02-06,,,,,,,,,,,,,,,,,,,,,,,,,,,,,,,,,,,,,,,,,1.5,2.5,0.5,1.75,4.0
2019-02-07,,,,,,,,,,,,,,,,,,,,,,,,,,,,,,,,,,,,,,,,,1.5,2.5,0.5,1.75,4.0
2019-02-08,,,,,,,,,,,,,,,,,,,,,,,,,,,,,,,,,,,,,,,,,1.5,2.5,0.5,1.75,4.0
2019-02-09,,,,,,,,,,,,,,,,,,,,,,,,,,,,,,,,,,,,,,,,,1.5,2.5,0.5,1.75,4.0
2019-02-10,,,,,,,,,,,,,,,,,,,,,,,,,,,,,,,,,,,,,,,,,1.5,2.5,0.5,1.75,4.0
2019-02-11,,,,,,,,,,,,,,,,,,,,,,,,,,,,,,,,,,,,,,,,,1.5,2.5,0.5,1.75,4.0
2019-02-12,,,,,,,,,,,,,,,,,,,,,,,,,,,,,,,,,,,,,,,,,1.5,2.5,0.5,1.75,4.0
2019-02-13,,,,,,,,,,,,,,,,,,,,,,,,,,,,,,,,,,,,,,,,,1.5,2.5,0.5,1.75,4.0
2019-02-14,,,,,,,,,,,,,,,,,,,,,,,,,,,,,,,,,,,,,,,,,1.5,2.5,0.5,1.75,4.0
2019-02-15,,,,,,,,,,,,,,,,,,,,,,,,,,,,,,,,,,,,,,,,,1.5,2.5,0.5,1.75,4.0
2019-02-16,,,,,,,,,,,,,,,,,,,,,,,,,,,,,,,,,,,,,,,,,1.5,2.5,0.5,1.75,4.0
2019-02-17,,,,,,,,,,,,,,,,,,,,,,,,,,,,,,,,,,,,,,,,,1.5,2.5,0.5,1.75,4.0
2019-02-18,,,,,,,,,,,,,,,,,,,,,,,,,,,,,,,,,,,,,,,,,1.5,2.5,0.5,1.75,4.0
2019-02-19,,,,,,,,,,,,,,,,,,,,,,,,,,,,,,,,,,,,,,,,,1.5,2.5,0.5,1.75,4.0
2019-02-20,,,,,,,,,,,,,,,,,,,,,,,,,,,,,,,,,,,,,,,,,1.5,2.5,0.5,1.75,4.0
2019-02-21,,,,,,,,,,,,,,,,,,,,,,,,,,,,,,,,,,,,,,,,,1.5,2.5,0.5,1.75,4.0
2019-02-22,,,,,,,,,,,,,,,,,,,,,,,,,,,,,,,,,,,,,,,,,1.5,2.5,0.5,1.75,4.0
2019-02-23,,,,,,,,,,,,,,,,,,,,,,,,,,,,,,,,,,,,,,,,,1.5,2.5,0.5,1.75,4.0
2019-02-24,,,,,,,,,,,,,,,,,,,,,,,,,,,,,,,,,,,,,,,,,1.5,2.5,0.5,1.75,4.0
2019-02-25,,,,,,,,,,,,,,,,,,,,,,,,,,,,,,,,,,,,,,,,,1.5,2.5,0.5,1.75,4.0
2019-02-26,,,,,,,,,,,,,,,,,,,,,,,,,,,,,,,,,,,,,,,,,1.5,2.5,0.5,1.75,4.0
2019-02-27,,,,,,,,,,,,,,,,,,,,,,,,,,,,,,,,,,,,,,,,,1.5,2.5,0.5,1.75,4.0
2019-02-28,,,,,,,,,,,,,,,,,,,,,,,,,,,,,,,,,,,,,,,,,1.5,2.5,0.5,1.75,4.0
2019-03-01,,,,,,,,,,,,,,,,,,,,,,,,,,,,,,,,,,,,,,,,,1.5,2.5,0.5,1.75,4.0
2019-03-02,,,,,,,,,,,,,,,,,,,,,,,,,,,,,,,,,,,,,,,,,1.5,2.5,0.5,1.75,4.0
2019-03-03,,,,,,,,,,,,,,,,,,,,,,,,,,,,,,,,,,,,,,,,,1.5,2.5,0.5,1.75,4.0
2019-03-04,,,,,,,,,,,,,,,,,,,,,,,,,,,,,,,,,,,,,,,,,1.5,2.5,0.5,1.75,4.0
2019-03-05,,,,,,,,,,,,,,,,,,,,,,,,,,,,,,,,,,,,,,,,,1.5,2.5,0.5,1.75,4.0
2019-03-06,,,,,,,,,,,,,,,,,,,,,,,,,,,,,,,,,,,,,,,,,1.5,2.5,0.5,1.75,4.0
2019-03-07,,,,,,,,,,,,,,,,,,,,,,,,,,,,,,,,,,,,,,,,,1.5,2.5,0.5,1.75,4.0
2019-03-08,,,,,,,,,,,,,,,,,,,,,,,,,,,,,,,,,,,,,,,,,1.5,2.5,0.5,1.75,4.0
2019-03-09,,,,,,,,,,,,,,,,,,,,,,,,,,,,,,,,,,,,,,,,,1.5,2.5,0.5,1.75,4.0
2019-03-10,,,,,,,,,,,,,,,,,,,,,,,,,,,,,,,,,,,,,,,,,1.5,2.5,0.5,1.75,4.0
2019-03-11,,,,,,,,,,,,,,,,,,,,,,,,,,,,,,,,,,,,,,,,,1.5,2.5,0.5,1.75,4.0
2019-03-12,,,,,,,,,,,,,,,,,,,,,,,,,,,,,,,,,,,,,,,,,1.5,2.5,0.5,1.75,4.0
2019-03-13,,,,,,,,,,,,,,,,,,,,,,,,,,,,,,,,,,,,,,,,,1.5,2.5,0.5,1.75,4.0
2019-03-14,,,,,,,,,,,,,,,,,,,,,,,,,,,,,,,,,,,,,,,,,1.5,2.5,0.5,1.75,4.0
2019-03-15,,,,,,,,,,,,,,,,,,,,,,,,,,,,,,,,,,,,,,,,,1.5,2.5,0.5,1.75,4.0
2019-03-16,,,,,,,,,,,,,,,,,,,,,,,,,,,,,,,,,,,,,,,,,1.5,2.5,0.5,1.75,4.0
2019-03-17,,,,,,,,,,,,,,,,,,,,,,,,,,,,,,,,,,,,,,,,,1.5,2.5,0.5,1.75,4.0
2019-03-18,,,,,,,,,,,,,,,,,,,,,,,,,,,,,,,,,,,,,,,,,1.5,2.5,0.5,1.75,4.0
2019-03-19,,,,,,,,,,,,,,,,,,,,,,,,,,,,,,,,,,,,,,,,,1.5,2.5,0.5,1.75,4.0
2019-03-20,,,,,,,,,,,,,,,,,,,,,,,,,,,,,,,,,,,,,,,,,1.5,2.5,0.5,1.75,4.0
2019-03-21,,,,,,,,,,,,,,,,,,,,,,,,,,,,,,,,,,,,,,,,,1.5,2.5,0.5,1.75,4.0
2019-03-22,,,,,,,,,,,,,,,,,,,,,,,,,,,,,,,,,,,,,,,,,1.5,2.5,0.5,1.75,4.0
2019-03-23,,,,,,,,,,,,,,,,,,,,,,,,,,,,,,,,,,,,,,,,,1.5,2.5,0.5,1.75,4.0
2019-03-24,,,,,,,,,,,,,,,,,,,,,,,,,,,,,,,,,,,,,,,,,1.5,2.5,0.5,1.75,4.0
2019-03-25,,,,,,,,,,,,,,,,,,,,,,,,,,,,,,,,,,,,,,,,,1.5,2.5,0.5,1.75,4.0
2019-03-26,,,,,,,,,,,,,,,,,,,,,,,,,,,,,,,,,,,,,,,,,1.5,2.5,0.5,1.75,4.0
2019-03-27,,,,,,,,,,,,,,,,,,,,,,,,,,,,,,,,,,,,,,,,,1.5,2.5,0.5,1.75,4.0
2019-03-28,,,,,,,,,,,,,,,,,,,,,,,,,,,,,,,,,,,,,,,,,1.5,2.5,0.5,1.75,4.0
2019-03-29,,,,,,,,,,,,,,,,,,,,,,,,,,,,,,,,,,,,,,,,,1.5,2.5,0.5,1.75,4.0
2019-03-30,,,,,,,,,,,,,,,,,,,,,,,,,,,,,,,,,,,,,,,,,1.5,2.5,0.5,1.75,4.0
2019-03-31,,,,,,,,,,,,,,,,,,,,,,,,,,,,,,,,,,,,,,,,,1.5,2.5,0.5,1.75,4.0
2019-04-01,,,,,,,,,,,,,,,,,,,,,,,,,,,,,,,,,,,,,,,,,1.5,2.5,0.5,1.75,4.0
2019-04-02,,,,,,,,,,,,,,,,,,,,,,,,,,,,,,,,,,,,,,,,,1.5,2.5,0.5,1.75,4.0
2019-04-03,,,,,,,,,,,,,,,,,,,,,,,,,,,,,,,,,,,,,,,,,1.5,2.5,0.5,1.75,4.0
2019-04-04,,,,,,,,,,,,,,,,,,,,,,,,,,,,,,,,,,,,,,,,,1.5,2.5,0.5,1.75,4.0
2019-04-05,,,,,,,,,,,,,,,,,,,,,,,,,,,,,,,,,,,,,,,,,1.5,2.5,0.5,1.75,4.0
2019-04-06,,,,,,,,,,,,,,,,,,,,,,,,,,,,,,,,,,,,,,,,,1.5,2.5,0.5,1.75,4.0
2019-04-07,,,,,,,,,,,,,,,,,,,,,,,,,,,,,,,,,,,,,,,,,1.5,2.5,0.5,1.75,4.0
2019-04-08,,,,,,,,,,,,,,,,,,,,,,,,,,,,,,,,,,,,,,,,,1.5,2.5,0.5,1.75,4.0
2019-04-09,,,,,,,,,,,,,,,,,,,,,,,,,,,,,,,,,,,,,,,,,1.5,2.5,0.5,1.75,4.0
2019-04-10,,,,,,,,,,,,,,,,,,,,,,,,,,,,,,,,,,,,,,,,,1.5,2.5,0.5,1.75,4.0
2019-04-11,,,,,,,,,,,,,,,,,,,,,,,,,,,,,,,,,,,,,,,,,1.5,2.5,0.5,1.75,4.0
2019-04-12,,,,,,,,,,,,,,,,,,,,,,,,,,,,,,,,,,,,,,,,,1.5,2.5,0.5,1.75,4.0
2019-04-13,,,,,,,,,,,,,,,,,,,,,,,,,,,,,,,,,,,,,,,,,1.5,2.5,0.5,1.75,4.0
2019-04-14,,,,,,,,,,,,,,,,,,,,,,,,,,,,,,,,,,,,,,,,,1.5,2.5,0.5,1.75,4.0
2019-04-15,,,,,,,,,,,,,,,,,,,,,,,,,,,,,,,,,,,,,,,,,1.5,2.5,0.5,1.75,4.0
2019-04-16,,,,,,,,,,,,,,,,,,,,,,,,,,,,,,,,,,,,,,,,,1.5,2.5,0.5,1.75,4.0
2019-04-17,,,,,,,,,,,,,,,,,,,,,,,,,,,,,,,,,,,,,,,,,1.5,2.5,0.5,1.75,4.0
2019-04-18,,,,,,,,,,,,,,,,,,,,,,,,,,,,,,,,,,,,,,,,,1.5,2.5,0.5,1.75,4.0
2019-04-19,,,,,,,,,,,,,,,,,,,,,,,,,,,,,,,,,,,,,,,,,1.5,2.5,0.5,1.75,4.0
2019-04-20,,,,,,,,,,,,,,,,,,,,,,,,,,,,,,,,,,,,,,,,,1.5,2.5,0.5,1.75,4.0
2019-04-21,,,,,,,,,,,,,,,,,,,,,,,,,,,,,,,,,,,,,,,,,1.5,2.5,0.5,1.75,4.0
2019-04-22,,,,,,,,,,,,,,,,,,,,,,,,,,,,,,,,,,,,,,,,,1.5,2.5,0.5,1.75,4.0
2019-04-23,,,,,,,,,,,,,,,,,,,,,,,,,,,,,,,,,,,,,,,,,1.5,2.5,0.5,1.75,4.0
2019-04-24,,,,,,,,,,,,,,,,,,,,,,,,,,,,,,,,,,,,,,,,,1.5,2.5,0.5,1.75,4.0
2019-04-25,,,,,,,,,,,,,,,,,,,,,,,,,,,,,,,,,,,,,,,,,1.5,2.5,0.5,1.75,4.0
2019-04-26,,,,,,,,,,,,,,,,,,,,,,,,,,,,,,,,,,,,,,,,,1.5,2.5,0.5,1.75,4.0
2019-04-27,,,,,,,,,,,,,,,,,,,,,,,,,,,,,,,,,,,,,,,,,1.5,2.5,0.5,1.75,4.0
2019-04-28,,,,,,,,,,,,,,,,,,,,,,,,,,,,,,,,,,,,,,,,,1.5,2.5,0.5,1.75,4.0
2019-04-29,,,,,,,,,,,,,,,,,,,,,,,,,,,,,,,,,,,,,,,,,1.5,2.5,0.5,1.75,4.0
2019-04-30,,,,,,,,,,,,,,,,,,,,,,,,,,,,,,,,,,,,,,,,,1.5,2.5,0.5,1.75,4.0
2019-05-01,,,,,,,,,,,,,,,,,,,,,,,,,,,,,,,,,,,,,,,,,1.5,2.5,0.5,1.75,4.0
2019-05-02,,,,,,,,,,,,,,,,,,,,,,,,,,,,,,,,,,,,,,,,,1.5,2.5,0.5,1.75,4.0
2019-05-03,,,,,,,,,,,,,,,,,,,,,,,,,,,,,,,,,,,,,,,,,1.5,2.5,0.5,1.75,4.0
2019-05-04,,,,,,,,,,,,,,,,,,,,,,,,,,,,,,,,,,,,,,,,,1.5,2.5,0.5,1.75,4.0
2019-05-05,,,,,,,,,,,,,,,,,,,,,,,,,,,,,,,,,,,,,,,,,1.5,2.5,0.5,1.75,4.0
2019-05-06,,,,,,,,,,,,,,,,,,,,,,,,,,,,,,,,,,,,,,,,,1.5,2.5,0.5,1.75,4.0
2019-05-07,,,,,,,,,,,,,,,,,,,,,,,,,,,,,,,,,,,,,,,,,1.5,2.5,0.5,1.75,4.0
2019-05-08,,,,,,,,,,,,,,,,,,,,,,,,,,,,,,,,,,,,,,,,,1.5,2.5,0.5,1.75,4.0
2019-05-09,,,,,,,,,,,,,,,,,,,,,,,,,,,,,,,,,,,,,,,,,1.5,2.5,0.5,1.75,4.0
2019-05-10,,,,,,,,,,,,,,,,,,,,,,,,,,,,,,,,,,,,,,,,,1.5,2.5,0.5,1.75,4.0
2019-05-11,,,,,,,,,,,,,,,,,,,,,,,,,,,,,,,,,,,,,,,,,1.5,2.5,0.5,1.75,4.0
2019-05-12,,,,,,,,,,,,,,,,,,,,,,,,,,,,,,,,,,,,,,,,,1.5,2.5,0.5,1.75,4.0
2019-05-13,,,,,,,,,,,,,,,,,,,,,,,,,,,,,,,,,,,,,,,,,1.5,2.5,0.5,1.75,4.0
2019-05-14,,,,,,,,,,,,,,,,,,,,,,,,,,,,,,,,,,,,,,,,,1.5,2.5,0.5,1.75,4.0
2019-05-15,,,,,,,,,,,,,,,,,,,,,,,,,,,,,,,,,,,,,,,,,1.5,2.5,0.5,1.75,4.0
2019-05-16,,,,,,,,,,,,,,,,,,,,,,,,,,,,,,,,,,,,,,,,,1.5,2.5,0.5,1.75,4.0
2019-05-17,,,,,,,,,,,,,,,,,,,,,,,,,,,,,,,,,,,,,,,,,1.5,2.5,0.5,1.75,4.0
2019-05-18,,,,,,,,,,,,,,,,,,,,,,,,,,,,,,,,,,,,,,,,,1.5,2.5,0.5,1.75,4.0
2019-05-19,,,,,,,,,,,,,,,,,,,,,,,,,,,,,,,,,,,,,,,,,1.5,2.5,0.5,1.75,4.0
2019-05-20,,,,,,,,,,,,,,,,,,,,,,,,,,,,,,,,,,,,,,,,,1.5,2.5,0.5,1.75,4.0
2019-05-21,,,,,,,,,,,,,,,,,,,,,,,,,,,,,,,,,,,,,,,,,1.5,2.5,0.5,1.75,4.0
2019-05-22,,,,,,,,,,,,,,,,,,,,,,,,,,,,,,,,,,,,,,,,,1.5,2.5,0.5,1.75,4.0
2019-05-23,,,,,,,,,,,,,,,,,,,,,,,,,,,,,,,,,,,,,,,,,1.5,2.5,0.5,1.75,4.0
2019-05-24,,,,,,,,,,,,,,,,,,,,,,,,,,,,,,,,,,,,,,,,,1.5,2.5,0.5,1.75,4.0
2019-05-25,,,,,,,,,,,,,,,,,,,,,,,,,,,,,,,,,,,,,,,,,1.5,2.5,0.5,1.75,4.0
2019-05-26,,,,,,,,,,,,,,,,,,,,,,,,,,,,,,,,,,,,,,,,,1.5,2.5,0.5,1.75,4.0
2019-05-27,,,,,,,,,,,,,,,,,,,,,,,,,,,,,,,,,,,,,,,,,1.5,2.5,0.5,1.75,4.0
2019-05-28,,,,,,,,,,,,,,,,,,,,,,,,,,,,,,,,,,,,,,,,,1.5,2.5,0.5,1.75,4.0
2019-05-29,,,,,,,,,,,,,,,,,,,,,,,,,,,,,,,,,,,,,,,,,1.5,2.5,0.5,1.75,4.0
2019-05-30,,,,,,,,,,,,,,,,,,,,,,,,,,,,,,,,,,,,,,,,,1.5,2.5,0.5,1.75,4.0
2019-05-31,,,,,,,,,,,,,,,,,,,,,,,,,,,,,,,,,,,,,,,,,1.5,2.5,0.5,1.75,4.0
2019-06-01,,,,,,,,,,,,,,,,,,,,,,,,,,,,,,,,,,,,,,,,,1.5,2.5,0.5,1.75,4.0
2019-06-02,,,,,,,,,,,,,,,,,,,,,,,,,,,,,,,,,,,,,,,,,1.5,2.5,0.5,1.75,4.0
2019-06-03,,,,,,,,,,,,,,,,,,,,,,,,,,,,,,,,,,,,,,,,,1.5,2.5,0.5,1.75,4.0
2019-06-04,,,,,,,,,,,,,,,,,,,,,,,,,,,,,,,,,,,,,,,,,1.5,2.5,0.5,1.75,4.0
2019-06-05,,,,,,,,,,,,,,,,,,,,,,,,,,,,,,,,,,,,,,,,,1.5,2.5,0.5,1.75,4.0
2019-06-06,,,,,,,,,,,,,,,,,,,,,,,,,,,,,,,,,,,,,,,,,1.5,2.5,0.5,1.75,4.0
2019-06-07,,,,,,,,,,,,,,,,,,,,,,,,,,,,,,,,,,,,,,,,,1.5,2.5,0.5,1.75,4.0
2019-06-08,,,,,,,,,,,,,,,,,,,,,,,,,,,,,,,,,,,,,,,,,1.5,2.5,0.5,1.75,4.0
2019-06-09,,,,,,,,,,,,,,,,,,,,,,,,,,,,,,,,,,,,,,,,,1.5,2.5,0.5,1.75,4.0
2019-06-10,,,,,,,,,,,,,,,,,,,,,,,,,,,,,,,,,,,,,,,,,1.5,2.5,0.5,1.75,4.0
2019-06-11,,,,,,,,,,,,,,,,,,,,,,,,,,,,,,,,,,,,,,,,,1.5,2.5,0.5,1.75,4.0
2019-06-12,,,,,,,,,,,,,,,,,,,,,,,,,,,,,,,,,,,,,,,,,1.5,2.5,0.5,1.75,4.0
2019-06-13,,,,,,,,,,,,,,,,,,,,,,,,,,,,,,,,,,,,,,,,,1.5,2.5,0.5,1.75,4.0
2019-06-14,,,,,,,,,,,,,,,,,,,,,,,,,,,,,,,,,,,,,,,,,1.5,2.5,0.5,1.75,4.0
2019-06-15,,,,,,,,,,,,,,,,,,,,,,,,,,,,,,,,,,,,,,,,,1.5,2.5,0.5,1.75,4.0
2019-06-16,,,,,,,,,,,,,,,,,,,,,,,,,,,,,,,,,,,,,,,,,1.5,2.5,0.5,1.75,4.0
2019-06-17,,,,,,,,,,,,,,,,,,,,,,,,,,,,,,,,,,,,,,,,,1.5,2.5,0.5,1.75,4.0
2019-06-18,,,,,,,,,,,,,,,,,,,,,,,,,,,,,,,,,,,,,,,,,1.5,2.5,0.5,1.75,4.0
2019-06-19,,,,,,,,,,,,,,,,,,,,,,,,,,,,,,,,,,,,,,,,,1.5,2.5,0.5,1.75,4.0
2019-06-20,,,,,,,,,,,,,,,,,,,,,,,,,,,,,,,,,,,,,,,,,1.5,2.5,0.5,1.75,4.0
2019-06-21,,,,,,,,,,,,,,,,,,,,,,,,,,,,,,,,,,,,,,,,,1.5,2.5,0.5,1.75,4.0
2019-06-22,,,,,,,,,,,,,,,,,,,,,,,,,,,,,,,,,,,,,,,,,1.5,2.5,0.5,1.75,4.0
2019-06-23,,,,,,,,,,,,,,,,,,,,,,,,,,,,,,,,,,,,,,,,,1.5,2.5,0.5,1.75,4.0
2019-06-24,,,,,,,,,,,,,,,,,,,,,,,,,,,,,,,,,,,,,,,,,1.5,2.5,0.5,1.75,4.0
2019-06-25,,,,,,,,,,,,,,,,,,,,,,,,,,,,,,,,,,,,,,,,,1.5,2.5,0.5,1.75,4.0
2019-06-26,,,,,,,,,,,,,,,,,,,,,,,,,,,,,,,,,,,,,,,,,1.5,2.5,0.5,1.75,4.0
2019-06-27,,,,,,,,,,,,,,,,,,,,,,,,,,,,,,,,,,,,,,,,,1.5,2.5,0.5,1.75,4.0
2019-06-28,,,,,,,,,,,,,,,,,,,,,,,,,,,,,,,,,,,,,,,,,1.5,2.5,0.5,1.75,4.0
2019-06-29,,,,,,,,,,,,,,,,,,,,,,,,,,,,,,,,,,,,,,,,,1.5,2.5,0.5,1.75,4.0
2019-06-30,,,,,,,,,,,,,,,,,,,,,,,,,,,,,,,,,,,,,,,,,1.5,2.5,0.5,1.75,4.0
2019-07-01,,,,,,,,,,,,,,,,,,,,,,,,,,,,,,,,,,,,,,,,,1.5,2.5,0.5,1.75,4.0
2019-07-02,,,,,,,,,,,,,,,,,,,,,,,,,,,,,,,,,,,,,,,,,1.5,2.5,0.5,1.75,4.0
2019-07-03,,,,,,,,,,,,,,,,,,,,,,,,,,,,,,,,,,,,,,,,,1.5,2.5,0.5,1.75,4.0
2019-07-04,,,,,,,,,,,,,,,,,,,,,,,,,,,,,,,,,,,,,,,,,1.5,2.5,0.5,1.75,4.0
2019-07-05,,,,,,,,,,,,,,,,,,,,,,,,,,,,,,,,,,,,,,,,,1.5,2.5,0.5,1.75,4.0
2019-07-06,,,,,,,,,,,,,,,,,,,,,,,,,,,,,,,,,,,,,,,,,1.5,2.5,0.5,1.75,4.0
2019-07-07,,,,,,,,,,,,,,,,,,,,,,,,,,,,,,,,,,,,,,,,,1.5,2.5,0.5,1.75,4.0
2019-07-08,,,,,,,,,,,,,,,,,,,,,,,,,,,,,,,,,,,,,,,,,1.5,2.5,0.5,1.75,4.0
2019-07-09,,,,,,,,,,,,,,,,,,,,,,,,,,,,,,,,,,,,,,,,,1.5,2.5,0.5,1.75,4.0
2019-07-10,,,,,,,,,,,,,,,,,,,,,,,,,,,,,,,,,,,,,,,,,1.5,2.5,0.5,1.75,4.0
2019-07-11,,,,,,,,,,,,,,,,,,,,,,,,,,,,,,,,,,,,,,,,,1.5,2.5,0.5,1.75,4.0
2019-07-12,,,,,,,,,,,,,,,,,,,,,,,,,,,,,,,,,,,,,,,,,1.5,2.5,0.5,1.75,4.0
2019-07-13,,,,,,,,,,,,,,,,,,,,,,,,,,,,,,,,,,,,,,,,,1.5,2.5,0.5,1.75,4.0
2019-07-14,,,,,,,,,,,,,,,,,,,,,,,,,,,,,,,,,,,,,,,,,1.5,2.5,0.5,1.75,4.0
2019-07-15,,,,,,,,,,,,,,,,,,,,,,,,,,,,,,,,,,,,,,,,,1.5,2.5,0.5,1.75,4.0
2019-07-16,,,,,,,,,,,,,,,,,,,,,,,,,,,,,,,,,,,,,,,,,1.5,2.5,0.5,1.75,4.0
2019-07-17,,,,,,,,,,,,,,,,,,,,,,,,,,,,,,,,,,,,,,,,,1.5,2.5,0.5,1.75,4.0
2019-07-18,,,,,,,,,,,,,,,,,,,,,,,,,,,,,,,,,,,,,,,,,1.5,2.5,0.5,1.75,4.0
2019-07-19,,,,,,,,,,,,,,,,,,,,,,,,,,,,,,,,,,,,,,,,,1.5,2.5,0.5,1.75,4.0
2019-07-20,,,,,,,,,,,,,,,,,,,,,,,,,,,,,,,,,,,,,,,,,1.5,2.5,0.5,1.75,4.0
2019-07-21,,,,,,,,,,,,,,,,,,,,,,,,,,,,,,,,,,,,,,,,,1.5,2.5,0.5,1.75,4.0
2019-07-22,,,,,,,,,,,,,,,,,,,,,,,,,,,,,,,,,,,,,,,,,1.5,2.5,0.5,1.75,4.0
2019-07-23,,,,,,,,,,,,,,,,,,,,,,,,,,,,,,,,,,,,,,,,,1.5,2.5,0.5,1.75,4.0
2019-07-24,,,,,,,,,,,,,,,,,,,,,,,,,,,,,,,,,,,,,,,,,1.5,2.5,0.5,1.75,4.0
2019-07-25,,,,,,,,,,,,,,,,,,,,,,,,,,,,,,,,,,,,,,,,,1.5,2.5,0.5,1.75,4.0
2019-07-26,,,,,,,,,,,,,,,,,,,,,,,,,,,,,,,,,,,,,,,,,1.5,2.5,0.5,1.75,4.0
2019-07-27,,,,,,,,,,,,,,,,,,,,,,,,,,,,,,,,,,,,,,,,,1.5,2.5,0.5,1.75,4.0
2019-07-28,,,,,,,,,,,,,,,,,,,,,,,,,,,,,,,,,,,,,,,,,1.5,2.5,0.5,1.75,4.0
2019-07-29,,,,,,,,,,,,,,,,,,,,,,,,,,,,,,,,,,,,,,,,,1.5,2.5,0.5,1.75,4.0
2019-07-30,,,,,,,,,,,,,,,,,,,,,,,,,,,,,,,,,,,,,,,,,1.5,2.5,0.5,1.75,4.0
2019-07-31,,,,,,,,,,,,,,,,,,,,,,,,,,,,,,,,,,,,,,,,,1.5,2.5,0.5,1.75,4.0
2019-08-01,,,,,,,,,,,,,,,,,,,,,,,,,,,,,,,,,,,,,,,,,1.5,2.5,0.5,1.75,4.0
2019-08-02,,,,,,,,,,,,,,,,,,,,,,,,,,,,,,,,,,,,,,,,,1.5,2.5,0.5,1.75,4.0
2019-08-03,,,,,,,,,,,,,,,,,,,,,,,,,,,,,,,,,,,,,,,,,1.5,2.5,0.5,1.75,4.0
2019-08-04,,,,,,,,,,,,,,,,,,,,,,,,,,,,,,,,,,,,,,,,,1.5,2.5,0.5,1.75,4.0
2019-08-05,,,,,,,,,,,,,,,,,,,,,,,,,,,,,,,,,,,,,,,,,1.5,2.5,0.5,1.75,4.0
2019-08-06,,,,,,,,,,,,,,,,,,,,,,,,,,,,,,,,,,,,,,,,,1.5,2.5,0.5,1.75,4.0
2019-08-07,,,,,,,,,,,,,,,,,,,,,,,,,,,,,,,,,,,,,,,,,1.5,2.5,0.5,1.75,4.0
2019-08-08,,,,,,,,,,,,,,,,,,,,,,,,,,,,,,,,,,,,,,,,,1.5,2.5,0.5,1.75,4.0
2019-08-09,,,,,,,,,,,,,,,,,,,,,,,,,,,,,,,,,,,,,,,,,1.5,2.5,0.5,1.75,4.0
2019-08-10,,,,,,,,,,,,,,,,,,,,,,,,,,,,,,,,,,,,,,,,,1.5,2.5,0.5,1.75,4.0
2019-08-11,,,,,,,,,,,,,,,,,,,,,,,,,,,,,,,,,,,,,,,,,1.5,2.5,0.5,1.75,4.0
2019-08-12,,,,,,,,,,,,,,,,,,,,,,,,,,,,,,,,,,,,,,,,,1.5,2.5,0.5,1.75,4.0
2019-08-13,,,,,,,,,,,,,,,,,,,,,,,,,,,,,,,,,,,,,,,,,1.5,2.5,0.5,1.75,4.0
2019-08-14,,,,,,,,,,,,,,,,,,,,,,,,,,,,,,,,,,,,,,,,,1.5,2.5,0.5,1.75,4.0
2019-08-15,,,,,,,,,,,,,,,,,,,,,,,,,,,,,,,,,,,,,,,,,1.5,2.5,0.5,1.75,4.0
2019-08-16,,,,,,,,,,,,,,,,,,,,,,,,,,,,,,,,,,,,,,,,,1.5,2.5,0.5,1.75,4.0
2019-08-17,,,,,,,,,,,,,,,,,,,,,,,,,,,,,,,,,,,,,,,,,1.5,2.5,0.5,1.75,4.0
2019-08-18,,,,,,,,,,,,,,,,,,,,,,,,,,,,,,,,,,,,,,,,,1.5,2.5,0.5,1.75,4.0
2019-08-19,,,,,,,,,,,,,,,,,,,,,,,,,,,,,,,,,,,,,,,,,1.5,2.5,0.5,1.75,4.0
2019-08-20,,,,,,,,,,,,,,,,,,,,,,,,,,,,,,,,,,,,,,,,,1.5,2.5,0.5,1.75,4.0
2019-08-21,,,,,,,,,,,,,,,,,,,,,,,,,,,,,,,,,,,,,,,,,1.5,2.5,0.5,1.75,4.0
2019-08-22,,,,,,,,,,,,,,,,,,,,,,,,,,,,,,,,,,,,,,,,,1.5,2.5,0.5,1.75,4.0
2019-08-23,,,,,,,,,,,,,,,,,,,,,,,,,,,,,,,,,,,,,,,,,1.5,2.5,0.5,1.75,4.0
2019-08-24,,,,,,,,,,,,,,,,,,,,,,,,,,,,,,,,,,,,,,,,,1.5,2.5,0.5,1.75,4.0
2019-08-25,,,,,,,,,,,,,,,,,,,,,,,,,,,,,,,,,,,,,,,,,1.5,2.5,0.5,1.75,4.0
2019-08-26,,,,,,,,,,,,,,,,,,,,,,,,,,,,,,,,,,,,,,,,,1.5,2.5,0.5,1.75,4.0
2019-08-27,,,,,,,,,,,,,,,,,,,,,,,,,,,,,,,,,,,,,,,,,1.5,2.5,0.5,1.75,4.0
2019-08-28,,,,,,,,,,,,,,,,,,,,,,,,,,,,,,,,,,,,,,,,,1.5,2.5,0.5,1.75,4.0
2019-08-29,,,,,,,,,,,,,,,,,,,,,,,,,,,,,,,,,,,,,,,,,1.5,2.5,0.5,1.75,4.0
2019-08-30,,,,,,,,,,,,,,,,,,,,,,,,,,,,,,,,,,,,,,,,,1.5,2.5,0.5,1.75,4.0
2019-08-31,,,,,,,,,,,,,,,,,,,,,,,,,,,,,,,,,,,,,,,,,1.5,2.5,0.5,1.75,4.0
2019-09-01,,,,,,,,,,,,,,,,,,,,,,,,,,,,,,,,,,,,,,,,,1.5,2.5,0.5,1.75,4.0
2019-09-02,,,,,,,,,,,,,,,,,,,,,,,,,,,,,,,,,,,,,,,,,1.5,2.5,0.5,1.75,4.0
2019-09-03,,,,,,,,,,,,,,,,,,,,,,,,,,,,,,,,,,,,,,,,,1.5,2.5,0.5,1.75,4.0
2019-09-04,,,,,,,,,,,,,,,,,,,,,,,,,,,,,,,,,,,,,,,,,1.5,2.5,0.5,1.75,4.0
2019-09-05,,,,,,,,,,,,,,,,,,,,,,,,,,,,,,,,,,,,,,,,,1.5,2.5,0.5,1.75,4.0
2019-09-06,,,,,,,,,,,,,,,,,,,,,,,,,,,,,,,,,,,,,,,,,1.5,2.5,0.5,1.75,4.0
2019-09-07,,,,,,,,,,,,,,,,,,,,,,,,,,,,,,,,,,,,,,,,,1.5,2.5,0.5,1.75,4.0
2019-09-08,,,,,,,,,,,,,,,,,,,,,,,,,,,,,,,,,,,,,,,,,1.5,2.5,0.5,1.75,4.0
2019-09-09,,,,,,,,,,,,,,,,,,,,,,,,,,,,,,,,,,,,,,,,,1.5,2.5,0.5,1.75,4.0
2019-09-10,,,,,,,,,,,,,,,,,,,,,,,,,,,,,,,,,,,,,,,,,1.5,2.5,0.5,1.75,4.0
2019-09-11,,,,,,,,,,,,,,,,,,,,,,,,,,,,,,,,,,,,,,,,,1.5,2.5,0.5,1.75,4.0
2019-09-12,,,,,,,,,,,,,,,,,,,,,,,,,,,,,,,,,,,,,,,,,1.5,2.5,0.5,1.75,4.0
2019-09-13,,,,,,,,,,,,,,,,,,,,,,,,,,,,,,,,,,,,,,,,,1.5,2.5,0.5,1.75,4.0
2019-09-14,,,,,,,,,,,,,,,,,,,,,,,,,,,,,,,,,,,,,,,,,1.5,2.5,0.5,1.75,4.0
2019-09-15,,,,,,,,,,,,,,,,,,,,,,,,,,,,,,,,,,,,,,,,,1.5,2.5,0.5,1.75,4.0
2019-09-16,,,,,,,,,,,,,,,,,,,,,,,,,,,,,,,,,,,,,,,,,1.5,2.5,0.5,1.75,4.0
2019-09-17,,,,,,,,,,,,,,,,,,,,,,,,,,,,,,,,,,,,,,,,,1.5,2.5,0.5,1.75,4.0
2019-09-18,,,,,,,,,,,,,,,,,,,,,,,,,,,,,,,,,,,,,,,,,1.5,2.5,0.5,1.75,4.0
2019-09-19,,,,,,,,,,,,,,,,,,,,,,,,,,,,,,,,,,,,,,,,,1.5,2.5,0.5,1.75,4.0
2019-09-20,,,,,,,,,,,,,,,,,,,,,,,,,,,,,,,,,,,,,,,,,1.5,2.5,0.5,1.75,4.0
2019-09-21,,,,,,,,,,,,,,,,,,,,,,,,,,,,,,,,,,,,,,,,,1.5,2.5,0.5,1.75,4.0
2019-09-22,,,,,,,,,,,,,,,,,,,,,,,,,,,,,,,,,,,,,,,,,1.5,2.5,0.5,1.75,4.0
2019-09-23,,,,,,,,,,,,,,,,,,,,,,,,,,,,,,,,,,,,,,,,,1.5,2.5,0.5,1.75,4.0
2019-09-24,,,,,,,,,,,,,,,,,,,,,,,,,,,,,,,,,,,,,,,,,1.5,2.5,0.5,1.75,4.0
2019-09-25,,,,,,,,,,,,,,,,,,,,,,,,,,,,,,,,,,,,,,,,,1.5,2.5,0.5,1.75,4.0
2019-09-26,,,,,,,,,,,,,,,,,,,,,,,,,,,,,,,,,,,,,,,,,1.5,2.5,0.5,1.75,4.0
2019-09-27,,,,,,,,,,,,,,,,,,,,,,,,,,,,,,,,,,,,,,,,,1.5,2.5,0.5,1.75,4.0
2019-09-28,,,,,,,,,,,,,,,,,,,,,,,,,,,,,,,,,,,,,,,,,1.5,2.5,0.5,1.75,4.0
2019-09-29,,,,,,,,,,,,,,,,,,,,,,,,,,,,,,,,,,,,,,,,,1.5,2.5,0.5,1.75,4.0
2019-09-30,,,,,,,,,,,,,,,,,,,,,,,,,,,,,,,,,,,,,,,,,1.5,2.5,0.5,1.75,4.0
2019-10-01,,,,,,,,,,,,,,,,,,,,,,,,,,,,,,,,,,,,,,,,,1.5,2.5,0.5,1.75,4.0
2019-10-02,,,,,,,,,,,,,,,,,,,,,,,,,,,,,,,,,,,,,,,,,1.5,2.5,0.5,1.75,4.0
2019-10-03,,,,,,,,,,,,,,,,,,,,,,,,,,,,,,,,,,,,,,,,,1.5,2.5,0.5,1.75,4.0
2019-10-04,,,,,,,,,,,,,,,,,,,,,,,,,,,,,,,,,,,,,,,,,1.5,2.5,0.5,1.75,4.0
2019-10-05,,,,,,,,,,,,,,,,,,,,,,,,,,,,,,,,,,,,,,,,,1.5,2.5,0.5,1.75,4.0
2019-10-06,,,,,,,,,,,,,,,,,,,,,,,,,,,,,,,,,,,,,,,,,1.5,2.5,0.5,1.75,4.0
2019-10-07,,,,,,,,,,,,,,,,,,,,,,,,,,,,,,,,,,,,,,,,,1.5,2.5,0.5,1.75,4.0
2019-10-08,,,,,,,,,,,,,,,,,,,,,,,,,,,,,,,,,,,,,,,,,1.5,2.5,0.5,1.75,4.0
2019-10-09,,,,,,,,,,,,,,,,,,,,,,,,,,,,,,,,,,,,,,,,,1.5,2.5,0.5,1.75,4.0
2019-10-10,,,,,,,,,,,,,,,,,,,,,,,,,,,,,,,,,,,,,,,,,1.5,2.5,0.5,1.75,4.0
2019-10-11,,,,,,,,,,,,,,,,,,,,,,,,,,,,,,,,,,,,,,,,,1.5,2.5,0.5,1.75,4.0
2019-10-12,,,,,,,,,,,,,,,,,,,,,,,,,,,,,,,,,,,,,,,,,1.5,2.5,0.5,1.75,4.0
2019-10-13,,,,,,,,,,,,,,,,,,,,,,,,,,,,,,,,,,,,,,,,,1.5,2.5,0.5,1.75,4.0
2019-10-14,,,,,,,,,,,,,,,,,,,,,,,,,,,,,,,,,,,,,,,,,1.5,2.5,0.5,1.75,4.0
2019-10-15,,,,,,,,,,,,,,,,,,,,,,,,,,,,,,,,,,,,,,,,,1.5,2.5,0.5,1.75,4.0
2019-10-16,,,,,,,,,,,,,,,,,,,,,,,,,,,,,,,,,,,,,,,,,1.5,2.5,0.5,1.75,4.0
2019-10-17,,,,,,,,,,,,,,,,,,,,,,,,,,,,,,,,,,,,,,,,,1.5,2.5,0.5,1.75,4.0
2019-10-18,,,,,,,,,,,,,,,,,,,,,,,,,,,,,,,,,,,,,,,,,1.5,2.5,0.5,1.75,4.0
2019-10-19,,,,,,,,,,,,,,,,,,,,,,,,,,,,,,,,,,,,,,,,,1.5,2.5,0.5,1.75,4.0
2019-10-20,,,,,,,,,,,,,,,,,,,,,,,,,,,,,,,,,,,,,,,,,1.5,2.5,0.5,1.75,4.0
2019-10-21,,,,,,,,,,,,,,,,,,,,,,,,,,,,,,,,,,,,,,,,,1.5,2.5,0.5,1.75,4.0
2019-10-22,,,,,,,,,,,,,,,,,,,,,,,,,,,,,,,,,,,,,,,,,1.5,2.5,0.5,1.75,4.0
2019-10-23,,,,,,,,,,,,,,,,,,,,,,,,,,,,,,,,,,,,,,,,,1.5,2.5,0.5,1.75,4.0
2019-10-24,,,,,,,,,,,,,,,,,,,,,,,,,,,,,,,,,,,,,,,,,1.5,2.5,0.5,1.75,4.0
2019-10-25,,,,,,,,,,,,,,,,,,,,,,,,,,,,,,,,,,,,,,,,,1.5,2.5,0.5,1.75,4.0
2019-10-26,,,,,,,,,,,,,,,,,,,,,,,,,,,,,,,,,,,,,,,,,1.5,2.5,0.5,1.75,4.0
2019-10-27,,,,,,,,,,,,,,,,,,,,,,,,,,,,,,,,,,,,,,,,,1.5,2.5,0.5,1.75,4.0
2019-10-28,,,,,,,,,,,,,,,,,,,,,,,,,,,,,,,,,,,,,,,,,1.5,2.5,0.5,1.75,4.0
2019-10-29,,,,,,,,,,,,,,,,,,,,,,,,,,,,,,,,,,,,,,,,,1.5,2.5,0.5,1.75,4.0
2019-10-30,,,,,,,,,,,,,,,,,,,,,,,,,,,,,,,,,,,,,,,,,1.5,2.5,0.5,1.75,4.0
2019-10-31,,,,,,,,,,,,,,,,,,,,,,,,,,,,,,,,,,,,,,,,,1.5,2.5,0.5,1.75,4.0
2019-11-01,,,,,,,,,,,,,,,,,,,,,,,,,,,,,,,,,,,,,,,,,1.5,2.5,0.5,1.75,4.0
2019-11-02,,,,,,,,,,,,,,,,,,,,,,,,,,,,,,,,,,,,,,,,,1.5,2.5,0.5,1.75,4.0
2019-11-03,,,,,,,,,,,,,,,,,,,,,,,,,,,,,,,,,,,,,,,,,1.5,2.5,0.5,1.75,4.0
2019-11-04,,,,,,,,,,,,,,,,,,,,,,,,,,,,,,,,,,,,,,,,,1.5,2.5,0.5,1.75,4.0
2019-11-05,,,,,,,,,,,,,,,,,,,,,,,,,,,,,,,,,,,,,,,,,1.5,2.5,0.5,1.75,4.0
2019-11-06,,,,,,,,,,,,,,,,,,,,,,,,,,,,,,,,,,,,,,,,,1.5,2.5,0.5,1.75,4.0
2019-11-07,,,,,,,,,,,,,,,,,,,,,,,,,,,,,,,,,,,,,,,,,1.5,2.5,0.5,1.75,4.0
2019-11-08,,,,,,,,,,,,,,,,,,,,,,,,,,,,,,,,,,,,,,,,,1.5,2.5,0.5,1.75,4.0
2019-11-09,,,,,,,,,,,,,,,,,,,,,,,,,,,,,,,,,,,,,,,,,1.5,2.5,0.5,1.75,4.0
2019-11-10,,,,,,,,,,,,,,,,,,,,,,,,,,,,,,,,,,,,,,,,,1.5,2.5,0.5,1.75,4.0
2019-11-11,,,,,,,,,,,,,,,,,,,,,,,,,,,,,,,,,,,,,,,,,1.5,2.5,0.5,1.75,4.0
2019-11-12,,,,,,,,,,,,,,,,,,,,,,,,,,,,,,,,,,,,,,,,,1.5,2.5,0.5,1.75,4.0
2019-11-13,,,,,,,,,,,,,,,,,,,,,,,,,,,,,,,,,,,,,,,,,1.5,2.5,0.5,1.75,4.0
2019-11-14,,,,,,,,,,,,,,,,,,,,,,,,,,,,,,,,,,,,,,,,,1.5,2.5,0.5,1.75,4.0
2019-11-15,,,,,,,,,,,,,,,,,,,,,,,,,,,,,,,,,,,,,,,,,1.5,2.5,0.5,1.75,4.0
2019-11-16,,,,,,,,,,,,,,,,,,,,,,,,,,,,,,,,,,,,,,,,,1.5,2.5,0.5,1.75,4.0
2019-11-17,,,,,,,,,,,,,,,,,,,,,,,,,,,,,,,,,,,,,,,,,1.5,2.5,0.5,1.75,4.0
2019-11-18,,,,,,,,,,,,,,,,,,,,,,,,,,,,,,,,,,,,,,,,,1.5,2.5,0.5,1.75,4.0
2019-11-19,,,,,,,,,,,,,,,,,,,,,,,,,,,,,,,,,,,,,,,,,1.5,2.5,0.5,1.75,4.0
2019-11-20,,,,,,,,,,,,,,,,,,,,,,,,,,,,,,,,,,,,,,,,,1.5,2.5,0.5,1.75,4.0
2019-11-21,,,,,,,,,,,,,,,,,,,,,,,,,,,,,,,,,,,,,,,,,1.5,2.5,0.5,1.75,4.0
2019-11-22,,,,,,,,,,,,,,,,,,,,,,,,,,,,,,,,,,,,,,,,,1.5,2.5,0.5,1.75,4.0
2019-11-23,,,,,,,,,,,,,,,,,,,,,,,,,,,,,,,,,,,,,,,,,1.5,2.5,0.5,1.75,4.0
2019-11-24,,,,,,,,,,,,,,,,,,,,,,,,,,,,,,,,,,,,,,,,,1.5,2.5,0.5,1.75,4.0
2019-11-25,,,,,,,,,,,,,,,,,,,,,,,,,,,,,,,,,,,,,,,,,1.5,2.5,0.5,1.75,4.0
2019-11-26,,,,,,,,,,,,,,,,,,,,,,,,,,,,,,,,,,,,,,,,,1.5,2.5,0.5,1.75,4.0
2019-11-27,,,,,,,,,,,,,,,,,,,,,,,,,,,,,,,,,,,,,,,,,1.5,2.5,0.5,1.75,4.0
2019-11-28,,,,,,,,,,,,,,,,,,,,,,,,,,,,,,,,,,,,,,,,,1.5,2.5,0.5,1.75,4.0
2019-11-29,,,,,,,,,,,,,,,,,,,,,,,,,,,,,,,,,,,,,,,,,1.5,2.5,0.5,1.75,4.0
2019-11-30,,,,,,,,,,,,,,,,,,,,,,,,,,,,,,,,,,,,,,,,,1.5,2.5,0.5,1.75,4.0
2019-12-01,,,,,,,,,,,,,,,,,,,,,,,,,,,,,,,,,,,,,,,,,1.5,2.5,0.5,1.75,4.0
2019-12-02,,,,,,,,,,,,,,,,,,,,,,,,,,,,,,,,,,,,,,,,,1.5,2.5,0.5,1.75,4.0
2019-12-03,,,,,,,,,,,,,,,,,,,,,,,,,,,,,,,,,,,,,,,,,1.5,2.5,0.5,1.75,4.0
2019-12-04,,,,,,,,,,,,,,,,,,,,,,,,,,,,,,,,,,,,,,,,,1.5,2.5,0.5,1.75,4.0
2019-12-05,,,,,,,,,,,,,,,,,,,,,,,,,,,,,,,,,,,,,,,,,1.5,2.5,0.5,1.75,4.0
2019-12-06,,,,,,,,,,,,,,,,,,,,,,,,,,,,,,,,,,,,,,,,,1.5,2.5,0.5,1.75,4.0
2019-12-07,,,,,,,,,,,,,,,,,,,,,,,,,,,,,,,,,,,,,,,,,1.5,2.5,0.5,1.75,4.0
2019-12-08,,,,,,,,,,,,,,,,,,,,,,,,,,,,,,,,,,,,,,,,,1.5,2.5,0.5,1.75,4.0
2019-12-09,,,,,,,,,,,,,,,,,,,,,,,,,,,,,,,,,,,,,,,,,1.5,2.5,0.5,1.75,4.0
2019-12-10,,,,,,,,,,,,,,,,,,,,,,,,,,,,,,,,,,,,,,,,,1.5,2.5,0.5,1.75,4.0
2019-12-11,,,,,,,,,,,,,,,,,,,,,,,,,,,,,,,,,,,,,,,,,1.5,2.5,0.5,1.75,4.0
2019-12-12,,,,,,,,,,,,,,,,,,,,,,,,,,,,,,,,,,,,,,,,,1.5,2.5,0.5,1.75,4.0
2019-12-13,,,,,,,,,,,,,,,,,,,,,,,,,,,,,,,,,,,,,,,,,1.5,2.5,0.5,1.75,4.0
2019-12-14,,,,,,,,,,,,,,,,,,,,,,,,,,,,,,,,,,,,,,,,,1.5,2.5,0.5,1.75,4.0
2019-12-15,,,,,,,,,,,,,,,,,,,,,,,,,,,,,,,,,,,,,,,,,1.5,2.5,0.5,1.75,4.0
2019-12-16,,,,,,,,,,,,,,,,,,,,,,,,,,,,,,,,,,,,,,,,,1.5,2.5,0.5,1.75,4.0
2019-12-17,,,,,,,,,,,,,,,,,,,,,,,,,,,,,,,,,,,,,,,,,1.5,2.5,0.5,1.75,4.0
2019-12-18,,,,,,,,,,,,,,,,,,,,,,,,,,,,,,,,,,,,,,,,,1.5,2.5,0.5,1.75,4.0
2019-12-19,,,,,,,,,,,,,,,,,,,,,,,,,,,,,,,,,,,,,,,,,1.5,2.5,0.5,1.75,4.0
2019-12-20,,,,,,,,,,,,,,,,,,,,,,,,,,,,,,,,,,,,,,,,,1.5,2.5,0.5,1.75,4.0
2019-12-21,,,,,,,,,,,,,,,,,,,,,,,,,,,,,,,,,,,,,,,,,1.5,2.5,0.5,1.75,4.0
2019-12-22,,,,,,,,,,,,,,,,,,,,,,,,,,,,,,,,,,,,,,,,,1.5,2.5,0.5,1.75,4.0
2019-12-23,,,,,,,,,,,,,,,,,,,,,,,,,,,,,,,,,,,,,,,,,1.5,2.5,0.5,1.75,4.0
2019-12-24,,,,,,,,,,,,,,,,,,,,,,,,,,,,,,,,,,,,,,,,,1.5,2.5,0.5,1.75,4.0
2019-12-25,,,,,,,,,,,,,,,,,,,,,,,,,,,,,,,,,,,,,,,,,1.5,2.5,0.5,1.75,4.0
2019-12-26,,,,,,,,,,,,,,,,,,,,,,,,,,,,,,,,,,,,,,,,,1.5,2.5,0.5,1.75,4.0
2019-12-27,,,,,,,,,,,,,,,,,,,,,,,,,,,,,,,,,,,,,,,,,1.5,2.5,0.5,1.75,4.0
2019-12-28,,,,,,,,,,,,,,,,,,,,,,,,,,,,,,,,,,,,,,,,,1.5,2.5,0.5,1.75,4.0
2019-12-29,,,,,,,,,,,,,,,,,,,,,,,,,,,,,,,,,,,,,,,,,1.5,2.5,0.5,1.75,4.0
2019-12-30,,,,,,,,,,,,,,,,,,,,,,,,,,,,,,,,,,,,,,,,,1.5,2.5,0.5,1.75,4.0
2019-12-31,,,,,,,,,,,,,,,,,,,,,,,,,,,,,,,,,,,,,,,,,1.5,2.5,0.5,1.75,4.0
2020-01-01,,,,,,,,,,,,,,,,,,,,,,,,,,,,,,,,,,,,,,,,,1.5,2.5,0.5,1.75,4.0
2020-01-02,,,,,,,,,,,,,,,,,,,,,,,,,,,,,,,,,,,,,,,,,1.5,2.5,0.5,1.75,4.0
2020-01-03,,,,,,,,,,,,,,,,,,,,,,,,,,,,,,,,,,,,,,,,,1.5,2.5,0.5,1.75,4.0
2020-01-04,,,,,,,,,,,,,,,,,,,,,,,,,,,,,,,,,,,,,,,,,1.5,2.5,0.5,1.75,4.0
2020-01-05,,,,,,,,,,,,,,,,,,,,,,,,,,,,,,,,,,,,,,,,,1.5,2.5,0.5,1.75,4.0
2020-01-06,,,,,,,,,,,,,,,,,,,,,,,,,,,,,,,,,,,,,,,,,1.5,2.5,0.5,1.75,4.0
2020-01-07,,,,,,,,,,,,,,,,,,,,,,,,,,,,,,,,,,,,,,,,,1.5,2.5,0.5,1.75,4.0
2020-01-08,,,,,,,,,,,,,,,,,,,,,,,,,,,,,,,,,,,,,,,,,1.5,2.5,0.5,1.75,4.0
2020-01-09,,,,,,,,,,,,,,,,,,,,,,,,,,,,,,,,,,,,,,,,,1.5,2.5,0.5,1.75,4.0
2020-01-10,,,,,,,,,,,,,,,,,,,,,,,,,,,,,,,,,,,,,,,,,1.5,2.5,0.5,1.75,4.0
2020-01-11,,,,,,,,,,,,,,,,,,,,,,,,,,,,,,,,,,,,,,,,,1.5,2.5,0.5,1.75,4.0
2020-01-12,,,,,,,,,,,,,,,,,,,,,,,,,,,,,,,,,,,,,,,,,1.5,2.5,0.5,1.75,4.0
2020-01-13,,,,,,,,,,,,,,,,,,,,,,,,,,,,,,,,,,,,,,,,,1.5,2.5,0.5,1.75,4.0
2020-01-14,,,,,,,,,,,,,,,,,,,,,,,,,,,,,,,,,,,,,,,,,1.5,2.5,0.5,1.75,4.0
2020-01-15,,,,,,,,,,,,,,,,,,,,,,,,,,,,,,,,,,,,,,,,,1.5,2.5,0.5,1.75,4.0
2020-01-16,,,,,,,,,,,,,,,,,,,,,,,,,,,,,,,,,,,,,,,,,1.5,2.5,0.5,1.75,4.0
2020-01-17,,,,,,,,,,,,,,,,,,,,,,,,,,,,,,,,,,,,,,,,,1.5,2.5,0.5,1.75,4.0
2020-01-18,,,,,,,,,,,,,,,,,,,,,,,,,,,,,,,,,,,,,,,,,1.5,2.5,0.5,1.75,4.0
2020-01-19,,,,,,,,,,,,,,,,,,,,,,,,,,,,,,,,,,,,,,,,,1.5,2.5,0.5,1.75,4.0
2020-01-20,,,,,,,,,,,,,,,,,,,,,,,,,,,,,,,,,,,,,,,,,1.5,2.5,0.5,1.75,4.0
2020-01-21,,,,,,,,,,,,,,,,,,,,,,,,,,,,,,,,,,,,,,,,,1.5,2.5,0.5,1.75,4.0
2020-01-22,,,,,,,,,,,,,,,,,,,,,,,,,,,,,,,,,,,,,,,,,1.5,2.5,0.5,1.75,4.0
2020-01-23,,,,,,,,,,,,,,,,,,,,,,,,,,,,,,,,,,,,,,,,,1.5,2.5,0.5,1.75,4.0
2020-01-24,,,,,,,,,,,,,,,,,,,,,,,,,,,,,,,,,,,,,,,,,1.5,2.5,0.5,1.75,4.0
2020-01-25,,,,,,,,,,,,,,,,,,,,,,,,,,,,,,,,,,,,,,,,,1.5,2.5,0.5,1.75,4.0
2020-01-26,,,,,,,,,,,,,,,,,,,,,,,,,,,,,,,,,,,,,,,,,1.5,2.5,0.5,1.75,4.0
2020-01-27,,,,,,,,,,,,,,,,,,,,,,,,,,,,,,,,,,,,,,,,,1.5,2.5,0.5,1.75,4.0
2020-01-28,,,,,,,,,,,,,,,,,,,,,,,,,,,,,,,,,,,,,,,,,1.5,2.5,0.5,1.75,4.0
2020-01-29,,,,,,,,,,,,,,,,,,,,,,,,,,,,,,,,,,,,,,,,,1.5,2.5,0.5,1.75,4.0
2020-01-30,,,,,,,,,,,,,,,,,,,,,,,,,,,,,,,,,,,,,,,,,1.5,2.5,0.5,1.75,4.0
2020-01-31,,,,,,,,,,,,,,,,,,,,,,,,,,,,,,,,,,,,,,,,,1.5,2.5,0.5,1.75,4.0
2020-02-01,,,,,,,,,,,,,,,,,,,,,,,,,,,,,,,,,,,,,,,,,1.5,2.5,0.5,1.75,4.0
2020-02-02,,,,,,,,,,,,,,,,,,,,,,,,,,,,,,,,,,,,,,,,,1.5,2.5,0.5,1.75,4.0
2020-02-03,,,,,,,,,,,,,,,,,,,,,,,,,,,,,,,,,,,,,,,,,1.5,2.5,0.5,1.75,4.0
2020-02-04,,,,,,,,,,,,,,,,,,,,,,,,,,,,,,,,,,,,,,,,,1.5,2.5,0.5,1.75,4.0
2020-02-05,,,,,,,,,,,,,,,,,,,,,,,,,,,,,,,,,,,,,,,,,1.5,2.5,0.5,1.75,4.0
2020-02-06,,,,,,,,,,,,,,,,,,,,,,,,,,,,,,,,,,,,,,,,,1.5,2.5,0.5,1.75,4.0
2020-02-07,,,,,,,,,,,,,,,,,,,,,,,,,,,,,,,,,,,,,,,,,1.5,2.5,0.5,1.75,4.0
2020-02-08,,,,,,,,,,,,,,,,,,,,,,,,,,,,,,,,,,,,,,,,,1.5,2.5,0.5,1.75,4.0
2020-02-09,,,,,,,,,,,,,,,,,,,,,,,,,,,,,,,,,,,,,,,,,1.5,2.5,0.5,1.75,4.0
2020-02-10,,,,,,,,,,,,,,,,,,,,,,,,,,,,,,,,,,,,,,,,,1.5,2.5,0.5,1.75,4.0
2020-02-11,,,,,,,,,,,,,,,,,,,,,,,,,,,,,,,,,,,,,,,,,1.5,2.5,0.5,1.75,4.0
2020-02-12,,,,,,,,,,,,,,,,,,,,,,,,,,,,,,,,,,,,,,,,,1.5,2.5,0.5,1.75,4.0
2020-02-13,,,,,,,,,,,,,,,,,,,,,,,,,,,,,,,,,,,,,,,,,1.5,2.5,0.5,1.75,4.0
2020-02-14,,,,,,,,,,,,,,,,,,,,,,,,,,,,,,,,,,,,,,,,,1.5,2.5,0.5,1.75,4.0
2020-02-15,,,,,,,,,,,,,,,,,,,,,,,,,,,,,,,,,,,,,,,,,1.5,2.5,0.5,1.75,4.0
2020-02-16,,,,,,,,,,,,,,,,,,,,,,,,,,,,,,,,,,,,,,,,,1.5,2.5,0.5,1.75,4.0
2020-02-17,,,,,,,,,,,,,,,,,,,,,,,,,,,,,,,,,,,,,,,,,1.5,2.5,0.5,1.75,4.0
2020-02-18,,,,,,,,,,,,,,,,,,,,,,,,,,,,,,,,,,,,,,,,,1.5,2.5,0.5,1.75,4.0
2020-02-19,,,,,,,,,,,,,,,,,,,,,,,,,,,,,,,,,,,,,,,,,1.5,2.5,0.5,1.75,4.0
2020-02-20,,,,,,,,,,,,,,,,,,,,,,,,,,,,,,,,,,,,,,,,,1.5,2.5,0.5,1.75,4.0
2020-02-21,,,,,,,,,,,,,,,,,,,,,,,,,,,,,,,,,,,,,,,,,1.5,2.5,0.5,1.75,4.0
2020-02-22,,,,,,,,,,,,,,,,,,,,,,,,,,,,,,,,,,,,,,,,,1.5,2.5,0.5,1.75,4.0
2020-02-23,,,,,,,,,,,,,,,,,,,,,,,,,,,,,,,,,,,,,,,,,1.5,2.5,0.5,1.75,4.0
2020-02-24,,,,,,,,,,,,,,,,,,,,,,,,,,,,,,,,,,,,,,,,,1.5,2.5,0.5,1.75,4.0
2020-02-25,,,,,,,,,,,,,,,,,,,,,,,,,,,,,,,,,,,,,,,,,1.5,2.5,0.5,1.75,4.0
2020-02-26,,,,,,,,,,,,,,,,,,,,,,,,,,,,,,,,,,,,,,,,,1.5,2.5,0.5,1.75,4.0
2020-02-27,,,,,,,,,,,,,,,,,,,,,,,,,,,,,,,,,,,,,,,,,1.5,2.5,0.5,1.75,4.0
2020-02-28,,,,,,,,,,,,,,,,,,,,,,,,,,,,,,,,,,,,,,,,,1.5,2.5,0.5,1.75,4.0
2020-02-29,,,,,,,,,,,,,,,,,,,,,,,,,,,,,,,,,,,,,,,,,1.5,2.5,0.5,1.75,4.0
2020-03-01,,,,,,,,,,,,,,,,,,,,,,,,,,,,,,,,,,,,,,,,,1.5,2.5,0.5,1.75,4.0
2020-03-02,,,,,,,,,,,,,,,,,,,,,,,,,,,,,,,,,,,,,,,,,1.5,2.5,0.5,1.75,4.0
2020-03-03,,,,,,,,,,,,,,,,,,,,,,,,,,,,,,,,,,,,,,,,,1.5,2.5,0.5,1.75,4.0
2020-03-04,,,,,,,,,,,,,,,,,,,,,,,,,,,,,,,,,,,,,,,,,1.5,2.5,0.5,1.75,4.0
2020-03-05,,,,,,,,,,,,,,,,,,,,,,,,,,,,,,,,,,,,,,,,,1.5,2.5,0.5,1.75,4.0
2020-03-06,,,,,,,,,,,,,,,,,,,,,,,,,,,,,,,,,,,,,,,,,1.5,2.5,0.5,1.75,4.0
2020-03-07,,,,,,,,,,,,,,,,,,,,,,,,,,,,,,,,,,,,,,,,,1.5,2.5,0.5,1.75,4.0
2020-03-08,,,,,,,,,,,,,,,,,,,,,,,,,,,,,,,,,,,,,,,,,1.5,2.5,0.5,1.75,4.0
2020-03-09,,,,,,,,,,,,,,,,,,,,,,,,,,,,,,,,,,,,,,,,,1.5,2.5,0.5,1.75,4.0
2020-03-10,,,,,,,,,,,,,,,,,,,,,,,,,,,,,,,,,,,,,,,,,1.5,2.5,0.5,1.75,4.0
2020-03-11,,,,,,,,,,,,,,,,,,,,,,,,,,,,,,,,,,,,,,,,,1.5,2.5,0.5,1.75,4.0
2020-03-12,,,,,,,,,,,,,,,,,,,,,,,,,,,,,,,,,,,,,,,,,1.5,2.5,0.5,1.75,4.0
2020-03-13,,,,,,,,,,,,,,,,,,,,,,,,,,,,,,,,,,,,,,,,,1.5,2.5,0.5,1.75,4.0
2020-03-14,,,,,,,,,,,,,,,,,,,,,,,,,,,,,,,,,,,,,,,,,1.5,2.5,0.5,1.75,4.0
2020-03-15,,,,,,,,,,,,,,,,,,,,,,,,,,,,,,,,,,,,,,,,,1.5,2.5,0.5,1.75,4.0
2020-03-16,,,,,,,,,,,,,,,,,,,,,,,,,,,,,,,,,,,,,,,,,1.5,2.5,0.5,1.75,4.0
2020-03-17,,,,,,,,,,,,,,,,,,,,,,,,,,,,,,,,,,,,,,,,,1.5,2.5,0.5,1.75,4.0
2020-03-18,,,,,,,,,,,,,,,,,,,,,,,,,,,,,,,,,,,,,,,,,1.0,1.5,0.5,1.05,1.1
2020-03-19,,,,,,,,,,,,,,,,,,,,,,,,,,,,,,,,,,,,,,,,,1.0,1.5,0.5,1.05,1.1
2020-03-20,,,,,,,,,,,,,,,,,,,,,,,,,,,,,,,,,,,,,,,,,1.0,1.5,0.5,1.05,1.1
2020-03-21,,,,,,,,,,,,,,,,,,,,,,,,,,,,,,,,,,,,,,,,,1.0,1.5,0.5,1.05,1.1
2020-03-22,,,,,,,,,,,,,,,,,,,,,,,,,,,,,,,,,,,,,,,,,1.0,1.5,0.5,1.05,1.1
2020-03-23,,,,,,,,,,,,,,,,,,,,,,,,,,,,,,,,,,,,,,,,,1.0,1.5,0.5,1.05,1.1
2020-03-24,,,,,,,,,,,,,,,,,,,,,,,,,,,,,,,,,,,,,,,,,1.0,1.5,0.5,1.05,1.1
2020-03-25,,,,,,,,,,,,,,,,,,,,,,,,,,,,,,,,,,,,,,,,,1.0,1.5,0.5,1.05,1.1
2020-03-26,,,,,,,,,,,,,,,,,,,,,,,,,,,,,,,,,,,,,,,,,1.0,1.5,0.5,1.05,1.1
2020-03-27,,,,,,,,,,,,,,,,,,,,,,,,,,,,,,,,,,,,,,,,,1.0,1.5,0.5,1.05,1.1
2020-03-28,,,,,,,,,,,,,,,,,,,,,,,,,,,,,,,,,,,,,,,,,1.0,1.5,0.5,1.05,1.1
2020-03-29,,,,,,,,,,,,,,,,,,,,,,,,,,,,,,,,,,,,,,,,,1.0,1.5,0.5,1.05,1.1
2020-03-30,,,,,,,,,,,,,,,,,,,,,,,,,,,,,,,,,,,,,,,,,1.0,1.5,0.5,1.05,1.1
2020-03-31,,,,,,,,,,,,,,,,,,,,,,,,,,,,,,,,,,,,,,,,,1.0,1.5,0.5,1.05,1.1
2020-04-01,,,,,,,,,,,,,,,,,,,,,,,,,,,,,,,,,,,,,,,,,1.0,1.5,0.5,1.05,1.1
2020-04-02,,,,,,,,,,,,,,,,,,,,,,,,,,,,,,,,,,,,,,,,,1.0,1.5,0.5,1.05,1.1
2020-04-03,,,,,,,,,,,,,,,,,,,,,,,,,,,,,,,,,,,,,,,,,1.0,1.5,0.5,1.05,1.1
2020-04-04,,,,,,,,,,,,,,,,,,,,,,,,,,,,,,,,,,,,,,,,,1.0,1.5,0.5,1.05,1.1
2020-04-05,,,,,,,,,,,,,,,,,,,,,,,,,,,,,,,,,,,,,,,,,1.0,1.5,0.5,1.05,1.1
2020-04-06,,,,,,,,,,,,,,,,,,,,,,,,,,,,,,,,,,,,,,,,,1.0,1.5,0.5,1.05,1.1
2020-04-07,,,,,,,,,,,,,,,,,,,,,,,,,,,,,,,,,,,,,,,,,1.0,1.5,0.5,1.05,1.1
2020-04-08,,,,,,,,,,,,,,,,,,,,,,,,,,,,,,,,,,,,,,,,,1.0,1.5,0.5,1.05,1.1
2020-04-09,,,,,,,,,,,,,,,,,,,,,,,,,,,,,,,,,,,,,,,,,0.5,1.0,0.0,0.55,0.6
2020-04-10,,,,,,,,,,,,,,,,,,,,,,,,,,,,,,,,,,,,,,,,,0.5,1.0,0.0,0.55,0.6
2020-04-11,,,,,,,,,,,,,,,,,,,,,,,,,,,,,,,,,,,,,,,,,0.5,1.0,0.0,0.55,0.6
2020-04-12,,,,,,,,,,,,,,,,,,,,,,,,,,,,,,,,,,,,,,,,,0.5,1.0,0.0,0.55,0.6
2020-04-13,,,,,,,,,,,,,,,,,,,,,,,,,,,,,,,,,,,,,,,,,0.5,1.0,0.0,0.55,0.6
2020-04-14,,,,,,,,,,,,,,,,,,,,,,,,,,,,,,,,,,,,,,,,,0.5,1.0,0.0,0.55,0.6
2020-04-15,,,,,,,,,,,,,,,,,,,,,,,,,,,,,,,,,,,,,,,,,0.5,1.0,0.0,0.55,0.6
2020-04-16,,,,,,,,,,,,,,,,,,,,,,,,,,,,,,,,,,,,,,,,,0.5,1.0,0.0,0.55,0.6
2020-04-17,,,,,,,,,,,,,,,,,,,,,,,,,,,,,,,,,,,,,,,,,0.5,1.0,0.0,0.55,0.6
2020-04-18,,,,,,,,,,,,,,,,,,,,,,,,,,,,,,,,,,,,,,,,,0.5,1.0,0.0,0.55,0.6
2020-04-19,,,,,,,,,,,,,,,,,,,,,,,,,,,,,,,,,,,,,,,,,0.5,1.0,0.0,0.55,0.6
2020-04-20,,,,,,,,,,,,,,,,,,,,,,,,,,,,,,,,,,,,,,,,,0.5,1.0,0.0,0.55,0.6
2020-04-21,,,,,,,,,,,,,,,,,,,,,,,,,,,,,,,,,,,,,,,,,0.5,1.0,0.0,0.55,0.6
2020-04-22,,,,,,,,,,,,,,,,,,,,,,,,,,,,,,,,,,,,,,,,,0.5,1.0,0.0,0.55,0.6
2020-04-23,,,,,,,,,,,,,,,,,,,,,,,,,,,,,,,,,,,,,,,,,0.5,1.0,0.0,0.55,0.6
2020-04-24,,,,,,,,,,,,,,,,,,,,,,,,,,,,,,,,,,,,,,,,,0.5,1.0,0.0,0.55,0.6
2020-04-25,,,,,,,,,,,,,,,,,,,,,,,,,,,,,,,,,,,,,,,,,0.5,1.0,0.0,0.55,0.6
2020-04-26,,,,,,,,,,,,,,,,,,,,,,,,,,,,,,,,,,,,,,,,,0.5,1.0,0.0,0.55,0.6
2020-04-27,,,,,,,,,,,,,,,,,,,,,,,,,,,,,,,,,,,,,,,,,0.5,1.0,0.0,0.55,0.6
2020-04-28,,,,,,,,,,,,,,,,,,,,,,,,,,,,,,,,,,,,,,,,,0.5,1.0,0.0,0.55,0.6
2020-04-29,,,,,,,,,,,,,,,,,,,,,,,,,,,,,,,,,,,,,,,,,0.5,1.0,0.0,0.55,0.6
2020-04-30,,,,,,,,,,,,,,,,,,,,,,,,,,,,,,,,,,,,,,,,,0.5,1.0,0.0,0.55,0.6
2020-05-01,,,,,,,,,,,,,,,,,,,,,,,,,,,,,,,,,,,,,,,,,0.5,1.0,0.0,0.55,0.6
2020-05-02,,,,,,,,,,,,,,,,,,,,,,,,,,,,,,,,,,,,,,,,,0.5,1.0,0.0,0.55,0.6
2020-05-03,,,,,,,,,,,,,,,,,,,,,,,,,,,,,,,,,,,,,,,,,0.5,1.0,0.0,0.55,0.6
2020-05-04,,,,,,,,,,,,,,,,,,,,,,,,,,,,,,,,,,,,,,,,,0.5,1.0,0.0,0.55,0.6
2020-05-05,,,,,,,,,,,,,,,,,,,,,,,,,,,,,,,,,,,,,,,,,0.5,1.0,0.0,0.55,0.6
2020-05-06,,,,,,,,,,,,,,,,,,,,,,,,,,,,,,,,,,,,,,,,,0.5,1.0,0.0,0.55,0.6
2020-05-07,,,,,,,,,,,,,,,,,,,,,,,,,,,,,,,,,,,,,,,,,0.5,1.0,0.0,0.55,0.6
2020-05-08,,,,,,,,,,,,,,,,,,,,,,,,,,,,,,,,,,,,,,,,,0.5,1.0,0.0,0.55,0.6
2020-05-09,,,,,,,,,,,,,,,,,,,,,,,,,,,,,,,,,,,,,,,,,0.5,1.0,0.0,0.55,0.6
2020-05-10,,,,,,,,,,,,,,,,,,,,,,,,,,,,,,,,,,,,,,,,,0.5,1.0,0.0,0.55,0.6
2020-05-11,,,,,,,,,,,,,,,,,,,,,,,,,,,,,,,,,,,,,,,,,0.5,1.0,0.0,0.55,0.6
2020-05-12,,,,,,,,,,,,,,,,,,,,,,,,,,,,,,,,,,,,,,,,,0.5,1.0,0.0,0.55,0.6
2020-05-13,,,,,,,,,,,,,,,,,,,,,,,,,,,,,,,,,,,,,,,,,0.5,1.0,0.0,0.55,0.6
2020-05-14,,,,,,,,,,,,,,,,,,,,,,,,,,,,,,,,,,,,,,,,,0.5,1.0,0.0,0.55,0.6
2020-05-15,,,,,,,,,,,,,,,,,,,,,,,,,,,,,,,,,,,,,,,,,0.5,1.0,0.0,0.55,0.6
2020-05-16,,,,,,,,,,,,,,,,,,,,,,,,,,,,,,,,,,,,,,,,,0.5,1.0,0.0,0.55,0.6
2020-05-17,,,,,,,,,,,,,,,,,,,,,,,,,,,,,,,,,,,,,,,,,0.5,1.0,0.0,0.55,0.6
2020-05-18,,,,,,,,,,,,,,,,,,,,,,,,,,,,,,,,,,,,,,,,,0.5,1.0,0.0,0.55,0.6
2020-05-19,,,,,,,,,,,,,,,,,,,,,,,,,,,,,,,,,,,,,,,,,0.5,1.0,0.0,0.55,0.6
2020-05-20,,,,,,,,,,,,,,,,,,,,,,,,,,,,,,,,,,,,,,,,,0.5,1.0,0.0,0.55,0.6
2020-05-21,,,,,,,,,,,,,,,,,,,,,,,,,,,,,,,,,,,,,,,,,0.5,1.0,0.0,0.55,0.6
2020-05-22,,,,,,,,,,,,,,,,,,,,,,,,,,,,,,,,,,,,,,,,,0.5,1.0,0.0,0.55,0.6
2020-05-23,,,,,,,,,,,,,,,,,,,,,,,,,,,,,,,,,,,,,,,,,0.5,1.0,0.0,0.55,0.6
2020-05-24,,,,,,,,,,,,,,,,,,,,,,,,,,,,,,,,,,,,,,,,,0.5,1.0,0.0,0.55,0.6
2020-05-25,,,,,,,,,,,,,,,,,,,,,,,,,,,,,,,,,,,,,,,,,0.5,1.0,0.0,0.55,0.6
2020-05-26,,,,,,,,,,,,,,,,,,,,,,,,,,,,,,,,,,,,,,,,,0.5,1.0,0.0,0.55,0.6
2020-05-27,,,,,,,,,,,,,,,,,,,,,,,,,,,,,,,,,,,,,,,,,0.5,1.0,0.0,0.55,0.6
2020-05-28,,,,,,,,,,,,,,,,,,,,,,,,,,,,,,,,,,,,,,,,,0.5,1.0,0.0,0.55,0.6
2020-05-29,,,,,,,,,,,,,,,,,,,,,,,,,,,,,,,,,,,,,,,,,0.1,0.5,0.0,0.11,0.12
2020-05-30,,,,,,,,,,,,,,,,,,,,,,,,,,,,,,,,,,,,,,,,,0.1,0.5,0.0,0.11,0.12
2020-05-31,,,,,,,,,,,,,,,,,,,,,,,,,,,,,,,,,,,,,,,,,0.1,0.5,0.0,0.11,0.12
2020-06-01,,,,,,,,,,,,,,,,,,,,,,,,,,,,,,,,,,,,,,,,,0.1,0.5,0.0,0.11,0.12
2020-06-02,,,,,,,,,,,,,,,,,,,,,,,,,,,,,,,,,,,,,,,,,0.1,0.5,0.0,0.11,0.12
2020-06-03,,,,,,,,,,,,,,,,,,,,,,,,,,,,,,,,,,,,,,,,,0.1,0.5,0.0,0.11,0.12
2020-06-04,,,,,,,,,,,,,,,,,,,,,,,,,,,,,,,,,,,,,,,,,0.1,0.5,0.0,0.11,0.12
2020-06-05,,,,,,,,,,,,,,,,,,,,,,,,,,,,,,,,,,,,,,,,,0.1,0.5,0.0,0.11,0.12
2020-06-06,,,,,,,,,,,,,,,,,,,,,,,,,,,,,,,,,,,,,,,,,0.1,0.5,0.0,0.11,0.12
2020-06-07,,,,,,,,,,,,,,,,,,,,,,,,,,,,,,,,,,,,,,,,,0.1,0.5,0.0,0.11,0.12
2020-06-08,,,,,,,,,,,,,,,,,,,,,,,,,,,,,,,,,,,,,,,,,0.1,0.5,0.0,0.11,0.12
2020-06-09,,,,,,,,,,,,,,,,,,,,,,,,,,,,,,,,,,,,,,,,,0.1,0.5,0.0,0.11,0.12
2020-06-10,,,,,,,,,,,,,,,,,,,,,,,,,,,,,,,,,,,,,,,,,0.1,0.5,0.0,0.11,0.12
2020-06-11,,,,,,,,,,,,,,,,,,,,,,,,,,,,,,,,,,,,,,,,,0.1,0.5,0.0,0.11,0.12
2020-06-12,,,,,,,,,,,,,,,,,,,,,,,,,,,,,,,,,,,,,,,,,0.1,0.5,0.0,0.11,0.12
2020-06-13,,,,,,,,,,,,,,,,,,,,,,,,,,,,,,,,,,,,,,,,,0.1,0.5,0.0,0.11,0.12
2020-06-14,,,,,,,,,,,,,,,,,,,,,,,,,,,,,,,,,,,,,,,,,0.1,0.5,0.0,0.11,0.12
2020-06-15,,,,,,,,,,,,,,,,,,,,,,,,,,,,,,,,,,,,,,,,,0.1,0.5,0.0,0.11,0.12
2020-06-16,,,,,,,,,,,,,,,,,,,,,,,,,,,,,,,,,,,,,,,,,0.1,0.5,0.0,0.11,0.12
2020-06-17,,,,,,,,,,,,,,,,,,,,,,,,,,,,,,,,,,,,,,,,,0.1,0.5,0.0,0.11,0.12
2020-06-18,,,,,,,,,,,,,,,,,,,,,,,,,,,,,,,,,,,,,,,,,0.1,0.5,0.0,0.11,0.12
2020-06-19,,,,,,,,,,,,,,,,,,,,,,,,,,,,,,,,,,,,,,,,,0.1,0.5,0.0,0.11,0.12
2020-06-20,,,,,,,,,,,,,,,,,,,,,,,,,,,,,,,,,,,,,,,,,0.1,0.5,0.0,0.11,0.12
2020-06-21,,,,,,,,,,,,,,,,,,,,,,,,,,,,,,,,,,,,,,,,,0.1,0.5,0.0,0.11,0.12
2020-06-22,,,,,,,,,,,,,,,,,,,,,,,,,,,,,,,,,,,,,,,,,0.1,0.5,0.0,0.11,0.12
2020-06-23,,,,,,,,,,,,,,,,,,,,,,,,,,,,,,,,,,,,,,,,,0.1,0.5,0.0,0.11,0.12
2020-06-24,,,,,,,,,,,,,,,,,,,,,,,,,,,,,,,,,,,,,,,,,0.1,0.5,0.0,0.11,0.12
2020-06-25,,,,,,,,,,,,,,,,,,,,,,,,,,,,,,,,,,,,,,,,,0.1,0.5,0.0,0.11,0.12
2020-06-26,,,,,,,,,,,,,,,,,,,,,,,,,,,,,,,,,,,,,,,,,0.1,0.5,0.0,0.11,0.12
2020-06-27,,,,,,,,,,,,,,,,,,,,,,,,,,,,,,,,,,,,,,,,,0.1,0.5,0.0,0.11,0.12
2020-06-28,,,,,,,,,,,,,,,,,,,,,,,,,,,,,,,,,,,,,,,,,0.1,0.5,0.0,0.11,0.12
2020-06-29,,,,,,,,,,,,,,,,,,,,,,,,,,,,,,,,,,,,,,,,,0.1,0.5,0.0,0.11,0.12
2020-06-30,,,,,,,,,,,,,,,,,,,,,,,,,,,,,,,,,,,,,,,,,0.1,0.5,0.0,0.11,0.12
2020-07-01,,,,,,,,,,,,,,,,,,,,,,,,,,,,,,,,,,,,,,,,,0.1,0.5,0.0,0.11,0.12
2020-07-02,,,,,,,,,,,,,,,,,,,,,,,,,,,,,,,,,,,,,,,,,0.1,0.5,0.0,0.11,0.12
2020-07-03,,,,,,,,,,,,,,,,,,,,,,,,,,,,,,,,,,,,,,,,,0.1,0.5,0.0,0.11,0.12
2020-07-04,,,,,,,,,,,,,,,,,,,,,,,,,,,,,,,,,,,,,,,,,0.1,0.5,0.0,0.11,0.12
2020-07-05,,,,,,,,,,,,,,,,,,,,,,,,,,,,,,,,,,,,,,,,,0.1,0.5,0.0,0.11,0.12
2020-07-06,,,,,,,,,,,,,,,,,,,,,,,,,,,,,,,,,,,,,,,,,0.1,0.5,0.0,0.11,0.12
2020-07-07,,,,,,,,,,,,,,,,,,,,,,,,,,,,,,,,,,,,,,,,,0.1,0.5,0.0,0.11,0.12
2020-07-08,,,,,,,,,,,,,,,,,,,,,,,,,,,,,,,,,,,,,,,,,0.1,0.5,0.0,0.11,0.12
2020-07-09,,,,,,,,,,,,,,,,,,,,,,,,,,,,,,,,,,,,,,,,,0.1,0.5,0.0,0.11,0.12
2020-07-10,,,,,,,,,,,,,,,,,,,,,,,,,,,,,,,,,,,,,,,,,0.1,0.5,0.0,0.11,0.12
2020-07-11,,,,,,,,,,,,,,,,,,,,,,,,,,,,,,,,,,,,,,,,,0.1,0.5,0.0,0.11,0.12
2020-07-12,,,,,,,,,,,,,,,,,,,,,,,,,,,,,,,,,,,,,,,,,0.1,0.5,0.0,0.11,0.12
2020-07-13,,,,,,,,,,,,,,,,,,,,,,,,,,,,,,,,,,,,,,,,,0.1,0.5,0.0,0.11,0.12
2020-07-14,,,,,,,,,,,,,,,,,,,,,,,,,,,,,,,,,,,,,,,,,0.1,0.5,0.0,0.11,0.12
2020-07-15,,,,,,,,,,,,,,,,,,,,,,,,,,,,,,,,,,,,,,,,,0.1,0.5,0.0,0.11,0.12
2020-07-16,,,,,,,,,,,,,,,,,,,,,,,,,,,,,,,,,,,,,,,,,0.1,0.5,0.0,0.11,0.12
2020-07-17,,,,,,,,,,,,,,,,,,,,,,,,,,,,,,,,,,,,,,,,,0.1,0.5,0.0,0.11,0.12
2020-07-18,,,,,,,,,,,,,,,,,,,,,,,,,,,,,,,,,,,,,,,,,0.1,0.5,0.0,0.11,0.12
2020-07-19,,,,,,,,,,,,,,,,,,,,,,,,,,,,,,,,,,,,,,,,,0.1,0.5,0.0,0.11,0.12
2020-07-20,,,,,,,,,,,,,,,,,,,,,,,,,,,,,,,,,,,,,,,,,0.1,0.5,0.0,0.11,0.12
2020-07-21,,,,,,,,,,,,,,,,,,,,,,,,,,,,,,,,,,,,,,,,,0.1,0.5,0.0,0.11,0.12
2020-07-22,,,,,,,,,,,,,,,,,,,,,,,,,,,,,,,,,,,,,,,,,0.1,0.5,0.0,0.11,0.12
2020-07-23,,,,,,,,,,,,,,,,,,,,,,,,,,,,,,,,,,,,,,,,,0.1,0.5,0.0,0.11,0.12
2020-07-24,,,,,,,,,,,,,,,,,,,,,,,,,,,,,,,,,,,,,,,,,0.1,0.5,0.0,0.11,0.12
2020-07-25,,,,,,,,,,,,,,,,,,,,,,,,,,,,,,,,,,,,,,,,,0.1,0.5,0.0,0.11,0.12
2020-07-26,,,,,,,,,,,,,,,,,,,,,,,,,,,,,,,,,,,,,,,,,0.1,0.5,0.0,0.11,0.12
2020-07-27,,,,,,,,,,,,,,,,,,,,,,,,,,,,,,,,,,,,,,,,,0.1,0.5,0.0,0.11,0.12
2020-07-28,,,,,,,,,,,,,,,,,,,,,,,,,,,,,,,,,,,,,,,,,0.1,0.5,0.0,0.11,0.12
2020-07-29,,,,,,,,,,,,,,,,,,,,,,,,,,,,,,,,,,,,,,,,,0.1,0.5,0.0,0.11,0.12
2020-07-30,,,,,,,,,,,,,,,,,,,,,,,,,,,,,,,,,,,,,,,,,0.1,0.5,0.0,0.11,0.12
2020-07-31,,,,,,,,,,,,,,,,,,,,,,,,,,,,,,,,,,,,,,,,,0.1,0.5,0.0,0.11,0.12
2020-08-01,,,,,,,,,,,,,,,,,,,,,,,,,,,,,,,,,,,,,,,,,0.1,0.5,0.0,0.11,0.12
2020-08-02,,,,,,,,,,,,,,,,,,,,,,,,,,,,,,,,,,,,,,,,,0.1,0.5,0.0,0.11,0.12
2020-08-03,,,,,,,,,,,,,,,,,,,,,,,,,,,,,,,,,,,,,,,,,0.1,0.5,0.0,0.11,0.12
2020-08-04,,,,,,,,,,,,,,,,,,,,,,,,,,,,,,,,,,,,,,,,,0.1,0.5,0.0,0.11,0.12
2020-08-05,,,,,,,,,,,,,,,,,,,,,,,,,,,,,,,,,,,,,,,,,0.1,0.5,0.0,0.11,0.12
2020-08-06,,,,,,,,,,,,,,,,,,,,,,,,,,,,,,,,,,,,,,,,,0.1,0.5,0.0,0.11,0.12
2020-08-07,,,,,,,,,,,,,,,,,,,,,,,,,,,,,,,,,,,,,,,,,0.1,0.5,0.0,0.11,0.12
2020-08-08,,,,,,,,,,,,,,,,,,,,,,,,,,,,,,,,,,,,,,,,,0.1,0.5,0.0,0.11,0.12
2020-08-09,,,,,,,,,,,,,,,,,,,,,,,,,,,,,,,,,,,,,,,,,0.1,0.5,0.0,0.11,0.12
2020-08-10,,,,,,,,,,,,,,,,,,,,,,,,,,,,,,,,,,,,,,,,,0.1,0.5,0.0,0.11,0.12
2020-08-11,,,,,,,,,,,,,,,,,,,,,,,,,,,,,,,,,,,,,,,,,0.1,0.5,0.0,0.11,0.12
2020-08-12,,,,,,,,,,,,,,,,,,,,,,,,,,,,,,,,,,,,,,,,,0.1,0.5,0.0,0.11,0.12
2020-08-13,,,,,,,,,,,,,,,,,,,,,,,,,,,,,,,,,,,,,,,,,0.1,0.5,0.0,0.11,0.12
2020-08-14,,,,,,,,,,,,,,,,,,,,,,,,,,,,,,,,,,,,,,,,,0.1,0.5,0.0,0.11,0.12
2020-08-15,,,,,,,,,,,,,,,,,,,,,,,,,,,,,,,,,,,,,,,,,0.1,0.5,0.0,0.11,0.12
2020-08-16,,,,,,,,,,,,,,,,,,,,,,,,,,,,,,,,,,,,,,,,,0.1,0.5,0.0,0.11,0.12
2020-08-17,,,,,,,,,,,,,,,,,,,,,,,,,,,,,,,,,,,,,,,,,0.1,0.5,0.0,0.11,0.12
2020-08-18,,,,,,,,,,,,,,,,,,,,,,,,,,,,,,,,,,,,,,,,,0.1,0.5,0.0,0.11,0.12
2020-08-19,,,,,,,,,,,,,,,,,,,,,,,,,,,,,,,,,,,,,,,,,0.1,0.5,0.0,0.11,0.12
2020-08-20,,,,,,,,,,,,,,,,,,,,,,,,,,,,,,,,,,,,,,,,,0.1,0.5,0.0,0.11,0.12
2020-08-21,,,,,,,,,,,,,,,,,,,,,,,,,,,,,,,,,,,,,,,,,0.1,0.5,0.0,0.11,0.12
2020-08-22,,,,,,,,,,,,,,,,,,,,,,,,,,,,,,,,,,,,,,,,,0.1,0.5,0.0,0.11,0.12
2020-08-23,,,,,,,,,,,,,,,,,,,,,,,,,,,,,,,,,,,,,,,,,0.1,0.5,0.0,0.11,0.12
2020-08-24,,,,,,,,,,,,,,,,,,,,,,,,,,,,,,,,,,,,,,,,,0.1,0.5,0.0,0.11,0.12
2020-08-25,,,,,,,,,,,,,,,,,,,,,,,,,,,,,,,,,,,,,,,,,0.1,0.5,0.0,0.11,0.12
2020-08-26,,,,,,,,,,,,,,,,,,,,,,,,,,,,,,,,,,,,,,,,,0.1,0.5,0.0,0.11,0.12
2020-08-27,,,,,,,,,,,,,,,,,,,,,,,,,,,,,,,,,,,,,,,,,0.1,0.5,0.0,0.11,0.12
2020-08-28,,,,,,,,,,,,,,,,,,,,,,,,,,,,,,,,,,,,,,,,,0.1,0.5,0.0,0.11,0.12
2020-08-29,,,,,,,,,,,,,,,,,,,,,,,,,,,,,,,,,,,,,,,,,0.1,0.5,0.0,0.11,0.12
2020-08-30,,,,,,,,,,,,,,,,,,,,,,,,,,,,,,,,,,,,,,,,,0.1,0.5,0.0,0.11,0.12
2020-08-31,,,,,,,,,,,,,,,,,,,,,,,,,,,,,,,,,,,,,,,,,0.1,0.5,0.0,0.11,0.12
2020-09-01,,,,,,,,,,,,,,,,,,,,,,,,,,,,,,,,,,,,,,,,,0.1,0.5,0.0,0.11,0.12
2020-09-02,,,,,,,,,,,,,,,,,,,,,,,,,,,,,,,,,,,,,,,,,0.1,0.5,0.0,0.11,0.12
2020-09-03,,,,,,,,,,,,,,,,,,,,,,,,,,,,,,,,,,,,,,,,,0.1,0.5,0.0,0.11,0.12
2020-09-04,,,,,,,,,,,,,,,,,,,,,,,,,,,,,,,,,,,,,,,,,0.1,0.5,0.0,0.11,0.12
2020-09-05,,,,,,,,,,,,,,,,,,,,,,,,,,,,,,,,,,,,,,,,,0.1,0.5,0.0,0.11,0.12
2020-09-06,,,,,,,,,,,,,,,,,,,,,,,,,,,,,,,,,,,,,,,,,0.1,0.5,0.0,0.11,0.12
2020-09-07,,,,,,,,,,,,,,,,,,,,,,,,,,,,,,,,,,,,,,,,,0.1,0.5,0.0,0.11,0.12
2020-09-08,,,,,,,,,,,,,,,,,,,,,,,,,,,,,,,,,,,,,,,,,0.1,0.5,0.0,0.11,0.12
2020-09-09,,,,,,,,,,,,,,,,,,,,,,,,,,,,,,,,,,,,,,,,,0.1,0.5,0.0,0.11,0.12
2020-09-10,,,,,,,,,,,,,,,,,,,,,,,,,,,,,,,,,,,,,,,,,0.1,0.5,0.0,0.11,0.12
2020-09-11,,,,,,,,,,,,,,,,,,,,,,,,,,,,,,,,,,,,,,,,,0.1,0.5,0.0,0.11,0.12
2020-09-12,,,,,,,,,,,,,,,,,,,,,,,,,,,,,,,,,,,,,,,,,0.1,0.5,0.0,0.11,0.12
2020-09-13,,,,,,,,,,,,,,,,,,,,,,,,,,,,,,,,,,,,,,,,,0.1,0.5,0.0,0.11,0.12
2020-09-14,,,,,,,,,,,,,,,,,,,,,,,,,,,,,,,,,,,,,,,,,0.1,0.5,0.0,0.11,0.12
2020-09-15,,,,,,,,,,,,,,,,,,,,,,,,,,,,,,,,,,,,,,,,,0.1,0.5,0.0,0.11,0.12
2020-09-16,,,,,,,,,,,,,,,,,,,,,,,,,,,,,,,,,,,,,,,,,0.1,0.5,0.0,0.11,0.12
2020-09-17,,,,,,,,,,,,,,,,,,,,,,,,,,,,,,,,,,,,,,,,,0.1,0.5,0.0,0.11,0.12
2020-09-18,,,,,,,,,,,,,,,,,,,,,,,,,,,,,,,,,,,,,,,,,0.1,0.5,0.0,0.11,0.12
2020-09-19,,,,,,,,,,,,,,,,,,,,,,,,,,,,,,,,,,,,,,,,,0.1,0.5,0.0,0.11,0.12
2020-09-20,,,,,,,,,,,,,,,,,,,,,,,,,,,,,,,,,,,,,,,,,0.1,0.5,0.0,0.11,0.12
2020-09-21,,,,,,,,,,,,,,,,,,,,,,,,,,,,,,,,,,,,,,,,,0.1,0.5,0.0,0.11,0.12
2020-09-22,,,,,,,,,,,,,,,,,,,,,,,,,,,,,,,,,,,,,,,,,0.1,0.5,0.0,0.11,0.12
2020-09-23,,,,,,,,,,,,,,,,,,,,,,,,,,,,,,,,,,,,,,,,,0.1,0.5,0.0,0.11,0.12
2020-09-24,,,,,,,,,,,,,,,,,,,,,,,,,,,,,,,,,,,,,,,,,0.1,0.5,0.0,0.11,0.12
2020-09-25,,,,,,,,,,,,,,,,,,,,,,,,,,,,,,,,,,,,,,,,,0.1,0.5,0.0,0.11,0.12
2020-09-26,,,,,,,,,,,,,,,,,,,,,,,,,,,,,,,,,,,,,,,,,0.1,0.5,0.0,0.11,0.12
2020-09-27,,,,,,,,,,,,,,,,,,,,,,,,,,,,,,,,,,,,,,,,,0.1,0.5,0.0,0.11,0.12
2020-09-28,,,,,,,,,,,,,,,,,,,,,,,,,,,,,,,,,,,,,,,,,0.1,0.5,0.0,0.11,0.12
2020-09-29,,,,,,,,,,,,,,,,,,,,,,,,,,,,,,,,,,,,,,,,,0.1,0.5,0.0,0.11,0.12
2020-09-30,,,,,,,,,,,,,,,,,,,,,,,,,,,,,,,,,,,,,,,,,0.1,0.5,0.0,0.11,0.12
2020-10-01,,,,,,,,,,,,,,,,,,,,,,,,,,,,,,,,,,,,,,,,,0.1,0.5,0.0,0.11,0.12
2020-10-02,,,,,,,,,,,,,,,,,,,,,,,,,,,,,,,,,,,,,,,,,0.1,0.5,0.0,0.11,0.12
2020-10-03,,,,,,,,,,,,,,,,,,,,,,,,,,,,,,,,,,,,,,,,,0.1,0.5,0.0,0.11,0.12
2020-10-04,,,,,,,,,,,,,,,,,,,,,,,,,,,,,,,,,,,,,,,,,0.1,0.5,0.0,0.11,0.12
2020-10-05,,,,,,,,,,,,,,,,,,,,,,,,,,,,,,,,,,,,,,,,,0.1,0.5,0.0,0.11,0.12
2020-10-06,,,,,,,,,,,,,,,,,,,,,,,,,,,,,,,,,,,,,,,,,0.1,0.5,0.0,0.11,0.12
2020-10-07,,,,,,,,,,,,,,,,,,,,,,,,,,,,,,,,,,,,,,,,,0.1,0.5,0.0,0.11,0.12
2020-10-08,,,,,,,,,,,,,,,,,,,,,,,,,,,,,,,,,,,,,,,,,0.1,0.5,0.0,0.11,0.12
2020-10-09,,,,,,,,,,,,,,,,,,,,,,,,,,,,,,,,,,,,,,,,,0.1,0.5,0.0,0.11,0.12
2020-10-10,,,,,,,,,,,,,,,,,,,,,,,,,,,,,,,,,,,,,,,,,0.1,0.5,0.0,0.11,0.12
2020-10-11,,,,,,,,,,,,,,,,,,,,,,,,,,,,,,,,,,,,,,,,,0.1,0.5,0.0,0.11,0.12
2020-10-12,,,,,,,,,,,,,,,,,,,,,,,,,,,,,,,,,,,,,,,,,0.1,0.5,0.0,0.11,0.12
2020-10-13,,,,,,,,,,,,,,,,,,,,,,,,,,,,,,,,,,,,,,,,,0.1,0.5,0.0,0.11,0.12
2020-10-14,,,,,,,,,,,,,,,,,,,,,,,,,,,,,,,,,,,,,,,,,0.1,0.5,0.0,0.11,0.12
2020-10-15,,,,,,,,,,,,,,,,,,,,,,,,,,,,,,,,,,,,,,,,,0.1,0.5,0.0,0.11,0.12
2020-10-16,,,,,,,,,,,,,,,,,,,,,,,,,,,,,,,,,,,,,,,,,0.1,0.5,0.0,0.11,0.12
2020-10-17,,,,,,,,,,,,,,,,,,,,,,,,,,,,,,,,,,,,,,,,,0.1,0.5,0.0,0.11,0.12
2020-10-18,,,,,,,,,,,,,,,,,,,,,,,,,,,,,,,,,,,,,,,,,0.1,0.5,0.0,0.11,0.12
2020-10-19,,,,,,,,,,,,,,,,,,,,,,,,,,,,,,,,,,,,,,,,,0.1,0.5,0.0,0.11,0.12
2020-10-20,,,,,,,,,,,,,,,,,,,,,,,,,,,,,,,,,,,,,,,,,0.1,0.5,0.0,0.11,0.12
2020-10-21,,,,,,,,,,,,,,,,,,,,,,,,,,,,,,,,,,,,,,,,,0.1,0.5,0.0,0.11,0.12
2020-10-22,,,,,,,,,,,,,,,,,,,,,,,,,,,,,,,,,,,,,,,,,0.1,0.5,0.0,0.11,0.12
2020-10-23,,,,,,,,,,,,,,,,,,,,,,,,,,,,,,,,,,,,,,,,,0.1,0.5,0.0,0.11,0.12
2020-10-24,,,,,,,,,,,,,,,,,,,,,,,,,,,,,,,,,,,,,,,,,0.1,0.5,0.0,0.11,0.12
2020-10-25,,,,,,,,,,,,,,,,,,,,,,,,,,,,,,,,,,,,,,,,,0.1,0.5,0.0,0.11,0.12
2020-10-26,,,,,,,,,,,,,,,,,,,,,,,,,,,,,,,,,,,,,,,,,0.1,0.5,0.0,0.11,0.12
2020-10-27,,,,,,,,,,,,,,,,,,,,,,,,,,,,,,,,,,,,,,,,,0.1,0.5,0.0,0.11,0.12
2020-10-28,,,,,,,,,,,,,,,,,,,,,,,,,,,,,,,,,,,,,,,,,0.1,0.5,0.0,0.11,0.12
2020-10-29,,,,,,,,,,,,,,,,,,,,,,,,,,,,,,,,,,,,,,,,,0.1,0.5,0.0,0.11,0.12
2020-10-30,,,,,,,,,,,,,,,,,,,,,,,,,,,,,,,,,,,,,,,,,0.1,0.5,0.0,0.11,0.12
2020-10-31,,,,,,,,,,,,,,,,,,,,,,,,,,,,,,,,,,,,,,,,,0.1,0.5,0.0,0.11,0.12
2020-11-01,,,,,,,,,,,,,,,,,,,,,,,,,,,,,,,,,,,,,,,,,0.1,0.5,0.0,0.11,0.12
2020-11-02,,,,,,,,,,,,,,,,,,,,,,,,,,,,,,,,,,,,,,,,,0.1,0.5,0.0,0.11,0.12
2020-11-03,,,,,,,,,,,,,,,,,,,,,,,,,,,,,,,,,,,,,,,,,0.1,0.5,0.0,0.11,0.12
2020-11-04,,,,,,,,,,,,,,,,,,,,,,,,,,,,,,,,,,,,,,,,,0.1,0.5,0.0,0.11,0.12
2020-11-05,,,,,,,,,,,,,,,,,,,,,,,,,,,,,,,,,,,,,,,,,0.1,0.5,0.0,0.11,0.12
2020-11-06,,,,,,,,,,,,,,,,,,,,,,,,,,,,,,,,,,,,,,,,,0.1,0.5,0.0,0.11,0.12
2020-11-07,,,,,,,,,,,,,,,,,,,,,,,,,,,,,,,,,,,,,,,,,0.1,0.5,0.0,0.11,0.12
2020-11-08,,,,,,,,,,,,,,,,,,,,,,,,,,,,,,,,,,,,,,,,,0.1,0.5,0.0,0.11,0.12
2020-11-09,,,,,,,,,,,,,,,,,,,,,,,,,,,,,,,,,,,,,,,,,0.1,0.5,0.0,0.11,0.12
2020-11-10,,,,,,,,,,,,,,,,,,,,,,,,,,,,,,,,,,,,,,,,,0.1,0.5,0.0,0.11,0.12
2020-11-11,,,,,,,,,,,,,,,,,,,,,,,,,,,,,,,,,,,,,,,,,0.1,0.5,0.0,0.11,0.12
2020-11-12,,,,,,,,,,,,,,,,,,,,,,,,,,,,,,,,,,,,,,,,,0.1,0.5,0.0,0.11,0.12
2020-11-13,,,,,,,,,,,,,,,,,,,,,,,,,,,,,,,,,,,,,,,,,0.1,0.5,0.0,0.11,0.12
2020-11-14,,,,,,,,,,,,,,,,,,,,,,,,,,,,,,,,,,,,,,,,,0.1,0.5,0.0,0.11,0.12
2020-11-15,,,,,,,,,,,,,,,,,,,,,,,,,,,,,,,,,,,,,,,,,0.1,0.5,0.0,0.11,0.12
2020-11-16,,,,,,,,,,,,,,,,,,,,,,,,,,,,,,,,,,,,,,,,,0.1,0.5,0.0,0.11,0.12
2020-11-17,,,,,,,,,,,,,,,,,,,,,,,,,,,,,,,,,,,,,,,,,0.1,0.5,0.0,0.11,0.12
2020-11-18,,,,,,,,,,,,,,,,,,,,,,,,,,,,,,,,,,,,,,,,,0.1,0.5,0.0,0.11,0.12
2020-11-19,,,,,,,,,,,,,,,,,,,,,,,,,,,,,,,,,,,,,,,,,0.1,0.5,0.0,0.11,0.12
2020-11-20,,,,,,,,,,,,,,,,,,,,,,,,,,,,,,,,,,,,,,,,,0.1,0.5,0.0,0.11,0.12
2020-11-21,,,,,,,,,,,,,,,,,,,,,,,,,,,,,,,,,,,,,,,,,0.1,0.5,0.0,0.11,0.12
2020-11-22,,,,,,,,,,,,,,,,,,,,,,,,,,,,,,,,,,,,,,,,,0.1,0.5,0.0,0.11,0.12
2020-11-23,,,,,,,,,,,,,,,,,,,,,,,,,,,,,,,,,,,,,,,,,0.1,0.5,0.0,0.11,0.12
2020-11-24,,,,,,,,,,,,,,,,,,,,,,,,,,,,,,,,,,,,,,,,,0.1,0.5,0.0,0.11,0.12
2020-11-25,,,,,,,,,,,,,,,,,,,,,,,,,,,,,,,,,,,,,,,,,0.1,0.5,0.0,0.11,0.12
2020-11-26,,,,,,,,,,,,,,,,,,,,,,,,,,,,,,,,,,,,,,,,,0.1,0.5,0.0,0.11,0.12
2020-11-27,,,,,,,,,,,,,,,,,,,,,,,,,,,,,,,,,,,,,,,,,0.1,0.5,0.0,0.11,0.12
2020-11-28,,,,,,,,,,,,,,,,,,,,,,,,,,,,,,,,,,,,,,,,,0.1,0.5,0.0,0.11,0.12
2020-11-29,,,,,,,,,,,,,,,,,,,,,,,,,,,,,,,,,,,,,,,,,0.1,0.5,0.0,0.11,0.12
2020-11-30,,,,,,,,,,,,,,,,,,,,,,,,,,,,,,,,,,,,,,,,,0.1,0.5,0.0,0.11,0.12
2020-12-01,,,,,,,,,,,,,,,,,,,,,,,,,,,,,,,,,,,,,,,,,0.1,0.5,0.0,0.11,0.12
2020-12-02,,,,,,,,,,,,,,,,,,,,,,,,,,,,,,,,,,,,,,,,,0.1,0.5,0.0,0.11,0.12
2020-12-03,,,,,,,,,,,,,,,,,,,,,,,,,,,,,,,,,,,,,,,,,0.1,0.5,0.0,0.11,0.12
2020-12-04,,,,,,,,,,,,,,,,,,,,,,,,,,,,,,,,,,,,,,,,,0.1,0.5,0.0,0.11,0.12
2020-12-05,,,,,,,,,,,,,,,,,,,,,,,,,,,,,,,,,,,,,,,,,0.1,0.5,0.0,0.11,0.12
2020-12-06,,,,,,,,,,,,,,,,,,,,,,,,,,,,,,,,,,,,,,,,,0.1,0.5,0.0,0.11,0.12
2020-12-07,,,,,,,,,,,,,,,,,,,,,,,,,,,,,,,,,,,,,,,,,0.1,0.5,0.0,0.11,0.12
2020-12-08,,,,,,,,,,,,,,,,,,,,,,,,,,,,,,,,,,,,,,,,,0.1,0.5,0.0,0.11,0.12
2020-12-09,,,,,,,,,,,,,,,,,,,,,,,,,,,,,,,,,,,,,,,,,0.1,0.5,0.0,0.11,0.12
2020-12-10,,,,,,,,,,,,,,,,,,,,,,,,,,,,,,,,,,,,,,,,,0.1,0.5,0.0,0.11,0.12
2020-12-11,,,,,,,,,,,,,,,,,,,,,,,,,,,,,,,,,,,,,,,,,0.1,0.5,0.0,0.11,0.12
2020-12-12,,,,,,,,,,,,,,,,,,,,,,,,,,,,,,,,,,,,,,,,,0.1,0.5,0.0,0.11,0.12
2020-12-13,,,,,,,,,,,,,,,,,,,,,,,,,,,,,,,,,,,,,,,,,0.1,0.5,0.0,0.11,0.12
2020-12-14,,,,,,,,,,,,,,,,,,,,,,,,,,,,,,,,,,,,,,,,,0.1,0.5,0.0,0.11,0.12
2020-12-15,,,,,,,,,,,,,,,,,,,,,,,,,,,,,,,,,,,,,,,,,0.1,0.5,0.0,0.11,0.12
2020-12-16,,,,,,,,,,,,,,,,,,,,,,,,,,,,,,,,,,,,,,,,,0.1,0.5,0.0,0.11,0.12
2020-12-17,,,,,,,,,,,,,,,,,,,,,,,,,,,,,,,,,,,,,,,,,0.1,0.5,0.0,0.11,0.12
2020-12-18,,,,,,,,,,,,,,,,,,,,,,,,,,,,,,,,,,,,,,,,,0.1,0.5,0.0,0.11,0.12
2020-12-19,,,,,,,,,,,,,,,,,,,,,,,,,,,,,,,,,,,,,,,,,0.1,0.5,0.0,0.11,0.12
2020-12-20,,,,,,,,,,,,,,,,,,,,,,,,,,,,,,,,,,,,,,,,,0.1,0.5,0.0,0.11,0.12
2020-12-21,,,,,,,,,,,,,,,,,,,,,,,,,,,,,,,,,,,,,,,,,0.1,0.5,0.0,0.11,0.12
2020-12-22,,,,,,,,,,,,,,,,,,,,,,,,,,,,,,,,,,,,,,,,,0.1,0.5,0.0,0.11,0.12
2020-12-23,,,,,,,,,,,,,,,,,,,,,,,,,,,,,,,,,,,,,,,,,0.1,0.5,0.0,0.11,0.12
2020-12-24,,,,,,,,,,,,,,,,,,,,,,,,,,,,,,,,,,,,,,,,,0.1,0.5,0.0,0.11,0.12
2020-12-25,,,,,,,,,,,,,,,,,,,,,,,,,,,,,,,,,,,,,,,,,0.1,0.5,0.0,0.11,0.12
2020-12-26,,,,,,,,,,,,,,,,,,,,,,,,,,,,,,,,,,,,,,,,,0.1,0.5,0.0,0.11,0.12
2020-12-27,,,,,,,,,,,,,,,,,,,,,,,,,,,,,,,,,,,,,,,,,0.1,0.5,0.0,0.11,0.12
2020-12-28,,,,,,,,,,,,,,,,,,,,,,,,,,,,,,,,,,,,,,,,,0.1,0.5,0.0,0.11,0.12
2020-12-29,,,,,,,,,,,,,,,,,,,,,,,,,,,,,,,,,,,,,,,,,0.1,0.5,0.0,0.11,0.12
2020-12-30,,,,,,,,,,,,,,,,,,,,,,,,,,,,,,,,,,,,,,,,,0.1,0.5,0.0,0.11,0.12
2020-12-31,,,,,,,,,,,,,,,,,,,,,,,,,,,,,,,,,,,,,,,,,0.1,0.5,0.0,0.11,0.12
2021-01-01,,,,,,,,,,,,,,,,,,,,,,,,,,,,,,,,,,,,,,,,,0.1,0.5,0.0,0.11,0.12
2021-01-02,,,,,,,,,,,,,,,,,,,,,,,,,,,,,,,,,,,,,,,,,0.1,0.5,0.0,0.11,0.12
2021-01-03,,,,,,,,,,,,,,,,,,,,,,,,,,,,,,,,,,,,,,,,,0.1,0.5,0.0,0.11,0.12
2021-01-04,,,,,,,,,,,,,,,,,,,,,,,,,,,,,,,,,,,,,,,,,0.1,0.5,0.0,0.11,0.12
2021-01-05,,,,,,,,,,,,,,,,,,,,,,,,,,,,,,,,,,,,,,,,,0.1,0.5,0.0,0.11,0.12
2021-01-06,,,,,,,,,,,,,,,,,,,,,,,,,,,,,,,,,,,,,,,,,0.1,0.5,0.0,0.11,0.12
2021-01-07,,,,,,,,,,,,,,,,,,,,,,,,,,,,,,,,,,,,,,,,,0.1,0.5,0.0,0.11,0.12
2021-01-08,,,,,,,,,,,,,,,,,,,,,,,,,,,,,,,,,,,,,,,,,0.1,0.5,0.0,0.11,0.12
2021-01-09,,,,,,,,,,,,,,,,,,,,,,,,,,,,,,,,,,,,,,,,,0.1,0.5,0.0,0.11,0.12
2021-01-10,,,,,,,,,,,,,,,,,,,,,,,,,,,,,,,,,,,,,,,,,0.1,0.5,0.0,0.11,0.12
2021-01-11,,,,,,,,,,,,,,,,,,,,,,,,,,,,,,,,,,,,,,,,,0.1,0.5,0.0,0.11,0.12
2021-01-12,,,,,,,,,,,,,,,,,,,,,,,,,,,,,,,,,,,,,,,,,0.1,0.5,0.0,0.11,0.12
2021-01-13,,,,,,,,,,,,,,,,,,,,,,,,,,,,,,,,,,,,,,,,,0.1,0.5,0.0,0.11,0.12
2021-01-14,,,,,,,,,,,,,,,,,,,,,,,,,,,,,,,,,,,,,,,,,0.1,0.5,0.0,0.11,0.12
2021-01-15,,,,,,,,,,,,,,,,,,,,,,,,,,,,,,,,,,,,,,,,,0.1,0.5,0.0,0.11,0.12
2021-01-16,,,,,,,,,,,,,,,,,,,,,,,,,,,,,,,,,,,,,,,,,0.1,0.5,0.0,0.11,0.12
2021-01-17,,,,,,,,,,,,,,,,,,,,,,,,,,,,,,,,,,,,,,,,,0.1,0.5,0.0,0.11,0.12
2021-01-18,,,,,,,,,,,,,,,,,,,,,,,,,,,,,,,,,,,,,,,,,0.1,0.5,0.0,0.11,0.12
2021-01-19,,,,,,,,,,,,,,,,,,,,,,,,,,,,,,,,,,,,,,,,,0.1,0.5,0.0,0.11,0.12
2021-01-20,,,,,,,,,,,,,,,,,,,,,,,,,,,,,,,,,,,,,,,,,0.1,0.5,0.0,0.11,0.12
2021-01-21,,,,,,,,,,,,,,,,,,,,,,,,,,,,,,,,,,,,,,,,,0.1,0.5,0.0,0.11,0.12
2021-01-22,,,,,,,,,,,,,,,,,,,,,,,,,,,,,,,,,,,,,,,,,0.1,0.5,0.0,0.11,0.12
2021-01-23,,,,,,,,,,,,,,,,,,,,,,,,,,,,,,,,,,,,,,,,,0.1,0.5,0.0,0.11,0.12
2021-01-24,,,,,,,,,,,,,,,,,,,,,,,,,,,,,,,,,,,,,,,,,0.1,0.5,0.0,0.11,0.12
2021-01-25,,,,,,,,,,,,,,,,,,,,,,,,,,,,,,,,,,,,,,,,,0.1,0.5,0.0,0.11,0.12
2021-01-26,,,,,,,,,,,,,,,,,,,,,,,,,,,,,,,,,,,,,,,,,0.1,0.5,0.0,0.11,0.12
2021-01-27,,,,,,,,,,,,,,,,,,,,,,,,,,,,,,,,,,,,,,,,,0.1,0.5,0.0,0.11,0.12
2021-01-28,,,,,,,,,,,,,,,,,,,,,,,,,,,,,,,,,,,,,,,,,0.1,0.5,0.0,0.11,0.12
2021-01-29,,,,,,,,,,,,,,,,,,,,,,,,,,,,,,,,,,,,,,,,,0.1,0.5,0.0,0.11,0.12
2021-01-30,,,,,,,,,,,,,,,,,,,,,,,,,,,,,,,,,,,,,,,,,0.1,0.5,0.0,0.11,0.12
2021-01-31,,,,,,,,,,,,,,,,,,,,,,,,,,,,,,,,,,,,,,,,,0.1,0.5,0.0,0.11,0.12
2021-02-01,,,,,,,,,,,,,,,,,,,,,,,,,,,,,,,,,,,,,,,,,0.1,0.5,0.0,0.11,0.12
2021-02-02,,,,,,,,,,,,,,,,,,,,,,,,,,,,,,,,,,,,,,,,,0.1,0.5,0.0,0.11,0.12
2021-02-03,,,,,,,,,,,,,,,,,,,,,,,,,,,,,,,,,,,,,,,,,0.1,0.5,0.0,0.11,0.12
2021-02-04,,,,,,,,,,,,,,,,,,,,,,,,,,,,,,,,,,,,,,,,,0.1,0.5,0.0,0.11,0.12
2021-02-05,,,,,,,,,,,,,,,,,,,,,,,,,,,,,,,,,,,,,,,,,0.1,0.5,0.0,0.11,0.12
2021-02-06,,,,,,,,,,,,,,,,,,,,,,,,,,,,,,,,,,,,,,,,,0.1,0.5,0.0,0.11,0.12
2021-02-07,,,,,,,,,,,,,,,,,,,,,,,,,,,,,,,,,,,,,,,,,0.1,0.5,0.0,0.11,0.12
2021-02-08,,,,,,,,,,,,,,,,,,,,,,,,,,,,,,,,,,,,,,,,,0.1,0.5,0.0,0.11,0.12
2021-02-09,,,,,,,,,,,,,,,,,,,,,,,,,,,,,,,,,,,,,,,,,0.1,0.5,0.0,0.11,0.12
2021-02-10,,,,,,,,,,,,,,,,,,,,,,,,,,,,,,,,,,,,,,,,,0.1,0.5,0.0,0.11,0.12
2021-02-11,,,,,,,,,,,,,,,,,,,,,,,,,,,,,,,,,,,,,,,,,0.1,0.5,0.0,0.11,0.12
2021-02-12,,,,,,,,,,,,,,,,,,,,,,,,,,,,,,,,,,,,,,,,,0.1,0.5,0.0,0.11,0.12
2021-02-13,,,,,,,,,,,,,,,,,,,,,,,,,,,,,,,,,,,,,,,,,0.1,0.5,0.0,0.11,0.12
2021-02-14,,,,,,,,,,,,,,,,,,,,,,,,,,,,,,,,,,,,,,,,,0.1,0.5,0.0,0.11,0.12
2021-02-15,,,,,,,,,,,,,,,,,,,,,,,,,,,,,,,,,,,,,,,,,0.1,0.5,0.0,0.11,0.12
2021-02-16,,,,,,,,,,,,,,,,,,,,,,,,,,,,,,,,,,,,,,,,,0.1,0.5,0.0,0.11,0.12
2021-02-17,,,,,,,,,,,,,,,,,,,,,,,,,,,,,,,,,,,,,,,,,0.1,0.5,0.0,0.11,0.12
2021-02-18,,,,,,,,,,,,,,,,,,,,,,,,,,,,,,,,,,,,,,,,,0.1,0.5,0.0,0.11,0.12
2021-02-19,,,,,,,,,,,,,,,,,,,,,,,,,,,,,,,,,,,,,,,,,0.1,0.5,0.0,0.11,0.12
2021-02-20,,,,,,,,,,,,,,,,,,,,,,,,,,,,,,,,,,,,,,,,,0.1,0.5,0.0,0.11,0.12
2021-02-21,,,,,,,,,,,,,,,,,,,,,,,,,,,,,,,,,,,,,,,,,0.1,0.5,0.0,0.11,0.12
2021-02-22,,,,,,,,,,,,,,,,,,,,,,,,,,,,,,,,,,,,,,,,,0.1,0.5,0.0,0.11,0.12
2021-02-23,,,,,,,,,,,,,,,,,,,,,,,,,,,,,,,,,,,,,,,,,0.1,0.5,0.0,0.11,0.12
2021-02-24,,,,,,,,,,,,,,,,,,,,,,,,,,,,,,,,,,,,,,,,,0.1,0.5,0.0,0.11,0.12
2021-02-25,,,,,,,,,,,,,,,,,,,,,,,,,,,,,,,,,,,,,,,,,0.1,0.5,0.0,0.11,0.12
2021-02-26,,,,,,,,,,,,,,,,,,,,,,,,,,,,,,,,,,,,,,,,,0.1,0.5,0.0,0.11,0.12
2021-02-27,,,,,,,,,,,,,,,,,,,,,,,,,,,,,,,,,,,,,,,,,0.1,0.5,0.0,0.11,0.12
2021-02-28,,,,,,,,,,,,,,,,,,,,,,,,,,,,,,,,,,,,,,,,,0.1,0.5,0.0,0.11,0.12
2021-03-01,,,,,,,,,,,,,,,,,,,,,,,,,,,,,,,,,,,,,,,,,0.1,0.5,0.0,0.11,0.12
2021-03-02,,,,,,,,,,,,,,,,,,,,,,,,,,,,,,,,,,,,,,,,,0.1,0.5,0.0,0.11,0.12
2021-03-03,,,,,,,,,,,,,,,,,,,,,,,,,,,,,,,,,,,,,,,,,0.1,0.5,0.0,0.11,0.12
2021-03-04,,,,,,,,,,,,,,,,,,,,,,,,,,,,,,,,,,,,,,,,,0.1,0.5,0.0,0.11,0.12
2021-03-05,,,,,,,,,,,,,,,,,,,,,,,,,,,,,,,,,,,,,,,,,0.1,0.5,0.0,0.11,0.12
2021-03-06,,,,,,,,,,,,,,,,,,,,,,,,,,,,,,,,,,,,,,,,,0.1,0.5,0.0,0.11,0.12
2021-03-07,,,,,,,,,,,,,,,,,,,,,,,,,,,,,,,,,,,,,,,,,0.1,0.5,0.0,0.11,0.12
2021-03-08,,,,,,,,,,,,,,,,,,,,,,,,,,,,,,,,,,,,,,,,,0.1,0.5,0.0,0.11,0.12
2021-03-09,,,,,,,,,,,,,,,,,,,,,,,,,,,,,,,,,,,,,,,,,0.1,0.5,0.0,0.11,0.12
2021-03-10,,,,,,,,,,,,,,,,,,,,,,,,,,,,,,,,,,,,,,,,,0.1,0.5,0.0,0.11,0.12
2021-03-11,,,,,,,,,,,,,,,,,,,,,,,,,,,,,,,,,,,,,,,,,0.1,0.5,0.0,0.11,0.12
2021-03-12,,,,,,,,,,,,,,,,,,,,,,,,,,,,,,,,,,,,,,,,,0.1,0.5,0.0,0.11,0.12
2021-03-13,,,,,,,,,,,,,,,,,,,,,,,,,,,,,,,,,,,,,,,,,0.1,0.5,0.0,0.11,0.12
2021-03-14,,,,,,,,,,,,,,,,,,,,,,,,,,,,,,,,,,,,,,,,,0.1,0.5,0.0,0.11,0.12
2021-03-15,,,,,,,,,,,,,,,,,,,,,,,,,,,,,,,,,,,,,,,,,0.1,0.5,0.0,0.11,0.12
2021-03-16,,,,,,,,,,,,,,,,,,,,,,,,,,,,,,,,,,,,,,,,,0.1,0.5,0.0,0.11,0.12
2021-03-17,,,,,,,,,,,,,,,,,,,,,,,,,,,,,,,,,,,,,,,,,0.1,0.5,0.0,0.11,0.12
2021-03-18,,,,,,,,,,,,,,,,,,,,,,,,,,,,,,,,,,,,,,,,,0.1,0.5,0.0,0.11,0.12
2021-03-19,,,,,,,,,,,,,,,,,,,,,,,,,,,,,,,,,,,,,,,,,0.1,0.5,0.0,0.11,0.12
2021-03-20,,,,,,,,,,,,,,,,,,,,,,,,,,,,,,,,,,,,,,,,,0.1,0.5,0.0,0.11,0.12
2021-03-21,,,,,,,,,,,,,,,,,,,,,,,,,,,,,,,,,,,,,,,,,0.1,0.5,0.0,0.11,0.12
2021-03-22,,,,,,,,,,,,,,,,,,,,,,,,,,,,,,,,,,,,,,,,,0.1,0.5,0.0,0.11,0.12
2021-03-23,,,,,,,,,,,,,,,,,,,,,,,,,,,,,,,,,,,,,,,,,0.1,0.5,0.0,0.11,0.12
2021-03-24,,,,,,,,,,,,,,,,,,,,,,,,,,,,,,,,,,,,,,,,,0.1,0.5,0.0,0.11,0.12
2021-03-25,,,,,,,,,,,,,,,,,,,,,,,,,,,,,,,,,,,,,,,,,0.1,0.5,0.0,0.11,0.12
2021-03-26,,,,,,,,,,,,,,,,,,,,,,,,,,,,,,,,,,,,,,,,,0.1,0.5,0.0,0.11,0.12
2021-03-27,,,,,,,,,,,,,,,,,,,,,,,,,,,,,,,,,,,,,,,,,0.1,0.5,0.0,0.11,0.12
2021-03-28,,,,,,,,,,,,,,,,,,,,,,,,,,,,,,,,,,,,,,,,,0.1,0.5,0.0,0.11,0.12
2021-03-29,,,,,,,,,,,,,,,,,,,,,,,,,,,,,,,,,,,,,,,,,0.1,0.5,0.0,0.11,0.12
2021-03-30,,,,,,,,,,,,,,,,,,,,,,,,,,,,,,,,,,,,,,,,,0.1,0.5,0.0,0.11,0.12
2021-03-31,,,,,,,,,,,,,,,,,,,,,,,,,,,,,,,,,,,,,,,,,0.1,0.5,0.0,0.11,0.12
2021-04-01,,,,,,,,,,,,,,,,,,,,,,,,,,,,,,,,,,,,,,,,,0.1,0.5,0.0,0.11,0.12
2021-04-02,,,,,,,,,,,,,,,,,,,,,,,,,,,,,,,,,,,,,,,,,0.1,0.5,0.0,0.11,0.12
2021-04-03,,,,,,,,,,,,,,,,,,,,,,,,,,,,,,,,,,,,,,,,,0.1,0.5,0.0,0.11,0.12
2021-04-04,,,,,,,,,,,,,,,,,,,,,,,,,,,,,,,,,,,,,,,,,0.1,0.5,0.0,0.11,0.12
2021-04-05,,,,,,,,,,,,,,,,,,,,,,,,,,,,,,,,,,,,,,,,,0.1,0.5,0.0,0.11,0.12
2021-04-06,,,,,,,,,,,,,,,,,,,,,,,,,,,,,,,,,,,,,,,,,0.1,0.5,0.0,0.11,0.12
2021-04-07,,,,,,,,,,,,,,,,,,,,,,,,,,,,,,,,,,,,,,,,,0.1,0.5,0.0,0.11,0.12
2021-04-08,,,,,,,,,,,,,,,,,,,,,,,,,,,,,,,,,,,,,,,,,0.1,0.5,0.0,0.11,0.12
2021-04-09,,,,,,,,,,,,,,,,,,,,,,,,,,,,,,,,,,,,,,,,,0.1,0.5,0.0,0.11,0.12
2021-04-10,,,,,,,,,,,,,,,,,,,,,,,,,,,,,,,,,,,,,,,,,0.1,0.5,0.0,0.11,0.12
2021-04-11,,,,,,,,,,,,,,,,,,,,,,,,,,,,,,,,,,,,,,,,,0.1,0.5,0.0,0.11,0.12
2021-04-12,,,,,,,,,,,,,,,,,,,,,,,,,,,,,,,,,,,,,,,,,0.1,0.5,0.0,0.11,0.12
2021-04-13,,,,,,,,,,,,,,,,,,,,,,,,,,,,,,,,,,,,,,,,,0.1,0.5,0.0,0.11,0.12
2021-04-14,,,,,,,,,,,,,,,,,,,,,,,,,,,,,,,,,,,,,,,,,0.1,0.5,0.0,0.11,0.12
2021-04-15,,,,,,,,,,,,,,,,,,,,,,,,,,,,,,,,,,,,,,,,,0.1,0.5,0.0,0.11,0.12
2021-04-16,,,,,,,,,,,,,,,,,,,,,,,,,,,,,,,,,,,,,,,,,0.1,0.5,0.0,0.11,0.12
2021-04-17,,,,,,,,,,,,,,,,,,,,,,,,,,,,,,,,,,,,,,,,,0.1,0.5,0.0,0.11,0.12
2021-04-18,,,,,,,,,,,,,,,,,,,,,,,,,,,,,,,,,,,,,,,,,0.1,0.5,0.0,0.11,0.12
2021-04-19,,,,,,,,,,,,,,,,,,,,,,,,,,,,,,,,,,,,,,,,,0.1,0.5,0.0,0.11,0.12
2021-04-20,,,,,,,,,,,,,,,,,,,,,,,,,,,,,,,,,,,,,,,,,0.1,0.5,0.0,0.11,0.12
2021-04-21,,,,,,,,,,,,,,,,,,,,,,,,,,,,,,,,,,,,,,,,,0.1,0.5,0.0,0.11,0.12
2021-04-22,,,,,,,,,,,,,,,,,,,,,,,,,,,,,,,,,,,,,,,,,0.1,0.5,0.0,0.11,0.12
2021-04-23,,,,,,,,,,,,,,,,,,,,,,,,,,,,,,,,,,,,,,,,,0.1,0.5,0.0,0.11,0.12
2021-04-24,,,,,,,,,,,,,,,,,,,,,,,,,,,,,,,,,,,,,,,,,0.1,0.5,0.0,0.11,0.12
2021-04-25,,,,,,,,,,,,,,,,,,,,,,,,,,,,,,,,,,,,,,,,,0.1,0.5,0.0,0.11,0.12
2021-04-26,,,,,,,,,,,,,,,,,,,,,,,,,,,,,,,,,,,,,,,,,0.1,0.5,0.0,0.11,0.12
2021-04-27,,,,,,,,,,,,,,,,,,,,,,,,,,,,,,,,,,,,,,,,,0.1,0.5,0.0,0.11,0.12
2021-04-28,,,,,,,,,,,,,,,,,,,,,,,,,,,,,,,,,,,,,,,,,0.1,0.5,0.0,0.11,0.12
2021-04-29,,,,,,,,,,,,,,,,,,,,,,,,,,,,,,,,,,,,,,,,,0.1,0.5,0.0,0.11,0.12
2021-04-30,,,,,,,,,,,,,,,,,,,,,,,,,,,,,,,,,,,,,,,,,0.1,0.5,0.0,0.11,0.12
2021-05-01,,,,,,,,,,,,,,,,,,,,,,,,,,,,,,,,,,,,,,,,,0.1,0.5,0.0,0.11,0.12
2021-05-02,,,,,,,,,,,,,,,,,,,,,,,,,,,,,,,,,,,,,,,,,0.1,0.5,0.0,0.11,0.12
2021-05-03,,,,,,,,,,,,,,,,,,,,,,,,,,,,,,,,,,,,,,,,,0.1,0.5,0.0,0.11,0.12
2021-05-04,,,,,,,,,,,,,,,,,,,,,,,,,,,,,,,,,,,,,,,,,0.1,0.5,0.0,0.11,0.12
2021-05-05,,,,,,,,,,,,,,,,,,,,,,,,,,,,,,,,,,,,,,,,,0.1,0.5,0.0,0.11,0.12
2021-05-06,,,,,,,,,,,,,,,,,,,,,,,,,,,,,,,,,,,,,,,,,0.1,0.5,0.0,0.11,0.12
2021-05-07,,,,,,,,,,,,,,,,,,,,,,,,,,,,,,,,,,,,,,,,,0.1,0.5,0.0,0.11,0.12
2021-05-08,,,,,,,,,,,,,,,,,,,,,,,,,,,,,,,,,,,,,,,,,0.1,0.5,0.0,0.11,0.12
2021-05-09,,,,,,,,,,,,,,,,,,,,,,,,,,,,,,,,,,,,,,,,,0.1,0.5,0.0,0.11,0.12
2021-05-10,,,,,,,,,,,,,,,,,,,,,,,,,,,,,,,,,,,,,,,,,0.1,0.5,0.0,0.11,0.12
2021-05-11,,,,,,,,,,,,,,,,,,,,,,,,,,,,,,,,,,,,,,,,,0.1,0.5,0.0,0.11,0.12
2021-05-12,,,,,,,,,,,,,,,,,,,,,,,,,,,,,,,,,,,,,,,,,0.1,0.5,0.0,0.11,0.12
2021-05-13,,,,,,,,,,,,,,,,,,,,,,,,,,,,,,,,,,,,,,,,,0.1,0.5,0.0,0.11,0.12
2021-05-14,,,,,,,,,,,,,,,,,,,,,,,,,,,,,,,,,,,,,,,,,0.1,0.5,0.0,0.11,0.12
2021-05-15,,,,,,,,,,,,,,,,,,,,,,,,,,,,,,,,,,,,,,,,,0.1,0.5,0.0,0.11,0.12
2021-05-16,,,,,,,,,,,,,,,,,,,,,,,,,,,,,,,,,,,,,,,,,0.1,0.5,0.0,0.11,0.12
2021-05-17,,,,,,,,,,,,,,,,,,,,,,,,,,,,,,,,,,,,,,,,,0.1,0.5,0.0,0.11,0.12
2021-05-18,,,,,,,,,,,,,,,,,,,,,,,,,,,,,,,,,,,,,,,,,0.1,0.5,0.0,0.11,0.12
2021-05-19,,,,,,,,,,,,,,,,,,,,,,,,,,,,,,,,,,,,,,,,,0.1,0.5,0.0,0.11,0.12
2021-05-20,,,,,,,,,,,,,,,,,,,,,,,,,,,,,,,,,,,,,,,,,0.1,0.5,0.0,0.11,0.12
2021-05-21,,,,,,,,,,,,,,,,,,,,,,,,,,,,,,,,,,,,,,,,,0.1,0.5,0.0,0.11,0.12
2021-05-22,,,,,,,,,,,,,,,,,,,,,,,,,,,,,,,,,,,,,,,,,0.1,0.5,0.0,0.11,0.12
2021-05-23,,,,,,,,,,,,,,,,,,,,,,,,,,,,,,,,,,,,,,,,,0.1,0.5,0.0,0.11,0.12
2021-05-24,,,,,,,,,,,,,,,,,,,,,,,,,,,,,,,,,,,,,,,,,0.1,0.5,0.0,0.11,0.12
2021-05-25,,,,,,,,,,,,,,,,,,,,,,,,,,,,,,,,,,,,,,,,,0.1,0.5,0.0,0.11,0.12
2021-05-26,,,,,,,,,,,,,,,,,,,,,,,,,,,,,,,,,,,,,,,,,0.1,0.5,0.0,0.11,0.12
2021-05-27,,,,,,,,,,,,,,,,,,,,,,,,,,,,,,,,,,,,,,,,,0.1,0.5,0.0,0.11,0.12
2021-05-28,,,,,,,,,,,,,,,,,,,,,,,,,,,,,,,,,,,,,,,,,0.1,0.5,0.0,0.11,0.12
2021-05-29,,,,,,,,,,,,,,,,,,,,,,,,,,,,,,,,,,,,,,,,,0.1,0.5,0.0,0.11,0.12
2021-05-30,,,,,,,,,,,,,,,,,,,,,,,,,,,,,,,,,,,,,,,,,0.1,0.5,0.0,0.11,0.12
2021-05-31,,,,,,,,,,,,,,,,,,,,,,,,,,,,,,,,,,,,,,,,,0.1,0.5,0.0,0.11,0.12
2021-06-01,,,,,,,,,,,,,,,,,,,,,,,,,,,,,,,,,,,,,,,,,0.1,0.5,0.0,0.11,0.12
2021-06-02,,,,,,,,,,,,,,,,,,,,,,,,,,,,,,,,,,,,,,,,,0.1,0.5,0.0,0.11,0.12
2021-06-03,,,,,,,,,,,,,,,,,,,,,,,,,,,,,,,,,,,,,,,,,0.1,0.5,0.0,0.11,0.12
2021-06-04,,,,,,,,,,,,,,,,,,,,,,,,,,,,,,,,,,,,,,,,,0.1,0.5,0.0,0.11,0.12
2021-06-05,,,,,,,,,,,,,,,,,,,,,,,,,,,,,,,,,,,,,,,,,0.1,0.5,0.0,0.11,0.12
2021-06-06,,,,,,,,,,,,,,,,,,,,,,,,,,,,,,,,,,,,,,,,,0.1,0.5,0.0,0.11,0.12
2021-06-07,,,,,,,,,,,,,,,,,,,,,,,,,,,,,,,,,,,,,,,,,0.1,0.5,0.0,0.11,0.12
2021-06-08,,,,,,,,,,,,,,,,,,,,,,,,,,,,,,,,,,,,,,,,,0.1,0.5,0.0,0.11,0.12
2021-06-09,,,,,,,,,,,,,,,,,,,,,,,,,,,,,,,,,,,,,,,,,0.1,0.5,0.0,0.11,0.12
2021-06-10,,,,,,,,,,,,,,,,,,,,,,,,,,,,,,,,,,,,,,,,,0.1,0.5,0.0,0.11,0.12
2021-06-11,,,,,,,,,,,,,,,,,,,,,,,,,,,,,,,,,,,,,,,,,0.1,0.5,0.0,0.11,0.12
2021-06-12,,,,,,,,,,,,,,,,,,,,,,,,,,,,,,,,,,,,,,,,,0.1,0.5,0.0,0.11,0.12
2021-06-13,,,,,,,,,,,,,,,,,,,,,,,,,,,,,,,,,,,,,,,,,0.1,0.5,0.0,0.11,0.12
2021-06-14,,,,,,,,,,,,,,,,,,,,,,,,,,,,,,,,,,,,,,,,,0.1,0.5,0.0,0.11,0.12
2021-06-15,,,,,,,,,,,,,,,,,,,,,,,,,,,,,,,,,,,,,,,,,0.1,0.5,0.0,0.11,0.12
2021-06-16,,,,,,,,,,,,,,,,,,,,,,,,,,,,,,,,,,,,,,,,,0.1,0.5,0.0,0.11,0.12
2021-06-17,,,,,,,,,,,,,,,,,,,,,,,,,,,,,,,,,,,,,,,,,0.1,0.5,0.0,0.11,0.12
2021-06-18,,,,,,,,,,,,,,,,,,,,,,,,,,,,,,,,,,,,,,,,,0.1,0.5,0.0,0.11,0.12
2021-06-19,,,,,,,,,,,,,,,,,,,,,,,,,,,,,,,,,,,,,,,,,0.1,0.5,0.0,0.11,0.12
2021-06-20,,,,,,,,,,,,,,,,,,,,,,,,,,,,,,,,,,,,,,,,,0.1,0.5,0.0,0.11,0.12
2021-06-21,,,,,,,,,,,,,,,,,,,,,,,,,,,,,,,,,,,,,,,,,0.1,0.5,0.0,0.11,0.12
2021-06-22,,,,,,,,,,,,,,,,,,,,,,,,,,,,,,,,,,,,,,,,,0.1,0.5,0.0,0.11,0.12
2021-06-23,,,,,,,,,,,,,,,,,,,,,,,,,,,,,,,,,,,,,,,,,0.1,0.5,0.0,0.11,0.12
2021-06-24,,,,,,,,,,,,,,,,,,,,,,,,,,,,,,,,,,,,,,,,,0.1,0.5,0.0,0.11,0.12
2021-06-25,,,,,,,,,,,,,,,,,,,,,,,,,,,,,,,,,,,,,,,,,0.1,0.5,0.0,0.11,0.12
2021-06-26,,,,,,,,,,,,,,,,,,,,,,,,,,,,,,,,,,,,,,,,,0.1,0.5,0.0,0.11,0.12
2021-06-27,,,,,,,,,,,,,,,,,,,,,,,,,,,,,,,,,,,,,,,,,0.1,0.5,0.0,0.11,0.12
2021-06-28,,,,,,,,,,,,,,,,,,,,,,,,,,,,,,,,,,,,,,,,,0.1,0.5,0.0,0.11,0.12
2021-06-29,,,,,,,,,,,,,,,,,,,,,,,,,,,,,,,,,,,,,,,,,0.1,0.5,0.0,0.11,0.12
2021-06-30,,,,,,,,,,,,,,,,,,,,,,,,,,,,,,,,,,,,,,,,,0.1,0.5,0.0,0.11,0.12
2021-07-01,,,,,,,,,,,,,,,,,,,,,,,,,,,,,,,,,,,,,,,,,0.1,0.5,0.0,0.11,0.12
2021-07-02,,,,,,,,,,,,,,,,,,,,,,,,,,,,,,,,,,,,,,,,,0.1,0.5,0.0,0.11,0.12
2021-07-03,,,,,,,,,,,,,,,,,,,,,,,,,,,,,,,,,,,,,,,,,0.1,0.5,0.0,0.11,0.12
2021-07-04,,,,,,,,,,,,,,,,,,,,,,,,,,,,,,,,,,,,,,,,,0.1,0.5,0.0,0.11,0.12
2021-07-05,,,,,,,,,,,,,,,,,,,,,,,,,,,,,,,,,,,,,,,,,0.1,0.5,0.0,0.11,0.12
2021-07-06,,,,,,,,,,,,,,,,,,,,,,,,,,,,,,,,,,,,,,,,,0.1,0.5,0.0,0.11,0.12
2021-07-07,,,,,,,,,,,,,,,,,,,,,,,,,,,,,,,,,,,,,,,,,0.1,0.5,0.0,0.11,0.12
2021-07-08,,,,,,,,,,,,,,,,,,,,,,,,,,,,,,,,,,,,,,,,,0.1,0.5,0.0,0.11,0.12
2021-07-09,,,,,,,,,,,,,,,,,,,,,,,,,,,,,,,,,,,,,,,,,0.1,0.5,0.0,0.11,0.12
2021-07-10,,,,,,,,,,,,,,,,,,,,,,,,,,,,,,,,,,,,,,,,,0.1,0.5,0.0,0.11,0.12
2021-07-11,,,,,,,,,,,,,,,,,,,,,,,,,,,,,,,,,,,,,,,,,0.1,0.5,0.0,0.11,0.12
2021-07-12,,,,,,,,,,,,,,,,,,,,,,,,,,,,,,,,,,,,,,,,,0.1,0.5,0.0,0.11,0.12
2021-07-13,,,,,,,,,,,,,,,,,,,,,,,,,,,,,,,,,,,,,,,,,0.1,0.5,0.0,0.11,0.12
2021-07-14,,,,,,,,,,,,,,,,,,,,,,,,,,,,,,,,,,,,,,,,,0.1,0.5,0.0,0.11,0.12
2021-07-15,,,,,,,,,,,,,,,,,,,,,,,,,,,,,,,,,,,,,,,,,0.1,0.5,0.0,0.11,0.12
2021-07-16,,,,,,,,,,,,,,,,,,,,,,,,,,,,,,,,,,,,,,,,,0.1,0.5,0.0,0.11,0.12
2021-07-17,,,,,,,,,,,,,,,,,,,,,,,,,,,,,,,,,,,,,,,,,0.1,0.5,0.0,0.11,0.12
2021-07-18,,,,,,,,,,,,,,,,,,,,,,,,,,,,,,,,,,,,,,,,,0.1,0.5,0.0,0.11,0.12
2021-07-19,,,,,,,,,,,,,,,,,,,,,,,,,,,,,,,,,,,,,,,,,0.1,0.5,0.0,0.11,0.12
2021-07-20,,,,,,,,,,,,,,,,,,,,,,,,,,,,,,,,,,,,,,,,,0.1,0.5,0.0,0.11,0.12
2021-07-21,,,,,,,,,,,,,,,,,,,,,,,,,,,,,,,,,,,,,,,,,0.1,0.5,0.0,0.11,0.12
2021-07-22,,,,,,,,,,,,,,,,,,,,,,,,,,,,,,,,,,,,,,,,,0.1,0.5,0.0,0.11,0.12
2021-07-23,,,,,,,,,,,,,,,,,,,,,,,,,,,,,,,,,,,,,,,,,0.1,0.5,0.0,0.11,0.12
2021-07-24,,,,,,,,,,,,,,,,,,,,,,,,,,,,,,,,,,,,,,,,,0.1,0.5,0.0,0.11,0.12
2021-07-25,,,,,,,,,,,,,,,,,,,,,,,,,,,,,,,,,,,,,,,,,0.1,0.5,0.0,0.11,0.12
2021-07-26,,,,,,,,,,,,,,,,,,,,,,,,,,,,,,,,,,,,,,,,,0.1,0.5,0.0,0.11,0.12
2021-07-27,,,,,,,,,,,,,,,,,,,,,,,,,,,,,,,,,,,,,,,,,0.1,0.5,0.0,0.11,0.12
2021-07-28,,,,,,,,,,,,,,,,,,,,,,,,,,,,,,,,,,,,,,,,,0.1,0.5,0.0,0.11,0.12
2021-07-29,,,,,,,,,,,,,,,,,,,,,,,,,,,,,,,,,,,,,,,,,0.1,0.5,0.0,0.11,0.12
2021-07-30,,,,,,,,,,,,,,,,,,,,,,,,,,,,,,,,,,,,,,,,,0.1,0.5,0.0,0.11,0.12
2021-07-31,,,,,,,,,,,,,,,,,,,,,,,,,,,,,,,,,,,,,,,,,0.1,0.5,0.0,0.11,0.12
2021-08-01,,,,,,,,,,,,,,,,,,,,,,,,,,,,,,,,,,,,,,,,,0.1,0.5,0.0,0.11,0.12
2021-08-02,,,,,,,,,,,,,,,,,,,,,,,,,,,,,,,,,,,,,,,,,0.1,0.5,0.0,0.11,0.12
2021-08-03,,,,,,,,,,,,,,,,,,,,,,,,,,,,,,,,,,,,,,,,,0.1,0.5,0.0,0.11,0.12
2021-08-04,,,,,,,,,,,,,,,,,,,,,,,,,,,,,,,,,,,,,,,,,0.1,0.5,0.0,0.11,0.12
2021-08-05,,,,,,,,,,,,,,,,,,,,,,,,,,,,,,,,,,,,,,,,,0.1,0.5,0.0,0.11,0.12
2021-08-06,,,,,,,,,,,,,,,,,,,,,,,,,,,,,,,,,,,,,,,,,0.1,0.5,0.0,0.11,0.12
2021-08-07,,,,,,,,,,,,,,,,,,,,,,,,,,,,,,,,,,,,,,,,,0.1,0.5,0.0,0.11,0.12
2021-08-08,,,,,,,,,,,,,,,,,,,,,,,,,,,,,,,,,,,,,,,,,0.1,0.5,0.0,0.11,0.12
2021-08-09,,,,,,,,,,,,,,,,,,,,,,,,,,,,,,,,,,,,,,,,,0.1,0.5,0.0,0.11,0.12
2021-08-10,,,,,,,,,,,,,,,,,,,,,,,,,,,,,,,,,,,,,,,,,0.1,0.5,0.0,0.11,0.12
2021-08-11,,,,,,,,,,,,,,,,,,,,,,,,,,,,,,,,,,,,,,,,,0.1,0.5,0.0,0.11,0.12
2021-08-12,,,,,,,,,,,,,,,,,,,,,,,,,,,,,,,,,,,,,,,,,0.1,0.5,0.0,0.11,0.12
2021-08-13,,,,,,,,,,,,,,,,,,,,,,,,,,,,,,,,,,,,,,,,,0.1,0.5,0.0,0.11,0.12
2021-08-14,,,,,,,,,,,,,,,,,,,,,,,,,,,,,,,,,,,,,,,,,0.1,0.5,0.0,0.11,0.12
2021-08-15,,,,,,,,,,,,,,,,,,,,,,,,,,,,,,,,,,,,,,,,,0.1,0.5,0.0,0.11,0.12
2021-08-16,,,,,,,,,,,,,,,,,,,,,,,,,,,,,,,,,,,,,,,,,0.1,0.5,0.0,0.11,0.12
2021-08-17,,,,,,,,,,,,,,,,,,,,,,,,,,,,,,,,,,,,,,,,,0.1,0.5,0.0,0.11,0.12
2021-08-18,,,,,,,,,,,,,,,,,,,,,,,,,,,,,,,,,,,,,,,,,0.1,0.5,0.0,0.11,0.12
2021-08-19,,,,,,,,,,,,,,,,,,,,,,,,,,,,,,,,,,,,,,,,,0.1,0.5,0.0,0.11,0.12
2021-08-20,,,,,,,,,,,,,,,,,,,,,,,,,,,,,,,,,,,,,,,,,0.1,0.5,0.0,0.11,0.12
2021-08-21,,,,,,,,,,,,,,,,,,,,,,,,,,,,,,,,,,,,,,,,,0.1,0.5,0.0,0.11,0.12
2021-08-22,,,,,,,,,,,,,,,,,,,,,,,,,,,,,,,,,,,,,,,,,0.1,0.5,0.0,0.11,0.12
2021-08-23,,,,,,,,,,,,,,,,,,,,,,,,,,,,,,,,,,,,,,,,,0.1,0.5,0.0,0.11,0.12
2021-08-24,,,,,,,,,,,,,,,,,,,,,,,,,,,,,,,,,,,,,,,,,0.1,0.5,0.0,0.11,0.12
2021-08-25,,,,,,,,,,,,,,,,,,,,,,,,,,,,,,,,,,,,,,,,,0.1,0.5,0.0,0.11,0.12
2021-08-26,,,,,,,,,,,,,,,,,,,,,,,,,,,,,,,,,,,,,,,,,0.1,0.5,0.0,0.11,0.12
2021-08-27,,,,,,,,,,,,,,,,,,,,,,,,,,,,,,,,,,,,,,,,,0.1,0.5,0.0,0.11,0.12
2021-08-28,,,,,,,,,,,,,,,,,,,,,,,,,,,,,,,,,,,,,,,,,0.1,0.5,0.0,0.11,0.12
2021-08-29,,,,,,,,,,,,,,,,,,,,,,,,,,,,,,,,,,,,,,,,,0.1,0.5,0.0,0.11,0.12
2021-08-30,,,,,,,,,,,,,,,,,,,,,,,,,,,,,,,,,,,,,,,,,0.1,0.5,0.0,0.11,0.12
2021-08-31,,,,,,,,,,,,,,,,,,,,,,,,,,,,,,,,,,,,,,,,,0.1,0.5,0.0,0.11,0.12
2021-09-01,,,,,,,,,,,,,,,,,,,,,,,,,,,,,,,,,,,,,,,,,0.1,0.5,0.0,0.11,0.12
2021-09-02,,,,,,,,,,,,,,,,,,,,,,,,,,,,,,,,,,,,,,,,,0.1,0.5,0.0,0.11,0.12
2021-09-03,,,,,,,,,,,,,,,,,,,,,,,,,,,,,,,,,,,,,,,,,0.1,0.5,0.0,0.11,0.12
2021-09-04,,,,,,,,,,,,,,,,,,,,,,,,,,,,,,,,,,,,,,,,,0.1,0.5,0.0,0.11,0.12
2021-09-05,,,,,,,,,,,,,,,,,,,,,,,,,,,,,,,,,,,,,,,,,0.1,0.5,0.0,0.11,0.12
2021-09-06,,,,,,,,,,,,,,,,,,,,,,,,,,,,,,,,,,,,,,,,,0.1,0.5,0.0,0.11,0.12
2021-09-07,,,,,,,,,,,,,,,,,,,,,,,,,,,,,,,,,,,,,,,,,0.1,0.5,0.0,0.11,0.12
2021-09-08,,,,,,,,,,,,,,,,,,,,,,,,,,,,,,,,,,,,,,,,,0.1,0.5,0.0,0.11,0.12
2021-09-09,,,,,,,,,,,,,,,,,,,,,,,,,,,,,,,,,,,,,,,,,0.1,0.5,0.0,0.11,0.12
2021-09-10,,,,,,,,,,,,,,,,,,,,,,,,,,,,,,,,,,,,,,,,,0.1,0.5,0.0,0.11,0.12
2021-09-11,,,,,,,,,,,,,,,,,,,,,,,,,,,,,,,,,,,,,,,,,0.1,0.5,0.0,0.11,0.12
2021-09-12,,,,,,,,,,,,,,,,,,,,,,,,,,,,,,,,,,,,,,,,,0.1,0.5,0.0,0.11,0.12
2021-09-13,,,,,,,,,,,,,,,,,,,,,,,,,,,,,,,,,,,,,,,,,0.1,0.5,0.0,0.11,0.12
2021-09-14,,,,,,,,,,,,,,,,,,,,,,,,,,,,,,,,,,,,,,,,,0.1,0.5,0.0,0.11,0.12
2021-09-15,,,,,,,,,,,,,,,,,,,,,,,,,,,,,,,,,,,,,,,,,0.1,0.5,0.0,0.11,0.12
2021-09-16,,,,,,,,,,,,,,,,,,,,,,,,,,,,,,,,,,,,,,,,,0.1,0.5,0.0,0.11,0.12
2021-09-17,,,,,,,,,,,,,,,,,,,,,,,,,,,,,,,,,,,,,,,,,0.1,0.5,0.0,0.11,0.12
2021-09-18,,,,,,,,,,,,,,,,,,,,,,,,,,,,,,,,,,,,,,,,,0.1,0.5,0.0,0.11,0.12
2021-09-19,,,,,,,,,,,,,,,,,,,,,,,,,,,,,,,,,,,,,,,,,0.1,0.5,0.0,0.11,0.12
2021-09-20,,,,,,,,,,,,,,,,,,,,,,,,,,,,,,,,,,,,,,,,,0.1,0.5,0.0,0.11,0.12
2021-09-21,,,,,,,,,,,,,,,,,,,,,,,,,,,,,,,,,,,,,,,,,0.1,0.5,0.0,0.11,0.12
2021-09-22,,,,,,,,,,,,,,,,,,,,,,,,,,,,,,,,,,,,,,,,,0.1,0.5,0.0,0.11,0.12
2021-09-23,,,,,,,,,,,,,,,,,,,,,,,,,,,,,,,,,,,,,,,,,0.1,0.5,0.0,0.11,0.12
2021-09-24,,,,,,,,,,,,,,,,,,,,,,,,,,,,,,,,,,,,,,,,,0.1,0.5,0.0,0.11,0.12
2021-09-25,,,,,,,,,,,,,,,,,,,,,,,,,,,,,,,,,,,,,,,,,0.1,0.5,0.0,0.11,0.12
2021-09-26,,,,,,,,,,,,,,,,,,,,,,,,,,,,,,,,,,,,,,,,,0.1,0.5,0.0,0.11,0.12
2021-09-27,,,,,,,,,,,,,,,,,,,,,,,,,,,,,,,,,,,,,,,,,0.1,0.5,0.0,0.11,0.12
2021-09-28,,,,,,,,,,,,,,,,,,,,,,,,,,,,,,,,,,,,,,,,,0.1,0.5,0.0,0.11,0.12
2021-09-29,,,,,,,,,,,,,,,,,,,,,,,,,,,,,,,,,,,,,,,,,0.1,0.5,0.0,0.11,0.12
2021-09-30,,,,,,,,,,,,,,,,,,,,,,,,,,,,,,,,,,,,,,,,,0.1,0.5,0.0,0.11,0.12
2021-10-01,,,,,,,,,,,,,,,,,,,,,,,,,,,,,,,,,,,,,,,,,0.1,0.5,0.0,0.11,0.12
2021-10-02,,,,,,,,,,,,,,,,,,,,,,,,,,,,,,,,,,,,,,,,,0.1,0.5,0.0,0.11,0.12
2021-10-03,,,,,,,,,,,,,,,,,,,,,,,,,,,,,,,,,,,,,,,,,0.1,0.5,0.0,0.11,0.12
2021-10-04,,,,,,,,,,,,,,,,,,,,,,,,,,,,,,,,,,,,,,,,,0.1,0.5,0.0,0.11,0.12
2021-10-05,,,,,,,,,,,,,,,,,,,,,,,,,,,,,,,,,,,,,,,,,0.1,0.5,0.0,0.11,0.12
2021-10-06,,,,,,,,,,,,,,,,,,,,,,,,,,,,,,,,,,,,,,,,,0.1,0.5,0.0,0.11,0.12
2021-10-07,,,,,,,,,,,,,,,,,,,,,,,,,,,,,,,,,,,,,,,,,0.5,1.0,0.0,0.51,0.52
2021-10-08,,,,,,,,,,,,,,,,,,,,,,,,,,,,,,,,,,,,,,,,,0.5,1.0,0.0,0.51,0.52
2021-10-09,,,,,,,,,,,,,,,,,,,,,,,,,,,,,,,,,,,,,,,,,0.5,1.0,0.0,0.51,0.52
2021-10-10,,,,,,,,,,,,,,,,,,,,,,,,,,,,,,,,,,,,,,,,,0.5,1.0,0.0,0.51,0.52
2021-10-11,,,,,,,,,,,,,,,,,,,,,,,,,,,,,,,,,,,,,,,,,0.5,1.0,0.0,0.51,0.52
2021-10-12,,,,,,,,,,,,,,,,,,,,,,,,,,,,,,,,,,,,,,,,,0.5,1.0,0.0,0.51,0.52
2021-10-13,,,,,,,,,,,,,,,,,,,,,,,,,,,,,,,,,,,,,,,,,0.5,1.0,0.0,0.51,0.52
2021-10-14,,,,,,,,,,,,,,,,,,,,,,,,,,,,,,,,,,,,,,,,,0.5,1.0,0.0,0.51,0.52
2021-10-15,,,,,,,,,,,,,,,,,,,,,,,,,,,,,,,,,,,,,,,,,0.5,1.0,0.0,0.51,0.52
2021-10-16,,,,,,,,,,,,,,,,,,,,,,,,,,,,,,,,,,,,,,,,,0.5,1.0,0.0,0.51,0.52
2021-10-17,,,,,,,,,,,,,,,,,,,,,,,,,,,,,,,,,,,,,,,,,0.5,1.0,0.0,0.51,0.52
2021-10-18,,,,,,,,,,,,,,,,,,,,,,,,,,,,,,,,,,,,,,,,,0.5,1.0,0.0,0.51,0.52
2021-10-19,,,,,,,,,,,,,,,,,,,,,,,,,,,,,,,,,,,,,,,,,0.5,1.0,0.0,0.51,0.52
2021-10-20,,,,,,,,,,,,,,,,,,,,,,,,,,,,,,,,,,,,,,,,,0.5,1.0,0.0,0.51,0.52
2021-10-21,,,,,,,,,,,,,,,,,,,,,,,,,,,,,,,,,,,,,,,,,0.5,1.0,0.0,0.51,0.52
2021-10-22,,,,,,,,,,,,,,,,,,,,,,,,,,,,,,,,,,,,,,,,,0.5,1.0,0.0,0.51,0.52
2021-10-23,,,,,,,,,,,,,,,,,,,,,,,,,,,,,,,,,,,,,,,,,0.5,1.0,0.0,0.51,0.52
2021-10-24,,,,,,,,,,,,,,,,,,,,,,,,,,,,,,,,,,,,,,,,,0.5,1.0,0.0,0.51,0.52
2021-10-25,,,,,,,,,,,,,,,,,,,,,,,,,,,,,,,,,,,,,,,,,0.5,1.0,0.0,0.51,0.52
2021-10-26,,,,,,,,,,,,,,,,,,,,,,,,,,,,,,,,,,,,,,,,,0.5,1.0,0.0,0.51,0.52
2021-10-27,,,,,,,,,,,,,,,,,,,,,,,,,,,,,,,,,,,,,,,,,0.5,1.0,0.0,0.51,0.52
2021-10-28,,,,,,,,,,,,,,,,,,,,,,,,,,,,,,,,,,,,,,,,,0.5,1.0,0.0,0.51,0.52
2021-10-29,,,,,,,,,,,,,,,,,,,,,,,,,,,,,,,,,,,,,,,,,0.5,1.0,0.0,0.51,0.52
2021-10-30,,,,,,,,,,,,,,,,,,,,,,,,,,,,,,,,,,,,,,,,,0.5,1.0,0.0,0.51,0.52
2021-10-31,,,,,,,,,,,,,,,,,,,,,,,,,,,,,,,,,,,,,,,,,0.5,1.0,0.0,0.51,0.52
2021-11-01,,,,,,,,,,,,,,,,,,,,,,,,,,,,,,,,,,,,,,,,,0.5,1.0,0.0,0.51,0.52
2021-11-02,,,,,,,,,,,,,,,,,,,,,,,,,,,,,,,,,,,,,,,,,0.5,1.0,0.0,0.51,0.52
2021-11-03,,,,,,,,,,,,,,,,,,,,,,,,,,,,,,,,,,,,,,,,,0.5,1.0,0.0,0.51,0.52
2021-11-04,,,,,,,,,,,,,,,,,,,,,,,,,,,,,,,,,,,,,,,,,1.25,1.75,0.75,1.3,1.35
2021-11-05,,,,,,,,,,,,,,,,,,,,,,,,,,,,,,,,,,,,,,,,,1.25,1.75,0.75,1.3,1.35
2021-11-06,,,,,,,,,,,,,,,,,,,,,,,,,,,,,,,,,,,,,,,,,1.25,1.75,0.75,1.3,1.35
2021-11-07,,,,,,,,,,,,,,,,,,,,,,,,,,,,,,,,,,,,,,,,,1.25,1.75,0.75,1.3,1.35
2021-11-08,,,,,,,,,,,,,,,,,,,,,,,,,,,,,,,,,,,,,,,,,1.25,1.75,0.75,1.3,1.35
2021-11-09,,,,,,,,,,,,,,,,,,,,,,,,,,,,,,,,,,,,,,,,,1.25,1.75,0.75,1.3,1.35
2021-11-10,,,,,,,,,,,,,,,,,,,,,,,,,,,,,,,,,,,,,,,,,1.25,1.75,0.75,1.3,1.35
2021-11-11,,,,,,,,,,,,,,,,,,,,,,,,,,,,,,,,,,,,,,,,,1.25,1.75,0.75,1.3,1.35
2021-11-12,,,,,,,,,,,,,,,,,,,,,,,,,,,,,,,,,,,,,,,,,1.25,1.75,0.75,1.3,1.35
2021-11-13,,,,,,,,,,,,,,,,,,,,,,,,,,,,,,,,,,,,,,,,,1.25,1.75,0.75,1.3,1.35
2021-11-14,,,,,,,,,,,,,,,,,,,,,,,,,,,,,,,,,,,,,,,,,1.25,1.75,0.75,1.3,1.35
2021-11-15,,,,,,,,,,,,,,,,,,,,,,,,,,,,,,,,,,,,,,,,,1.25,1.75,0.75,1.3,1.35
2021-11-16,,,,,,,,,,,,,,,,,,,,,,,,,,,,,,,,,,,,,,,,,1.25,1.75,0.75,1.3,1.35
2021-11-17,,,,,,,,,,,,,,,,,,,,,,,,,,,,,,,,,,,,,,,,,1.25,1.75,0.75,1.3,1.35
2021-11-18,,,,,,,,,,,,,,,,,,,,,,,,,,,,,,,,,,,,,,,,,1.25,1.75,0.75,1.3,1.35
2021-11-19,,,,,,,,,,,,,,,,,,,,,,,,,,,,,,,,,,,,,,,,,1.25,1.75,0.75,1.3,1.35
2021-11-20,,,,,,,,,,,,,,,,,,,,,,,,,,,,,,,,,,,,,,,,,1.25,1.75,0.75,1.3,1.35
2021-11-21,,,,,,,,,,,,,,,,,,,,,,,,,,,,,,,,,,,,,,,,,1.25,1.75,0.75,1.3,1.35
2021-11-22,,,,,,,,,,,,,,,,,,,,,,,,,,,,,,,,,,,,,,,,,1.25,1.75,0.75,1.3,1.35
2021-11-23,,,,,,,,,,,,,,,,,,,,,,,,,,,,,,,,,,,,,,,,,1.25,1.75,0.75,1.3,1.35
2021-11-24,,,,,,,,,,,,,,,,,,,,,,,,,,,,,,,,,,,,,,,,,1.25,1.75,0.75,1.3,1.35
2021-11-25,,,,,,,,,,,,,,,,,,,,,,,,,,,,,,,,,,,,,,,,,1.25,1.75,0.75,1.3,1.35
2021-11-26,,,,,,,,,,,,,,,,,,,,,,,,,,,,,,,,,,,,,,,,,1.25,1.75,0.75,1.3,1.35
2021-11-27,,,,,,,,,,,,,,,,,,,,,,,,,,,,,,,,,,,,,,,,,1.25,1.75,0.75,1.3,1.35
2021-11-28,,,,,,,,,,,,,,,,,,,,,,,,,,,,,,,,,,,,,,,,,1.25,1.75,0.75,1.3,1.35
2021-11-29,,,,,,,,,,,,,,,,,,,,,,,,,,,,,,,,,,,,,,,,,1.25,1.75,0.75,1.3,1.35
2021-11-30,,,,,,,,,,,,,,,,,,,,,,,,,,,,,,,,,,,,,,,,,1.25,1.75,0.75,1.3,1.35
2021-12-01,,,,,,,,,,,,,,,,,,,,,,,,,,,,,,,,,,,,,,,,,1.25,1.75,0.75,1.3,1.35
2021-12-02,,,,,,,,,,,,,,,,,,,,,,,,,,,,,,,,,,,,,,,,,1.25,1.75,0.75,1.3,1.35
2021-12-03,,,,,,,,,,,,,,,,,,,,,,,,,,,,,,,,,,,,,,,,,1.25,1.75,0.75,1.3,1.35
2021-12-04,,,,,,,,,,,,,,,,,,,,,,,,,,,,,,,,,,,,,,,,,1.25,1.75,0.75,1.3,1.35
2021-12-05,,,,,,,,,,,,,,,,,,,,,,,,,,,,,,,,,,,,,,,,,1.25,1.75,0.75,1.3,1.35
2021-12-06,,,,,,,,,,,,,,,,,,,,,,,,,,,,,,,,,,,,,,,,,1.25,1.75,0.75,1.3,1.35
2021-12-07,,,,,,,,,,,,,,,,,,,,,,,,,,,,,,,,,,,,,,,,,1.25,1.75,0.75,1.3,1.35
2021-12-08,,,,,,,,,,,,,,,,,,,,,,,,,,,,,,,,,,,,,,,,,1.25,1.75,0.75,1.3,1.35
2021-12-09,,,,,,,,,,,,,,,,,,,,,,,,,,,,,,,,,,,,,,,,,1.75,2.25,1.25,1.8,1.85
2021-12-10,,,,,,,,,,,,,,,,,,,,,,,,,,,,,,,,,,,,,,,,,1.75,2.25,1.25,1.8,1.85
2021-12-11,,,,,,,,,,,,,,,,,,,,,,,,,,,,,,,,,,,,,,,,,1.75,2.25,1.25,1.8,1.85
2021-12-12,,,,,,,,,,,,,,,,,,,,,,,,,,,,,,,,,,,,,,,,,1.75,2.25,1.25,1.8,1.85
2021-12-13,,,,,,,,,,,,,,,,,,,,,,,,,,,,,,,,,,,,,,,,,1.75,2.25,1.25,1.8,1.85
2021-12-14,,,,,,,,,,,,,,,,,,,,,,,,,,,,,,,,,,,,,,,,,1.75,2.25,1.25,1.8,1.85
2021-12-15,,,,,,,,,,,,,,,,,,,,,,,,,,,,,,,,,,,,,,,,,1.75,2.25,1.25,1.8,1.85
2021-12-16,,,,,,,,,,,,,,,,,,,,,,,,,,,,,,,,,,,,,,,,,1.75,2.25,1.25,1.8,1.85
2021-12-17,,,,,,,,,,,,,,,,,,,,,,,,,,,,,,,,,,,,,,,,,1.75,2.25,1.25,1.8,1.85
2021-12-18,,,,,,,,,,,,,,,,,,,,,,,,,,,,,,,,,,,,,,,,,1.75,2.25,1.25,1.8,1.85
2021-12-19,,,,,,,,,,,,,,,,,,,,,,,,,,,,,,,,,,,,,,,,,1.75,2.25,1.25,1.8,1.85
2021-12-20,,,,,,,,,,,,,,,,,,,,,,,,,,,,,,,,,,,,,,,,,1.75,2.25,1.25,1.8,1.85
2021-12-21,,,,,,,,,,,,,,,,,,,,,,,,,,,,,,,,,,,,,,,,,1.75,2.25,1.25,1.8,1.85
2021-12-22,,,,,,,,,,,,,,,,,,,,,,,,,,,,,,,,,,,,,,,,,1.75,2.25,1.25,1.8,1.85
2021-12-23,,,,,,,,,,,,,,,,,,,,,,,,,,,,,,,,,,,,,,,,,1.75,2.25,1.25,1.8,1.85
2021-12-24,,,,,,,,,,,,,,,,,,,,,,,,,,,,,,,,,,,,,,,,,1.75,2.25,1.25,1.8,1.85
2021-12-25,,,,,,,,,,,,,,,,,,,,,,,,,,,,,,,,,,,,,,,,,1.75,2.25,1.25,1.8,1.85
2021-12-26,,,,,,,,,,,,,,,,,,,,,,,,,,,,,,,,,,,,,,,,,1.75,2.25,1.25,1.8,1.85
2021-12-27,,,,,,,,,,,,,,,,,,,,,,,,,,,,,,,,,,,,,,,,,1.75,2.25,1.25,1.8,1.85
2021-12-28,,,,,,,,,,,,,,,,,,,,,,,,,,,,,,,,,,,,,,,,,1.75,2.25,1.25,1.8,1.85
2021-12-29,,,,,,,,,,,,,,,,,,,,,,,,,,,,,,,,,,,,,,,,,1.75,2.25,1.25,1.8,1.85
2021-12-30,,,,,,,,,,,,,,,,,,,,,,,,,,,,,,,,,,,,,,,,,1.75,2.25,1.25,1.8,1.85
2021-12-31,,,,,,,,,,,,,,,,,,,,,,,,,,,,,,,,,,,,,,,,,1.75,2.25,1.25,1.8,1.85
2022-01-01,,,,,,,,,,,,,,,,,,,,,,,,,,,,,,,,,,,,,,,,,1.75,2.25,1.25,1.8,1.85
2022-01-02,,,,,,,,,,,,,,,,,,,,,,,,,,,,,,,,,,,,,,,,,1.75,2.25,1.25,1.8,1.85
2022-01-03,,,,,,,,,,,,,,,,,,,,,,,,,,,,,,,,,,,,,,,,,1.75,2.25,1.25,1.8,1.85
2022-01-04,,,,,,,,,,,,,,,,,,,,,,,,,,,,,,,,,,,,,,,,,1.75,2.25,1.25,1.8,1.85
2022-01-05,,,,,,,,,,,,,,,,,,,,,,,,,,,,,,,,,,,,,,,,,2.25,2.75,1.75,2.3,2.35
2022-01-06,,,,,,,,,,,,,,,,,,,,,,,,,,,,,,,,,,,,,,,,,2.25,2.75,1.75,2.3,2.35
2022-01-07,,,,,,,,,,,,,,,,,,,,,,,,,,,,,,,,,,,,,,,,,2.25,2.75,1.75,2.3,2.35
2022-01-08,,,,,,,,,,,,,,,,,,,,,,,,,,,,,,,,,,,,,,,,,2.25,2.75,1.75,2.3,2.35
2022-01-09,,,,,,,,,,,,,,,,,,,,,,,,,,,,,,,,,,,,,,,,,2.25,2.75,1.75,2.3,2.35
2022-01-10,,,,,,,,,,,,,,,,,,,,,,,,,,,,,,,,,,,,,,,,,2.25,2.75,1.75,2.3,2.35
2022-01-11,,,,,,,,,,,,,,,,,,,,,,,,,,,,,,,,,,,,,,,,,2.25,2.75,1.75,2.3,2.35
2022-01-12,,,,,,,,,,,,,,,,,,,,,,,,,,,,,,,,,,,,,,,,,2.25,2.75,1.75,2.3,2.35
2022-01-13,,,,,,,,,,,,,,,,,,,,,,,,,,,,,,,,,,,,,,,,,2.25,2.75,1.75,2.3,2.35
2022-01-14,,,,,,,,,,,,,,,,,,,,,,,,,,,,,,,,,,,,,,,,,2.25,2.75,1.75,2.3,2.35
2022-01-15,,,,,,,,,,,,,,,,,,,,,,,,,,,,,,,,,,,,,,,,,2.25,2.75,1.75,2.3,2.35
2022-01-16,,,,,,,,,,,,,,,,,,,,,,,,,,,,,,,,,,,,,,,,,2.25,2.75,1.75,2.3,2.35
2022-01-17,,,,,,,,,,,,,,,,,,,,,,,,,,,,,,,,,,,,,,,,,2.25,2.75,1.75,2.3,2.35
2022-01-18,,,,,,,,,,,,,,,,,,,,,,,,,,,,,,,,,,,,,,,,,2.25,2.75,1.75,2.3,2.35
2022-01-19,,,,,,,,,,,,,,,,,,,,,,,,,,,,,,,,,,,,,,,,,2.25,2.75,1.75,2.3,2.35
2022-01-20,,,,,,,,,,,,,,,,,,,,,,,,,,,,,,,,,,,,,,,,,2.25,2.75,1.75,2.3,2.35
2022-01-21,,,,,,,,,,,,,,,,,,,,,,,,,,,,,,,,,,,,,,,,,2.25,2.75,1.75,2.3,2.35
2022-01-22,,,,,,,,,,,,,,,,,,,,,,,,,,,,,,,,,,,,,,,,,2.25,2.75,1.75,2.3,2.35
2022-01-23,,,,,,,,,,,,,,,,,,,,,,,,,,,,,,,,,,,,,,,,,2.25,2.75,1.75,2.3,2.35
2022-01-24,,,,,,,,,,,,,,,,,,,,,,,,,,,,,,,,,,,,,,,,,2.25,2.75,1.75,2.3,2.35
2022-01-25,,,,,,,,,,,,,,,,,,,,,,,,,,,,,,,,,,,,,,,,,2.25,2.75,1.75,2.3,2.35
2022-01-26,,,,,,,,,,,,,,,,,,,,,,,,,,,,,,,,,,,,,,,,,2.25,2.75,1.75,2.3,2.35
2022-01-27,,,,,,,,,,,,,,,,,,,,,,,,,,,,,,,,,,,,,,,,,2.25,2.75,1.75,2.3,2.35
2022-01-28,,,,,,,,,,,,,,,,,,,,,,,,,,,,,,,,,,,,,,,,,2.25,2.75,1.75,2.3,2.35
2022-01-29,,,,,,,,,,,,,,,,,,,,,,,,,,,,,,,,,,,,,,,,,2.25,2.75,1.75,2.3,2.35
2022-01-30,,,,,,,,,,,,,,,,,,,,,,,,,,,,,,,,,,,,,,,,,2.25,2.75,1.75,2.3,2.35
2022-01-31,,,,,,,,,,,,,,,,,,,,,,,,,,,,,,,,,,,,,,,,,2.25,2.75,1.75,2.3,2.35
2022-02-01,,,,,,,,,,,,,,,,,,,,,,,,,,,,,,,,,,,,,,,,,2.25,2.75,1.75,2.3,2.35
2022-02-02,,,,,,,,,,,,,,,,,,,,,,,,,,,,,,,,,,,,,,,,,2.25,2.75,1.75,2.3,2.35
2022-02-03,,,,,,,,,,,,,,,,,,,,,,,,,,,,,,,,,,,,,,,,,2.25,2.75,1.75,2.3,2.35
2022-02-04,,,,,,,,,,,,,,,,,,,,,,,,,,,,,,,,,,,,,,,,,2.25,2.75,1.75,2.3,2.35
2022-02-05,,,,,,,,,,,,,,,,,,,,,,,,,,,,,,,,,,,,,,,,,2.25,2.75,1.75,2.3,2.35
2022-02-06,,,,,,,,,,,,,,,,,,,,,,,,,,,,,,,,,,,,,,,,,2.25,2.75,1.75,2.3,2.35
2022-02-07,,,,,,,,,,,,,,,,,,,,,,,,,,,,,,,,,,,,,,,,,2.25,2.75,1.75,2.3,2.35
2022-02-08,,,,,,,,,,,,,,,,,,,,,,,,,,,,,,,,,,,,,,,,,2.25,2.75,1.75,2.3,2.35
2022-02-09,,,,,,,,,,,,,,,,,,,,,,,,,,,,,,,,,,,,,,,,,2.75,3.25,2.25,2.8,2.85
2022-02-10,,,,,,,,,,,,,,,,,,,,,,,,,,,,,,,,,,,,,,,,,2.75,3.25,2.25,2.8,2.85
2022-02-11,,,,,,,,,,,,,,,,,,,,,,,,,,,,,,,,,,,,,,,,,2.75,3.25,2.25,2.8,2.85
2022-02-12,,,,,,,,,,,,,,,,,,,,,,,,,,,,,,,,,,,,,,,,,2.75,3.25,2.25,2.8,2.85
2022-02-13,,,,,,,,,,,,,,,,,,,,,,,,,,,,,,,,,,,,,,,,,2.75,3.25,2.25,2.8,2.85
2022-02-14,,,,,,,,,,,,,,,,,,,,,,,,,,,,,,,,,,,,,,,,,2.75,3.25,2.25,2.8,2.85
2022-02-15,,,,,,,,,,,,,,,,,,,,,,,,,,,,,,,,,,,,,,,,,2.75,3.25,2.25,2.8,2.85
2022-02-16,,,,,,,,,,,,,,,,,,,,,,,,,,,,,,,,,,,,,,,,,2.75,3.25,2.25,2.8,2.85
2022-02-17,,,,,,,,,,,,,,,,,,,,,,,,,,,,,,,,,,,,,,,,,2.75,3.25,2.25,2.8,2.85
2022-02-18,,,,,,,,,,,,,,,,,,,,,,,,,,,,,,,,,,,,,,,,,2.75,3.25,2.25,2.8,2.85
2022-02-19,,,,,,,,,,,,,,,,,,,,,,,,,,,,,,,,,,,,,,,,,2.75,3.25,2.25,2.8,2.85
2022-02-20,,,,,,,,,,,,,,,,,,,,,,,,,,,,,,,,,,,,,,,,,2.75,3.25,2.25,2.8,2.85
2022-02-21,,,,,,,,,,,,,,,,,,,,,,,,,,,,,,,,,,,,,,,,,2.75,3.25,2.25,2.8,2.85
2022-02-22,,,,,,,,,,,,,,,,,,,,,,,,,,,,,,,,,,,,,,,,,2.75,3.25,2.25,2.8,2.85
2022-02-23,,,,,,,,,,,,,,,,,,,,,,,,,,,,,,,,,,,,,,,,,2.75,3.25,2.25,2.8,2.85
2022-02-24,,,,,,,,,,,,,,,,,,,,,,,,,,,,,,,,,,,,,,,,,2.75,3.25,2.25,2.8,2.85
2022-02-25,,,,,,,,,,,,,,,,,,,,,,,,,,,,,,,,,,,,,,,,,2.75,3.25,2.25,2.8,2.85
2022-02-26,,,,,,,,,,,,,,,,,,,,,,,,,,,,,,,,,,,,,,,,,2.75,3.25,2.25,2.8,2.85
2022-02-27,,,,,,,,,,,,,,,,,,,,,,,,,,,,,,,,,,,,,,,,,2.75,3.25,2.25,2.8,2.85
2022-02-28,,,,,,,,,,,,,,,,,,,,,,,,,,,,,,,,,,,,,,,,,2.75,3.25,2.25,2.8,2.85
2022-03-01,,,,,,,,,,,,,,,,,,,,,,,,,,,,,,,,,,,,,,,,,2.75,3.25,2.25,2.8,2.85
2022-03-02,,,,,,,,,,,,,,,,,,,,,,,,,,,,,,,,,,,,,,,,,2.75,3.25,2.25,2.8,2.85
2022-03-03,,,,,,,,,,,,,,,,,,,,,,,,,,,,,,,,,,,,,,,,,2.75,3.25,2.25,2.8,2.85
2022-03-04,,,,,,,,,,,,,,,,,,,,,,,,,,,,,,,,,,,,,,,,,2.75,3.25,2.25,2.8,2.85
2022-03-05,,,,,,,,,,,,,,,,,,,,,,,,,,,,,,,,,,,,,,,,,2.75,3.25,2.25,2.8,2.85
2022-03-06,,,,,,,,,,,,,,,,,,,,,,,,,,,,,,,,,,,,,,,,,2.75,3.25,2.25,2.8,2.85
2022-03-07,,,,,,,,,,,,,,,,,,,,,,,,,,,,,,,,,,,,,,,,,2.75,3.25,2.25,2.8,2.85
2022-03-08,,,,,,,,,,,,,,,,,,,,,,,,,,,,,,,,,,,,,,,,,2.75,3.25,2.25,2.8,2.85
2022-03-09,,,,,,,,,,,,,,,,,,,,,,,,,,,,,,,,,,,,,,,,,3.5,4.0,3.0,3.55,3.6
2022-03-10,,,,,,,,,,,,,,,,,,,,,,,,,,,,,,,,,,,,,,,,,3.5,4.0,3.0,3.55,3.6
2022-03-11,,,,,,,,,,,,,,,,,,,,,,,,,,,,,,,,,,,,,,,,,3.5,4.0,3.0,3.55,3.6
2022-03-12,,,,,,,,,,,,,,,,,,,,,,,,,,,,,,,,,,,,,,,,,3.5,4.0,3.0,3.55,3.6
2022-03-13,,,,,,,,,,,,,,,,,,,,,,,,,,,,,,,,,,,,,,,,,3.5,4.0,3.0,3.55,3.6
2022-03-14,,,,,,,,,,,,,,,,,,,,,,,,,,,,,,,,,,,,,,,,,3.5,4.0,3.0,3.55,3.6
2022-03-15,,,,,,,,,,,,,,,,,,,,,,,,,,,,,,,,,,,,,,,,,3.5,4.0,3.0,3.55,3.6
2022-03-16,,,,,,,,,,,,,,,,,,,,,,,,,,,,,,,,,,,,,,,,,3.5,4.0,3.0,3.55,3.6
2022-03-17,,,,,,,,,,,,,,,,,,,,,,,,,,,,,,,,,,,,,,,,,3.5,4.0,3.0,3.55,3.6
2022-03-18,,,,,,,,,,,,,,,,,,,,,,,,,,,,,,,,,,,,,,,,,3.5,4.0,3.0,3.55,3.6
2022-03-19,,,,,,,,,,,,,,,,,,,,,,,,,,,,,,,,,,,,,,,,,3.5,4.0,3.0,3.55,3.6
2022-03-20,,,,,,,,,,,,,,,,,,,,,,,,,,,,,,,,,,,,,,,,,3.5,4.0,3.0,3.55,3.6
2022-03-21,,,,,,,,,,,,,,,,,,,,,,,,,,,,,,,,,,,,,,,,,3.5,4.0,3.0,3.55,3.6
2022-03-22,,,,,,,,,,,,,,,,,,,,,,,,,,,,,,,,,,,,,,,,,3.5,4.0,3.0,3.55,3.6
2022-03-23,,,,,,,,,,,,,,,,,,,,,,,,,,,,,,,,,,,,,,,,,3.5,4.0,3.0,3.55,3.6
2022-03-24,,,,,,,,,,,,,,,,,,,,,,,,,,,,,,,,,,,,,,,,,3.5,4.0,3.0,3.55,3.6
2022-03-25,,,,,,,,,,,,,,,,,,,,,,,,,,,,,,,,,,,,,,,,,3.5,4.0,3.0,3.55,3.6
2022-03-26,,,,,,,,,,,,,,,,,,,,,,,,,,,,,,,,,,,,,,,,,3.5,4.0,3.0,3.55,3.6
2022-03-27,,,,,,,,,,,,,,,,,,,,,,,,,,,,,,,,,,,,,,,,,3.5,4.0,3.0,3.55,3.6
2022-03-28,,,,,,,,,,,,,,,,,,,,,,,,,,,,,,,,,,,,,,,,,3.5,4.0,3.0,3.55,3.6
2022-03-29,,,,,,,,,,,,,,,,,,,,,,,,,,,,,,,,,,,,,,,,,3.5,4.0,3.0,3.55,3.6
2022-03-30,,,,,,,,,,,,,,,,,,,,,,,,,,,,,,,,,,,,,,,,,3.5,4.0,3.0,3.55,3.6
2022-03-31,,,,,,,,,,,,,,,,,,,,,,,,,,,,,,,,,,,,,,,,,3.5,4.0,3.0,3.55,3.6
2022-04-01,,,,,,,,,,,,,,,,,,,,,,,,,,,,,,,,,,,,,,,,,3.5,4.0,3.0,3.55,3.6
2022-04-02,,,,,,,,,,,,,,,,,,,,,,,,,,,,,,,,,,,,,,,,,3.5,4.0,3.0,3.55,3.6
2022-04-03,,,,,,,,,,,,,,,,,,,,,,,,,,,,,,,,,,,,,,,,,3.5,4.0,3.0,3.55,3.6
2022-04-04,,,,,,,,,,,,,,,,,,,,,,,,,,,,,,,,,,,,,,,,,3.5,4.0,3.0,3.55,3.6
2022-04-05,,,,,,,,,,,,,,,,,,,,,,,,,,,,,,,,,,,,,,,,,3.5,4.0,3.0,3.55,3.6
2022-04-06,,,,,,,,,,,,,,,,,,,,,,,,,,,,,,,,,,,,,,,,,3.5,4.0,3.0,3.55,3.6
2022-04-07,,,,,,,,,,,,,,,,,,,,,,,,,,,,,,,,,,,,,,,,,4.5,5.0,4.0,4.55,4.6
2022-04-08,,,,,,,,,,,,,,,,,,,,,,,,,,,,,,,,,,,,,,,,,4.5,5.0,4.0,4.55,4.6
2022-04-09,,,,,,,,,,,,,,,,,,,,,,,,,,,,,,,,,,,,,,,,,4.5,5.0,4.0,4.55,4.6
2022-04-10,,,,,,,,,,,,,,,,,,,,,,,,,,,,,,,,,,,,,,,,,4.5,5.0,4.0,4.55,4.6
2022-04-11,,,,,,,,,,,,,,,,,,,,,,,,,,,,,,,,,,,,,,,,,4.5,5.0,4.0,4.55,4.6
2022-04-12,,,,,,,,,,,,,,,,,,,,,,,,,,,,,,,,,,,,,,,,,4.5,5.0,4.0,4.55,4.6
2022-04-13,,,,,,,,,,,,,,,,,,,,,,,,,,,,,,,,,,,,,,,,,4.5,5.0,4.0,4.55,4.6
2022-04-14,,,,,,,,,,,,,,,,,,,,,,,,,,,,,,,,,,,,,,,,,4.5,5.0,4.0,4.55,4.6
2022-04-15,,,,,,,,,,,,,,,,,,,,,,,,,,,,,,,,,,,,,,,,,4.5,5.0,4.0,4.55,4.6
2022-04-16,,,,,,,,,,,,,,,,,,,,,,,,,,,,,,,,,,,,,,,,,4.5,5.0,4.0,4.55,4.6
2022-04-17,,,,,,,,,,,,,,,,,,,,,,,,,,,,,,,,,,,,,,,,,4.5,5.0,4.0,4.55,4.6
2022-04-18,,,,,,,,,,,,,,,,,,,,,,,,,,,,,,,,,,,,,,,,,4.5,5.0,4.0,4.55,4.6
2022-04-19,,,,,,,,,,,,,,,,,,,,,,,,,,,,,,,,,,,,,,,,,4.5,5.0,4.0,4.55,4.6
2022-04-20,,,,,,,,,,,,,,,,,,,,,,,,,,,,,,,,,,,,,,,,,4.5,5.0,4.0,4.55,4.6
2022-04-21,,,,,,,,,,,,,,,,,,,,,,,,,,,,,,,,,,,,,,,,,4.5,5.0,4.0,4.55,4.6
2022-04-22,,,,,,,,,,,,,,,,,,,,,,,,,,,,,,,,,,,,,,,,,4.5,5.0,4.0,4.55,4.6
2022-04-23,,,,,,,,,,,,,,,,,,,,,,,,,,,,,,,,,,,,,,,,,4.5,5.0,4.0,4.55,4.6
2022-04-24,,,,,,,,,,,,,,,,,,,,,,,,,,,,,,,,,,,,,,,,,4.5,5.0,4.0,4.55,4.6
2022-04-25,,,,,,,,,,,,,,,,,,,,,,,,,,,,,,,,,,,,,,,,,4.5,5.0,4.0,4.55,4.6
2022-04-26,,,,,,,,,,,,,,,,,,,,,,,,,,,,,,,,,,,,,,,,,4.5,5.0,4.0,4.55,4.6
2022-04-27,,,,,,,,,,,,,,,,,,,,,,,,,,,,,,,,,,,,,,,,,4.5,5.0,4.0,4.55,4.6
2022-04-28,,,,,,,,,,,,,,,,,,,,,,,,,,,,,,,,,,,,,,,,,4.5,5.0,4.0,4.55,4.6
2022-04-29,,,,,,,,,,,,,,,,,,,,,,,,,,,,,,,,,,,,,,,,,4.5,5.0,4.0,4.55,4.6
2022-04-30,,,,,,,,,,,,,,,,,,,,,,,,,,,,,,,,,,,,,,,,,4.5,5.0,4.0,4.55,4.6
2022-05-01,,,,,,,,,,,,,,,,,,,,,,,,,,,,,,,,,,,,,,,,,4.5,5.0,4.0,4.55,4.6
2022-05-02,,,,,,,,,,,,,,,,,,,,,,,,,,,,,,,,,,,,,,,,,4.5,5.0,4.0,4.55,4.6
2022-05-03,,,,,,,,,,,,,,,,,,,,,,,,,,,,,,,,,,,,,,,,,4.5,5.0,4.0,4.55,4.6
2022-05-04,,,,,,,,,,,,,,,,,,,,,,,,,,,,,,,,,,,,,,,,,4.5,5.0,4.0,4.55,4.6
2022-05-05,,,,,,,,,,,,,,,,,,,,,,,,,,,,,,,,,,,,,,,,,4.5,5.0,4.0,4.55,4.6
2022-05-06,,,,,,,,,,,,,,,,,,,,,,,,,,,,,,,,,,,,,,,,,5.25,5.75,4.75,5.3,5.35
2022-05-07,,,,,,,,,,,,,,,,,,,,,,,,,,,,,,,,,,,,,,,,,5.25,5.75,4.75,5.3,5.35
2022-05-08,,,,,,,,,,,,,,,,,,,,,,,,,,,,,,,,,,,,,,,,,5.25,5.75,4.75,5.3,5.35
2022-05-09,,,,,,,,,,,,,,,,,,,,,,,,,,,,,,,,,,,,,,,,,5.25,5.75,4.75,5.3,5.35
2022-05-10,,,,,,,,,,,,,,,,,,,,,,,,,,,,,,,,,,,,,,,,,5.25,5.75,4.75,5.3,5.35
2022-05-11,,,,,,,,,,,,,,,,,,,,,,,,,,,,,,,,,,,,,,,,,5.25,5.75,4.75,5.3,5.35
2022-05-12,,,,,,,,,,,,,,,,,,,,,,,,,,,,,,,,,,,,,,,,,5.25,5.75,4.75,5.3,5.35
2022-05-13,,,,,,,,,,,,,,,,,,,,,,,,,,,,,,,,,,,,,,,,,5.25,5.75,4.75,5.3,5.35
2022-05-14,,,,,,,,,,,,,,,,,,,,,,,,,,,,,,,,,,,,,,,,,5.25,5.75,4.75,5.3,5.35
2022-05-15,,,,,,,,,,,,,,,,,,,,,,,,,,,,,,,,,,,,,,,,,5.25,5.75,4.75,5.3,5.35
2022-05-16,,,,,,,,,,,,,,,,,,,,,,,,,,,,,,,,,,,,,,,,,5.25,5.75,4.75,5.3,5.35
2022-05-17,,,,,,,,,,,,,,,,,,,,,,,,,,,,,,,,,,,,,,,,,5.25,5.75,4.75,5.3,5.35
2022-05-18,,,,,,,,,,,,,,,,,,,,,,,,,,,,,,,,,,,,,,,,,5.25,5.75,4.75,5.3,5.35
2022-05-19,,,,,,,,,,,,,,,,,,,,,,,,,,,,,,,,,,,,,,,,,5.25,5.75,4.75,5.3,5.35
2022-05-20,,,,,,,,,,,,,,,,,,,,,,,,,,,,,,,,,,,,,,,,,5.25,5.75,4.75,5.3,5.35
2022-05-21,,,,,,,,,,,,,,,,,,,,,,,,,,,,,,,,,,,,,,,,,5.25,5.75,4.75,5.3,5.35
2022-05-22,,,,,,,,,,,,,,,,,,,,,,,,,,,,,,,,,,,,,,,,,5.25,5.75,4.75,5.3,5.35
2022-05-23,,,,,,,,,,,,,,,,,,,,,,,,,,,,,,,,,,,,,,,,,5.25,5.75,4.75,5.3,5.35
2022-05-24,,,,,,,,,,,,,,,,,,,,,,,,,,,,,,,,,,,,,,,,,5.25,5.75,4.75,5.3,5.35
2022-05-25,,,,,,,,,,,,,,,,,,,,,,,,,,,,,,,,,,,,,,,,,5.25,5.75,4.75,5.3,5.35
2022-05-26,,,,,,,,,,,,,,,,,,,,,,,,,,,,,,,,,,,,,,,,,5.25,5.75,4.75,5.3,5.35
2022-05-27,,,,,,,,,,,,,,,,,,,,,,,,,,,,,,,,,,,,,,,,,5.25,5.75,4.75,5.3,5.35
2022-05-28,,,,,,,,,,,,,,,,,,,,,,,,,,,,,,,,,,,,,,,,,5.25,5.75,4.75,5.3,5.35
2022-05-29,,,,,,,,,,,,,,,,,,,,,,,,,,,,,,,,,,,,,,,,,5.25,5.75,4.75,5.3,5.35
2022-05-30,,,,,,,,,,,,,,,,,,,,,,,,,,,,,,,,,,,,,,,,,5.25,5.75,4.75,5.3,5.35
2022-05-31,,,,,,,,,,,,,,,,,,,,,,,,,,,,,,,,,,,,,,,,,5.25,5.75,4.75,5.3,5.35
2022-06-01,,,,,,,,,,,,,,,,,,,,,,,,,,,,,,,,,,,,,,,,,5.25,5.75,4.75,5.3,5.35
2022-06-02,,,,,,,,,,,,,,,,,,,,,,,,,,,,,,,,,,,,,,,,,5.25,5.75,4.75,5.3,5.35
2022-06-03,,,,,,,,,,,,,,,,,,,,,,,,,,,,,,,,,,,,,,,,,5.25,5.75,4.75,5.3,5.35
2022-06-04,,,,,,,,,,,,,,,,,,,,,,,,,,,,,,,,,,,,,,,,,5.25,5.75,4.75,5.3,5.35
2022-06-05,,,,,,,,,,,,,,,,,,,,,,,,,,,,,,,,,,,,,,,,,5.25,5.75,4.75,5.3,5.35
2022-06-06,,,,,,,,,,,,,,,,,,,,,,,,,,,,,,,,,,,,,,,,,5.25,5.75,4.75,5.3,5.35
2022-06-07,,,,,,,,,,,,,,,,,,,,,,,,,,,,,,,,,,,,,,,,,5.25,5.75,4.75,5.3,5.35
2022-06-08,,,,,,,,,,,,,,,,,,,,,,,,,,,,,,,,,,,,,,,,,5.25,5.75,4.75,5.3,5.35
2022-06-09,,,,,,,,,,,,,,,,,,,,,,,,,,,,,,,,,,,,,,,,,6.0,6.5,5.5,6.05,6.1
2022-06-10,,,,,,,,,,,,,,,,,,,,,,,,,,,,,,,,,,,,,,,,,6.0,6.5,5.5,6.05,6.1
2022-06-11,,,,,,,,,,,,,,,,,,,,,,,,,,,,,,,,,,,,,,,,,6.0,6.5,5.5,6.05,6.1
2022-06-12,,,,,,,,,,,,,,,,,,,,,,,,,,,,,,,,,,,,,,,,,6.0,6.5,5.5,6.05,6.1
2022-06-13,,,,,,,,,,,,,,,,,,,,,,,,,,,,,,,,,,,,,,,,,6.0,6.5,5.5,6.05,6.1
2022-06-14,,,,,,,,,,,,,,,,,,,,,,,,,,,,,,,,,,,,,,,,,6.0,6.5,5.5,6.05,6.1
2022-06-15,,,,,,,,,,,,,,,,,,,,,,,,,,,,,,,,,,,,,,,,,6.0,6.5,5.5,6.05,6.1
2022-06-16,,,,,,,,,,,,,,,,,,,,,,,,,,,,,,,,,,,,,,,,,6.0,6.5,5.5,6.05,6.1
2022-06-17,,,,,,,,,,,,,,,,,,,,,,,,,,,,,,,,,,,,,,,,,6.0,6.5,5.5,6.05,6.1
2022-06-18,,,,,,,,,,,,,,,,,,,,,,,,,,,,,,,,,,,,,,,,,6.0,6.5,5.5,6.05,6.1
2022-06-19,,,,,,,,,,,,,,,,,,,,,,,,,,,,,,,,,,,,,,,,,6.0,6.5,5.5,6.05,6.1
2022-06-20,,,,,,,,,,,,,,,,,,,,,,,,,,,,,,,,,,,,,,,,,6.0,6.5,5.5,6.05,6.1
2022-06-21,,,,,,,,,,,,,,,,,,,,,,,,,,,,,,,,,,,,,,,,,6.0,6.5,5.5,6.05,6.1
2022-06-22,,,,,,,,,,,,,,,,,,,,,,,,,,,,,,,,,,,,,,,,,6.0,6.5,5.5,6.05,6.1
2022-06-23,,,,,,,,,,,,,,,,,,,,,,,,,,,,,,,,,,,,,,,,,6.0,6.5,5.5,6.05,6.1
2022-06-24,,,,,,,,,,,,,,,,,,,,,,,,,,,,,,,,,,,,,,,,,6.0,6.5,5.5,6.05,6.1
2022-06-25,,,,,,,,,,,,,,,,,,,,,,,,,,,,,,,,,,,,,,,,,6.0,6.5,5.5,6.05,6.1
2022-06-26,,,,,,,,,,,,,,,,,,,,,,,,,,,,,,,,,,,,,,,,,6.0,6.5,5.5,6.05,6.1
2022-06-27,,,,,,,,,,,,,,,,,,,,,,,,,,,,,,,,,,,,,,,,,6.0,6.5,5.5,6.05,6.1
2022-06-28,,,,,,,,,,,,,,,,,,,,,,,,,,,,,,,,,,,,,,,,,6.0,6.5,5.5,6.05,6.1
2022-06-29,,,,,,,,,,,,,,,,,,,,,,,,,,,,,,,,,,,,,,,,,6.0,6.5,5.5,6.05,6.1
2022-06-30,,,,,,,,,,,,,,,,,,,,,,,,,,,,,,,,,,,,,,,,,6.0,6.5,5.5,6.05,6.1
2022-07-01,,,,,,,,,,,,,,,,,,,,,,,,,,,,,,,,,,,,,,,,,6.0,6.5,5.5,6.05,6.1
2022-07-02,,,,,,,,,,,,,,,,,,,,,,,,,,,,,,,,,,,,,,,,,6.0,6.5,5.5,6.05,6.1
2022-07-03,,,,,,,,,,,,,,,,,,,,,,,,,,,,,,,,,,,,,,,,,6.0,6.5,5.5,6.05,6.1
2022-07-04,,,,,,,,,,,,,,,,,,,,,,,,,,,,,,,,,,,,,,,,,6.0,6.5,5.5,6.05,6.1
2022-07-05,,,,,,,,,,,,,,,,,,,,,,,,,,,,,,,,,,,,,,,,,6.0,6.5,5.5,6.05,6.1
2022-07-06,,,,,,,,,,,,,,,,,,,,,,,,,,,,,,,,,,,,,,,,,6.0,6.5,5.5,6.05,6.1
2022-07-07,,,,,,,,,,,,,,,,,,,,,,,,,,,,,,,,,,,,,,,,,6.0,6.5,5.5,6.05,6.1
2022-07-08,,,,,,,,,,,,,,,,,,,,,,,,,,,,,,,,,,,,,,,,,6.5,7.0,6.0,6.55,6.6
2022-07-09,,,,,,,,,,,,,,,,,,,,,,,,,,,,,,,,,,,,,,,,,6.5,7.0,6.0,6.55,6.6
2022-07-10,,,,,,,,,,,,,,,,,,,,,,,,,,,,,,,,,,,,,,,,,6.5,7.0,6.0,6.55,6.6
2022-07-11,,,,,,,,,,,,,,,,,,,,,,,,,,,,,,,,,,,,,,,,,6.5,7.0,6.0,6.55,6.6
2022-07-12,,,,,,,,,,,,,,,,,,,,,,,,,,,,,,,,,,,,,,,,,6.5,7.0,6.0,6.55,6.6
2022-07-13,,,,,,,,,,,,,,,,,,,,,,,,,,,,,,,,,,,,,,,,,6.5,7.0,6.0,6.55,6.6
2022-07-14,,,,,,,,,,,,,,,,,,,,,,,,,,,,,,,,,,,,,,,,,6.5,7.0,6.0,6.55,6.6
2022-07-15,,,,,,,,,,,,,,,,,,,,,,,,,,,,,,,,,,,,,,,,,6.5,7.0,6.0,6.55,6.6
2022-07-16,,,,,,,,,,,,,,,,,,,,,,,,,,,,,,,,,,,,,,,,,6.5,7.0,6.0,6.55,6.6
2022-07-17,,,,,,,,,,,,,,,,,,,,,,,,,,,,,,,,,,,,,,,,,6.5,7.0,6.0,6.55,6.6
2022-07-18,,,,,,,,,,,,,,,,,,,,,,,,,,,,,,,,,,,,,,,,,6.5,7.0,6.0,6.55,6.6
2022-07-19,,,,,,,,,,,,,,,,,,,,,,,,,,,,,,,,,,,,,,,,,6.5,7.0,6.0,6.55,6.6
2022-07-20,,,,,,,,,,,,,,,,,,,,,,,,,,,,,,,,,,,,,,,,,6.5,7.0,6.0,6.55,6.6
2022-07-21,,,,,,,,,,,,,,,,,,,,,,,,,,,,,,,,,,,,,,,,,6.5,7.0,6.0,6.55,6.6
2022-07-22,,,,,,,,,,,,,,,,,,,,,,,,,,,,,,,,,,,,,,,,,6.5,7.0,6.0,6.55,6.6
2022-07-23,,,,,,,,,,,,,,,,,,,,,,,,,,,,,,,,,,,,,,,,,6.5,7.0,6.0,6.55,6.6
2022-07-24,,,,,,,,,,,,,,,,,,,,,,,,,,,,,,,,,,,,,,,,,6.5,7.0,6.0,6.55,6.6
2022-07-25,,,,,,,,,,,,,,,,,,,,,,,,,,,,,,,,,,,,,,,,,6.5,7.0,6.0,6.55,6.6
2022-07-26,,,,,,,,,,,,,,,,,,,,,,,,,,,,,,,,,,,,,,,,,6.5,7.0,6.0,6.55,6.6
2022-07-27,,,,,,,,,,,,,,,,,,,,,,,,,,,,,,,,,,,,,,,,,6.5,7.0,6.0,6.55,6.6
2022-07-28,,,,,,,,,,,,,,,,,,,,,,,,,,,,,,,,,,,,,,,,,6.5,7.0,6.0,6.55,6.6
2022-07-29,,,,,,,,,,,,,,,,,,,,,,,,,,,,,,,,,,,,,,,,,6.5,7.0,6.0,6.55,6.6
2022-07-30,,,,,,,,,,,,,,,,,,,,,,,,,,,,,,,,,,,,,,,,,6.5,7.0,6.0,6.55,6.6
2022-07-31,,,,,,,,,,,,,,,,,,,,,,,,,,,,,,,,,,,,,,,,,6.5,7.0,6.0,6.55,6.6
2022-08-01,,,,,,,,,,,,,,,,,,,,,,,,,,,,,,,,,,,,,,,,,6.5,7.0,6.0,6.55,6.6
2022-08-02,,,,,,,,,,,,,,,,,,,,,,,,,,,,,,,,,,,,,,,,,6.5,7.0,6.0,6.55,6.6
2022-08-03,,,,,,,,,,,,,,,,,,,,,,,,,,,,,,,,,,,,,,,,,6.5,7.0,6.0,6.55,6.6
2022-08-04,,,,,,,,,,,,,,,,,,,,,,,,,,,,,,,,,,,,,,,,,6.5,7.0,6.0,6.55,6.6
2022-08-05,,,,,,,,,,,,,,,,,,,,,,,,,,,,,,,,,,,,,,,,,6.5,7.0,6.0,6.55,6.6
2022-08-06,,,,,,,,,,,,,,,,,,,,,,,,,,,,,,,,,,,,,,,,,6.5,7.0,6.0,6.55,6.6
2022-08-07,,,,,,,,,,,,,,,,,,,,,,,,,,,,,,,,,,,,,,,,,6.5,7.0,6.0,6.55,6.6
2022-08-08,,,,,,,,,,,,,,,,,,,,,,,,,,,,,,,,,,,,,,,,,6.5,7.0,6.0,6.55,6.6
2022-08-09,,,,,,,,,,,,,,,,,,,,,,,,,,,,,,,,,,,,,,,,,6.5,7.0,6.0,6.55,6.6
2022-08-10,,,,,,,,,,,,,,,,,,,,,,,,,,,,,,,,,,,,,,,,,6.5,7.0,6.0,6.55,6.6
2022-08-11,,,,,,,,,,,,,,,,,,,,,,,,,,,,,,,,,,,,,,,,,6.5,7.0,6.0,6.55,6.6
2022-08-12,,,,,,,,,,,,,,,,,,,,,,,,,,,,,,,,,,,,,,,,,6.5,7.0,6.0,6.55,6.6
2022-08-13,,,,,,,,,,,,,,,,,,,,,,,,,,,,,,,,,,,,,,,,,6.5,7.0,6.0,6.55,6.6
2022-08-14,,,,,,,,,,,,,,,,,,,,,,,,,,,,,,,,,,,,,,,,,6.5,7.0,6.0,6.55,6.6
2022-08-15,,,,,,,,,,,,,,,,,,,,,,,,,,,,,,,,,,,,,,,,,6.5,7.0,6.0,6.55,6.6
2022-08-16,,,,,,,,,,,,,,,,,,,,,,,,,,,,,,,,,,,,,,,,,6.5,7.0,6.0,6.55,6.6
2022-08-17,,,,,,,,,,,,,,,,,,,,,,,,,,,,,,,,,,,,,,,,,6.5,7.0,6.0,6.55,6.6
2022-08-18,,,,,,,,,,,,,,,,,,,,,,,,,,,,,,,,,,,,,,,,,6.5,7.0,6.0,6.55,6.6
2022-08-19,,,,,,,,,,,,,,,,,,,,,,,,,,,,,,,,,,,,,,,,,6.5,7.0,6.0,6.55,6.6
2022-08-20,,,,,,,,,,,,,,,,,,,,,,,,,,,,,,,,,,,,,,,,,6.5,7.0,6.0,6.55,6.6
2022-08-21,,,,,,,,,,,,,,,,,,,,,,,,,,,,,,,,,,,,,,,,,6.5,7.0,6.0,6.55,6.6
2022-08-22,,,,,,,,,,,,,,,,,,,,,,,,,,,,,,,,,,,,,,,,,6.5,7.0,6.0,6.55,6.6
2022-08-23,,,,,,,,,,,,,,,,,,,,,,,,,,,,,,,,,,,,,,,,,6.5,7.0,6.0,6.55,6.6
2022-08-24,,,,,,,,,,,,,,,,,,,,,,,,,,,,,,,,,,,,,,,,,6.5,7.0,6.0,6.55,6.6
2022-08-25,,,,,,,,,,,,,,,,,,,,,,,,,,,,,,,,,,,,,,,,,6.5,7.0,6.0,6.55,6.6
2022-08-26,,,,,,,,,,,,,,,,,,,,,,,,,,,,,,,,,,,,,,,,,6.5,7.0,6.0,6.55,6.6
2022-08-27,,,,,,,,,,,,,,,,,,,,,,,,,,,,,,,,,,,,,,,,,6.5,7.0,6.0,6.55,6.6
2022-08-28,,,,,,,,,,,,,,,,,,,,,,,,,,,,,,,,,,,,,,,,,6.5,7.0,6.0,6.55,6.6
2022-08-29,,,,,,,,,,,,,,,,,,,,,,,,,,,,,,,,,,,,,,,,,6.5,7.0,6.0,6.55,6.6
2022-08-30,,,,,,,,,,,,,,,,,,,,,,,,,,,,,,,,,,,,,,,,,6.5,7.0,6.0,6.55,6.6
2022-08-31,,,,,,,,,,,,,,,,,,,,,,,,,,,,,,,,,,,,,,,,,6.5,7.0,6.0,6.55,6.6
2022-09-01,,,,,,,,,,,,,,,,,,,,,,,,,,,,,,,,,,,,,,,,,6.5,7.0,6.0,6.55,6.6
2022-09-02,,,,,,,,,,,,,,,,,,,,,,,,,,,,,,,,,,,,,,,,,6.5,7.0,6.0,6.55,6.6
2022-09-03,,,,,,,,,,,,,,,,,,,,,,,,,,,,,,,,,,,,,,,,,6.5,7.0,6.0,6.55,6.6
2022-09-04,,,,,,,,,,,,,,,,,,,,,,,,,,,,,,,,,,,,,,,,,6.5,7.0,6.0,6.55,6.6
2022-09-05,,,,,,,,,,,,,,,,,,,,,,,,,,,,,,,,,,,,,,,,,6.5,7.0,6.0,6.55,6.6
2022-09-06,,,,,,,,,,,,,,,,,,,,,,,,,,,,,,,,,,,,,,,,,6.5,7.0,6.0,6.55,6.6
2022-09-07,,,,,,,,,,,,,,,,,,,,,,,,,,,,,,,,,,,,,,,,,6.5,7.0,6.0,6.55,6.6
2022-09-08,,,,,,,,,,,,,,,,,,,,,,,,,,,,,,,,,,,,,,,,,6.75,7.25,6.25,6.8,6.85
2022-09-09,,,,,,,,,,,,,,,,,,,,,,,,,,,,,,,,,,,,,,,,,6.75,7.25,6.25,6.8,6.85
2022-09-10,,,,,,,,,,,,,,,,,,,,,,,,,,,,,,,,,,,,,,,,,6.75,7.25,6.25,6.8,6.85
2022-09-11,,,,,,,,,,,,,,,,,,,,,,,,,,,,,,,,,,,,,,,,,6.75,7.25,6.25,6.8,6.85
2022-09-12,,,,,,,,,,,,,,,,,,,,,,,,,,,,,,,,,,,,,,,,,6.75,7.25,6.25,6.8,6.85
2022-09-13,,,,,,,,,,,,,,,,,,,,,,,,,,,,,,,,,,,,,,,,,6.75,7.25,6.25,6.8,6.85
2022-09-14,,,,,,,,,,,,,,,,,,,,,,,,,,,,,,,,,,,,,,,,,6.75,7.25,6.25,6.8,6.85
2022-09-15,,,,,,,,,,,,,,,,,,,,,,,,,,,,,,,,,,,,,,,,,6.75,7.25,6.25,6.8,6.85
2022-09-16,,,,,,,,,,,,,,,,,,,,,,,,,,,,,,,,,,,,,,,,,6.75,7.25,6.25,6.8,6.85
2022-09-17,,,,,,,,,,,,,,,,,,,,,,,,,,,,,,,,,,,,,,,,,6.75,7.25,6.25,6.8,6.85
2022-09-18,,,,,,,,,,,,,,,,,,,,,,,,,,,,,,,,,,,,,,,,,6.75,7.25,6.25,6.8,6.85
2022-09-19,,,,,,,,,,,,,,,,,,,,,,,,,,,,,,,,,,,,,,,,,6.75,7.25,6.25,6.8,6.85
2022-09-20,,,,,,,,,,,,,,,,,,,,,,,,,,,,,,,,,,,,,,,,,6.75,7.25,6.25,6.8,6.85
2022-09-21,,,,,,,,,,,,,,,,,,,,,,,,,,,,,,,,,,,,,,,,,6.75,7.25,6.25,6.8,6.85
2022-09-22,,,,,,,,,,,,,,,,,,,,,,,,,,,,,,,,,,,,,,,,,6.75,7.25,6.25,6.8,6.85
2022-09-23,,,,,,,,,,,,,,,,,,,,,,,,,,,,,,,,,,,,,,,,,6.75,7.25,6.25,6.8,6.85
2022-09-24,,,,,,,,,,,,,,,,,,,,,,,,,,,,,,,,,,,,,,,,,6.75,7.25,6.25,6.8,6.85
2022-09-25,,,,,,,,,,,,,,,,,,,,,,,,,,,,,,,,,,,,,,,,,6.75,7.25,6.25,6.8,6.85
2022-09-26,,,,,,,,,,,,,,,,,,,,,,,,,,,,,,,,,,,,,,,,,6.75,7.25,6.25,6.8,6.85
2022-09-27,,,,,,,,,,,,,,,,,,,,,,,,,,,,,,,,,,,,,,,,,6.75,7.25,6.25,6.8,6.85
2022-09-28,,,,,,,,,,,,,,,,,,,,,,,,,,,,,,,,,,,,,,,,,6.75,7.25,6.25,6.8,6.85
2022-09-29,,,,,,,,,,,,,,,,,,,,,,,,,,,,,,,,,,,,,,,,,6.75,7.25,6.25,6.8,6.85
2022-09-30,,,,,,,,,,,,,,,,,,,,,,,,,,,,,,,,,,,,,,,,,6.75,7.25,6.25,6.8,6.85
2022-10-01,,,,,,,,,,,,,,,,,,,,,,,,,,,,,,,,,,,,,,,,,6.75,7.25,6.25,6.8,6.85
2022-10-02,,,,,,,,,,,,,,,,,,,,,,,,,,,,,,,,,,,,,,,,,6.75,7.25,6.25,6.8,6.85
2022-10-03,,,,,,,,,,,,,,,,,,,,,,,,,,,,,,,,,,,,,,,,,6.75,7.25,6.25,6.8,6.85
2022-10-04,,,,,,,,,,,,,,,,,,,,,,,,,,,,,,,,,,,,,,,,,6.75,7.25,6.25,6.8,6.85
2022-10-05,,,,,,,,,,,,,,,,,,,,,,,,,,,,,,,,,,,,,,,,,6.75,7.25,6.25,6.8,6.85
2022-10-06,,,,,,,,,,,,,,,,,,,,,,,,,,,,,,,,,,,,,,,,,6.75,7.25,6.25,6.8,6.85
2022-10-07,,,,,,,,,,,,,,,,,,,,,,,,,,,,,,,,,,,,,,,,,6.75,7.25,6.25,6.8,6.85
2022-10-08,,,,,,,,,,,,,,,,,,,,,,,,,,,,,,,,,,,,,,,,,6.75,7.25,6.25,6.8,6.85
2022-10-09,,,,,,,,,,,,,,,,,,,,,,,,,,,,,,,,,,,,,,,,,6.75,7.25,6.25,6.8,6.85
2022-10-10,,,,,,,,,,,,,,,,,,,,,,,,,,,,,,,,,,,,,,,,,6.75,7.25,6.25,6.8,6.85
2022-10-11,,,,,,,,,,,,,,,,,,,,,,,,,,,,,,,,,,,,,,,,,6.75,7.25,6.25,6.8,6.85
2022-10-12,,,,,,,,,,,,,,,,,,,,,,,,,,,,,,,,,,,,,,,,,6.75,7.25,6.25,6.8,6.85
2022-10-13,,,,,,,,,,,,,,,,,,,,,,,,,,,,,,,,,,,,,,,,,6.75,7.25,6.25,6.8,6.85
2022-10-14,,,,,,,,,,,,,,,,,,,,,,,,,,,,,,,,,,,,,,,,,6.75,7.25,6.25,6.8,6.85
2022-10-15,,,,,,,,,,,,,,,,,,,,,,,,,,,,,,,,,,,,,,,,,6.75,7.25,6.25,6.8,6.85
2022-10-16,,,,,,,,,,,,,,,,,,,,,,,,,,,,,,,,,,,,,,,,,6.75,7.25,6.25,6.8,6.85
2022-10-17,,,,,,,,,,,,,,,,,,,,,,,,,,,,,,,,,,,,,,,,,6.75,7.25,6.25,6.8,6.85
2022-10-18,,,,,,,,,,,,,,,,,,,,,,,,,,,,,,,,,,,,,,,,,6.75,7.25,6.25,6.8,6.85
2022-10-19,,,,,,,,,,,,,,,,,,,,,,,,,,,,,,,,,,,,,,,,,6.75,7.25,6.25,6.8,6.85
2022-10-20,,,,,,,,,,,,,,,,,,,,,,,,,,,,,,,,,,,,,,,,,6.75,7.25,6.25,6.8,6.85
2022-10-21,,,,,,,,,,,,,,,,,,,,,,,,,,,,,,,,,,,,,,,,,6.75,7.25,6.25,6.8,6.85
2022-10-22,,,,,,,,,,,,,,,,,,,,,,,,,,,,,,,,,,,,,,,,,6.75,7.25,6.25,6.8,6.85
2022-10-23,,,,,,,,,,,,,,,,,,,,,,,,,,,,,,,,,,,,,,,,,6.75,7.25,6.25,6.8,6.85
2022-10-24,,,,,,,,,,,,,,,,,,,,,,,,,,,,,,,,,,,,,,,,,6.75,7.25,6.25,6.8,6.85
2022-10-25,,,,,,,,,,,,,,,,,,,,,,,,,,,,,,,,,,,,,,,,,6.75,7.25,6.25,6.8,6.85
2022-10-26,,,,,,,,,,,,,,,,,,,,,,,,,,,,,,,,,,,,,,,,,6.75,7.25,6.25,6.8,6.85
2022-10-27,,,,,,,,,,,,,,,,,,,,,,,,,,,,,,,,,,,,,,,,,6.75,7.25,6.25,6.8,6.85
2022-10-28,,,,,,,,,,,,,,,,,,,,,,,,,,,,,,,,,,,,,,,,,6.75,7.25,6.25,6.8,6.85
2022-10-29,,,,,,,,,,,,,,,,,,,,,,,,,,,,,,,,,,,,,,,,,6.75,7.25,6.25,6.8,6.85
2022-10-30,,,,,,,,,,,,,,,,,,,,,,,,,,,,,,,,,,,,,,,,,6.75,7.25,6.25,6.8,6.85
2022-10-31,,,,,,,,,,,,,,,,,,,,,,,,,,,,,,,,,,,,,,,,,6.75,7.25,6.25,6.8,6.85
2022-11-01,,,,,,,,,,,,,,,,,,,,,,,,,,,,,,,,,,,,,,,,,6.75,7.25,6.25,6.8,6.85
2022-11-02,,,,,,,,,,,,,,,,,,,,,,,,,,,,,,,,,,,,,,,,,6.75,7.25,6.25,6.8,6.85
2022-11-03,,,,,,,,,,,,,,,,,,,,,,,,,,,,,,,,,,,,,,,,,6.75,7.25,6.25,6.8,6.85
2022-11-04,,,,,,,,,,,,,,,,,,,,,,,,,,,,,,,,,,,,,,,,,6.75,7.25,6.25,6.8,6.85
2022-11-05,,,,,,,,,,,,,,,,,,,,,,,,,,,,,,,,,,,,,,,,,6.75,7.25,6.25,6.8,6.85
2022-11-06,,,,,,,,,,,,,,,,,,,,,,,,,,,,,,,,,,,,,,,,,6.75,7.25,6.25,6.8,6.85
2022-11-07,,,,,,,,,,,,,,,,,,,,,,,,,,,,,,,,,,,,,,,,,6.75,7.25,6.25,6.8,6.85
2022-11-08,,,,,,,,,,,,,,,,,,,,,,,,,,,,,,,,,,,,,,,,,6.75,7.25,6.25,6.8,6.85
2022-11-09,,,,,,,,,,,,,,,,,,,,,,,,,,,,,,,,,,,,,,,,,6.75,7.25,6.25,6.8,6.85
2022-11-10,,,,,,,,,,,,,,,,,,,,,,,,,,,,,,,,,,,,,,,,,6.75,7.25,6.25,6.8,6.85
2022-11-11,,,,,,,,,,,,,,,,,,,,,,,,,,,,,,,,,,,,,,,,,6.75,7.25,6.25,6.8,6.85
2022-11-12,,,,,,,,,,,,,,,,,,,,,,,,,,,,,,,,,,,,,,,,,6.75,7.25,6.25,6.8,6.85
2022-11-13,,,,,,,,,,,,,,,,,,,,,,,,,,,,,,,,,,,,,,,,,6.75,7.25,6.25,6.8,6.85
2022-11-14,,,,,,,,,,,,,,,,,,,,,,,,,,,,,,,,,,,,,,,,,6.75,7.25,6.25,6.8,6.85
2022-11-15,,,,,,,,,,,,,,,,,,,,,,,,,,,,,,,,,,,,,,,,,6.75,7.25,6.25,6.8,6.85
2022-11-16,,,,,,,,,,,,,,,,,,,,,,,,,,,,,,,,,,,,,,,,,6.75,7.25,6.25,6.8,6.85
2022-11-17,,,,,,,,,,,,,,,,,,,,,,,,,,,,,,,,,,,,,,,,,6.75,7.25,6.25,6.8,6.85
2022-11-18,,,,,,,,,,,,,,,,,,,,,,,,,,,,,,,,,,,,,,,,,6.75,7.25,6.25,6.8,6.85
2022-11-19,,,,,,,,,,,,,,,,,,,,,,,,,,,,,,,,,,,,,,,,,6.75,7.25,6.25,6.8,6.85
2022-11-20,,,,,,,,,,,,,,,,,,,,,,,,,,,,,,,,,,,,,,,,,6.75,7.25,6.25,6.8,6.85
2022-11-21,,,,,,,,,,,,,,,,,,,,,,,,,,,,,,,,,,,,,,,,,6.75,7.25,6.25,6.8,6.85
2022-11-22,,,,,,,,,,,,,,,,,,,,,,,,,,,,,,,,,,,,,,,,,6.75,7.25,6.25,6.8,6.85
2022-11-23,,,,,,,,,,,,,,,,,,,,,,,,,,,,,,,,,,,,,,,,,6.75,7.25,6.25,6.8,6.85
2022-11-24,,,,,,,,,,,,,,,,,,,,,,,,,,,,,,,,,,,,,,,,,6.75,7.25,6.25,6.8,6.85
2022-11-25,,,,,,,,,,,,,,,,,,,,,,,,,,,,,,,,,,,,,,,,,6.75,7.25,6.25,6.8,6.85
2022-11-26,,,,,,,,,,,,,,,,,,,,,,,,,,,,,,,,,,,,,,,,,6.75,7.25,6.25,6.8,6.85
2022-11-27,,,,,,,,,,,,,,,,,,,,,,,,,,,,,,,,,,,,,,,,,6.75,7.25,6.25,6.8,6.85
2022-11-28,,,,,,,,,,,,,,,,,,,,,,,,,,,,,,,,,,,,,,,,,6.75,7.25,6.25,6.8,6.85
2022-11-29,,,,,,,,,,,,,,,,,,,,,,,,,,,,,,,,,,,,,,,,,6.75,7.25,6.25,6.8,6.85
2022-11-30,,,,,,,,,,,,,,,,,,,,,,,,,,,,,,,,,,,,,,,,,6.75,7.25,6.25,6.8,6.85
2022-12-01,,,,,,,,,,,,,,,,,,,,,,,,,,,,,,,,,,,,,,,,,6.75,7.25,6.25,6.8,6.85
2022-12-02,,,,,,,,,,,,,,,,,,,,,,,,,,,,,,,,,,,,,,,,,6.75,7.25,6.25,6.8,6.85
2022-12-03,,,,,,,,,,,,,,,,,,,,,,,,,,,,,,,,,,,,,,,,,6.75,7.25,6.25,6.8,6.85
2022-12-04,,,,,,,,,,,,,,,,,,,,,,,,,,,,,,,,,,,,,,,,,6.75,7.25,6.25,6.8,6.85
2022-12-05,,,,,,,,,,,,,,,,,,,,,,,,,,,,,,,,,,,,,,,,,6.75,7.25,6.25,6.8,6.85
2022-12-06,,,,,,,,,,,,,,,,,,,,,,,,,,,,,,,,,,,,,,,,,6.75,7.25,6.25,6.8,6.85
2022-12-07,,,,,,,,,,,,,,,,,,,,,,,,,,,,,,,,,,,,,,,,,6.75,7.25,6.25,6.8,6.85
2022-12-08,,,,,,,,,,,,,,,,,,,,,,,,,,,,,,,,,,,,,,,,,6.75,7.25,6.25,6.8,6.85
2022-12-09,,,,,,,,,,,,,,,,,,,,,,,,,,,,,,,,,,,,,,,,,6.75,7.25,6.25,6.8,6.85
2022-12-10,,,,,,,,,,,,,,,,,,,,,,,,,,,,,,,,,,,,,,,,,6.75,7.25,6.25,6.8,6.85
2022-12-11,,,,,,,,,,,,,,,,,,,,,,,,,,,,,,,,,,,,,,,,,6.75,7.25,6.25,6.8,6.85
2022-12-12,,,,,,,,,,,,,,,,,,,,,,,,,,,,,,,,,,,,,,,,,6.75,7.25,6.25,6.8,6.85
2022-12-13,,,,,,,,,,,,,,,,,,,,,,,,,,,,,,,,,,,,,,,,,6.75,7.25,6.25,6.8,6.85
2022-12-14,,,,,,,,,,,,,,,,,,,,,,,,,,,,,,,,,,,,,,,,,6.75,7.25,6.25,6.8,6.85
2022-12-15,,,,,,,,,,,,,,,,,,,,,,,,,,,,,,,,,,,,,,,,,6.75,7.25,6.25,6.8,6.85
2022-12-16,,,,,,,,,,,,,,,,,,,,,,,,,,,,,,,,,,,,,,,,,6.75,7.25,6.25,6.8,6.85
2022-12-17,,,,,,,,,,,,,,,,,,,,,,,,,,,,,,,,,,,,,,,,,6.75,7.25,6.25,6.8,6.85
2022-12-18,,,,,,,,,,,,,,,,,,,,,,,,,,,,,,,,,,,,,,,,,6.75,7.25,6.25,6.8,6.85
2022-12-19,,,,,,,,,,,,,,,,,,,,,,,,,,,,,,,,,,,,,,,,,6.75,7.25,6.25,6.8,6.85
2022-12-20,,,,,,,,,,,,,,,,,,,,,,,,,,,,,,,,,,,,,,,,,6.75,7.25,6.25,6.8,6.85
2022-12-21,,,,,,,,,,,,,,,,,,,,,,,,,,,,,,,,,,,,,,,,,6.75,7.25,6.25,6.8,6.85
2022-12-22,,,,,,,,,,,,,,,,,,,,,,,,,,,,,,,,,,,,,,,,,6.75,7.25,6.25,6.8,6.85
2022-12-23,,,,,,,,,,,,,,,,,,,,,,,,,,,,,,,,,,,,,,,,,6.75,7.25,6.25,6.8,6.85
2022-12-24,,,,,,,,,,,,,,,,,,,,,,,,,,,,,,,,,,,,,,,,,6.75,7.25,6.25,6.8,6.85
2022-12-25,,,,,,,,,,,,,,,,,,,,,,,,,,,,,,,,,,,,,,,,,6.75,7.25,6.25,6.8,6.85
2022-12-26,,,,,,,,,,,,,,,,,,,,,,,,,,,,,,,,,,,,,,,,,6.75,7.25,6.25,6.8,6.85
2022-12-27,,,,,,,,,,,,,,,,,,,,,,,,,,,,,,,,,,,,,,,,,6.75,7.25,6.25,6.8,6.85
2022-12-28,,,,,,,,,,,,,,,,,,,,,,,,,,,,,,,,,,,,,,,,,6.75,7.25,6.25,6.8,6.85
2022-12-29,,,,,,,,,,,,,,,,,,,,,,,,,,,,,,,,,,,,,,,,,6.75,7.25,6.25,6.8,6.85
2022-12-30,,,,,,,,,,,,,,,,,,,,,,,,,,,,,,,,,,,,,,,,,6.75,7.25,6.25,6.8,6.85
2022-12-31,,,,,,,,,,,,,,,,,,,,,,,,,,,,,,,,,,,,,,,,,6.75,7.25,6.25,6.8,6.85
2023-01-01,,,,,,,,,,,,,,,,,,,,,,,,,,,,,,,,,,,,,,,,,6.75,7.25,6.25,6.8,6.85
2023-01-02,,,,,,,,,,,,,,,,,,,,,,,,,,,,,,,,,,,,,,,,,6.75,7.25,6.25,6.8,6.85
2023-01-03,,,,,,,,,,,,,,,,,,,,,,,,,,,,,,,,,,,,,,,,,6.75,7.25,6.25,6.8,6.85
2023-01-04,,,,,,,,,,,,,,,,,,,,,,,,,,,,,,,,,,,,,,,,,6.75,7.25,6.25,6.8,6.85
2023-01-05,,,,,,,,,,,,,,,,,,,,,,,,,,,,,,,,,,,,,,,,,6.75,7.25,6.25,6.8,6.85
2023-01-06,,,,,,,,,,,,,,,,,,,,,,,,,,,,,,,,,,,,,,,,,6.75,7.25,6.25,6.8,6.85
2023-01-07,,,,,,,,,,,,,,,,,,,,,,,,,,,,,,,,,,,,,,,,,6.75,7.25,6.25,6.8,6.85
2023-01-08,,,,,,,,,,,,,,,,,,,,,,,,,,,,,,,,,,,,,,,,,6.75,7.25,6.25,6.8,6.85
2023-01-09,,,,,,,,,,,,,,,,,,,,,,,,,,,,,,,,,,,,,,,,,6.75,7.25,6.25,6.8,6.85
2023-01-10,,,,,,,,,,,,,,,,,,,,,,,,,,,,,,,,,,,,,,,,,6.75,7.25,6.25,6.8,6.85
2023-01-11,,,,,,,,,,,,,,,,,,,,,,,,,,,,,,,,,,,,,,,,,6.75,7.25,6.25,6.8,6.85
2023-01-12,,,,,,,,,,,,,,,,,,,,,,,,,,,,,,,,,,,,,,,,,6.75,7.25,6.25,6.8,6.85
2023-01-13,,,,,,,,,,,,,,,,,,,,,,,,,,,,,,,,,,,,,,,,,6.75,7.25,6.25,6.8,6.85
2023-01-14,,,,,,,,,,,,,,,,,,,,,,,,,,,,,,,,,,,,,,,,,6.75,7.25,6.25,6.8,6.85
2023-01-15,,,,,,,,,,,,,,,,,,,,,,,,,,,,,,,,,,,,,,,,,6.75,7.25,6.25,6.8,6.85
2023-01-16,,,,,,,,,,,,,,,,,,,,,,,,,,,,,,,,,,,,,,,,,6.75,7.25,6.25,6.8,6.85
2023-01-17,,,,,,,,,,,,,,,,,,,,,,,,,,,,,,,,,,,,,,,,,6.75,7.25,6.25,6.8,6.85
2023-01-18,,,,,,,,,,,,,,,,,,,,,,,,,,,,,,,,,,,,,,,,,6.75,7.25,6.25,6.8,6.85
2023-01-19,,,,,,,,,,,,,,,,,,,,,,,,,,,,,,,,,,,,,,,,,6.75,7.25,6.25,6.8,6.85
2023-01-20,,,,,,,,,,,,,,,,,,,,,,,,,,,,,,,,,,,,,,,,,6.75,7.25,6.25,6.8,6.85
2023-01-21,,,,,,,,,,,,,,,,,,,,,,,,,,,,,,,,,,,,,,,,,6.75,7.25,6.25,6.8,6.85
2023-01-22,,,,,,,,,,,,,,,,,,,,,,,,,,,,,,,,,,,,,,,,,6.75,7.25,6.25,6.8,6.85
2023-01-23,,,,,,,,,,,,,,,,,,,,,,,,,,,,,,,,,,,,,,,,,6.75,7.25,6.25,6.8,6.85
2023-01-24,,,,,,,,,,,,,,,,,,,,,,,,,,,,,,,,,,,,,,,,,6.75,7.25,6.25,6.8,6.85
2023-01-25,,,,,,,,,,,,,,,,,,,,,,,,,,,,,,,,,,,,,,,,,6.75,7.25,6.25,6.8,6.85
2023-01-26,,,,,,,,,,,,,,,,,,,,,,,,,,,,,,,,,,,,,,,,,6.75,7.25,6.25,6.8,6.85
2023-01-27,,,,,,,,,,,,,,,,,,,,,,,,,,,,,,,,,,,,,,,,,6.75,7.25,6.25,6.8,6.85
2023-01-28,,,,,,,,,,,,,,,,,,,,,,,,,,,,,,,,,,,,,,,,,6.75,7.25,6.25,6.8,6.85
2023-01-29,,,,,,,,,,,,,,,,,,,,,,,,,,,,,,,,,,,,,,,,,6.75,7.25,6.25,6.8,6.85
2023-01-30,,,,,,,,,,,,,,,,,,,,,,,,,,,,,,,,,,,,,,,,,6.75,7.25,6.25,6.8,6.85
2023-01-31,,,,,,,,,,,,,,,,,,,,,,,,,,,,,,,,,,,,,,,,,6.75,7.25,6.25,6.8,6.85
2023-02-01,,,,,,,,,,,,,,,,,,,,,,,,,,,,,,,,,,,,,,,,,6.75,7.25,6.25,6.8,6.85
2023-02-02,,,,,,,,,,,,,,,,,,,,,,,,,,,,,,,,,,,,,,,,,6.75,7.25,6.25,6.8,6.85
2023-02-03,,,,,,,,,,,,,,,,,,,,,,,,,,,,,,,,,,,,,,,,,6.75,7.25,6.25,6.8,6.85
2023-02-04,,,,,,,,,,,,,,,,,,,,,,,,,,,,,,,,,,,,,,,,,6.75,7.25,6.25,6.8,6.85
2023-02-05,,,,,,,,,,,,,,,,,,,,,,,,,,,,,,,,,,,,,,,,,6.75,7.25,6.25,6.8,6.85
2023-02-06,,,,,,,,,,,,,,,,,,,,,,,,,,,,,,,,,,,,,,,,,6.75,7.25,6.25,6.8,6.85
2023-02-07,,,,,,,,,,,,,,,,,,,,,,,,,,,,,,,,,,,,,,,,,6.75,7.25,6.25,6.8,6.85
2023-02-08,,,,,,,,,,,,,,,,,,,,,,,,,,,,,,,,,,,,,,,,,6.75,7.25,6.25,6.8,6.85
2023-02-09,,,,,,,,,,,,,,,,,,,,,,,,,,,,,,,,,,,,,,,,,6.75,7.25,6.25,6.8,6.85
2023-02-10,,,,,,,,,,,,,,,,,,,,,,,,,,,,,,,,,,,,,,,,,6.75,7.25,6.25,6.8,6.85
2023-02-11,,,,,,,,,,,,,,,,,,,,,,,,,,,,,,,,,,,,,,,,,6.75,7.25,6.25,6.8,6.85
2023-02-12,,,,,,,,,,,,,,,,,,,,,,,,,,,,,,,,,,,,,,,,,6.75,7.25,6.25,6.8,6.85
2023-02-13,,,,,,,,,,,,,,,,,,,,,,,,,,,,,,,,,,,,,,,,,6.75,7.25,6.25,6.8,6.85
2023-02-14,,,,,,,,,,,,,,,,,,,,,,,,,,,,,,,,,,,,,,,,,6.75,7.25,6.25,6.8,6.85
2023-02-15,,,,,,,,,,,,,,,,,,,,,,,,,,,,,,,,,,,,,,,,,6.75,7.25,6.25,6.8,6.85
2023-02-16,,,,,,,,,,,,,,,,,,,,,,,,,,,,,,,,,,,,,,,,,6.75,7.25,6.25,6.8,6.85
2023-02-17,,,,,,,,,,,,,,,,,,,,,,,,,,,,,,,,,,,,,,,,,6.75,7.25,6.25,6.8,6.85
2023-02-18,,,,,,,,,,,,,,,,,,,,,,,,,,,,,,,,,,,,,,,,,6.75,7.25,6.25,6.8,6.85
2023-02-19,,,,,,,,,,,,,,,,,,,,,,,,,,,,,,,,,,,,,,,,,6.75,7.25,6.25,6.8,6.85
2023-02-20,,,,,,,,,,,,,,,,,,,,,,,,,,,,,,,,,,,,,,,,,6.75,7.25,6.25,6.8,6.85
2023-02-21,,,,,,,,,,,,,,,,,,,,,,,,,,,,,,,,,,,,,,,,,6.75,7.25,6.25,6.8,6.85
2023-02-22,,,,,,,,,,,,,,,,,,,,,,,,,,,,,,,,,,,,,,,,,6.75,7.25,6.25,6.8,6.85
2023-02-23,,,,,,,,,,,,,,,,,,,,,,,,,,,,,,,,,,,,,,,,,6.75,7.25,6.25,6.8,6.85
2023-02-24,,,,,,,,,,,,,,,,,,,,,,,,,,,,,,,,,,,,,,,,,6.75,7.25,6.25,6.8,6.85
2023-02-25,,,,,,,,,,,,,,,,,,,,,,,,,,,,,,,,,,,,,,,,,6.75,7.25,6.25,6.8,6.85
2023-02-26,,,,,,,,,,,,,,,,,,,,,,,,,,,,,,,,,,,,,,,,,6.75,7.25,6.25,6.8,6.85
2023-02-27,,,,,,,,,,,,,,,,,,,,,,,,,,,,,,,,,,,,,,,,,6.75,7.25,6.25,6.8,6.85
2023-02-28,,,,,,,,,,,,,,,,,,,,,,,,,,,,,,,,,,,,,,,,,6.75,7.25,6.25,6.8,6.85
2023-03-01,,,,,,,,,,,,,,,,,,,,,,,,,,,,,,,,,,,,,,,,,6.75,7.25,6.25,6.8,6.85
2023-03-02,,,,,,,,,,,,,,,,,,,,,,,,,,,,,,,,,,,,,,,,,6.75,7.25,6.25,6.8,6.85
2023-03-03,,,,,,,,,,,,,,,,,,,,,,,,,,,,,,,,,,,,,,,,,6.75,7.25,6.25,6.8,6.85
2023-03-04,,,,,,,,,,,,,,,,,,,,,,,,,,,,,,,,,,,,,,,,,6.75,7.25,6.25,6.8,6.85
2023-03-05,,,,,,,,,,,,,,,,,,,,,,,,,,,,,,,,,,,,,,,,,6.75,7.25,6.25,6.8,6.85
2023-03-06,,,,,,,,,,,,,,,,,,,,,,,,,,,,,,,,,,,,,,,,,6.75,7.25,6.25,6.8,6.85
2023-03-07,,,,,,,,,,,,,,,,,,,,,,,,,,,,,,,,,,,,,,,,,6.75,7.25,6.25,6.8,6.85
2023-03-08,,,,,,,,,,,,,,,,,,,,,,,,,,,,,,,,,,,,,,,,,6.75,7.25,6.25,6.8,6.85
2023-03-09,,,,,,,,,,,,,,,,,,,,,,,,,,,,,,,,,,,,,,,,,6.75,7.25,6.25,6.8,6.85
2023-03-10,,,,,,,,,,,,,,,,,,,,,,,,,,,,,,,,,,,,,,,,,6.75,7.25,6.25,6.8,6.85
2023-03-11,,,,,,,,,,,,,,,,,,,,,,,,,,,,,,,,,,,,,,,,,6.75,7.25,6.25,6.8,6.85
2023-03-12,,,,,,,,,,,,,,,,,,,,,,,,,,,,,,,,,,,,,,,,,6.75,7.25,6.25,6.8,6.85
2023-03-13,,,,,,,,,,,,,,,,,,,,,,,,,,,,,,,,,,,,,,,,,6.75,7.25,6.25,6.8,6.85
2023-03-14,,,,,,,,,,,,,,,,,,,,,,,,,,,,,,,,,,,,,,,,,6.75,7.25,6.25,6.8,6.85
2023-03-15,,,,,,,,,,,,,,,,,,,,,,,,,,,,,,,,,,,,,,,,,6.75,7.25,6.25,6.8,6.85
2023-03-16,,,,,,,,,,,,,,,,,,,,,,,,,,,,,,,,,,,,,,,,,6.75,7.25,6.25,6.8,6.85
2023-03-17,,,,,,,,,,,,,,,,,,,,,,,,,,,,,,,,,,,,,,,,,6.75,7.25,6.25,6.8,6.85
2023-03-18,,,,,,,,,,,,,,,,,,,,,,,,,,,,,,,,,,,,,,,,,6.75,7.25,6.25,6.8,6.85
2023-03-19,,,,,,,,,,,,,,,,,,,,,,,,,,,,,,,,,,,,,,,,,6.75,7.25,6.25,6.8,6.85
2023-03-20,,,,,,,,,,,,,,,,,,,,,,,,,,,,,,,,,,,,,,,,,6.75,7.25,6.25,6.8,6.85
2023-03-21,,,,,,,,,,,,,,,,,,,,,,,,,,,,,,,,,,,,,,,,,6.75,7.25,6.25,6.8,6.85
2023-03-22,,,,,,,,,,,,,,,,,,,,,,,,,,,,,,,,,,,,,,,,,6.75,7.25,6.25,6.8,6.85
2023-03-23,,,,,,,,,,,,,,,,,,,,,,,,,,,,,,,,,,,,,,,,,6.75,7.25,6.25,6.8,6.85
2023-03-24,,,,,,,,,,,,,,,,,,,,,,,,,,,,,,,,,,,,,,,,,6.75,7.25,6.25,6.8,6.85
2023-03-25,,,,,,,,,,,,,,,,,,,,,,,,,,,,,,,,,,,,,,,,,6.75,7.25,6.25,6.8,6.85
2023-03-26,,,,,,,,,,,,,,,,,,,,,,,,,,,,,,,,,,,,,,,,,6.75,7.25,6.25,6.8,6.85
2023-03-27,,,,,,,,,,,,,,,,,,,,,,,,,,,,,,,,,,,,,,,,,6.75,7.25,6.25,6.8,6.85
2023-03-28,,,,,,,,,,,,,,,,,,,,,,,,,,,,,,,,,,,,,,,,,6.75,7.25,6.25,6.8,6.85
2023-03-29,,,,,,,,,,,,,,,,,,,,,,,,,,,,,,,,,,,,,,,,,6.75,7.25,6.25,6.8,6.85
2023-03-30,,,,,,,,,,,,,,,,,,,,,,,,,,,,,,,,,,,,,,,,,6.75,7.25,6.25,6.8,6.85
2023-03-31,,,,,,,,,,,,,,,,,,,,,,,,,,,,,,,,,,,,,,,,,6.75,7.25,6.25,6.8,6.85
2023-04-01,,,,,,,,,,,,,,,,,,,,,,,,,,,,,,,,,,,,,,,,,6.75,7.25,6.25,6.8,6.85
2023-04-02,,,,,,,,,,,,,,,,,,,,,,,,,,,,,,,,,,,,,,,,,6.75,7.25,6.25,6.8,6.85
2023-04-03,,,,,,,,,,,,,,,,,,,,,,,,,,,,,,,,,,,,,,,,,6.75,7.25,6.25,6.8,6.85
2023-04-04,,,,,,,,,,,,,,,,,,,,,,,,,,,,,,,,,,,,,,,,,6.75,7.25,6.25,6.8,6.85
2023-04-05,,,,,,,,,,,,,,,,,,,,,,,,,,,,,,,,,,,,,,,,,6.75,7.25,6.25,6.8,6.85
2023-04-06,,,,,,,,,,,,,,,,,,,,,,,,,,,,,,,,,,,,,,,,,6.75,7.25,6.25,6.8,6.85
2023-04-07,,,,,,,,,,,,,,,,,,,,,,,,,,,,,,,,,,,,,,,,,6.75,7.25,6.25,6.8,6.85
2023-04-08,,,,,,,,,,,,,,,,,,,,,,,,,,,,,,,,,,,,,,,,,6.75,7.25,6.25,6.8,6.85
2023-04-09,,,,,,,,,,,,,,,,,,,,,,,,,,,,,,,,,,,,,,,,,6.75,7.25,6.25,6.8,6.85
2023-04-10,,,,,,,,,,,,,,,,,,,,,,,,,,,,,,,,,,,,,,,,,6.75,7.25,6.25,6.8,6.85
2023-04-11,,,,,,,,,,,,,,,,,,,,,,,,,,,,,,,,,,,,,,,,,6.75,7.25,6.25,6.8,6.85
2023-04-12,,,,,,,,,,,,,,,,,,,,,,,,,,,,,,,,,,,,,,,,,6.75,7.25,6.25,6.8,6.85
2023-04-13,,,,,,,,,,,,,,,,,,,,,,,,,,,,,,,,,,,,,,,,,6.75,7.25,6.25,6.8,6.85
2023-04-14,,,,,,,,,,,,,,,,,,,,,,,,,,,,,,,,,,,,,,,,,6.75,7.25,6.25,6.8,6.85
2023-04-15,,,,,,,,,,,,,,,,,,,,,,,,,,,,,,,,,,,,,,,,,6.75,7.25,6.25,6.8,6.85
2023-04-16,,,,,,,,,,,,,,,,,,,,,,,,,,,,,,,,,,,,,,,,,6.75,7.25,6.25,6.8,6.85
2023-04-17,,,,,,,,,,,,,,,,,,,,,,,,,,,,,,,,,,,,,,,,,6.75,7.25,6.25,6.8,6.85
2023-04-18,,,,,,,,,,,,,,,,,,,,,,,,,,,,,,,,,,,,,,,,,6.75,7.25,6.25,6.8,6.85
2023-04-19,,,,,,,,,,,,,,,,,,,,,,,,,,,,,,,,,,,,,,,,,6.75,7.25,6.25,6.8,6.85
2023-04-20,,,,,,,,,,,,,,,,,,,,,,,,,,,,,,,,,,,,,,,,,6.75,7.25,6.25,6.8,6.85
2023-04-21,,,,,,,,,,,,,,,,,,,,,,,,,,,,,,,,,,,,,,,,,6.75,7.25,6.25,6.8,6.85
2023-04-22,,,,,,,,,,,,,,,,,,,,,,,,,,,,,,,,,,,,,,,,,6.75,7.25,6.25,6.8,6.85
2023-04-23,,,,,,,,,,,,,,,,,,,,,,,,,,,,,,,,,,,,,,,,,6.75,7.25,6.25,6.8,6.85
2023-04-24,,,,,,,,,,,,,,,,,,,,,,,,,,,,,,,,,,,,,,,,,6.75,7.25,6.25,6.8,6.85
2023-04-25,,,,,,,,,,,,,,,,,,,,,,,,,,,,,,,,,,,,,,,,,6.75,7.25,6.25,6.8,6.85
2023-04-26,,,,,,,,,,,,,,,,,,,,,,,,,,,,,,,,,,,,,,,,,6.75,7.25,6.25,6.8,6.85
2023-04-27,,,,,,,,,,,,,,,,,,,,,,,,,,,,,,,,,,,,,,,,,6.75,7.25,6.25,6.8,6.85
2023-04-28,,,,,,,,,,,,,,,,,,,,,,,,,,,,,,,,,,,,,,,,,6.75,7.25,6.25,6.8,6.85
2023-04-29,,,,,,,,,,,,,,,,,,,,,,,,,,,,,,,,,,,,,,,,,6.75,7.25,6.25,6.8,6.85
2023-04-30,,,,,,,,,,,,,,,,,,,,,,,,,,,,,,,,,,,,,,,,,6.75,7.25,6.25,6.8,6.85
2023-05-01,,,,,,,,,,,,,,,,,,,,,,,,,,,,,,,,,,,,,,,,,6.75,7.25,6.25,6.8,6.85
2023-05-02,,,,,,,,,,,,,,,,,,,,,,,,,,,,,,,,,,,,,,,,,6.75,7.25,6.25,6.8,6.85
2023-05-03,,,,,,,,,,,,,,,,,,,,,,,,,,,,,,,,,,,,,,,,,6.75,7.25,6.25,6.8,6.85
2023-05-04,,,,,,,,,,,,,,,,,,,,,,,,,,,,,,,,,,,,,,,,,6.75,7.25,6.25,6.8,6.85
2023-05-05,,,,,,,,,,,,,,,,,,,,,,,,,,,,,,,,,,,,,,,,,6.75,7.25,6.25,6.8,6.85
2023-05-06,,,,,,,,,,,,,,,,,,,,,,,,,,,,,,,,,,,,,,,,,6.75,7.25,6.25,6.8,6.85
2023-05-07,,,,,,,,,,,,,,,,,,,,,,,,,,,,,,,,,,,,,,,,,6.75,7.25,6.25,6.8,6.85
2023-05-08,,,,,,,,,,,,,,,,,,,,,,,,,,,,,,,,,,,,,,,,,6.75,7.25,6.25,6.8,6.85
2023-05-09,,,,,,,,,,,,,,,,,,,,,,,,,,,,,,,,,,,,,,,,,6.75,7.25,6.25,6.8,6.85
2023-05-10,,,,,,,,,,,,,,,,,,,,,,,,,,,,,,,,,,,,,,,,,6.75,7.25,6.25,6.8,6.85
2023-05-11,,,,,,,,,,,,,,,,,,,,,,,,,,,,,,,,,,,,,,,,,6.75,7.25,6.25,6.8,6.85
2023-05-12,,,,,,,,,,,,,,,,,,,,,,,,,,,,,,,,,,,,,,,,,6.75,7.25,6.25,6.8,6.85
2023-05-13,,,,,,,,,,,,,,,,,,,,,,,,,,,,,,,,,,,,,,,,,6.75,7.25,6.25,6.8,6.85
2023-05-14,,,,,,,,,,,,,,,,,,,,,,,,,,,,,,,,,,,,,,,,,6.75,7.25,6.25,6.8,6.85
2023-05-15,,,,,,,,,,,,,,,,,,,,,,,,,,,,,,,,,,,,,,,,,6.75,7.25,6.25,6.8,6.85
2023-05-16,,,,,,,,,,,,,,,,,,,,,,,,,,,,,,,,,,,,,,,,,6.75,7.25,6.25,6.8,6.85
2023-05-17,,,,,,,,,,,,,,,,,,,,,,,,,,,,,,,,,,,,,,,,,6.75,7.25,6.25,6.8,6.85
2023-05-18,,,,,,,,,,,,,,,,,,,,,,,,,,,,,,,,,,,,,,,,,6.75,7.25,6.25,6.8,6.85
2023-05-19,,,,,,,,,,,,,,,,,,,,,,,,,,,,,,,,,,,,,,,,,6.75,7.25,6.25,6.8,6.85
2023-05-20,,,,,,,,,,,,,,,,,,,,,,,,,,,,,,,,,,,,,,,,,6.75,7.25,6.25,6.8,6.85
2023-05-21,,,,,,,,,,,,,,,,,,,,,,,,,,,,,,,,,,,,,,,,,6.75,7.25,6.25,6.8,6.85
2023-05-22,,,,,,,,,,,,,,,,,,,,,,,,,,,,,,,,,,,,,,,,,6.75,7.25,6.25,6.8,6.85
2023-05-23,,,,,,,,,,,,,,,,,,,,,,,,,,,,,,,,,,,,,,,,,6.75,7.25,6.25,6.8,6.85
2023-05-24,,,,,,,,,,,,,,,,,,,,,,,,,,,,,,,,,,,,,,,,,6.75,7.25,6.25,6.8,6.85
2023-05-25,,,,,,,,,,,,,,,,,,,,,,,,,,,,,,,,,,,,,,,,,6.75,7.25,6.25,6.8,6.85
2023-05-26,,,,,,,,,,,,,,,,,,,,,,,,,,,,,,,,,,,,,,,,,6.75,7.25,6.25,6.8,6.85
2023-05-27,,,,,,,,,,,,,,,,,,,,,,,,,,,,,,,,,,,,,,,,,6.75,7.25,6.25,6.8,6.85
2023-05-28,,,,,,,,,,,,,,,,,,,,,,,,,,,,,,,,,,,,,,,,,6.75,7.25,6.25,6.8,6.85
2023-05-29,,,,,,,,,,,,,,,,,,,,,,,,,,,,,,,,,,,,,,,,,6.75,7.25,6.25,6.8,6.85
2023-05-30,,,,,,,,,,,,,,,,,,,,,,,,,,,,,,,,,,,,,,,,,6.75,7.25,6.25,6.8,6.85
2023-05-31,,,,,,,,,,,,,,,,,,,,,,,,,,,,,,,,,,,,,,,,,6.75,7.25,6.25,6.8,6.85
2023-06-01,,,,,,,,,,,,,,,,,,,,,,,,,,,,,,,,,,,,,,,,,6.75,7.25,6.25,6.8,6.85
2023-06-02,,,,,,,,,,,,,,,,,,,,,,,,,,,,,,,,,,,,,,,,,6.75,7.25,6.25,6.8,6.85
2023-06-03,,,,,,,,,,,,,,,,,,,,,,,,,,,,,,,,,,,,,,,,,6.75,7.25,6.25,6.8,6.85
2023-06-04,,,,,,,,,,,,,,,,,,,,,,,,,,,,,,,,,,,,,,,,,6.75,7.25,6.25,6.8,6.85
2023-06-05,,,,,,,,,,,,,,,,,,,,,,,,,,,,,,,,,,,,,,,,,6.75,7.25,6.25,6.8,6.85
2023-06-06,,,,,,,,,,,,,,,,,,,,,,,,,,,,,,,,,,,,,,,,,6.75,7.25,6.25,6.8,6.85
2023-06-07,,,,,,,,,,,,,,,,,,,,,,,,,,,,,,,,,,,,,,,,,6.75,7.25,6.25,6.8,6.85
2023-06-08,,,,,,,,,,,,,,,,,,,,,,,,,,,,,,,,,,,,,,,,,6.75,7.25,6.25,6.8,6.85
2023-06-09,,,,,,,,,,,,,,,,,,,,,,,,,,,,,,,,,,,,,,,,,6.75,7.25,6.25,6.8,6.85
2023-06-10,,,,,,,,,,,,,,,,,,,,,,,,,,,,,,,,,,,,,,,,,6.75,7.25,6.25,6.8,6.85
2023-06-11,,,,,,,,,,,,,,,,,,,,,,,,,,,,,,,,,,,,,,,,,6.75,7.25,6.25,6.8,6.85
2023-06-12,,,,,,,,,,,,,,,,,,,,,,,,,,,,,,,,,,,,,,,,,6.75,7.25,6.25,6.8,6.85
2023-06-13,,,,,,,,,,,,,,,,,,,,,,,,,,,,,,,,,,,,,,,,,6.75,7.25,6.25,6.8,6.85
2023-06-14,,,,,,,,,,,,,,,,,,,,,,,,,,,,,,,,,,,,,,,,,6.75,7.25,6.25,6.8,6.85
2023-06-15,,,,,,,,,,,,,,,,,,,,,,,,,,,,,,,,,,,,,,,,,6.75,7.25,6.25,6.8,6.85
2023-06-16,,,,,,,,,,,,,,,,,,,,,,,,,,,,,,,,,,,,,,,,,6.75,7.25,6.25,6.8,6.85
2023-06-17,,,,,,,,,,,,,,,,,,,,,,,,,,,,,,,,,,,,,,,,,6.75,7.25,6.25,6.8,6.85
2023-06-18,,,,,,,,,,,,,,,,,,,,,,,,,,,,,,,,,,,,,,,,,6.75,7.25,6.25,6.8,6.85
2023-06-19,,,,,,,,,,,,,,,,,,,,,,,,,,,,,,,,,,,,,,,,,6.75,7.25,6.25,6.8,6.85
2023-06-20,,,,,,,,,,,,,,,,,,,,,,,,,,,,,,,,,,,,,,,,,6.75,7.25,6.25,6.8,6.85
2023-06-21,,,,,,,,,,,,,,,,,,,,,,,,,,,,,,,,,,,,,,,,,6.75,7.25,6.25,6.8,6.85
2023-06-22,,,,,,,,,,,,,,,,,,,,,,,,,,,,,,,,,,,,,,,,,6.75,7.25,6.25,6.8,6.85
2023-06-23,,,,,,,,,,,,,,,,,,,,,,,,,,,,,,,,,,,,,,,,,6.75,7.25,6.25,6.8,6.85
2023-06-24,,,,,,,,,,,,,,,,,,,,,,,,,,,,,,,,,,,,,,,,,6.75,7.25,6.25,6.8,6.85
2023-06-25,,,,,,,,,,,,,,,,,,,,,,,,,,,,,,,,,,,,,,,,,6.75,7.25,6.25,6.8,6.85
2023-06-26,,,,,,,,,,,,,,,,,,,,,,,,,,,,,,,,,,,,,,,,,6.75,7.25,6.25,6.8,6.85
2023-06-27,,,,,,,,,,,,,,,,,,,,,,,,,,,,,,,,,,,,,,,,,6.75,7.25,6.25,6.8,6.85
2023-06-28,,,,,,,,,,,,,,,,,,,,,,,,,,,,,,,,,,,,,,,,,6.75,7.25,6.25,6.8,6.85
2023-06-29,,,,,,,,,,,,,,,,,,,,,,,,,,,,,,,,,,,,,,,,,6.75,7.25,6.25,6.8,6.85
2023-06-30,,,,,,,,,,,,,,,,,,,,,,,,,,,,,,,,,,,,,,,,,6.75,7.25,6.25,6.8,6.85
2023-07-01,,,,,,,,,,,,,,,,,,,,,,,,,,,,,,,,,,,,,,,,,6.75,7.25,6.25,6.8,6.85
2023-07-02,,,,,,,,,,,,,,,,,,,,,,,,,,,,,,,,,,,,,,,,,6.75,7.25,6.25,6.8,6.85
2023-07-03,,,,,,,,,,,,,,,,,,,,,,,,,,,,,,,,,,,,,,,,,6.75,7.25,6.25,6.8,6.85
2023-07-04,,,,,,,,,,,,,,,,,,,,,,,,,,,,,,,,,,,,,,,,,6.75,7.25,6.25,6.8,6.85
2023-07-05,,,,,,,,,,,,,,,,,,,,,,,,,,,,,,,,,,,,,,,,,6.75,7.25,6.25,6.8,6.85
2023-07-06,,,,,,,,,,,,,,,,,,,,,,,,,,,,,,,,,,,,,,,,,6.75,7.25,6.25,6.8,6.85
2023-07-07,,,,,,,,,,,,,,,,,,,,,,,,,,,,,,,,,,,,,,,,,6.75,7.25,6.25,6.8,6.85
2023-07-08,,,,,,,,,,,,,,,,,,,,,,,,,,,,,,,,,,,,,,,,,6.75,7.25,6.25,6.8,6.85
2023-07-09,,,,,,,,,,,,,,,,,,,,,,,,,,,,,,,,,,,,,,,,,6.75,7.25,6.25,6.8,6.85
2023-07-10,,,,,,,,,,,,,,,,,,,,,,,,,,,,,,,,,,,,,,,,,6.75,7.25,6.25,6.8,6.85
2023-07-11,,,,,,,,,,,,,,,,,,,,,,,,,,,,,,,,,,,,,,,,,6.75,7.25,6.25,6.8,6.85
2023-07-12,,,,,,,,,,,,,,,,,,,,,,,,,,,,,,,,,,,,,,,,,6.75,7.25,6.25,6.8,6.85
2023-07-13,,,,,,,,,,,,,,,,,,,,,,,,,,,,,,,,,,,,,,,,,6.75,7.25,6.25,6.8,6.85
2023-07-14,,,,,,,,,,,,,,,,,,,,,,,,,,,,,,,,,,,,,,,,,6.75,7.25,6.25,6.8,6.85
2023-07-15,,,,,,,,,,,,,,,,,,,,,,,,,,,,,,,,,,,,,,,,,6.75,7.25,6.25,6.8,6.85
2023-07-16,,,,,,,,,,,,,,,,,,,,,,,,,,,,,,,,,,,,,,,,,6.75,7.25,6.25,6.8,6.85
2023-07-17,,,,,,,,,,,,,,,,,,,,,,,,,,,,,,,,,,,,,,,,,6.75,7.25,6.25,6.8,6.85
2023-07-18,,,,,,,,,,,,,,,,,,,,,,,,,,,,,,,,,,,,,,,,,6.75,7.25,6.25,6.8,6.85
2023-07-19,,,,,,,,,,,,,,,,,,,,,,,,,,,,,,,,,,,,,,,,,6.75,7.25,6.25,6.8,6.85
2023-07-20,,,,,,,,,,,,,,,,,,,,,,,,,,,,,,,,,,,,,,,,,6.75,7.25,6.25,6.8,6.85
2023-07-21,,,,,,,,,,,,,,,,,,,,,,,,,,,,,,,,,,,,,,,,,6.75,7.25,6.25,6.8,6.85
2023-07-22,,,,,,,,,,,,,,,,,,,,,,,,,,,,,,,,,,,,,,,,,6.75,7.25,6.25,6.8,6.85
2023-07-23,,,,,,,,,,,,,,,,,,,,,,,,,,,,,,,,,,,,,,,,,6.75,7.25,6.25,6.8,6.85
2023-07-24,,,,,,,,,,,,,,,,,,,,,,,,,,,,,,,,,,,,,,,,,6.75,7.25,6.25,6.8,6.85
2023-07-25,,,,,,,,,,,,,,,,,,,,,,,,,,,,,,,,,,,,,,,,,6.75,7.25,6.25,6.8,6.85
2023-07-26,,,,,,,,,,,,,,,,,,,,,,,,,,,,,,,,,,,,,,,,,6.75,7.25,6.25,6.8,6.85
2023-07-27,,,,,,,,,,,,,,,,,,,,,,,,,,,,,,,,,,,,,,,,,6.75,7.25,6.25,6.8,6.85
2023-07-28,,,,,,,,,,,,,,,,,,,,,,,,,,,,,,,,,,,,,,,,,6.75,7.25,6.25,6.8,6.85
2023-07-29,,,,,,,,,,,,,,,,,,,,,,,,,,,,,,,,,,,,,,,,,6.75,7.25,6.25,6.8,6.85
2023-07-30,,,,,,,,,,,,,,,,,,,,,,,,,,,,,,,,,,,,,,,,,6.75,7.25,6.25,6.8,6.85
2023-07-31,,,,,,,,,,,,,,,,,,,,,,,,,,,,,,,,,,,,,,,,,6.75,7.25,6.25,6.8,6.85
2023-08-01,,,,,,,,,,,,,,,,,,,,,,,,,,,,,,,,,,,,,,,,,6.75,7.25,6.25,6.8,6.85
2023-08-02,,,,,,,,,,,,,,,,,,,,,,,,,,,,,,,,,,,,,,,,,6.75,7.25,6.25,6.8,6.85
2023-08-03,,,,,,,,,,,,,,,,,,,,,,,,,,,,,,,,,,,,,,,,,6.75,7.25,6.25,6.8,6.85
2023-08-04,,,,,,,,,,,,,,,,,,,,,,,,,,,,,,,,,,,,,,,,,6.75,7.25,6.25,6.8,6.85
2023-08-05,,,,,,,,,,,,,,,,,,,,,,,,,,,,,,,,,,,,,,,,,6.75,7.25,6.25,6.8,6.85
2023-08-06,,,,,,,,,,,,,,,,,,,,,,,,,,,,,,,,,,,,,,,,,6.75,7.25,6.25,6.8,6.85
2023-08-07,,,,,,,,,,,,,,,,,,,,,,,,,,,,,,,,,,,,,,,,,6.75,7.25,6.25,6.8,6.85
2023-08-08,,,,,,,,,,,,,,,,,,,,,,,,,,,,,,,,,,,,,,,,,6.75,7.25,6.25,6.8,6.85
2023-08-09,,,,,,,,,,,,,,,,,,,,,,,,,,,,,,,,,,,,,,,,,6.75,7.25,6.25,6.8,6.85
2023-08-10,,,,,,,,,,,,,,,,,,,,,,,,,,,,,,,,,,,,,,,,,6.75,7.25,6.25,6.8,6.85
2023-08-11,,,,,,,,,,,,,,,,,,,,,,,,,,,,,,,,,,,,,,,,,6.75,7.25,6.25,6.8,6.85
2023-08-12,,,,,,,,,,,,,,,,,,,,,,,,,,,,,,,,,,,,,,,,,6.75,7.25,6.25,6.8,6.85
2023-08-13,,,,,,,,,,,,,,,,,,,,,,,,,,,,,,,,,,,,,,,,,6.75,7.25,6.25,6.8,6.85
2023-08-14,,,,,,,,,,,,,,,,,,,,,,,,,,,,,,,,,,,,,,,,,6.75,7.25,6.25,6.8,6.85
2023-08-15,,,,,,,,,,,,,,,,,,,,,,,,,,,,,,,,,,,,,,,,,6.75,7.25,6.25,6.8,6.85
2023-08-16,,,,,,,,,,,,,,,,,,,,,,,,,,,,,,,,,,,,,,,,,6.75,7.25,6.25,6.8,6.85
2023-08-17,,,,,,,,,,,,,,,,,,,,,,,,,,,,,,,,,,,,,,,,,6.75,7.25,6.25,6.8,6.85
2023-08-18,,,,,,,,,,,,,,,,,,,,,,,,,,,,,,,,,,,,,,,,,6.75,7.25,6.25,6.8,6.85
2023-08-19,,,,,,,,,,,,,,,,,,,,,,,,,,,,,,,,,,,,,,,,,6.75,7.25,6.25,6.8,6.85
2023-08-20,,,,,,,,,,,,,,,,,,,,,,,,,,,,,,,,,,,,,,,,,6.75,7.25,6.25,6.8,6.85
2023-08-21,,,,,,,,,,,,,,,,,,,,,,,,,,,,,,,,,,,,,,,,,6.75,7.25,6.25,6.8,6.85
2023-08-22,,,,,,,,,,,,,,,,,,,,,,,,,,,,,,,,,,,,,,,,,6.75,7.25,6.25,6.8,6.85
2023-08-23,,,,,,,,,,,,,,,,,,,,,,,,,,,,,,,,,,,,,,,,,6.75,7.25,6.25,6.8,6.85
2023-08-24,,,,,,,,,,,,,,,,,,,,,,,,,,,,,,,,,,,,,,,,,6.75,7.25,6.25,6.8,6.85
2023-08-25,,,,,,,,,,,,,,,,,,,,,,,,,,,,,,,,,,,,,,,,,6.75,7.25,6.25,6.8,6.85
2023-08-26,,,,,,,,,,,,,,,,,,,,,,,,,,,,,,,,,,,,,,,,,6.75,7.25,6.25,6.8,6.85
2023-08-27,,,,,,,,,,,,,,,,,,,,,,,,,,,,,,,,,,,,,,,,,6.75,7.25,6.25,6.8,6.85
2023-08-28,,,,,,,,,,,,,,,,,,,,,,,,,,,,,,,,,,,,,,,,,6.75,7.25,6.25,6.8,6.85
2023-08-29,,,,,,,,,,,,,,,,,,,,,,,,,,,,,,,,,,,,,,,,,6.75,7.25,6.25,6.8,6.85
2023-08-30,,,,,,,,,,,,,,,,,,,,,,,,,,,,,,,,,,,,,,,,,6.75,7.25,6.25,6.8,6.85
2023-08-31,,,,,,,,,,,,,,,,,,,,,,,,,,,,,,,,,,,,,,,,,6.75,7.25,6.25,6.8,6.85
2023-09-01,,,,,,,,,,,,,,,,,,,,,,,,,,,,,,,,,,,,,,,,,6.75,7.25,6.25,6.8,6.85
2023-09-02,,,,,,,,,,,,,,,,,,,,,,,,,,,,,,,,,,,,,,,,,6.75,7.25,6.25,6.8,6.85
2023-09-03,,,,,,,,,,,,,,,,,,,,,,,,,,,,,,,,,,,,,,,,,6.75,7.25,6.25,6.8,6.85
2023-09-04,,,,,,,,,,,,,,,,,,,,,,,,,,,,,,,,,,,,,,,,,6.75,7.25,6.25,6.8,6.85
2023-09-05,,,,,,,,,,,,,,,,,,,,,,,,,,,,,,,,,,,,,,,,,6.75,7.25,6.25,6.8,6.85
2023-09-06,,,,,,,,,,,,,,,,,,,,,,,,,,,,,,,,,,,,,,,,,6.75,7.25,6.25,6.8,6.85
2023-09-07,,,,,,,,,,,,,,,,,,,,,,,,,,,,,,,,,,,,,,,,,6.0,6.5,5.5,6.05,6.1
2023-09-08,,,,,,,,,,,,,,,,,,,,,,,,,,,,,,,,,,,,,,,,,6.0,6.5,5.5,6.05,6.1
2023-09-09,,,,,,,,,,,,,,,,,,,,,,,,,,,,,,,,,,,,,,,,,6.0,6.5,5.5,6.05,6.1
2023-09-10,,,,,,,,,,,,,,,,,,,,,,,,,,,,,,,,,,,,,,,,,6.0,6.5,5.5,6.05,6.1
2023-09-11,,,,,,,,,,,,,,,,,,,,,,,,,,,,,,,,,,,,,,,,,6.0,6.5,5.5,6.05,6.1
2023-09-12,,,,,,,,,,,,,,,,,,,,,,,,,,,,,,,,,,,,,,,,,6.0,6.5,5.5,6.05,6.1
2023-09-13,,,,,,,,,,,,,,,,,,,,,,,,,,,,,,,,,,,,,,,,,6.0,6.5,5.5,6.05,6.1
2023-09-14,,,,,,,,,,,,,,,,,,,,,,,,,,,,,,,,,,,,,,,,,6.0,6.5,5.5,6.05,6.1
2023-09-15,,,,,,,,,,,,,,,,,,,,,,,,,,,,,,,,,,,,,,,,,6.0,6.5,5.5,6.05,6.1
2023-09-16,,,,,,,,,,,,,,,,,,,,,,,,,,,,,,,,,,,,,,,,,6.0,6.5,5.5,6.05,6.1
2023-09-17,,,,,,,,,,,,,,,,,,,,,,,,,,,,,,,,,,,,,,,,,6.0,6.5,5.5,6.05,6.1
2023-09-18,,,,,,,,,,,,,,,,,,,,,,,,,,,,,,,,,,,,,,,,,6.0,6.5,5.5,6.05,6.1
2023-09-19,,,,,,,,,,,,,,,,,,,,,,,,,,,,,,,,,,,,,,,,,6.0,6.5,5.5,6.05,6.1
2023-09-20,,,,,,,,,,,,,,,,,,,,,,,,,,,,,,,,,,,,,,,,,6.0,6.5,5.5,6.05,6.1
2023-09-21,,,,,,,,,,,,,,,,,,,,,,,,,,,,,,,,,,,,,,,,,6.0,6.5,5.5,6.05,6.1
2023-09-22,,,,,,,,,,,,,,,,,,,,,,,,,,,,,,,,,,,,,,,,,6.0,6.5,5.5,6.05,6.1
2023-09-23,,,,,,,,,,,,,,,,,,,,,,,,,,,,,,,,,,,,,,,,,6.0,6.5,5.5,6.05,6.1
2023-09-24,,,,,,,,,,,,,,,,,,,,,,,,,,,,,,,,,,,,,,,,,6.0,6.5,5.5,6.05,6.1
2023-09-25,,,,,,,,,,,,,,,,,,,,,,,,,,,,,,,,,,,,,,,,,6.0,6.5,5.5,6.05,6.1
2023-09-26,,,,,,,,,,,,,,,,,,,,,,,,,,,,,,,,,,,,,,,,,6.0,6.5,5.5,6.05,6.1
2023-09-27,,,,,,,,,,,,,,,,,,,,,,,,,,,,,,,,,,,,,,,,,6.0,6.5,5.5,6.05,6.1
2023-09-28,,,,,,,,,,,,,,,,,,,,,,,,,,,,,,,,,,,,,,,,,6.0,6.5,5.5,6.05,6.1
2023-09-29,,,,,,,,,,,,,,,,,,,,,,,,,,,,,,,,,,,,,,,,,6.0,6.5,5.5,6.05,6.1
2023-09-30,,,,,,,,,,,,,,,,,,,,,,,,,,,,,,,,,,,,,,,,,6.0,6.5,5.5,6.05,6.1
2023-10-01,,,,,,,,,,,,,,,,,,,,,,,,,,,,,,,,,,,,,,,,,6.0,6.5,5.5,6.05,6.1
2023-10-02,,,,,,,,,,,,,,,,,,,,,,,,,,,,,,,,,,,,,,,,,6.0,6.5,5.5,6.05,6.1
2023-10-03,,,,,,,,,,,,,,,,,,,,,,,,,,,,,,,,,,,,,,,,,6.0,6.5,5.5,6.05,6.1
2023-10-04,,,,,,,,,,,,,,,,,,,,,,,,,,,,,,,,,,,,,,,,,6.0,6.5,5.5,6.05,6.1
2023-10-05,,,,,,,,,,,,,,,,,,,,,,,,,,,,,,,,,,,,,,,,,5.75,6.25,5.25,5.8,5.85
2023-10-06,,,,,,,,,,,,,,,,,,,,,,,,,,,,,,,,,,,,,,,,,5.75,6.25,5.25,5.8,5.85
2023-10-07,,,,,,,,,,,,,,,,,,,,,,,,,,,,,,,,,,,,,,,,,5.75,6.25,5.25,5.8,5.85
2023-10-08,,,,,,,,,,,,,,,,,,,,,,,,,,,,,,,,,,,,,,,,,5.75,6.25,5.25,5.8,5.85
2023-10-09,,,,,,,,,,,,,,,,,,,,,,,,,,,,,,,,,,,,,,,,,5.75,6.25,5.25,5.8,5.85
2023-10-10,,,,,,,,,,,,,,,,,,,,,,,,,,,,,,,,,,,,,,,,,5.75,6.25,5.25,5.8,5.85
2023-10-11,,,,,,,,,,,,,,,,,,,,,,,,,,,,,,,,,,,,,,,,,5.75,6.25,5.25,5.8,5.85
2023-10-12,,,,,,,,,,,,,,,,,,,,,,,,,,,,,,,,,,,,,,,,,5.75,6.25,5.25,5.8,5.85
2023-10-13,,,,,,,,,,,,,,,,,,,,,,,,,,,,,,,,,,,,,,,,,5.75,6.25,5.25,5.8,5.85
2023-10-14,,,,,,,,,,,,,,,,,,,,,,,,,,,,,,,,,,,,,,,,,5.75,6.25,5.25,5.8,5.85
2023-10-15,,,,,,,,,,,,,,,,,,,,,,,,,,,,,,,,,,,,,,,,,5.75,6.25,5.25,5.8,5.85
2023-10-16,,,,,,,,,,,,,,,,,,,,,,,,,,,,,,,,,,,,,,,,,5.75,6.25,5.25,5.8,5.85
2023-10-17,,,,,,,,,,,,,,,,,,,,,,,,,,,,,,,,,,,,,,,,,5.75,6.25,5.25,5.8,5.85
2023-10-18,,,,,,,,,,,,,,,,,,,,,,,,,,,,,,,,,,,,,,,,,5.75,6.25,5.25,5.8,5.85
2023-10-19,,,,,,,,,,,,,,,,,,,,,,,,,,,,,,,,,,,,,,,,,5.75,6.25,5.25,5.8,5.85
2023-10-20,,,,,,,,,,,,,,,,,,,,,,,,,,,,,,,,,,,,,,,,,5.75,6.25,5.25,5.8,5.85
2023-10-21,,,,,,,,,,,,,,,,,,,,,,,,,,,,,,,,,,,,,,,,,5.75,6.25,5.25,5.8,5.85
2023-10-22,,,,,,,,,,,,,,,,,,,,,,,,,,,,,,,,,,,,,,,,,5.75,6.25,5.25,5.8,5.85
2023-10-23,,,,,,,,,,,,,,,,,,,,,,,,,,,,,,,,,,,,,,,,,5.75,6.25,5.25,5.8,5.85
2023-10-24,,,,,,,,,,,,,,,,,,,,,,,,,,,,,,,,,,,,,,,,,5.75,6.25,5.25,5.8,5.85
2023-10-25,,,,,,,,,,,,,,,,,,,,,,,,,,,,,,,,,,,,,,,,,5.75,6.25,5.25,5.8,5.85
2023-10-26,,,,,,,,,,,,,,,,,,,,,,,,,,,,,,,,,,,,,,,,,5.75,6.25,5.25,5.8,5.85
2023-10-27,,,,,,,,,,,,,,,,,,,,,,,,,,,,,,,,,,,,,,,,,5.75,6.25,5.25,5.8,5.85
2023-10-28,,,,,,,,,,,,,,,,,,,,,,,,,,,,,,,,,,,,,,,,,5.75,6.25,5.25,5.8,5.85
2023-10-29,,,,,,,,,,,,,,,,,,,,,,,,,,,,,,,,,,,,,,,,,5.75,6.25,5.25,5.8,5.85
2023-10-30,,,,,,,,,,,,,,,,,,,,,,,,,,,,,,,,,,,,,,,,,5.75,6.25,5.25,5.8,5.85
2023-10-31,,,,,,,,,,,,,,,,,,,,,,,,,,,,,,,,,,,,,,,,,5.75,6.25,5.25,5.8,5.85
2023-11-01,,,,,,,,,,,,,,,,,,,,,,,,,,,,,,,,,,,,,,,,,5.75,6.25,5.25,5.8,5.85
2023-11-02,,,,,,,,,,,,,,,,,,,,,,,,,,,,,,,,,,,,,,,,,5.75,6.25,5.25,5.8,5.85
2023-11-03,,,,,,,,,,,,,,,,,,,,,,,,,,,,,,,,,,,,,,,,,5.75,6.25,5.25,5.8,5.85
2023-11-04,,,,,,,,,,,,,,,,,,,,,,,,,,,,,,,,,,,,,,,,,5.75,6.25,5.25,5.8,5.85
2023-11-05,,,,,,,,,,,,,,,,,,,,,,,,,,,,,,,,,,,,,,,,,5.75,6.25,5.25,5.8,5.85
2023-11-06,,,,,,,,,,,,,,,,,,,,,,,,,,,,,,,,,,,,,,,,,5.75,6.25,5.25,5.8,5.85
2023-11-07,,,,,,,,,,,,,,,,,,,,,,,,,,,,,,,,,,,,,,,,,5.75,6.25,5.25,5.8,5.85
2023-11-08,,,,,,,,,,,,,,,,,,,,,,,,,,,,,,,,,,,,,,,,,5.75,6.25,5.25,5.8,5.85
2023-11-09,,,,,,,,,,,,,,,,,,,,,,,,,,,,,,,,,,,,,,,,,5.75,6.25,5.25,5.8,5.85
2023-11-10,,,,,,,,,,,,,,,,,,,,,,,,,,,,,,,,,,,,,,,,,5.75,6.25,5.25,5.8,5.85
2023-11-11,,,,,,,,,,,,,,,,,,,,,,,,,,,,,,,,,,,,,,,,,5.75,6.25,5.25,5.8,5.85
2023-11-12,,,,,,,,,,,,,,,,,,,,,,,,,,,,,,,,,,,,,,,,,5.75,6.25,5.25,5.8,5.85
2023-11-13,,,,,,,,,,,,,,,,,,,,,,,,,,,,,,,,,,,,,,,,,5.75,6.25,5.25,5.8,5.85
2023-11-14,,,,,,,,,,,,,,,,,,,,,,,,,,,,,,,,,,,,,,,,,5.75,6.25,5.25,5.8,5.85
2023-11-15,,,,,,,,,,,,,,,,,,,,,,,,,,,,,,,,,,,,,,,,,5.75,6.25,5.25,5.8,5.85
2023-11-16,,,,,,,,,,,,,,,,,,,,,,,,,,,,,,,,,,,,,,,,,5.75,6.25,5.25,5.8,5.85
2023-11-17,,,,,,,,,,,,,,,,,,,,,,,,,,,,,,,,,,,,,,,,,5.75,6.25,5.25,5.8,5.85
2023-11-18,,,,,,,,,,,,,,,,,,,,,,,,,,,,,,,,,,,,,,,,,5.75,6.25,5.25,5.8,5.85
2023-11-19,,,,,,,,,,,,,,,,,,,,,,,,,,,,,,,,,,,,,,,,,5.75,6.25,5.25,5.8,5.85
2023-11-20,,,,,,,,,,,,,,,,,,,,,,,,,,,,,,,,,,,,,,,,,5.75,6.25,5.25,5.8,5.85
2023-11-21,,,,,,,,,,,,,,,,,,,,,,,,,,,,,,,,,,,,,,,,,5.75,6.25,5.25,5.8,5.85
2023-11-22,,,,,,,,,,,,,,,,,,,,,,,,,,,,,,,,,,,,,,,,,5.75,6.25,5.25,5.8,5.85
2023-11-23,,,,,,,,,,,,,,,,,,,,,,,,,,,,,,,,,,,,,,,,,5.75,6.25,5.25,5.8,5.85
2023-11-24,,,,,,,,,,,,,,,,,,,,,,,,,,,,,,,,,,,,,,,,,5.75,6.25,5.25,5.8,5.85
2023-11-25,,,,,,,,,,,,,,,,,,,,,,,,,,,,,,,,,,,,,,,,,5.75,6.25,5.25,5.8,5.85
2023-11-26,,,,,,,,,,,,,,,,,,,,,,,,,,,,,,,,,,,,,,,,,5.75,6.25,5.25,5.8,5.85
2023-11-27,,,,,,,,,,,,,,,,,,,,,,,,,,,,,,,,,,,,,,,,,5.75,6.25,5.25,5.8,5.85
2023-11-28,,,,,,,,,,,,,,,,,,,,,,,,,,,,,,,,,,,,,,,,,5.75,6.25,5.25,5.8,5.85
2023-11-29,,,,,,,,,,,,,,,,,,,,,,,,,,,,,,,,,,,,,,,,,5.75,6.25,5.25,5.8,5.85
2023-11-30,,,,,,,,,,,,,,,,,,,,,,,,,,,,,,,,,,,,,,,,,5.75,6.25,5.25,5.8,5.85
2023-12-01,,,,,,,,,,,,,,,,,,,,,,,,,,,,,,,,,,,,,,,,,5.75,6.25,5.25,5.8,5.85
2023-12-02,,,,,,,,,,,,,,,,,,,,,,,,,,,,,,,,,,,,,,,,,5.75,6.25,5.25,5.8,5.85
2023-12-03,,,,,,,,,,,,,,,,,,,,,,,,,,,,,,,,,,,,,,,,,5.75,6.25,5.25,5.8,5.85
2023-12-04,,,,,,,,,,,,,,,,,,,,,,,,,,,,,,,,,,,,,,,,,5.75,6.25,5.25,5.8,5.85
2023-12-05,,,,,,,,,,,,,,,,,,,,,,,,,,,,,,,,,,,,,,,,,5.75,6.25,5.25,5.8,5.85
2023-12-06,,,,,,,,,,,,,,,,,,,,,,,,,,,,,,,,,,,,,,,,,5.75,6.25,5.25,5.8,5.85
2023-12-07,,,,,,,,,,,,,,,,,,,,,,,,,,,,,,,,,,,,,,,,,5.75,6.25,5.25,5.8,5.85
2023-12-08,,,,,,,,,,,,,,,,,,,,,,,,,,,,,,,,,,,,,,,,,5.75,6.25,5.25,5.8,5.85
2023-12-09,,,,,,,,,,,,,,,,,,,,,,,,,,,,,,,,,,,,,,,,,5.75,6.25,5.25,5.8,5.85
2023-12-10,,,,,,,,,,,,,,,,,,,,,,,,,,,,,,,,,,,,,,,,,5.75,6.25,5.25,5.8,5.85
2023-12-11,,,,,,,,,,,,,,,,,,,,,,,,,,,,,,,,,,,,,,,,,5.75,6.25,5.25,5.8,5.85
2023-12-12,,,,,,,,,,,,,,,,,,,,,,,,,,,,,,,,,,,,,,,,,5.75,6.25,5.25,5.8,5.85
2023-12-13,,,,,,,,,,,,,,,,,,,,,,,,,,,,,,,,,,,,,,,,,5.75,6.25,5.25,5.8,5.85
2023-12-14,,,,,,,,,,,,,,,,,,,,,,,,,,,,,,,,,,,,,,,,,5.75,6.25,5.25,5.8,5.85
2023-12-15,,,,,,,,,,,,,,,,,,,,,,,,,,,,,,,,,,,,,,,,,5.75,6.25,5.25,5.8,5.85
2023-12-16,,,,,,,,,,,,,,,,,,,,,,,,,,,,,,,,,,,,,,,,,5.75,6.25,5.25,5.8,5.85
2023-12-17,,,,,,,,,,,,,,,,,,,,,,,,,,,,,,,,,,,,,,,,,5.75,6.25,5.25,5.8,5.85
2023-12-18,,,,,,,,,,,,,,,,,,,,,,,,,,,,,,,,,,,,,,,,,5.75,6.25,5.25,5.8,5.85
2023-12-19,,,,,,,,,,,,,,,,,,,,,,,,,,,,,,,,,,,,,,,,,5.75,6.25,5.25,5.8,5.85
2023-12-20,,,,,,,,,,,,,,,,,,,,,,,,,,,,,,,,,,,,,,,,,5.75,6.25,5.25,5.8,5.85
2023-12-21,,,,,,,,,,,,,,,,,,,,,,,,,,,,,,,,,,,,,,,,,5.75,6.25,5.25,5.8,5.85
2023-12-22,,,,,,,,,,,,,,,,,,,,,,,,,,,,,,,,,,,,,,,,,5.75,6.25,5.25,5.8,5.85
2023-12-23,,,,,,,,,,,,,,,,,,,,,,,,,,,,,,,,,,,,,,,,,5.75,6.25,5.25,5.8,5.85
2023-12-24,,,,,,,,,,,,,,,,,,,,,,,,,,,,,,,,,,,,,,,,,5.75,6.25,5.25,5.8,5.85
2023-12-25,,,,,,,,,,,,,,,,,,,,,,,,,,,,,,,,,,,,,,,,,5.75,6.25,5.25,5.8,5.85
2023-12-26,,,,,,,,,,,,,,,,,,,,,,,,,,,,,,,,,,,,,,,,,5.75,6.25,5.25,5.8,5.85
2023-12-27,,,,,,,,,,,,,,,,,,,,,,,,,,,,,,,,,,,,,,,,,5.75,6.25,5.25,5.8,5.85
2023-12-28,,,,,,,,,,,,,,,,,,,,,,,,,,,,,,,,,,,,,,,,,5.75,6.25,5.25,5.8,5.85
2023-12-29,,,,,,,,,,,,,,,,,,,,,,,,,,,,,,,,,,,,,,,,,5.75,6.25,5.25,5.8,5.85
2023-12-30,,,,,,,,,,,,,,,,,,,,,,,,,,,,,,,,,,,,,,,,,5.75,6.25,5.25,5.8,5.85
2023-12-31,,,,,,,,,,,,,,,,,,,,,,,,,,,,,,,,,,,,,,,,,5.75,6.25,5.25,5.8,5.85
2024-01-01,,,,,,,,,,,,,,,,,,,,,,,,,,,,,,,,,,,,,,,,,5.75,6.25,5.25,5.8,5.85
2024-01-02,,,,,,,,,,,,,,,,,,,,,,,,,,,,,,,,,,,,,,,,,5.75,6.25,5.25,5.8,5.85
2024-01-03,,,,,,,,,,,,,,,,,,,,,,,,,,,,,,,,,,,,,,,,,5.75,6.25,5.25,5.8,5.85
2024-01-04,,,,,,,,,,,,,,,,,,,,,,,,,,,,,,,,,,,,,,,,,5.75,6.25,5.25,5.8,5.85
2024-01-05,,,,,,,,,,,,,,,,,,,,,,,,,,,,,,,,,,,,,,,,,5.75,6.25,5.25,5.8,5.85
2024-01-06,,,,,,,,,,,,,,,,,,,,,,,,,,,,,,,,,,,,,,,,,5.75,6.25,5.25,5.8,5.85
2024-01-07,,,,,,,,,,,,,,,,,,,,,,,,,,,,,,,,,,,,,,,,,5.75,6.25,5.25,5.8,5.85
2024-01-08,,,,,,,,,,,,,,,,,,,,,,,,,,,,,,,,,,,,,,,,,5.75,6.25,5.25,5.8,5.85
2024-01-09,,,,,,,,,,,,,,,,,,,,,,,,,,,,,,,,,,,,,,,,,5.75,6.25,5.25,5.8,5.85
2024-01-10,,,,,,,,,,,,,,,,,,,,,,,,,,,,,,,,,,,,,,,,,5.75,6.25,5.25,5.8,5.85
2024-01-11,,,,,,,,,,,,,,,,,,,,,,,,,,,,,,,,,,,,,,,,,5.75,6.25,5.25,5.8,5.85
2024-01-12,,,,,,,,,,,,,,,,,,,,,,,,,,,,,,,,,,,,,,,,,5.75,6.25,5.25,5.8,5.85
2024-01-13,,,,,,,,,,,,,,,,,,,,,,,,,,,,,,,,,,,,,,,,,5.75,6.25,5.25,5.8,5.85
2024-01-14,,,,,,,,,,,,,,,,,,,,,,,,,,,,,,,,,,,,,,,,,5.75,6.25,5.25,5.8,5.85
2024-01-15,,,,,,,,,,,,,,,,,,,,,,,,,,,,,,,,,,,,,,,,,5.75,6.25,5.25,5.8,5.85
2024-01-16,,,,,,,,,,,,,,,,,,,,,,,,,,,,,,,,,,,,,,,,,5.75,6.25,5.25,5.8,5.85
2024-01-17,,,,,,,,,,,,,,,,,,,,,,,,,,,,,,,,,,,,,,,,,5.75,6.25,5.25,5.8,5.85
2024-01-18,,,,,,,,,,,,,,,,,,,,,,,,,,,,,,,,,,,,,,,,,5.75,6.25,5.25,5.8,5.85
2024-01-19,,,,,,,,,,,,,,,,,,,,,,,,,,,,,,,,,,,,,,,,,5.75,6.25,5.25,5.8,5.85
2024-01-20,,,,,,,,,,,,,,,,,,,,,,,,,,,,,,,,,,,,,,,,,5.75,6.25,5.25,5.8,5.85
2024-01-21,,,,,,,,,,,,,,,,,,,,,,,,,,,,,,,,,,,,,,,,,5.75,6.25,5.25,5.8,5.85
2024-01-22,,,,,,,,,,,,,,,,,,,,,,,,,,,,,,,,,,,,,,,,,5.75,6.25,5.25,5.8,5.85
2024-01-23,,,,,,,,,,,,,,,,,,,,,,,,,,,,,,,,,,,,,,,,,5.75,6.25,5.25,5.8,5.85
2024-01-24,,,,,,,,,,,,,,,,,,,,,,,,,,,,,,,,,,,,,,,,,5.75,6.25,5.25,5.8,5.85
2024-01-25,,,,,,,,,,,,,,,,,,,,,,,,,,,,,,,,,,,,,,,,,5.75,6.25,5.25,5.8,5.85
2024-01-26,,,,,,,,,,,,,,,,,,,,,,,,,,,,,,,,,,,,,,,,,5.75,6.25,5.25,5.8,5.85
2024-01-27,,,,,,,,,,,,,,,,,,,,,,,,,,,,,,,,,,,,,,,,,5.75,6.25,5.25,5.8,5.85
2024-01-28,,,,,,,,,,,,,,,,,,,,,,,,,,,,,,,,,,,,,,,,,5.75,6.25,5.25,5.8,5.85
2024-01-29,,,,,,,,,,,,,,,,,,,,,,,,,,,,,,,,,,,,,,,,,5.75,6.25,5.25,5.8,5.85
2024-01-30,,,,,,,,,,,,,,,,,,,,,,,,,,,,,,,,,,,,,,,,,5.75,6.25,5.25,5.8,5.85
2024-01-31,,,,,,,,,,,,,,,,,,,,,,,,,,,,,,,,,,,,,,,,,5.75,6.25,5.25,5.8,5.85
2024-02-01,,,,,,,,,,,,,,,,,,,,,,,,,,,,,,,,,,,,,,,,,5.75,6.25,5.25,5.8,5.85
2024-02-02,,,,,,,,,,,,,,,,,,,,,,,,,,,,,,,,,,,,,,,,,5.75,6.25,5.25,5.8,5.85
2024-02-03,,,,,,,,,,,,,,,,,,,,,,,,,,,,,,,,,,,,,,,,,5.75,6.25,5.25,5.8,5.85
2024-02-04,,,,,,,,,,,,,,,,,,,,,,,,,,,,,,,,,,,,,,,,,5.75,6.25,5.25,5.8,5.85
2024-02-05,,,,,,,,,,,,,,,,,,,,,,,,,,,,,,,,,,,,,,,,,5.75,6.25,5.25,5.8,5.85
2024-02-06,,,,,,,,,,,,,,,,,,,,,,,,,,,,,,,,,,,,,,,,,5.75,6.25,5.25,5.8,5.85
2024-02-07,,,,,,,,,,,,,,,,,,,,,,,,,,,,,,,,,,,,,,,,,5.75,6.25,5.25,5.8,5.85
2024-02-08,,,,,,,,,,,,,,,,,,,,,,,,,,,,,,,,,,,,,,,,,5.75,6.25,5.25,5.8,5.85
2024-02-09,,,,,,,,,,,,,,,,,,,,,,,,,,,,,,,,,,,,,,,,,5.75,6.25,5.25,5.8,5.85
2024-02-10,,,,,,,,,,,,,,,,,,,,,,,,,,,,,,,,,,,,,,,,,5.75,6.25,5.25,5.8,5.85
2024-02-11,,,,,,,,,,,,,,,,,,,,,,,,,,,,,,,,,,,,,,,,,5.75,6.25,5.25,5.8,5.85
2024-02-12,,,,,,,,,,,,,,,,,,,,,,,,,,,,,,,,,,,,,,,,,5.75,6.25,5.25,5.8,5.85
2024-02-13,,,,,,,,,,,,,,,,,,,,,,,,,,,,,,,,,,,,,,,,,5.75,6.25,5.25,5.8,5.85
2024-02-14,,,,,,,,,,,,,,,,,,,,,,,,,,,,,,,,,,,,,,,,,5.75,6.25,5.25,5.8,5.85
2024-02-15,,,,,,,,,,,,,,,,,,,,,,,,,,,,,,,,,,,,,,,,,5.75,6.25,5.25,5.8,5.85
2024-02-16,,,,,,,,,,,,,,,,,,,,,,,,,,,,,,,,,,,,,,,,,5.75,6.25,5.25,5.8,5.85
2024-02-17,,,,,,,,,,,,,,,,,,,,,,,,,,,,,,,,,,,,,,,,,5.75,6.25,5.25,5.8,5.85
2024-02-18,,,,,,,,,,,,,,,,,,,,,,,,,,,,,,,,,,,,,,,,,5.75,6.25,5.25,5.8,5.85
2024-02-19,,,,,,,,,,,,,,,,,,,,,,,,,,,,,,,,,,,,,,,,,5.75,6.25,5.25,5.8,5.85
2024-02-20,,,,,,,,,,,,,,,,,,,,,,,,,,,,,,,,,,,,,,,,,5.75,6.25,5.25,5.8,5.85
2024-02-21,,,,,,,,,,,,,,,,,,,,,,,,,,,,,,,,,,,,,,,,,5.75,6.25,5.25,5.8,5.85
2024-02-22,,,,,,,,,,,,,,,,,,,,,,,,,,,,,,,,,,,,,,,,,5.75,6.25,5.25,5.8,5.85
2024-02-23,,,,,,,,,,,,,,,,,,,,,,,,,,,,,,,,,,,,,,,,,5.75,6.25,5.25,5.8,5.85
2024-02-24,,,,,,,,,,,,,,,,,,,,,,,,,,,,,,,,,,,,,,,,,5.75,6.25,5.25,5.8,5.85
2024-02-25,,,,,,,,,,,,,,,,,,,,,,,,,,,,,,,,,,,,,,,,,5.75,6.25,5.25,5.8,5.85
2024-02-26,,,,,,,,,,,,,,,,,,,,,,,,,,,,,,,,,,,,,,,,,5.75,6.25,5.25,5.8,5.85
2024-02-27,,,,,,,,,,,,,,,,,,,,,,,,,,,,,,,,,,,,,,,,,5.75,6.25,5.25,5.8,5.85
2024-02-28,,,,,,,,,,,,,,,,,,,,,,,,,,,,,,,,,,,,,,,,,5.75,6.25,5.25,5.8,5.85
2024-02-29,,,,,,,,,,,,,,,,,,,,,,,,,,,,,,,,,,,,,,,,,5.75,6.25,5.25,5.8,5.85
2024-03-01,,,,,,,,,,,,,,,,,,,,,,,,,,,,,,,,,,,,,,,,,5.75,6.25,5.25,5.8,5.85
2024-03-02,,,,,,,,,,,,,,,,,,,,,,,,,,,,,,,,,,,,,,,,,5.75,6.25,5.25,5.8,5.85
2024-03-03,,,,,,,,,,,,,,,,,,,,,,,,,,,,,,,,,,,,,,,,,5.75,6.25,5.25,5.8,5.85
2024-03-04,,,,,,,,,,,,,,,,,,,,,,,,,,,,,,,,,,,,,,,,,5.75,6.25,5.25,5.8,5.85
2024-03-05,,,,,,,,,,,,,,,,,,,,,,,,,,,,,,,,,,,,,,,,,5.75,6.25,5.25,5.8,5.85
2024-03-06,,,,,,,,,,,,,,,,,,,,,,,,,,,,,,,,,,,,,,,,,5.75,6.25,5.25,5.8,5.85
2024-03-07,,,,,,,,,,,,,,,,,,,,,,,,,,,,,,,,,,,,,,,,,5.75,6.25,5.25,5.8,5.85
2024-03-08,,,,,,,,,,,,,,,,,,,,,,,,,,,,,,,,,,,,,,,,,5.75,6.25,5.25,5.8,5.85
2024-03-09,,,,,,,,,,,,,,,,,,,,,,,,,,,,,,,,,,,,,,,,,5.75,6.25,5.25,5.8,5.85
2024-03-10,,,,,,,,,,,,,,,,,,,,,,,,,,,,,,,,,,,,,,,,,5.75,6.25,5.25,5.8,5.85
2024-03-11,,,,,,,,,,,,,,,,,,,,,,,,,,,,,,,,,,,,,,,,,5.75,6.25,5.25,5.8,5.85
2024-03-12,,,,,,,,,,,,,,,,,,,,,,,,,,,,,,,,,,,,,,,,,5.75,6.25,5.25,5.8,5.85
2024-03-13,,,,,,,,,,,,,,,,,,,,,,,,,,,,,,,,,,,,,,,,,5.75,6.25,5.25,5.8,5.85
2024-03-14,,,,,,,,,,,,,,,,,,,,,,,,,,,,,,,,,,,,,,,,,5.75,6.25,5.25,5.8,5.85
2024-03-15,,,,,,,,,,,,,,,,,,,,,,,,,,,,,,,,,,,,,,,,,5.75,6.25,5.25,5.8,5.85
2024-03-16,,,,,,,,,,,,,,,,,,,,,,,,,,,,,,,,,,,,,,,,,5.75,6.25,5.25,5.8,5.85
2024-03-17,,,,,,,,,,,,,,,,,,,,,,,,,,,,,,,,,,,,,,,,,5.75,6.25,5.25,5.8,5.85
2024-03-18,,,,,,,,,,,,,,,,,,,,,,,,,,,,,,,,,,,,,,,,,5.75,6.25,5.25,5.8,5.85
2024-03-19,,,,,,,,,,,,,,,,,,,,,,,,,,,,,,,,,,,,,,,,,5.75,6.25,5.25,5.8,5.85
2024-03-20,,,,,,,,,,,,,,,,,,,,,,,,,,,,,,,,,,,,,,,,,5.75,6.25,5.25,5.8,5.85
2024-03-21,,,,,,,,,,,,,,,,,,,,,,,,,,,,,,,,,,,,,,,,,5.75,6.25,5.25,5.8,5.85
2024-03-22,,,,,,,,,,,,,,,,,,,,,,,,,,,,,,,,,,,,,,,,,5.75,6.25,5.25,5.8,5.85
2024-03-23,,,,,,,,,,,,,,,,,,,,,,,,,,,,,,,,,,,,,,,,,5.75,6.25,5.25,5.8,5.85
2024-03-24,,,,,,,,,,,,,,,,,,,,,,,,,,,,,,,,,,,,,,,,,5.75,6.25,5.25,5.8,5.85
2024-03-25,,,,,,,,,,,,,,,,,,,,,,,,,,,,,,,,,,,,,,,,,5.75,6.25,5.25,5.8,5.85
2024-03-26,,,,,,,,,,,,,,,,,,,,,,,,,,,,,,,,,,,,,,,,,5.75,6.25,5.25,5.8,5.85
2024-03-27,,,,,,,,,,,,,,,,,,,,,,,,,,,,,,,,,,,,,,,,,5.75,6.25,5.25,5.8,5.85
2024-03-28,,,,,,,,,,,,,,,,,,,,,,,,,,,,,,,,,,,,,,,,,5.75,6.25,5.25,5.8,5.85
2024-03-29,,,,,,,,,,,,,,,,,,,,,,,,,,,,,,,,,,,,,,,,,5.75,6.25,5.25,5.8,5.85
2024-03-30,,,,,,,,,,,,,,,,,,,,,,,,,,,,,,,,,,,,,,,,,5.75,6.25,5.25,5.8,5.85
2024-03-31,,,,,,,,,,,,,,,,,,,,,,,,,,,,,,,,,,,,,,,,,5.75,6.25,5.25,5.8,5.85
2024-04-01,,,,,,,,,,,,,,,,,,,,,,,,,,,,,,,,,,,,,,,,,5.75,6.25,5.25,5.8,5.85
2024-04-02,,,,,,,,,,,,,,,,,,,,,,,,,,,,,,,,,,,,,,,,,5.75,6.25,5.25,5.8,5.85
2024-04-03,,,,,,,,,,,,,,,,,,,,,,,,,,,,,,,,,,,,,,,,,5.75,6.25,5.25,5.8,5.85
2024-04-04,,,,,,,,,,,,,,,,,,,,,,,,,,,,,,,,,,,,,,,,,5.75,6.25,5.25,5.8,5.85
2024-04-05,,,,,,,,,,,,,,,,,,,,,,,,,,,,,,,,,,,,,,,,,5.75,6.25,5.25,5.8,5.85
2024-04-06,,,,,,,,,,,,,,,,,,,,,,,,,,,,,,,,,,,,,,,,,5.75,6.25,5.25,5.8,5.85
2024-04-07,,,,,,,,,,,,,,,,,,,,,,,,,,,,,,,,,,,,,,,,,5.75,6.25,5.25,5.8,5.85
2024-04-08,,,,,,,,,,,,,,,,,,,,,,,,,,,,,,,,,,,,,,,,,5.75,6.25,5.25,5.8,5.85
2024-04-09,,,,,,,,,,,,,,,,,,,,,,,,,,,,,,,,,,,,,,,,,5.75,6.25,5.25,5.8,5.85
2024-04-10,,,,,,,,,,,,,,,,,,,,,,,,,,,,,,,,,,,,,,,,,5.75,6.25,5.25,5.8,5.85
2024-04-11,,,,,,,,,,,,,,,,,,,,,,,,,,,,,,,,,,,,,,,,,5.75,6.25,5.25,5.8,5.85
2024-04-12,,,,,,,,,,,,,,,,,,,,,,,,,,,,,,,,,,,,,,,,,5.75,6.25,5.25,5.8,5.85
2024-04-13,,,,,,,,,,,,,,,,,,,,,,,,,,,,,,,,,,,,,,,,,5.75,6.25,5.25,5.8,5.85
2024-04-14,,,,,,,,,,,,,,,,,,,,,,,,,,,,,,,,,,,,,,,,,5.75,6.25,5.25,5.8,5.85
2024-04-15,,,,,,,,,,,,,,,,,,,,,,,,,,,,,,,,,,,,,,,,,5.75,6.25,5.25,5.8,5.85
2024-04-16,,,,,,,,,,,,,,,,,,,,,,,,,,,,,,,,,,,,,,,,,5.75,6.25,5.25,5.8,5.85
2024-04-17,,,,,,,,,,,,,,,,,,,,,,,,,,,,,,,,,,,,,,,,,5.75,6.25,5.25,5.8,5.85
2024-04-18,,,,,,,,,,,,,,,,,,,,,,,,,,,,,,,,,,,,,,,,,5.75,6.25,5.25,5.8,5.85
2024-04-19,,,,,,,,,,,,,,,,,,,,,,,,,,,,,,,,,,,,,,,,,5.75,6.25,5.25,5.8,5.85
2024-04-20,,,,,,,,,,,,,,,,,,,,,,,,,,,,,,,,,,,,,,,,,5.75,6.25,5.25,5.8,5.85
2024-04-21,,,,,,,,,,,,,,,,,,,,,,,,,,,,,,,,,,,,,,,,,5.75,6.25,5.25,5.8,5.85
2024-04-22,,,,,,,,,,,,,,,,,,,,,,,,,,,,,,,,,,,,,,,,,5.75,6.25,5.25,5.8,5.85
2024-04-23,,,,,,,,,,,,,,,,,,,,,,,,,,,,,,,,,,,,,,,,,5.75,6.25,5.25,5.8,5.85
2024-04-24,,,,,,,,,,,,,,,,,,,,,,,,,,,,,,,,,,,,,,,,,5.75,6.25,5.25,5.8,5.85
2024-04-25,,,,,,,,,,,,,,,,,,,,,,,,,,,,,,,,,,,,,,,,,5.75,6.25,5.25,5.8,5.85
2024-04-26,,,,,,,,,,,,,,,,,,,,,,,,,,,,,,,,,,,,,,,,,5.75,6.25,5.25,5.8,5.85
2024-04-27,,,,,,,,,,,,,,,,,,,,,,,,,,,,,,,,,,,,,,,,,5.75,6.25,5.25,5.8,5.85
2024-04-28,,,,,,,,,,,,,,,,,,,,,,,,,,,,,,,,,,,,,,,,,5.75,6.25,5.25,5.8,5.85
2024-04-29,,,,,,,,,,,,,,,,,,,,,,,,,,,,,,,,,,,,,,,,,5.75,6.25,5.25,5.8,5.85
2024-04-30,,,,,,,,,,,,,,,,,,,,,,,,,,,,,,,,,,,,,,,,,5.75,6.25,5.25,5.8,5.85
2024-05-01,,,,,,,,,,,,,,,,,,,,,,,,,,,,,,,,,,,,,,,,,5.75,6.25,5.25,5.8,5.85
2024-05-02,,,,,,,,,,,,,,,,,,,,,,,,,,,,,,,,,,,,,,,,,5.75,6.25,5.25,5.8,5.85
2024-05-03,,,,,,,,,,,,,,,,,,,,,,,,,,,,,,,,,,,,,,,,,5.75,6.25,5.25,5.8,5.85
2024-05-04,,,,,,,,,,,,,,,,,,,,,,,,,,,,,,,,,,,,,,,,,5.75,6.25,5.25,5.8,5.85
2024-05-05,,,,,,,,,,,,,,,,,,,,,,,,,,,,,,,,,,,,,,,,,5.75,6.25,5.25,5.8,5.85
2024-05-06,,,,,,,,,,,,,,,,,,,,,,,,,,,,,,,,,,,,,,,,,5.75,6.25,5.25,5.8,5.85
2024-05-07,,,,,,,,,,,,,,,,,,,,,,,,,,,,,,,,,,,,,,,,,5.75,6.25,5.25,5.8,5.85
2024-05-08,,,,,,,,,,,,,,,,,,,,,,,,,,,,,,,,,,,,,,,,,5.75,6.25,5.25,5.8,5.85
2024-05-09,,,,,,,,,,,,,,,,,,,,,,,,,,,,,,,,,,,,,,,,,5.75,6.25,5.25,5.8,5.85
2024-05-10,,,,,,,,,,,,,,,,,,,,,,,,,,,,,,,,,,,,,,,,,5.75,6.25,5.25,5.8,5.85
2024-05-11,,,,,,,,,,,,,,,,,,,,,,,,,,,,,,,,,,,,,,,,,5.75,6.25,5.25,5.8,5.85
2024-05-12,,,,,,,,,,,,,,,,,,,,,,,,,,,,,,,,,,,,,,,,,5.75,6.25,5.25,5.8,5.85
2024-05-13,,,,,,,,,,,,,,,,,,,,,,,,,,,,,,,,,,,,,,,,,5.75,6.25,5.25,5.8,5.85
2024-05-14,,,,,,,,,,,,,,,,,,,,,,,,,,,,,,,,,,,,,,,,,5.75,6.25,5.25,5.8,5.85
2024-05-15,,,,,,,,,,,,,,,,,,,,,,,,,,,,,,,,,,,,,,,,,5.75,6.25,5.25,5.8,5.85
2024-05-16,,,,,,,,,,,,,,,,,,,,,,,,,,,,,,,,,,,,,,,,,5.75,6.25,5.25,5.8,5.85
2024-05-17,,,,,,,,,,,,,,,,,,,,,,,,,,,,,,,,,,,,,,,,,5.75,6.25,5.25,5.8,5.85
2024-05-18,,,,,,,,,,,,,,,,,,,,,,,,,,,,,,,,,,,,,,,,,5.75,6.25,5.25,5.8,5.85
2024-05-19,,,,,,,,,,,,,,,,,,,,,,,,,,,,,,,,,,,,,,,,,5.75,6.25,5.25,5.8,5.85
2024-05-20,,,,,,,,,,,,,,,,,,,,,,,,,,,,,,,,,,,,,,,,,5.75,6.25,5.25,5.8,5.85
2024-05-21,,,,,,,,,,,,,,,,,,,,,,,,,,,,,,,,,,,,,,,,,5.75,6.25,5.25,5.8,5.85
2024-05-22,,,,,,,,,,,,,,,,,,,,,,,,,,,,,,,,,,,,,,,,,5.75,6.25,5.25,5.8,5.85
2024-05-23,,,,,,,,,,,,,,,,,,,,,,,,,,,,,,,,,,,,,,,,,5.75,6.25,5.25,5.8,5.85
2024-05-24,,,,,,,,,,,,,,,,,,,,,,,,,,,,,,,,,,,,,,,,,5.75,6.25,5.25,5.8,5.85
2024-05-25,,,,,,,,,,,,,,,,,,,,,,,,,,,,,,,,,,,,,,,,,5.75,6.25,5.25,5.8,5.85
2024-05-26,,,,,,,,,,,,,,,,,,,,,,,,,,,,,,,,,,,,,,,,,5.75,6.25,5.25,5.8,5.85
2024-05-27,,,,,,,,,,,,,,,,,,,,,,,,,,,,,,,,,,,,,,,,,5.75,6.25,5.25,5.8,5.85
2024-05-28,,,,,,,,,,,,,,,,,,,,,,,,,,,,,,,,,,,,,,,,,5.75,6.25,5.25,5.8,5.85
2024-05-29,,,,,,,,,,,,,,,,,,,,,,,,,,,,,,,,,,,,,,,,,5.75,6.25,5.25,5.8,5.85
2024-05-30,,,,,,,,,,,,,,,,,,,,,,,,,,,,,,,,,,,,,,,,,5.75,6.25,5.25,5.8,5.85
2024-05-31,,,,,,,,,,,,,,,,,,,,,,,,,,,,,,,,,,,,,,,,,5.75,6.25,5.25,5.8,5.85
2024-06-01,,,,,,,,,,,,,,,,,,,,,,,,,,,,,,,,,,,,,,,,,5.75,6.25,5.25,5.8,5.85
2024-06-02,,,,,,,,,,,,,,,,,,,,,,,,,,,,,,,,,,,,,,,,,5.75,6.25,5.25,5.8,5.85
2024-06-03,,,,,,,,,,,,,,,,,,,,,,,,,,,,,,,,,,,,,,,,,5.75,6.25,5.25,5.8,5.85
2024-06-04,,,,,,,,,,,,,,,,,,,,,,,,,,,,,,,,,,,,,,,,,5.75,6.25,5.25,5.8,5.85
2024-06-05,,,,,,,,,,,,,,,,,,,,,,,,,,,,,,,,,,,,,,,,,5.75,6.25,5.25,5.8,5.85
2024-06-06,,,,,,,,,,,,,,,,,,,,,,,,,,,,,,,,,,,,,,,,,5.75,6.25,5.25,5.8,5.85
2024-06-07,,,,,,,,,,,,,,,,,,,,,,,,,,,,,,,,,,,,,,,,,5.75,6.25,5.25,5.8,5.85
2024-06-08,,,,,,,,,,,,,,,,,,,,,,,,,,,,,,,,,,,,,,,,,5.75,6.25,5.25,5.8,5.85
2024-06-09,,,,,,,,,,,,,,,,,,,,,,,,,,,,,,,,,,,,,,,,,5.75,6.25,5.25,5.8,5.85
2024-06-10,,,,,,,,,,,,,,,,,,,,,,,,,,,,,,,,,,,,,,,,,5.75,6.25,5.25,5.8,5.85
2024-06-11,,,,,,,,,,,,,,,,,,,,,,,,,,,,,,,,,,,,,,,,,5.75,6.25,5.25,5.8,5.85
2024-06-12,,,,,,,,,,,,,,,,,,,,,,,,,,,,,,,,,,,,,,,,,5.75,6.25,5.25,5.8,5.85
2024-06-13,,,,,,,,,,,,,,,,,,,,,,,,,,,,,,,,,,,,,,,,,5.75,6.25,5.25,5.8,5.85
2024-06-14,,,,,,,,,,,,,,,,,,,,,,,,,,,,,,,,,,,,,,,,,5.75,6.25,5.25,5.8,5.85
2024-06-15,,,,,,,,,,,,,,,,,,,,,,,,,,,,,,,,,,,,,,,,,5.75,6.25,5.25,5.8,5.85
2024-06-16,,,,,,,,,,,,,,,,,,,,,,,,,,,,,,,,,,,,,,,,,5.75,6.25,5.25,5.8,5.85
2024-06-17,,,,,,,,,,,,,,,,,,,,,,,,,,,,,,,,,,,,,,,,,5.75,6.25,5.25,5.8,5.85
2024-06-18,,,,,,,,,,,,,,,,,,,,,,,,,,,,,,,,,,,,,,,,,5.75,6.25,5.25,5.8,5.85
2024-06-19,,,,,,,,,,,,,,,,,,,,,,,,,,,,,,,,,,,,,,,,,5.75,6.25,5.25,5.8,5.85
2024-06-20,,,,,,,,,,,,,,,,,,,,,,,,,,,,,,,,,,,,,,,,,5.75,6.25,5.25,5.8,5.85
2024-06-21,,,,,,,,,,,,,,,,,,,,,,,,,,,,,,,,,,,,,,,,,5.75,6.25,5.25,5.8,5.85
2024-06-22,,,,,,,,,,,,,,,,,,,,,,,,,,,,,,,,,,,,,,,,,5.75,6.25,5.25,5.8,5.85
2024-06-23,,,,,,,,,,,,,,,,,,,,,,,,,,,,,,,,,,,,,,,,,5.75,6.25,5.25,5.8,5.85
2024-06-24,,,,,,,,,,,,,,,,,,,,,,,,,,,,,,,,,,,,,,,,,5.75,6.25,5.25,5.8,5.85
2024-06-25,,,,,,,,,,,,,,,,,,,,,,,,,,,,,,,,,,,,,,,,,5.75,6.25,5.25,5.8,5.85
2024-06-26,,,,,,,,,,,,,,,,,,,,,,,,,,,,,,,,,,,,,,,,,5.75,6.25,5.25,5.8,5.85
2024-06-27,,,,,,,,,,,,,,,,,,,,,,,,,,,,,,,,,,,,,,,,,5.75,6.25,5.25,5.8,5.85
2024-06-28,,,,,,,,,,,,,,,,,,,,,,,,,,,,,,,,,,,,,,,,,5.75,6.25,5.25,5.8,5.85
2024-06-29,,,,,,,,,,,,,,,,,,,,,,,,,,,,,,,,,,,,,,,,,5.75,6.25,5.25,5.8,5.85
2024-06-30,,,,,,,,,,,,,,,,,,,,,,,,,,,,,,,,,,,,,,,,,5.75,6.25,5.25,5.8,5.85
2024-07-01,,,,,,,,,,,,,,,,,,,,,,,,,,,,,,,,,,,,,,,,,5.75,6.25,5.25,5.8,5.85
2024-07-02,,,,,,,,,,,,,,,,,,,,,,,,,,,,,,,,,,,,,,,,,5.75,6.25,5.25,5.8,5.85
2024-07-03,,,,,,,,,,,,,,,,,,,,,,,,,,,,,,,,,,,,,,,,,5.75,6.25,5.25,5.8,5.85
2024-07-04,,,,,,,,,,,,,,,,,,,,,,,,,,,,,,,,,,,,,,,,,5.75,6.25,5.25,5.8,5.85
2024-07-05,,,,,,,,,,,,,,,,,,,,,,,,,,,,,,,,,,,,,,,,,5.75,6.25,5.25,5.8,5.85
2024-07-06,,,,,,,,,,,,,,,,,,,,,,,,,,,,,,,,,,,,,,,,,5.75,6.25,5.25,5.8,5.85
2024-07-07,,,,,,,,,,,,,,,,,,,,,,,,,,,,,,,,,,,,,,,,,5.75,6.25,5.25,5.8,5.85
2024-07-08,,,,,,,,,,,,,,,,,,,,,,,,,,,,,,,,,,,,,,,,,5.75,6.25,5.25,5.8,5.85
2024-07-09,,,,,,,,,,,,,,,,,,,,,,,,,,,,,,,,,,,,,,,,,5.75,6.25,5.25,5.8,5.85
2024-07-10,,,,,,,,,,,,,,,,,,,,,,,,,,,,,,,,,,,,,,,,,5.75,6.25,5.25,5.8,5.85
2024-07-11,,,,,,,,,,,,,,,,,,,,,,,,,,,,,,,,,,,,,,,,,5.75,6.25,5.25,5.8,5.85
2024-07-12,,,,,,,,,,,,,,,,,,,,,,,,,,,,,,,,,,,,,,,,,5.75,6.25,5.25,5.8,5.85
2024-07-13,,,,,,,,,,,,,,,,,,,,,,,,,,,,,,,,,,,,,,,,,5.75,6.25,5.25,5.8,5.85
2024-07-14,,,,,,,,,,,,,,,,,,,,,,,,,,,,,,,,,,,,,,,,,5.75,6.25,5.25,5.8,5.85
2024-07-15,,,,,,,,,,,,,,,,,,,,,,,,,,,,,,,,,,,,,,,,,5.75,6.25,5.25,5.8,5.85
2024-07-16,,,,,,,,,,,,,,,,,,,,,,,,,,,,,,,,,,,,,,,,,5.75,6.25,5.25,5.8,5.85
2024-07-17,,,,,,,,,,,,,,,,,,,,,,,,,,,,,,,,,,,,,,,,,5.75,6.25,5.25,5.8,5.85
2024-07-18,,,,,,,,,,,,,,,,,,,,,,,,,,,,,,,,,,,,,,,,,5.75,6.25,5.25,5.8,5.85
2024-07-19,,,,,,,,,,,,,,,,,,,,,,,,,,,,,,,,,,,,,,,,,5.75,6.25,5.25,5.8,5.85
2024-07-20,,,,,,,,,,,,,,,,,,,,,,,,,,,,,,,,,,,,,,,,,5.75,6.25,5.25,5.8,5.85
2024-07-21,,,,,,,,,,,,,,,,,,,,,,,,,,,,,,,,,,,,,,,,,5.75,6.25,5.25,5.8,5.85
2024-07-22,,,,,,,,,,,,,,,,,,,,,,,,,,,,,,,,,,,,,,,,,5.75,6.25,5.25,5.8,5.85
2024-07-23,,,,,,,,,,,,,,,,,,,,,,,,,,,,,,,,,,,,,,,,,5.75,6.25,5.25,5.8,5.85
2024-07-24,,,,,,,,,,,,,,,,,,,,,,,,,,,,,,,,,,,,,,,,,5.75,6.25,5.25,5.8,5.85
2024-07-25,,,,,,,,,,,,,,,,,,,,,,,,,,,,,,,,,,,,,,,,,5.75,6.25,5.25,5.8,5.85
2024-07-26,,,,,,,,,,,,,,,,,,,,,,,,,,,,,,,,,,,,,,,,,5.75,6.25,5.25,5.8,5.85
2024-07-27,,,,,,,,,,,,,,,,,,,,,,,,,,,,,,,,,,,,,,,,,5.75,6.25,5.25,5.8,5.85
2024-07-28,,,,,,,,,,,,,,,,,,,,,,,,,,,,,,,,,,,,,,,,,5.75,6.25,5.25,5.8,5.85
2024-07-29,,,,,,,,,,,,,,,,,,,,,,,,,,,,,,,,,,,,,,,,,5.75,6.25,5.25,5.8,5.85
2024-07-30,,,,,,,,,,,,,,,,,,,,,,,,,,,,,,,,,,,,,,,,,5.75,6.25,5.25,5.8,5.85
2024-07-31,,,,,,,,,,,,,,,,,,,,,,,,,,,,,,,,,,,,,,,,,5.75,6.25,5.25,5.8,5.85
2024-08-01,,,,,,,,,,,,,,,,,,,,,,,,,,,,,,,,,,,,,,,,,5.75,6.25,5.25,5.8,5.85
2024-08-02,,,,,,,,,,,,,,,,,,,,,,,,,,,,,,,,,,,,,,,,,5.75,6.25,5.25,5.8,5.85
2024-08-03,,,,,,,,,,,,,,,,,,,,,,,,,,,,,,,,,,,,,,,,,5.75,6.25,5.25,5.8,5.85
2024-08-04,,,,,,,,,,,,,,,,,,,,,,,,,,,,,,,,,,,,,,,,,5.75,6.25,5.25,5.8,5.85
2024-08-05,,,,,,,,,,,,,,,,,,,,,,,,,,,,,,,,,,,,,,,,,5.75,6.25,5.25,5.8,5.85
2024-08-06,,,,,,,,,,,,,,,,,,,,,,,,,,,,,,,,,,,,,,,,,5.75,6.25,5.25,5.8,5.85
2024-08-07,,,,,,,,,,,,,,,,,,,,,,,,,,,,,,,,,,,,,,,,,5.75,6.25,5.25,5.8,5.85
2024-08-08,,,,,,,,,,,,,,,,,,,,,,,,,,,,,,,,,,,,,,,,,5.75,6.25,5.25,5.8,5.85
2024-08-09,,,,,,,,,,,,,,,,,,,,,,,,,,,,,,,,,,,,,,,,,5.75,6.25,5.25,5.8,5.85
2024-08-10,,,,,,,,,,,,,,,,,,,,,,,,,,,,,,,,,,,,,,,,,5.75,6.25,5.25,5.8,5.85
2024-08-11,,,,,,,,,,,,,,,,,,,,,,,,,,,,,,,,,,,,,,,,,5.75,6.25,5.25,5.8,5.85
2024-08-12,,,,,,,,,,,,,,,,,,,,,,,,,,,,,,,,,,,,,,,,,5.75,6.25,5.25,5.8,5.85
2024-08-13,,,,,,,,,,,,,,,,,,,,,,,,,,,,,,,,,,,,,,,,,5.75,6.25,5.25,5.8,5.85
2024-08-14,,,,,,,,,,,,,,,,,,,,,,,,,,,,,,,,,,,,,,,,,5.75,6.25,5.25,5.8,5.85
2024-08-15,,,,,,,,,,,,,,,,,,,,,,,,,,,,,,,,,,,,,,,,,5.75,6.25,5.25,5.8,5.85
2024-08-16,,,,,,,,,,,,,,,,,,,,,,,,,,,,,,,,,,,,,,,,,5.75,6.25,5.25,5.8,5.85
2024-08-17,,,,,,,,,,,,,,,,,,,,,,,,,,,,,,,,,,,,,,,,,5.75,6.25,5.25,5.8,5.85
2024-08-18,,,,,,,,,,,,,,,,,,,,,,,,,,,,,,,,,,,,,,,,,5.75,6.25,5.25,5.8,5.85
2024-08-19,,,,,,,,,,,,,,,,,,,,,,,,,,,,,,,,,,,,,,,,,5.75,6.25,5.25,5.8,5.85
2024-08-20,,,,,,,,,,,,,,,,,,,,,,,,,,,,,,,,,,,,,,,,,5.75,6.25,5.25,5.8,5.85
2024-08-21,,,,,,,,,,,,,,,,,,,,,,,,,,,,,,,,,,,,,,,,,5.75,6.25,5.25,5.8,5.85
2024-08-22,,,,,,,,,,,,,,,,,,,,,,,,,,,,,,,,,,,,,,,,,5.75,6.25,5.25,5.8,5.85
2024-08-23,,,,,,,,,,,,,,,,,,,,,,,,,,,,,,,,,,,,,,,,,5.75,6.25,5.25,5.8,5.85
2024-08-24,,,,,,,,,,,,,,,,,,,,,,,,,,,,,,,,,,,,,,,,,5.75,6.25,5.25,5.8,5.85
2024-08-25,,,,,,,,,,,,,,,,,,,,,,,,,,,,,,,,,,,,,,,,,5.75,6.25,5.25,5.8,5.85
2024-08-26,,,,,,,,,,,,,,,,,,,,,,,,,,,,,,,,,,,,,,,,,5.75,6.25,5.25,5.8,5.85
2024-08-27,,,,,,,,,,,,,,,,,,,,,,,,,,,,,,,,,,,,,,,,,5.75,6.25,5.25,5.8,5.85
2024-08-28,,,,,,,,,,,,,,,,,,,,,,,,,,,,,,,,,,,,,,,,,5.75,6.25,5.25,5.8,5.85
2024-08-29,,,,,,,,,,,,,,,,,,,,,,,,,,,,,,,,,,,,,,,,,5.75,6.25,5.25,5.8,5.85
2024-08-30,,,,,,,,,,,,,,,,,,,,,,,,,,,,,,,,,,,,,,,,,5.75,6.25,5.25,5.8,5.85
2024-08-31,,,,,,,,,,,,,,,,,,,,,,,,,,,,,,,,,,,,,,,,,5.75,6.25,5.25,5.8,5.85
2024-09-01,,,,,,,,,,,,,,,,,,,,,,,,,,,,,,,,,,,,,,,,,5.75,6.25,5.25,5.8,5.85
2024-09-02,,,,,,,,,,,,,,,,,,,,,,,,,,,,,,,,,,,,,,,,,5.75,6.25,5.25,5.8,5.85
2024-09-03,,,,,,,,,,,,,,,,,,,,,,,,,,,,,,,,,,,,,,,,,5.75,6.25,5.25,5.8,5.85
2024-09-04,,,,,,,,,,,,,,,,,,,,,,,,,,,,,,,,,,,,,,,,,5.75,6.25,5.25,5.8,5.85
2024-09-05,,,,,,,,,,,,,,,,,,,,,,,,,,,,,,,,,,,,,,,,,5.75,6.25,5.25,5.8,5.85
2024-09-06,,,,,,,,,,,,,,,,,,,,,,,,,,,,,,,,,,,,,,,,,5.75,6.25,5.25,5.8,5.85
2024-09-07,,,,,,,,,,,,,,,,,,,,,,,,,,,,,,,,,,,,,,,,,5.75,6.25,5.25,5.8,5.85
2024-09-08,,,,,,,,,,,,,,,,,,,,,,,,,,,,,,,,,,,,,,,,,5.75,6.25,5.25,5.8,5.85
2024-09-09,,,,,,,,,,,,,,,,,,,,,,,,,,,,,,,,,,,,,,,,,5.75,6.25,5.25,5.8,5.85
2024-09-10,,,,,,,,,,,,,,,,,,,,,,,,,,,,,,,,,,,,,,,,,5.75,6.25,5.25,5.8,5.85
2024-09-11,,,,,,,,,,,,,,,,,,,,,,,,,,,,,,,,,,,,,,,,,5.75,6.25,5.25,5.8,5.85
2024-09-12,,,,,,,,,,,,,,,,,,,,,,,,,,,,,,,,,,,,,,,,,5.75,6.25,5.25,5.8,5.85
2024-09-13,,,,,,,,,,,,,,,,,,,,,,,,,,,,,,,,,,,,,,,,,5.75,6.25,5.25,5.8,5.85
2024-09-14,,,,,,,,,,,,,,,,,,,,,,,,,,,,,,,,,,,,,,,,,5.75,6.25,5.25,5.8,5.85
2024-09-15,,,,,,,,,,,,,,,,,,,,,,,,,,,,,,,,,,,,,,,,,5.75,6.25,5.25,5.8,5.85
2024-09-16,,,,,,,,,,,,,,,,,,,,,,,,,,,,,,,,,,,,,,,,,5.75,6.25,5.25,5.8,5.85
2024-09-17,,,,,,,,,,,,,,,,,,,,,,,,,,,,,,,,,,,,,,,,,5.75,6.25,5.25,5.8,5.85
2024-09-18,,,,,,,,,,,,,,,,,,,,,,,,,,,,,,,,,,,,,,,,,5.75,6.25,5.25,5.8,5.85
2024-09-19,,,,,,,,,,,,,,,,,,,,,,,,,,,,,,,,,,,,,,,,,5.75,6.25,5.25,5.8,5.85
2024-09-20,,,,,,,,,,,,,,,,,,,,,,,,,,,,,,,,,,,,,,,,,5.75,6.25,5.25,5.8,5.85
2024-09-21,,,,,,,,,,,,,,,,,,,,,,,,,,,,,,,,,,,,,,,,,5.75,6.25,5.25,5.8,5.85
2024-09-22,,,,,,,,,,,,,,,,,,,,,,,,,,,,,,,,,,,,,,,,,5.75,6.25,5.25,5.8,5.85
2024-09-23,,,,,,,,,,,,,,,,,,,,,,,,,,,,,,,,,,,,,,,,,5.75,6.25,5.25,5.8,5.85
2024-09-24,,,,,,,,,,,,,,,,,,,,,,,,,,,,,,,,,,,,,,,,,5.75,6.25,5.25,5.8,5.85
2024-09-25,,,,,,,,,,,,,,,,,,,,,,,,,,,,,,,,,,,,,,,,,5.75,6.25,5.25,5.8,5.85
2024-09-26,,,,,,,,,,,,,,,,,,,,,,,,,,,,,,,,,,,,,,,,,5.75,6.25,5.25,5.8,5.85
2024-09-27,,,,,,,,,,,,,,,,,,,,,,,,,,,,,,,,,,,,,,,,,5.75,6.25,5.25,5.8,5.85
2024-09-28,,,,,,,,,,,,,,,,,,,,,,,,,,,,,,,,,,,,,,,,,5.75,6.25,5.25,5.8,5.85
2024-09-29,,,,,,,,,,,,,,,,,,,,,,,,,,,,,,,,,,,,,,,,,5.75,6.25,5.25,5.8,5.85
2024-09-30,,,,,,,,,,,,,,,,,,,,,,,,,,,,,,,,,,,,,,,,,5.75,6.25,5.25,5.8,5.85
2024-10-01,,,,,,,,,,,,,,,,,,,,,,,,,,,,,,,,,,,,,,,,,5.75,6.25,5.25,5.8,5.85
2024-10-02,,,,,,,,,,,,,,,,,,,,,,,,,,,,,,,,,,,,,,,,,5.75,6.25,5.25,5.8,5.85
2024-10-03,,,,,,,,,,,,,,,,,,,,,,,,,,,,,,,,,,,,,,,,,5.75,6.25,5.25,5.8,5.85
2024-10-04,,,,,,,,,,,,,,,,,,,,,,,,,,,,,,,,,,,,,,,,,5.75,6.25,5.25,5.8,5.85
2024-10-05,,,,,,,,,,,,,,,,,,,,,,,,,,,,,,,,,,,,,,,,,5.75,6.25,5.25,5.8,5.85
2024-10-06,,,,,,,,,,,,,,,,,,,,,,,,,,,,,,,,,,,,,,,,,5.75,6.25,5.25,5.8,5.85
2024-10-07,,,,,,,,,,,,,,,,,,,,,,,,,,,,,,,,,,,,,,,,,5.75,6.25,5.25,5.8,5.85
2024-10-08,,,,,,,,,,,,,,,,,,,,,,,,,,,,,,,,,,,,,,,,,5.75,6.25,5.25,5.8,5.85
2024-10-09,,,,,,,,,,,,,,,,,,,,,,,,,,,,,,,,,,,,,,,,,5.75,6.25,5.25,5.8,5.85
2024-10-10,,,,,,,,,,,,,,,,,,,,,,,,,,,,,,,,,,,,,,,,,5.75,6.25,5.25,5.8,5.85
2024-10-11,,,,,,,,,,,,,,,,,,,,,,,,,,,,,,,,,,,,,,,,,5.75,6.25,5.25,5.8,5.85
2024-10-12,,,,,,,,,,,,,,,,,,,,,,,,,,,,,,,,,,,,,,,,,5.75,6.25,5.25,5.8,5.85
2024-10-13,,,,,,,,,,,,,,,,,,,,,,,,,,,,,,,,,,,,,,,,,5.75,6.25,5.25,5.8,5.85
2024-10-14,,,,,,,,,,,,,,,,,,,,,,,,,,,,,,,,,,,,,,,,,5.75,6.25,5.25,5.8,5.85
2024-10-15,,,,,,,,,,,,,,,,,,,,,,,,,,,,,,,,,,,,,,,,,5.75,6.25,5.25,5.8,5.85
2024-10-16,,,,,,,,,,,,,,,,,,,,,,,,,,,,,,,,,,,,,,,,,5.75,6.25,5.25,5.8,5.85
2024-10-17,,,,,,,,,,,,,,,,,,,,,,,,,,,,,,,,,,,,,,,,,5.75,6.25,5.25,5.8,5.85
2024-10-18,,,,,,,,,,,,,,,,,,,,,,,,,,,,,,,,,,,,,,,,,5.75,6.25,5.25,5.8,5.85
2024-10-19,,,,,,,,,,,,,,,,,,,,,,,,,,,,,,,,,,,,,,,,,5.75,6.25,5.25,5.8,5.85
2024-10-20,,,,,,,,,,,,,,,,,,,,,,,,,,,,,,,,,,,,,,,,,5.75,6.25,5.25,5.8,5.85
2024-10-21,,,,,,,,,,,,,,,,,,,,,,,,,,,,,,,,,,,,,,,,,5.75,6.25,5.25,5.8,5.85
2024-10-22,,,,,,,,,,,,,,,,,,,,,,,,,,,,,,,,,,,,,,,,,5.75,6.25,5.25,5.8,5.85
2024-10-23,,,,,,,,,,,,,,,,,,,,,,,,,,,,,,,,,,,,,,,,,5.75,6.25,5.25,5.8,5.85
2024-10-24,,,,,,,,,,,,,,,,,,,,,,,,,,,,,,,,,,,,,,,,,5.75,6.25,5.25,5.8,5.85
2024-10-25,,,,,,,,,,,,,,,,,,,,,,,,,,,,,,,,,,,,,,,,,5.75,6.25,5.25,5.8,5.85
2024-10-26,,,,,,,,,,,,,,,,,,,,,,,,,,,,,,,,,,,,,,,,,5.75,6.25,5.25,5.8,5.85
2024-10-27,,,,,,,,,,,,,,,,,,,,,,,,,,,,,,,,,,,,,,,,,5.75,6.25,5.25,5.8,5.85
2024-10-28,,,,,,,,,,,,,,,,,,,,,,,,,,,,,,,,,,,,,,,,,5.75,6.25,5.25,5.8,5.85
2024-10-29,,,,,,,,,,,,,,,,,,,,,,,,,,,,,,,,,,,,,,,,,5.75,6.25,5.25,5.8,5.85
2024-10-30,,,,,,,,,,,,,,,,,,,,,,,,,,,,,,,,,,,,,,,,,5.75,6.25,5.25,5.8,5.85
2024-10-31,,,,,,,,,,,,,,,,,,,,,,,,,,,,,,,,,,,,,,,,,5.75,6.25,5.25,5.8,5.85
2024-11-01,,,,,,,,,,,,,,,,,,,,,,,,,,,,,,,,,,,,,,,,,5.75,6.25,5.25,5.8,5.85
2024-11-02,,,,,,,,,,,,,,,,,,,,,,,,,,,,,,,,,,,,,,,,,5.75,6.25,5.25,5.8,5.85
2024-11-03,,,,,,,,,,,,,,,,,,,,,,,,,,,,,,,,,,,,,,,,,5.75,6.25,5.25,5.8,5.85
2024-11-04,,,,,,,,,,,,,,,,,,,,,,,,,,,,,,,,,,,,,,,,,5.75,6.25,5.25,5.8,5.85
2024-11-05,,,,,,,,,,,,,,,,,,,,,,,,,,,,,,,,,,,,,,,,,5.75,6.25,5.25,5.8,5.85
2024-11-06,,,,,,,,,,,,,,,,,,,,,,,,,,,,,,,,,,,,,,,,,5.75,6.25,5.25,5.8,5.85
2024-11-07,,,,,,,,,,,,,,,,,,,,,,,,,,,,,,,,,,,,,,,,,5.75,6.25,5.25,5.8,5.85
2024-11-08,,,,,,,,,,,,,,,,,,,,,,,,,,,,,,,,,,,,,,,,,5.75,6.25,5.25,5.8,5.85
2024-11-09,,,,,,,,,,,,,,,,,,,,,,,,,,,,,,,,,,,,,,,,,5.75,6.25,5.25,5.8,5.85
2024-11-10,,,,,,,,,,,,,,,,,,,,,,,,,,,,,,,,,,,,,,,,,5.75,6.25,5.25,5.8,5.85
2024-11-11,,,,,,,,,,,,,,,,,,,,,,,,,,,,,,,,,,,,,,,,,5.75,6.25,5.25,5.8,5.85
2024-11-12,,,,,,,,,,,,,,,,,,,,,,,,,,,,,,,,,,,,,,,,,5.75,6.25,5.25,5.8,5.85
2024-11-13,,,,,,,,,,,,,,,,,,,,,,,,,,,,,,,,,,,,,,,,,5.75,6.25,5.25,5.8,5.85
2024-11-14,,,,,,,,,,,,,,,,,,,,,,,,,,,,,,,,,,,,,,,,,5.75,6.25,5.25,5.8,5.85
2024-11-15,,,,,,,,,,,,,,,,,,,,,,,,,,,,,,,,,,,,,,,,,5.75,6.25,5.25,5.8,5.85
2024-11-16,,,,,,,,,,,,,,,,,,,,,,,,,,,,,,,,,,,,,,,,,5.75,6.25,5.25,5.8,5.85
2024-11-17,,,,,,,,,,,,,,,,,,,,,,,,,,,,,,,,,,,,,,,,,5.75,6.25,5.25,5.8,5.85
2024-11-18,,,,,,,,,,,,,,,,,,,,,,,,,,,,,,,,,,,,,,,,,5.75,6.25,5.25,5.8,5.85
2024-11-19,,,,,,,,,,,,,,,,,,,,,,,,,,,,,,,,,,,,,,,,,5.75,6.25,5.25,5.8,5.85
2024-11-20,,,,,,,,,,,,,,,,,,,,,,,,,,,,,,,,,,,,,,,,,5.75,6.25,5.25,5.8,5.85
2024-11-21,,,,,,,,,,,,,,,,,,,,,,,,,,,,,,,,,,,,,,,,,5.75,6.25,5.25,5.8,5.85
2024-11-22,,,,,,,,,,,,,,,,,,,,,,,,,,,,,,,,,,,,,,,,,5.75,6.25,5.25,5.8,5.85
2024-11-23,,,,,,,,,,,,,,,,,,,,,,,,,,,,,,,,,,,,,,,,,5.75,6.25,5.25,5.8,5.85
2024-11-24,,,,,,,,,,,,,,,,,,,,,,,,,,,,,,,,,,,,,,,,,5.75,6.25,5.25,5.8,5.85
2024-11-25,,,,,,,,,,,,,,,,,,,,,,,,,,,,,,,,,,,,,,,,,5.75,6.25,5.25,5.8,5.85
2024-11-26,,,,,,,,,,,,,,,,,,,,,,,,,,,,,,,,,,,,,,,,,5.75,6.25,5.25,5.8,5.85
2024-11-27,,,,,,,,,,,,,,,,,,,,,,,,,,,,,,,,,,,,,,,,,5.75,6.25,5.25,5.8,5.85
2024-11-28,,,,,,,,,,,,,,,,,,,,,,,,,,,,,,,,,,,,,,,,,5.75,6.25,5.25,5.8,5.85
2024-11-29,,,,,,,,,,,,,,,,,,,,,,,,,,,,,,,,,,,,,,,,,5.75,6.25,5.25,5.8,5.85
2024-11-30,,,,,,,,,,,,,,,,,,,,,,,,,,,,,,,,,,,,,,,,,5.75,6.25,5.25,5.8,5.85
2024-12-01,,,,,,,,,,,,,,,,,,,,,,,,,,,,,,,,,,,,,,,,,5.75,6.25,5.25,5.8,5.85
2024-12-02,,,,,,,,,,,,,,,,,,,,,,,,,,,,,,,,,,,,,,,,,5.75,6.25,5.25,5.8,5.85
2024-12-03,,,,,,,,,,,,,,,,,,,,,,,,,,,,,,,,,,,,,,,,,5.75,6.25,5.25,5.8,5.85
2024-12-04,,,,,,,,,,,,,,,,,,,,,,,,,,,,,,,,,,,,,,,,,5.75,6.25,5.25,5.8,5.85
2024-12-05,,,,,,,,,,,,,,,,,,,,,,,,,,,,,,,,,,,,,,,,,5.75,6.25,5.25,5.8,5.85
2024-12-06,,,,,,,,,,,,,,,,,,,,,,,,,,,,,,,,,,,,,,,,,5.75,6.25,5.25,5.8,5.85
2024-12-07,,,,,,,,,,,,,,,,,,,,,,,,,,,,,,,,,,,,,,,,,5.75,6.25,5.25,5.8,5.85
2024-12-08,,,,,,,,,,,,,,,,,,,,,,,,,,,,,,,,,,,,,,,,,5.75,6.25,5.25,5.8,5.85
2024-12-09,,,,,,,,,,,,,,,,,,,,,,,,,,,,,,,,,,,,,,,,,5.75,6.25,5.25,5.8,5.85
2024-12-10,,,,,,,,,,,,,,,,,,,,,,,,,,,,,,,,,,,,,,,,,5.75,6.25,5.25,5.8,5.85
2024-12-11,,,,,,,,,,,,,,,,,,,,,,,,,,,,,,,,,,,,,,,,,5.75,6.25,5.25,5.8,5.85
2024-12-12,,,,,,,,,,,,,,,,,,,,,,,,,,,,,,,,,,,,,,,,,5.75,6.25,5.25,5.8,5.85
2024-12-13,,,,,,,,,,,,,,,,,,,,,,,,,,,,,,,,,,,,,,,,,5.75,6.25,5.25,5.8,5.85
2024-12-14,,,,,,,,,,,,,,,,,,,,,,,,,,,,,,,,,,,,,,,,,5.75,6.25,5.25,5.8,5.85
2024-12-15,,,,,,,,,,,,,,,,,,,,,,,,,,,,,,,,,,,,,,,,,5.75,6.25,5.25,5.8,5.85
2024-12-16,,,,,,,,,,,,,,,,,,,,,,,,,,,,,,,,,,,,,,,,,5.75,6.25,5.25,5.8,5.85
2024-12-17,,,,,,,,,,,,,,,,,,,,,,,,,,,,,,,,,,,,,,,,,5.75,6.25,5.25,5.8,5.85
2024-12-18,,,,,,,,,,,,,,,,,,,,,,,,,,,,,,,,,,,,,,,,,5.75,6.25,5.25,5.8,5.85
2024-12-19,,,,,,,,,,,,,,,,,,,,,,,,,,,,,,,,,,,,,,,,,5.75,6.25,5.25,5.8,5.85
2024-12-20,,,,,,,,,,,,,,,,,,,,,,,,,,,,,,,,,,,,,,,,,5.75,6.25,5.25,5.8,5.85
2024-12-21,,,,,,,,,,,,,,,,,,,,,,,,,,,,,,,,,,,,,,,,,5.75,6.25,5.25,5.8,5.85
2024-12-22,,,,,,,,,,,,,,,,,,,,,,,,,,,,,,,,,,,,,,,,,5.75,6.25,5.25,5.8,5.85
2024-12-23,,,,,,,,,,,,,,,,,,,,,,,,,,,,,,,,,,,,,,,,,5.75,6.25,5.25,5.8,5.85
2024-12-24,,,,,,,,,,,,,,,,,,,,,,,,,,,,,,,,,,,,,,,,,5.75,6.25,5.25,5.8,5.85
2024-12-25,,,,,,,,,,,,,,,,,,,,,,,,,,,,,,,,,,,,,,,,,5.75,6.25,5.25,5.8,5.85
2024-12-26,,,,,,,,,,,,,,,,,,,,,,,,,,,,,,,,,,,,,,,,,5.75,6.25,5.25,5.8,5.85
2024-12-27,,,,,,,,,,,,,,,,,,,,,,,,,,,,,,,,,,,,,,,,,5.75,6.25,5.25,5.8,5.85
2024-12-28,,,,,,,,,,,,,,,,,,,,,,,,,,,,,,,,,,,,,,,,,5.75,6.25,5.25,5.8,5.85
2024-12-29,,,,,,,,,,,,,,,,,,,,,,,,,,,,,,,,,,,,,,,,,5.75,6.25,5.25,5.8,5.85
2024-12-30,,,,,,,,,,,,,,,,,,,,,,,,,,,,,,,,,,,,,,,,,5.75,6.25,5.25,5.8,5.85
2024-12-31,,,,,,,,,,,,,,,,,,,,,,,,,,,,,,,,,,,,,,,,,5.75,6.25,5.25,5.8,5.85
2025-01-01,,,,,,,94419.7578,3353.5042,2.3223,193.8737,0.3243,0.9978,,,,,,,,,,,,,,,,,,,,,,,,,,,,,5.75,6.25,5.25,5.8,5.85
2025-01-02,20024.66,3262.56,8260.1,24898.0,5868.55,,96886.875,3451.3926,2.4034,207.767,0.3386,0.9991,379.28,211.53,4.1286,4.2734,220.22,5.168,73.13,3.66,2658.8999,29.622,2414.28,3.6386,138.27,192.8,19280.79,42392.27,117.55,189.89,441.0,242.53,414.57,597.36,233.97,451.1,2227.13,80936.61,4259.18,71.65,5.75,6.25,5.25,5.8,5.85
2025-01-03,19906.08,3211.43,8224.0,25073.5,5942.47,,98107.4297,3605.0098,2.4529,217.7473,0.3793,0.9995,410.44,213.05,4.1594,4.2704,224.19,5.1508,73.96,3.354,2645.0,29.806,,3.6519,144.43,195.39,19621.68,42732.13,116.95,192.38,430.57,242.04,419.29,602.73,237.17,453.56,2237.57,81444.58,4285.8,71.0,5.75,6.25,5.25,5.8,5.85
2025-01-04,,,,,,,98236.2266,3657.7068,2.4196,216.6229,0.3947,1.0,,,,,,,,,,,,,,,,,,,,,,,,,,,,,5.75,6.25,5.25,5.8,5.85
2025-01-05,,,,,,,98314.9609,3634.1038,2.3997,213.3936,0.3826,0.9999,,,,,,,,,,,,,,,,,,,,,,,,,,,,,5.75,6.25,5.25,5.8,5.85
2025-01-06,20216.19,3206.92,8249.7,24999.8,5975.38,39307.05,102078.0859,3688.6113,2.4188,218.7231,0.388,1.0004,411.05,217.73,4.1411,4.2672,227.61,5.1456,73.56,3.672,2638.3999,30.342,2456.44,3.648,149.39,,19864.98,42706.56,,197.19,431.18,243.67,423.75,628.22,236.01,451.41,,,,,5.75,6.25,5.25,5.8,5.85
2025-01-07,20340.57,3229.64,8245.3,24929.9,5909.03,40083.3,96922.7031,3381.5774,2.2724,202.2303,0.3484,0.9999,394.36,213.71,4.0918,4.2484,222.11,5.1208,74.25,3.449,2656.7,30.447,2458.11,3.6261,140.1,192.6,19489.68,42528.36,119.3,195.95,422.63,240.89,418.32,615.95,238.28,452.92,2257.67,82190.4,4289.26,73.05,5.75,6.25,5.25,5.8,5.85
2025-01-08,20329.94,3230.17,8251.0,25051.7,5918.25,39981.06,95043.5234,3326.3293,2.3753,197.5591,0.3422,0.9998,394.94,215.52,4.1169,4.2558,222.13,5.1364,73.32,3.651,2664.5,30.452,2439.98,3.6449,140.07,183.83,19478.88,42635.2,119.65,194.63,419.58,241.38,420.49,608.8,238.24,451.84,2229.48,81250.71,4258.97,73.4,5.75,6.25,5.25,5.8,5.85
2025-01-09,20317.1,3211.39,8319.7,25073.4,,39605.09,92484.0391,3219.4307,2.2752,185.0253,0.3209,1.0,,,4.1415,4.2731,,5.1202,73.92,3.701,2683.8,30.791,2450.23,3.665,,188.51,,,122.3,,,,,,,,2247.94,81857.12,4278.57,71.65,5.75,6.25,5.25,5.8,5.85
2025-01-10,20214.79,3168.52,8248.5,24767.7,5827.04,39190.4,94701.4531,3267.49,2.3433,187.5792,0.334,0.9999,394.74,221.66,4.1357,4.2595,218.94,5.0877,76.57,3.989,2708.5,31.091,,3.6615,135.87,191.45,19161.63,41938.45,121.6,192.42,405.92,235.56,414.94,613.92,235.05,442.66,2257.16,82210.47,4300.5,72.5,5.75,6.25,5.25,5.8,5.85
2025-01-11,,,,,,,94566.5938,3282.2178,2.5768,187.9955,0.341,0.9996,,,,,,,,,,,,,,,,,,,,,,,,,,,,,5.75,6.25,5.25,5.8,5.85
2025-01-12,,,,,,,94488.4375,3265.9512,2.5063,188.5604,0.336,0.9995,,,,,,,,,,,2458.76,,,,,,,,,,,,,,,,,,5.75,6.25,5.25,5.8,5.85
2025-01-13,20132.85,3160.75,8224.2,24536.3,5836.22,,94516.5234,3135.4998,2.5229,182.8354,0.3383,0.9995,403.31,230.08,4.1613,4.2628,218.46,5.0785,78.82,3.934,2673.5,30.091,2454.09,3.6826,133.19,189.31,19088.1,42297.12,121.15,191.54,408.5,233.13,413.19,606.42,239.3,443.91,2221.3,80971.81,4267.82,69.9,5.75,6.25,5.25,5.8,5.85
2025-01-14,20271.33,3240.94,8201.5,24588.6,5842.91,38474.3,96534.0469,3223.6846,2.6691,187.4986,0.3561,0.9998,396.36,231.59,4.1584,4.2687,217.76,5.087,77.5,3.968,2677.5,30.132,2487.34,3.6539,131.72,191.3,19044.39,42518.28,120.9,190.31,412.71,232.01,411.69,592.38,242.5,450.03,2238.04,81464.24,4258.31,69.9,5.75,6.25,5.25,5.8,5.85
2025-01-15,20574.68,3227.12,8301.1,24789.3,5949.91,38444.58,100504.4922,3450.5376,3.1551,205.9113,0.3857,1.0,428.22,232.61,4.1354,4.2621,223.35,5.0478,80.04,4.083,2712.5,31.319,2514.97,3.6225,136.2,193.84,19511.23,43221.55,123.6,196.22,417.28,236.58,422.22,615.18,247.28,458.51,2285.51,82883.69,4270.65,68.1,5.75,6.25,5.25,5.8,5.85
2025-01-16,20655.39,3236.03,8391.9,24846.2,5937.34,38572.6,99756.9062,3308.3452,3.2455,211.2278,0.3767,0.9999,413.82,233.19,4.1347,4.2566,220.66,5.0618,78.68,4.258,2746.3999,31.523,2525.39,3.6059,133.53,206.35,19338.29,43153.13,124.25,193.66,426.93,227.02,420.51,609.38,249.16,462.81,2278.58,82705.76,4272.3,69.2,5.75,6.25,5.25,5.8,5.85
2025-01-17,20903.39,3241.82,8505.2,25067.9,5996.66,38451.46,104462.0391,3474.1072,3.2986,219.6216,0.4159,1.0003,426.5,232.69,4.138,4.2628,225.94,5.0627,77.88,3.948,2744.3,30.951,,3.614,137.67,217.71,19630.2,43487.83,126.4,196.78,429.99,228.73,424.92,610.84,253.95,467.95,2307.26,83676.42,4253.5,69.55,5.75,6.25,5.25,5.8,5.85
2025-01-18,,,,,,,104408.0703,3305.7896,3.274,261.8698,0.3961,0.9991,,,,,,,,,,,,,,,,,,,,,,,,,,,,,5.75,6.25,5.25,5.8,5.85
2025-01-19,,,,,,,101089.6094,3208.9644,2.9547,250.5864,0.3578,0.999,,,,,,,,,,,2552.3,,,,,,,,,,,,,,,,,,5.75,6.25,5.25,5.8,5.85
2025-01-20,20990.31,3244.38,8520.5,25130.8,,38902.5,102016.6641,3278.0354,3.0998,242.2502,0.3546,0.999,,,4.1437,4.2585,,5.043,,,,,2551.77,3.5616,,215.91,,,126.8,,,,,,,,2324.8,84254.98,4283.48,70.25,5.75,6.25,5.25,5.8,5.85
2025-01-21,21042.0,3242.62,8548.3,25281.6,6049.24,39027.98,106146.2656,3327.4062,3.1694,250.4138,0.3716,0.9999,424.07,235.85,4.0788,4.2502,230.71,5.029,75.89,3.756,2755.0,31.311,2551.9,3.5671,140.79,221.99,19756.78,44025.81,125.0,198.86,436.36,221.43,424.39,614.52,257.75,468.57,2332.87,84425.62,4315.86,69.2,5.75,6.25,5.25,5.8,5.85
2025-01-22,21254.27,3213.62,8545.1,25311.5,6086.37,39646.25,103653.0703,3240.2246,3.1711,257.2374,0.3631,0.9995,415.11,235.84,4.083,4.2486,235.01,5.0363,75.44,3.96,2767.6001,31.239,2537.33,3.5536,147.03,211.03,20009.34,44156.73,123.5,199.25,437.32,222.61,441.92,621.54,257.56,460.51,2362.75,85298.3,4313.61,68.2,5.75,6.25,5.25,5.8,5.85
2025-01-23,21411.53,3230.16,8565.2,25434.1,6118.71,39958.87,103960.1719,3334.7141,3.1199,253.4552,0.3524,1.0002,412.38,235.84,4.0563,4.2218,235.42,4.9948,74.62,3.945,2763.1001,30.673,2517.69,3.5303,147.18,211.93,20053.68,44565.07,123.2,198.81,437.28,222.44,442.43,634.45,260.61,459.83,2363.24,85248.16,4325.27,66.35,5.75,6.25,5.25,5.8,5.85
2025-01-24,21394.93,3252.63,8502.4,25468.5,6101.24,39931.98,104819.4844,3309.5549,3.1035,253.3612,0.3507,0.9999,406.58,235.84,4.0445,4.2126,234.85,4.9948,74.66,4.027,2777.3,31.023,,3.5781,142.58,206.35,19954.3,44424.25,127.35,201.12,435.38,221.57,439.8,645.45,259.52,463.19,2378.78,85840.78,4353.15,65.35,5.75,6.25,5.25,5.8,5.85
2025-01-25,,,,,,,104714.6484,3317.2695,3.1097,256.0736,0.3538,0.9999,,,,,,,,,,,,,,,,,,,,,,,,,,,,,5.75,6.25,5.25,5.8,5.85
2025-01-26,,,,,,,102682.5,3236.1343,3.0262,240.8835,0.3363,0.9997,,,,,,,,,,,2520.7,,,,,,,,,,,,,,,,,,5.75,6.25,5.25,5.8,5.85
2025-01-27,21282.18,3250.6,8503.7,25289.2,6012.28,39565.8,102087.6875,3178.9204,3.0532,235.0744,0.3338,1.0,397.15,235.84,4.0221,4.21,235.42,5.0106,73.17,3.697,2737.5,30.254,2463.6,3.5727,118.39,204.26,19341.83,44713.58,123.3,193.02,438.6,228.61,430.4,657.81,260.51,474.7,2376.4,85548.18,4305.57,66.5,5.75,6.25,5.25,5.8,5.85
2025-01-28,21430.58,,8533.9,25419.5,6067.7,39016.87,101332.4766,3077.1125,3.0611,227.204,0.3191,0.9996,398.09,228.76,4.0341,4.2134,238.15,5.0262,73.77,3.471,2766.8,30.727,2467.82,3.6043,128.95,202.26,19733.59,44850.35,121.4,196.31,442.84,236.97,442.91,672.21,261.77,469.97,2399.02,86194.5,4294.03,67.9,5.75,6.25,5.25,5.8,5.85
2025-01-29,21637.53,,8557.8,25473.3,6039.31,39414.78,103703.2109,3112.999,3.0683,227.9449,0.3239,1.0001,389.1,229.37,4.0273,4.2007,237.07,5.0107,72.62,3.535,2769.1001,31.238,2473.23,3.6244,123.67,203.76,19632.32,44713.52,124.35,196.42,441.68,238.06,438.09,674.36,261.22,469.26,2398.68,86203.19,4322.39,68.1,5.75,6.25,5.25,5.8,5.85
2025-01-30,21727.2,,8646.9,25808.3,6071.17,39513.97,104735.3047,3247.78,3.1311,239.0231,0.3315,1.0001,400.28,230.12,4.0289,4.2,234.64,5.0179,72.73,3.047,2823.0,32.364,2448.65,3.5966,124.62,210.23,19681.75,44882.13,127.8,201.84,446.0,236.3,411.01,684.84,262.84,472.35,2441.23,87612.13,4330.61,67.75,5.75,6.25,5.25,5.8,5.85
2025-01-31,21732.05,,8674.0,25533.1,6040.53,39572.49,102405.0234,3298.2651,3.0354,231.6379,0.3287,0.9998,404.6,233.25,4.0379,4.1976,237.68,5.0186,72.53,3.044,2812.5,32.128,,3.579,120.04,210.33,19627.44,44544.66,125.75,204.8,437.45,234.72,411.08,687.01,261.93,468.67,2433.77,87367.57,4332.15,67.75,5.75,6.25,5.25,5.8,5.85
2025-02-01,,,,,,,100655.9062,3118.3286,2.8845,213.785,0.3084,0.9998,,,,,,,,,,,,,,,,,,,,,,,,,,,,,5.75,6.25,5.25,5.8,5.85
2025-02-02,,,,,,,97688.9766,2868.6929,2.5798,203.1196,0.2675,0.9998,,,,,,,,,,,2457.77,,,,,,,,,,,,,,,,,,5.75,6.25,5.25,5.8,5.85
2025-02-03,21428.24,,8583.6,25241.8,5994.57,38520.09,101405.4219,2884.5667,2.7012,216.1496,0.285,1.0011,383.68,233.42,4.1172,4.2192,237.42,5.0608,73.16,3.352,2833.8999,32.392,2449.01,3.5741,116.63,208.04,19391.96,44421.91,122.95,201.85,438.6,226.77,406.98,695.27,261.45,464.61,2390.37,85963.68,4293.18,67.4,5.75,6.25,5.25,5.8,5.85
2025-02-04,21505.7,,8570.8,25279.4,6037.88,38798.37,97871.8203,2735.0513,2.5354,207.092,0.2641,1.0002,392.21,231.38,4.0934,4.2272,242.06,5.0888,72.7,3.253,2853.3,32.888,2475.91,3.5745,118.62,214.02,19654.02,44556.04,124.45,206.9,440.23,231.54,408.42,701.98,262.56,467.49,2414.96,86793.21,4324.61,67.4,5.75,6.25,5.25,5.8,5.85
2025-02-05,21585.93,3229.49,8623.3,25569.8,6061.48,38831.48,96615.4453,2787.7791,2.3823,195.9881,0.2562,1.0001,378.17,231.54,4.0564,4.2074,236.17,5.061,71.03,3.36,2871.6001,32.857,2508.99,3.5677,124.8,220.8,19692.33,44873.28,123.0,192.55,437.63,231.21,409.33,702.65,265.0,473.73,2394.72,86131.83,4303.6,65.7,5.75,6.25,5.25,5.8,5.85
2025-02-06,21902.42,3270.66,8727.3,25534.5,6083.57,39066.53,96593.2969,2688.4009,2.3269,189.7725,0.2481,1.0002,374.32,231.54,4.0374,4.1992,238.83,5.0482,70.61,3.408,2856.0,32.518,2508.15,3.5442,128.64,218.21,19791.99,44747.63,128.85,192.56,435.4,231.95,411.84,709.75,271.34,477.22,2460.45,88376.12,4381.92,67.05,5.75,6.25,5.25,5.8,5.85
2025-02-07,21787.0,3303.67,8700.5,25442.9,6025.99,38787.02,96529.0859,2622.2112,2.3936,192.2047,0.2466,1.0003,361.62,231.54,4.034,4.1894,229.15,5.0166,71.0,3.309,2867.3,32.335,,3.5528,129.8,215.81,19523.4,44303.4,132.3,186.41,433.07,226.39,405.82,712.27,270.26,472.74,2488.16,89150.14,4368.55,67.95,5.75,6.25,5.25,5.8,5.85
2025-02-08,,,,,,,96482.4531,2632.3083,2.4244,199.5999,0.2533,1.0002,,,,,,,,,,,,,,,,,,,,,,,,,,,,,5.75,6.25,5.25,5.8,5.85
2025-02-09,,,,,,,96500.0938,2628.7212,2.3969,200.4976,0.2493,1.0002,,,,,,,,,,,2491.34,,,,,,,,,,,,,,,,,,5.75,6.25,5.25,5.8,5.85
2025-02-10,21911.74,3322.17,8767.8,25658.9,6066.44,38801.17,97437.5547,2661.1667,2.4227,200.3564,0.2553,1.0001,350.73,231.54,4.0612,4.1884,233.14,5.035,72.32,3.444,2914.3,32.392,2515.48,3.5552,133.53,218.21,19714.27,44470.41,140.0,187.47,451.1,226.66,408.27,715.14,265.59,470.17,2507.54,89895.48,4372.35,69.2,5.75,6.25,5.25,5.8,5.85
2025-02-11,22037.83,3318.06,8777.4,25631.8,6068.5,,95747.4297,2602.782,2.4142,197.9824,0.2531,0.9999,328.5,232.23,4.0572,4.1808,232.76,5.0122,73.32,3.519,2912.5,32.231,2490.9,3.5658,132.76,223.49,19643.86,44593.65,136.0,186.34,458.82,231.61,407.5,717.54,269.46,472.61,2535.24,90993.39,4352.07,68.85,5.75,6.25,5.25,5.8,5.85
2025-02-12,22148.03,3346.39,8807.4,25563.1,6051.97,38963.7,97885.8594,2736.9021,2.4728,196.7738,0.2641,1.0001,336.51,234.52,4.0242,4.1708,228.93,5.0107,71.37,3.565,2909.0,32.695,2455.1,3.5871,131.1,228.47,19649.95,44368.56,134.8,184.71,462.76,235.84,405.12,723.1,269.92,471.73,2568.72,91778.14,4325.73,69.0,5.75,6.25,5.25,5.8,5.85
2025-02-13,22612.02,3332.48,8764.7,25698.5,6115.07,39461.47,96623.8672,2675.9026,2.5625,194.461,0.2625,1.0002,355.94,235.66,4.0026,4.1605,230.37,4.9869,71.29,3.628,2925.8999,32.65,2499.31,3.5919,135.25,226.08,19945.64,44711.43,136.35,187.15,459.22,240.48,406.61,726.27,270.77,480.49,2594.92,92342.43,4293.08,70.8,5.75,6.25,5.25,5.8,5.85
2025-02-14,22513.42,3346.72,8732.5,25483.2,6114.63,39149.43,97508.9688,2726.0916,2.7402,199.9357,0.2719,1.0001,355.84,234.86,3.9828,4.1664,228.68,5.0037,70.74,3.725,2883.6001,32.801,,3.5636,138.81,225.98,20026.77,44546.08,136.8,186.15,460.16,243.54,404.52,734.35,271.03,479.59,2575.77,91788.05,4304.08,70.8,5.75,6.25,5.25,5.8,5.85
2025-02-15,,,,,,,97580.3516,2693.5598,2.7616,194.4821,0.2717,1.0002,,,,,,,,,,,,,,,,,,,,,,,,,,,,,5.75,6.25,5.25,5.8,5.85
2025-02-16,,,,,,,96175.0312,2663.3159,2.7278,188.4864,0.2657,1.0001,,,,,,,,,,,2501.21,,,,,,,,,,,,,,,,,,5.75,6.25,5.25,5.8,5.85
2025-02-17,22798.09,3355.83,8768.0,,,39174.25,95773.3828,2743.1997,2.6583,177.6897,0.2581,0.9999,,,3.9735,4.1677,,5.0,,,,,2492.42,3.5465,,229.17,,,138.9,,,,,,,,2596.79,92461.23,4267.66,71.65,5.75,6.25,5.25,5.8,5.85
2025-02-18,22844.5,3324.49,8766.7,25648.8,6129.58,39270.4,95539.5469,2669.3389,2.5589,169.0843,0.2509,0.9994,354.11,234.66,3.9634,4.1573,226.65,5.0044,71.85,4.007,2931.6001,33.317,2534.02,3.5587,139.36,228.17,20041.26,44556.34,139.3,185.08,464.11,243.41,405.71,714.12,274.33,482.82,2671.05,94650.54,4344.63,72.35,5.75,6.25,5.25,5.8,5.85
2025-02-19,22433.63,3351.54,8712.5,25626.2,6144.15,39164.61,96635.6094,2715.771,2.7408,169.0108,0.2548,0.9999,360.56,234.66,3.9673,4.1452,226.63,5.0118,72.25,4.28,2919.3999,32.993,2528.01,3.5495,139.19,227.47,20056.25,44627.59,137.2,186.4,456.99,243.81,410.8,701.56,273.64,483.77,2634.88,93461.23,4326.96,72.35,5.75,6.25,5.25,5.8,5.85
2025-02-20,22314.65,3350.78,8663.0,25514.1,6117.52,38678.04,98333.9375,2740.3865,2.6908,176.0489,0.2549,1.0003,354.4,235.59,4.0065,4.1758,222.88,5.0397,72.57,4.152,2940.0,33.444,2514.57,3.5426,140.07,224.98,19962.36,44176.65,139.05,185.92,454.69,244.76,412.97,692.66,261.44,481.8,2613.76,92958.43,4294.08,73.4,5.75,6.25,5.25,5.8,5.85
2025-02-21,22287.56,3379.11,8659.4,25147.0,6013.13,38776.94,96125.5469,2659.6555,2.5701,168.8916,0.2393,0.9995,337.8,235.63,3.9606,4.1587,216.58,5.0205,70.4,4.234,2937.6001,32.976,,3.5452,134.39,227.37,19524.01,43428.02,137.75,180.88,444.32,244.48,405.11,681.4,258.93,478.74,2618.17,93117.48,4337.37,73.4,5.75,6.25,5.25,5.8,5.85
2025-02-22,,,,,,,96577.7578,2764.0293,2.5757,172.1629,0.2467,1.0002,,,,,,,,,,,,,,,,,,,,,,,,,,,,,5.75,6.25,5.25,5.8,5.85
2025-02-23,,,,,,,96273.9219,2821.3103,2.577,168.0381,0.243,1.0001,,,,,,,,,,,2483.98,,,,,,,,,,,,,,,,,,5.75,6.25,5.25,5.8,5.85
2025-02-24,22425.93,3373.03,8659.0,25151.3,5983.25,,91418.1719,2513.8213,2.2779,141.9895,0.2104,0.9998,330.53,235.63,3.9705,4.1588,212.71,5.0225,70.7,3.994,2947.8999,32.575,2463.64,3.5645,130.24,220.9,19286.93,43461.21,134.25,180.49,444.42,246.03,400.93,666.03,256.09,498.42,2555.74,91306.52,4279.27,73.05,5.75,6.25,5.25,5.8,5.85
2025-02-25,22410.27,3346.04,8668.7,25204.0,5955.25,38237.79,88736.1719,2493.5925,2.3207,144.1078,0.2124,0.999,302.8,235.67,3.9599,4.1424,212.8,4.9963,68.93,4.174,2904.5,31.801,2460.91,3.5767,126.6,219.9,19026.39,43621.16,133.0,176.68,443.41,245.97,394.88,655.43,252.23,499.82,2572.05,91730.25,4277.76,71.55,5.75,6.25,5.25,5.8,5.85
2025-02-26,22794.11,3380.21,8731.5,25328.4,5956.06,38142.37,84347.0234,2331.4526,2.1924,134.8313,0.2055,1.0002,290.8,235.85,3.9332,4.1393,214.35,4.9854,68.62,3.906,2916.8,32.253,2471.97,3.5804,131.24,222.09,19075.26,43433.12,136.2,174.02,441.5,239.32,396.69,671.58,253.59,494.1,2620.35,93267.22,4308.25,71.05,5.75,6.25,5.25,5.8,5.85
2025-02-27,22550.89,3388.06,8756.2,25128.2,5861.57,38256.17,84704.2266,2305.4844,2.1986,137.6208,0.2068,0.999,281.95,235.85,3.9422,4.1356,208.74,5.0021,70.35,3.934,2883.2,31.801,2469.61,3.554,120.12,217.21,18544.42,43239.5,132.15,169.55,437.19,236.27,389.55,656.17,253.84,502.41,2590.06,92380.21,4318.09,69.55,5.75,6.25,5.25,5.8,5.85
2025-02-28,22551.43,3320.9,8809.7,25393.5,5954.5,37155.5,84373.0078,2237.9053,2.1456,148.03,0.202,0.9995,292.98,232.8,4.0035,4.1614,212.28,5.0437,69.76,3.834,2836.8,31.219,,3.5751,124.89,220.8,18847.28,43840.91,129.45,171.55,438.56,240.79,393.97,666.1,259.33,513.83,2579.52,91996.4,4310.68,69.55,5.75,6.25,5.25,5.8,5.85
2025-03-01,,,,,,,86031.9141,2216.6433,2.1906,143.6757,0.2065,0.9994,,,,,,,,,,,,,,,,,,,,,,,,,,,,,5.75,6.25,5.25,5.8,5.85
2025-03-02,,,,,,,94248.3516,2519.6946,2.9369,178.4955,0.2393,1.0001,,,,,,,,,,,2456.33,,,,,,,,,,,,,,,,,,5.75,6.25,5.25,5.8,5.85
2025-03-03,23147.02,3316.93,8871.3,25001.6,5849.72,37785.47,86065.6719,2145.574,2.3857,142.0211,0.1991,0.9992,284.65,232.8,4.0048,4.1701,205.02,5.0473,68.37,4.122,2890.2,32.032,2497.5,3.597,114.03,220.2,18350.19,43191.24,131.7,168.01,440.72,237.0,385.54,652.99,255.38,510.08,2601.65,92526.5,4301.24,69.2,5.75,6.25,5.25,5.8,5.85
2025-03-04,22326.81,3324.21,8759.0,24572.0,5778.15,37331.18,87222.1953,2170.0151,2.4551,144.9166,0.1991,0.9997,272.04,224.44,3.9664,4.1585,203.8,5.0383,68.26,4.35,2909.6001,32.108,2451.69,3.5956,115.96,215.22,18285.16,42520.99,127.35,171.94,446.03,234.91,385.66,637.99,245.22,495.86,2499.54,89280.31,4205.91,68.0,5.75,6.25,5.25,5.8,5.85
2025-03-05,23081.03,3341.97,8755.8,24870.8,5842.63,37418.24,90623.5625,2241.9773,2.5005,146.2673,0.2047,0.9999,279.1,224.63,3.9165,4.1608,208.36,5.0102,66.31,4.45,2915.3,32.858,2479.64,3.6418,117.27,218.4,18552.73,43006.59,132.75,174.31,451.24,234.72,397.97,654.41,246.48,498.5,2591.79,92060.85,4289.77,68.5,5.75,6.25,5.25,5.8,5.85
2025-03-06,23419.48,3381.1,8682.8,24584.0,5738.52,37704.93,89961.7266,2202.4768,2.6017,143.3552,0.2017,1.0001,263.45,224.74,3.846,4.1512,200.7,4.9573,66.36,4.302,2916.6001,33.063,2467.04,3.6172,110.54,215.02,18069.26,42579.08,133.1,173.53,444.78,234.31,393.87,625.96,241.59,497.84,2638.92,93444.96,4287.75,69.2,5.75,6.25,5.25,5.8,5.85
2025-03-07,23008.94,3372.55,8679.9,24758.8,5770.2,36887.17,86742.6719,2138.9875,2.3816,139.2091,0.198,0.9996,262.67,224.56,3.8671,4.1715,199.25,4.9828,67.04,4.399,2904.7,32.548,,3.6059,112.66,214.72,18196.22,42801.72,131.65,175.07,449.4,238.03,390.32,623.69,237.41,495.62,2642.59,93611.8,4312.31,68.05,5.75,6.25,5.25,5.8,5.85
2025-03-08,,,,,,,86154.5938,2201.5103,2.3234,136.9421,0.1922,0.9997,,,,,,,,,,,,,,,,,,,,,,,,,,,,,5.75,6.25,5.25,5.8,5.85
2025-03-09,,,,,,,80601.0391,2015.5092,2.1346,126.4354,0.1678,0.9997,,,,,,,,,,,2493.87,,,,,,,,,,,,,,,,,,5.75,6.25,5.25,5.8,5.85
2025-03-10,22620.95,3366.16,8600.2,24380.7,5614.56,37028.27,78532.0,1861.1514,2.0183,118.2917,0.1541,0.9997,222.15,224.56,3.8297,4.1592,194.54,4.9526,66.03,4.491,2891.0,32.275,2477.59,3.6285,106.95,211.83,17468.32,41911.71,128.0,167.35,435.08,226.49,377.27,596.11,227.55,497.1,2589.87,92203.3,4343.72,67.0,5.75,6.25,5.25,5.8,5.85
2025-03-11,22328.77,3379.83,8496.0,24248.2,5572.07,36793.11,82862.2109,1919.845,2.1669,125.2639,0.1642,0.9998,230.58,224.66,3.8703,4.1952,196.59,4.9833,66.25,4.453,2912.8999,32.888,2462.24,3.6394,108.73,208.94,17436.1,41433.48,128.25,165.52,433.66,219.88,377.56,603.81,224.54,496.25,2584.04,91991.0,4338.75,65.05,5.75,6.25,5.25,5.8,5.85
2025-03-12,22676.41,3371.92,8541.0,24423.3,5599.3,36819.09,83722.3594,1908.9827,2.2408,126.5832,0.1724,0.9997,248.09,224.52,3.8407,4.1917,198.89,4.9716,67.68,4.084,2939.1001,33.484,2493.35,3.6526,115.72,208.94,17648.45,41350.93,129.15,168.54,438.6,216.04,380.36,617.61,223.32,495.94,2626.79,93428.42,4403.6,66.55,5.75,6.25,5.25,5.8,5.85
2025-03-13,22567.14,3358.73,8542.6,24203.2,5521.52,36790.03,81066.7031,1862.9696,2.251,123.2861,0.1651,0.9996,240.68,222.8,3.8452,4.1838,193.89,4.9825,66.55,4.111,2984.3,34.051,2510.92,3.6387,115.56,212.53,17303.01,40813.57,132.6,164.28,377.84,208.77,375.89,588.78,220.67,504.25,2683.05,94955.29,4376.17,62.65,5.75,6.25,5.25,5.8,5.85
2025-03-14,22986.82,3419.56,8632.3,24553.4,5638.94,37053.1,83969.1016,1909.4675,2.3564,133.3145,0.1718,1.0,249.98,218.93,3.8502,4.1794,197.95,4.9885,67.18,4.104,2994.5,34.187,,3.6622,121.65,215.22,17754.09,41488.19,137.15,167.16,394.74,212.56,385.61,606.23,227.77,514.6,2754.38,97045.24,4390.65,60.65,5.75,6.25,5.25,5.8,5.85
2025-03-15,,,,,,,84343.1094,1937.3947,2.3932,135.9125,0.1761,1.0,,,,,,,,,,,,,,,,,,,,,,,,,,,,,5.75,6.25,5.25,5.8,5.85
2025-03-16,,,,,,,82579.6875,1887.4351,2.2979,125.9881,0.1682,1.0001,,,,,,,,,,,2529.73,,,,,,,,,,,,,,,,,,5.75,6.25,5.25,5.8,5.85
2025-03-17,23154.57,3426.13,8680.3,24785.1,5675.12,37396.52,84075.6875,1927.0029,2.3406,128.1637,0.1735,1.0,238.01,218.71,3.8398,4.178,195.74,4.9648,67.58,4.018,3000.0,34.074,2530.37,3.6454,119.51,215.22,17808.66,41841.63,138.8,166.11,399.34,213.07,385.75,603.54,229.23,523.01,2777.61,98011.87,4454.78,61.65,5.75,6.25,5.25,5.8,5.85
2025-03-18,23380.7,3429.76,8705.2,24706.1,5614.66,37845.42,82718.5,1932.5435,2.287,125.3127,0.168,0.9998,225.31,216.74,3.8295,4.1813,192.82,4.9759,66.9,4.052,3035.1001,34.579,2517.45,3.6511,115.41,216.41,17504.12,41581.31,139.0,162.22,391.37,211.77,380.61,581.05,230.25,523.14,2799.02,98770.37,4592.07,60.65,5.75,6.25,5.25,5.8,5.85
2025-03-19,23288.06,3426.43,8706.7,25069.2,5675.29,37751.88,86854.2266,2057.749,2.5458,135.5725,0.1781,1.0003,235.86,216.43,3.8192,4.1778,195.54,4.9651,67.16,4.247,3035.8999,33.975,2504.63,3.6671,117.5,217.41,17750.79,41964.63,138.9,165.82,387.89,214.31,384.87,582.74,234.31,525.27,2779.33,98439.39,4639.94,60.95,5.75,6.25,5.25,5.8,5.85
2025-03-20,22999.15,3408.95,8702.0,25060.2,5662.89,,84167.1953,1982.0999,2.4347,127.4972,0.1694,0.9995,236.26,215.48,3.8327,4.1821,194.95,4.9867,68.26,3.975,3040.0,33.786,2501.73,3.6635,118.51,221.69,17691.63,41953.32,138.2,164.6,389.61,213.17,383.9,584.68,234.21,528.73,2753.23,97609.94,4626.17,60.0,5.75,6.25,5.25,5.8,5.85
2025-03-21,22891.68,3364.83,8646.8,24968.5,5667.56,37677.06,84043.2422,1964.8475,2.3793,128.4303,0.1671,0.9996,248.71,215.26,3.86,4.1905,196.21,5.0052,68.28,3.98,3018.2,33.29,,3.6766,117.68,221.89,17784.05,41985.35,135.2,165.79,387.26,217.32,388.29,594.9,236.78,521.91,2725.07,96891.23,4666.78,58.95,5.75,6.25,5.25,5.8,5.85
2025-03-22,,,,,,,83832.4844,1980.0378,2.3698,128.485,0.1673,0.9999,,,,,,,,,,,,,,,,,,,,,,,,,,,,,5.75,6.25,5.25,5.8,5.85
2025-03-23,,,,,,,86054.375,2005.2992,2.4355,132.5993,0.1723,1.0,,,,,,,,,,,2420.33,,,,,,,,,,,,,,,,,,5.75,6.25,5.25,5.8,5.85
2025-03-24,22852.66,3370.03,8638.0,25304.1,5767.57,37608.49,87498.9141,2077.479,2.4482,140.8693,0.1829,1.0004,278.39,213.38,3.8703,4.1936,203.26,5.0021,69.11,3.914,3013.1001,33.265,2466.5,3.7153,121.39,222.99,18188.59,42583.32,139.65,169.46,394.47,219.77,390.09,617.45,243.08,525.85,2767.76,98281.71,4657.99,59.65,5.75,6.25,5.25,5.8,5.85
2025-03-25,23109.79,3369.98,8663.8,25339.5,5776.65,37780.54,87471.7031,2067.7642,2.4513,143.8171,0.1909,1.0002,288.14,213.38,3.8639,4.1742,205.71,4.9935,69.0,3.84,3023.7,34.002,2470.08,3.675,120.67,228.87,18271.86,42587.5,140.75,172.32,403.64,222.78,392.16,624.9,246.08,528.87,2800.29,99487.67,4734.37,60.15,5.75,6.25,5.25,5.8,5.85
2025-03-26,22839.03,3368.7,8689.6,25161.1,5712.2,38027.29,86900.8828,2009.1893,2.3491,137.2886,0.1948,1.0001,272.06,213.48,3.8575,4.1612,201.13,4.9963,69.65,3.861,3020.8999,34.033,2439.62,3.6658,113.74,210.63,17899.02,42454.79,136.3,166.68,397.81,220.57,387.01,609.6,245.99,533.21,2769.17,98547.63,4660.22,60.4,5.75,6.25,5.25,5.8,5.85
2025-03-27,22678.74,3373.75,8666.1,25161.1,5693.31,37799.97,87177.1016,2002.3574,2.3383,138.3474,0.1905,0.9997,273.13,213.44,3.894,4.1826,201.36,5.0142,69.92,3.95,3060.2,34.897,2461.34,3.688,111.41,209.64,17804.03,42299.7,136.2,163.63,396.15,222.88,387.61,601.22,243.13,534.52,2780.04,98745.21,4666.86,61.05,5.75,6.25,5.25,5.8,5.85
2025-03-28,22461.52,3351.31,8658.9,24759.2,5580.94,37120.33,84353.1484,1895.5029,2.2041,129.4232,0.1802,0.9995,263.55,213.37,3.8732,4.1833,192.72,5.0161,69.36,4.065,3086.5,34.644,,3.6744,109.65,217.61,17322.99,41583.9,129.85,155.63,385.71,216.95,375.92,575.44,237.97,526.31,2747.7,97819.39,4618.1,58.25,5.75,6.25,5.25,5.8,5.85
2025-03-29,,,,,,,82597.5859,1827.3203,2.1399,124.5876,0.1696,0.9996,,,,,,,,,,,,,,,,,,,,,,,,,,,,,5.75,6.25,5.25,5.8,5.85
2025-03-30,,,,,,,82334.5234,1806.2186,2.1361,124.6426,0.1663,0.9999,,,,,,,,,,,2427.57,,,,,,,,,,,,,,,,,,5.75,6.25,5.25,5.8,5.85
2025-03-31,22163.49,3335.75,8582.8,24917.5,5611.85,35617.56,82548.9141,1823.48,2.0899,124.6941,0.1667,0.9998,259.16,213.38,3.8575,4.1752,190.26,4.9929,71.48,4.119,3122.8,34.457,2418.23,3.6897,108.36,211.03,17299.29,42001.76,125.45,155.8,383.53,221.17,372.54,575.06,240.37,532.58,2689.05,95953.33,4658.4,55.85,5.75,6.25,5.25,5.8,5.85
2025-04-01,22539.98,3348.44,8634.8,25033.3,5633.07,35624.48,85169.1719,1905.4915,2.1396,126.6824,0.1741,1.0,268.46,213.38,3.8646,4.1809,192.17,4.9956,71.2,3.951,3118.8999,34.158,2426.55,3.7265,110.13,209.24,17449.89,41989.96,128.25,158.44,383.2,222.22,379.29,584.68,238.76,532.99,2735.15,97511.08,4717.91,57.4,5.75,6.25,5.25,5.8,5.85
2025-04-02,22390.84,3350.13,8608.5,25307.2,5670.97,35725.87,82485.7109,1795.3132,2.0251,117.7576,0.1642,0.9998,282.76,216.7,3.8736,4.1817,196.01,5.0059,71.71,4.055,3139.8999,34.499,2463.69,3.694,110.4,215.71,17601.05,42225.32,127.8,158.42,385.78,222.92,379.24,582.61,240.88,537.72,2747.99,97963.95,4697.94,56.95,5.75,6.25,5.25,5.8,5.85
2025-04-03,21717.39,3342.01,8474.7,24335.8,5396.52,34735.93,83102.8281,1815.6372,2.0625,117.0615,0.1621,0.9996,267.28,215.9,3.8295,4.1774,178.41,4.9976,66.95,4.138,3097.0,31.844,2448.47,3.6985,101.78,211.63,16550.61,40545.93,120.65,152.21,367.25,202.31,370.28,530.42,224.1,530.16,2635.76,94482.05,4654.99,57.95,5.75,6.25,5.25,5.8,5.85
2025-04-04,20641.72,,8055.0,23193.5,5074.08,33780.58,83843.8047,1815.3352,2.129,122.7869,0.1711,0.9996,239.43,215.74,3.8242,4.2221,171.0,5.0049,61.99,3.837,3012.0,29.116,,3.7012,94.29,211.93,15587.79,38314.86,109.2,147.33,349.07,187.56,357.11,503.59,207.32,493.54,2467.99,89040.0,4556.5,54.95,5.75,6.25,5.25,5.8,5.85
2025-04-05,,,,,,,83504.7969,1805.9733,2.1437,120.259,0.169,0.9996,,,,,,,,,,,,,,,,,,,,,,,,,,,,,5.75,6.25,5.25,5.8,5.85
2025-04-06,,,,,,,78214.4844,1576.728,1.9179,105.712,0.1488,0.9993,,,,,,,,,,,2352.3,,,,,,,,,,,,,,,,,,5.75,6.25,5.25,5.8,5.85
2025-04-07,19789.62,3096.58,7702.1,22859.5,5062.25,31136.58,79235.3359,1555.241,1.8978,106.9028,0.1495,0.9998,233.29,214.24,3.8837,4.2653,175.26,5.0129,60.7,3.655,2951.3,29.51,2372.99,3.7412,97.62,204.65,15603.26,37965.6,107.95,148.83,340.7,180.67,355.14,515.09,211.43,490.38,2431.32,87727.11,4502.67,53.9,5.75,6.25,5.25,5.8,5.85
2025-04-08,20280.26,3145.55,7910.5,22506.9,4982.77,33012.58,76271.9531,1472.5531,1.7946,105.5122,0.1421,0.999,221.86,213.2,3.9347,4.2942,170.66,5.0096,59.58,3.465,2968.3999,29.592,2407.62,3.7779,96.28,213.42,15267.91,37645.59,108.6,146.18,340.0,171.67,351.87,509.3,213.82,492.64,2507.84,90412.02,4589.68,54.5,5.75,6.25,5.25,5.8,5.85
2025-04-09,19670.88,3186.81,7679.5,23727.0,5456.9,31714.03,82573.9531,1668.04,2.0517,119.0575,0.1604,0.9997,272.2,213.04,3.8891,4.2703,191.1,4.9735,62.35,3.816,3056.5,30.323,2371.74,3.7658,114.31,199.87,17124.97,40608.45,106.5,160.62,364.64,197.99,387.52,584.45,231.05,521.41,2433.75,87988.57,4594.86,53.0,5.75,6.25,5.25,5.8,5.85
2025-04-10,20562.73,3223.64,7913.3,23014.9,5268.05,34609.0,79626.1406,1522.5188,1.9665,112.8039,0.1537,0.9993,252.4,213.04,3.8635,4.2309,181.22,4.9551,60.07,3.557,3155.2,30.671,2417.67,3.8205,107.55,211.63,16387.31,39593.66,111.4,154.94,350.05,189.59,378.45,545.06,223.92,515.81,2553.57,91690.85,4592.28,55.35,5.75,6.25,5.25,5.8,5.85
2025-04-11,20374.1,3238.23,7964.2,23587.8,5363.36,33585.58,83404.8359,1567.1498,2.0239,121.5324,0.1601,0.9995,252.31,212.7,3.7815,4.257,184.87,4.9123,61.5,3.527,3222.2,31.824,,3.756,110.91,209.64,16724.46,40212.71,111.7,158.96,352.47,197.29,385.5,542.34,232.88,524.11,2529.25,91120.04,4618.53,56.0,5.75,6.25,5.25,5.8,5.85
2025-04-12,,,,,,,85287.1094,1643.5286,2.1586,132.2606,0.1676,0.9999,,,,,,,,,,,,,,,,,,,,,,,,,,,,,5.75,6.25,5.25,5.8,5.85
2025-04-13,,,,,,,83684.9766,1596.6858,2.1202,128.5808,0.1628,0.9997,,,,,,,,,,,,,,,,,,,,,,,,,,,,,5.75,6.25,5.25,5.8,5.85
2025-04-14,20954.83,3262.81,8134.3,23866.5,5405.97,33982.36,84542.3906,1622.7699,2.1268,129.3104,0.1585,0.9997,252.35,212.7,3.774,4.2807,182.12,4.9387,61.53,3.325,3204.8,32.092,2470.15,3.7161,110.69,218.01,16831.48,40524.79,115.2,161.03,350.91,201.64,384.86,530.28,231.42,529.52,2608.21,93759.46,4717.21,57.0,5.75,6.25,5.25,5.8,5.85
2025-04-15,21253.7,3267.66,8249.1,24067.9,5396.63,34267.54,83668.9922,1588.6324,2.0885,126.2631,0.1535,0.9999,254.11,212.7,3.7645,4.2687,179.59,4.9589,61.33,3.329,3218.7,32.227,2481.2,3.6809,112.18,220.5,16823.17,40368.96,114.15,158.24,350.38,201.26,382.8,520.34,229.85,528.17,2618.49,94140.8,4859.05,56.0,5.75,6.25,5.25,5.8,5.85
2025-04-16,21311.02,3276.0,8275.6,24106.8,5275.7,33920.4,84033.8672,1578.1053,2.0832,131.4497,0.1547,0.9999,241.55,211.23,3.8018,4.2934,174.33,5.0298,62.47,3.247,3326.6001,32.926,2495.79,3.6767,104.47,219.7,16307.16,39669.39,114.0,155.07,344.19,193.43,368.79,501.18,226.38,516.45,2615.84,94136.7,4822.97,57.15,5.75,6.25,5.25,5.8,5.85
2025-04-17,21205.86,3280.34,8275.7,24192.8,5282.7,34377.6,84895.75,1582.5483,2.0664,134.6987,0.1557,0.9999,241.37,211.52,3.7524,4.2761,172.61,4.9655,64.68,3.245,3308.7,32.42,2490.58,3.6815,101.47,220.8,16286.45,39142.23,114.15,152.94,348.8,196.13,364.99,500.35,228.7,518.21,2643.52,95165.01,4833.42,59.95,5.75,6.25,5.25,5.8,5.85
2025-04-18,,3276.73,,,,34730.28,84450.8047,1588.9247,2.0635,134.0735,0.1576,0.9997,,,,,,,,,,,,,,,,,,,,,,,,,,,,,5.75,6.25,5.25,5.8,5.85
2025-04-19,,,,,,,85063.4141,1612.9229,2.0873,139.7503,0.1573,0.9999,,,,,,,,,,,,,,,,,,,,,,,,,,,,,5.75,6.25,5.25,5.8,5.85
2025-04-20,,,,,,,85174.3047,1587.5143,2.077,137.7746,0.1552,0.9999,,,,,,,,,,,2491.79,,,,,,,,,,,,,,,,,,5.75,6.25,5.25,5.8,5.85
2025-04-21,,3291.43,,24008.9,5158.2,34279.92,87518.9062,1579.7345,2.0855,136.7044,0.1594,0.9999,227.5,211.52,,,167.32,,63.08,3.016,3406.2,32.496,2461.08,,96.89,,15870.9,38170.41,,149.45,343.22,192.32,356.39,483.57,225.77,506.92,,,,,5.75,6.25,5.25,5.8,5.85
2025-04-22,21293.53,3299.76,8328.6,24306.0,5287.76,34220.6,93441.8906,1757.3317,2.2155,148.7394,0.1786,1.0003,237.97,208.6,3.7073,4.2675,173.18,4.9593,64.31,3.007,3400.8,32.88,2468.06,3.684,98.87,224.38,16300.42,39186.98,116.95,153.48,349.91,198.87,364.03,499.15,232.28,520.79,2700.41,97124.61,4872.87,59.6,5.75,6.25,5.25,5.8,5.85
2025-04-23,21961.97,3296.35,8403.2,24472.7,5375.86,34868.63,93699.1094,1796.1042,2.2174,151.1527,0.1786,1.0003,250.74,208.61,3.7719,4.2814,180.6,5.0065,62.27,3.022,3276.3,33.518,2505.94,3.6986,102.69,225.18,16708.05,39606.57,123.65,157.29,351.96,203.71,371.55,519.1,237.49,526.81,2783.01,99675.82,4885.68,62.0,5.75,6.25,5.25,5.8,5.85
2025-04-24,22064.51,3297.29,8407.4,24727.5,5484.77,35039.15,93943.7969,1769.8317,2.2045,152.3036,0.1825,1.0003,259.51,208.61,3.7825,4.2838,186.54,5.017,62.79,2.93,3332.0,33.482,2506.94,3.645,106.41,225.18,17166.04,40093.4,125.6,161.03,360.91,207.47,384.36,531.95,241.2,531.64,2797.29,100115.26,4911.49,62.25,5.75,6.25,5.25,5.8,5.85
2025-04-25,22242.45,3295.06,8415.3,24710.5,5525.21,35705.74,94720.5,1786.6345,2.1831,150.915,0.1818,1.0006,284.95,205.57,3.7537,4.2683,188.99,5.002,63.02,2.937,3282.3999,32.989,,3.6245,110.99,223.88,17382.94,40113.5,125.75,163.4,367.72,208.37,388.87,546.04,240.13,530.96,2793.7,100156.88,4918.9,61.9,5.75,6.25,5.25,5.8,5.85
2025-04-26,,,,,,,94646.9297,1821.8811,2.1932,149.2894,0.1819,1.0003,,,,,,,,,,,,,,,,,,,,,,,,,,,,,5.75,6.25,5.25,5.8,5.85
2025-04-27,,,,,,,93754.8438,1792.865,2.2562,148.2458,0.1797,1.0003,,,,,,,,,,,2511.42,,,,,,,,,,,,,,,,,,5.75,6.25,5.25,5.8,5.85
2025-04-28,22271.67,3288.42,8417.3,24798.6,5528.75,35839.99,94978.75,1798.8518,2.2951,147.8099,0.179,1.0003,285.88,205.57,3.7613,4.2663,187.7,4.9991,62.05,3.17,3332.5,32.99,2506.1,3.6216,108.71,227.27,17366.13,40227.59,125.25,161.97,368.62,209.23,388.19,548.5,239.8,530.94,2805.35,100492.85,4884.94,61.25,5.75,6.25,5.25,5.8,5.85
2025-04-29,22425.83,3286.66,8463.5,24874.5,5560.83,,94284.7891,1799.1757,2.2408,146.4279,0.1746,1.0003,292.03,205.57,3.7399,4.2667,187.39,5.0247,60.42,3.386,3318.8,33.275,2517.98,3.6168,109.0,233.05,17461.32,40527.62,124.5,161.62,370.98,210.29,391.05,553.19,241.18,534.57,2810.88,100815.9,4968.62,64.0,5.75,6.25,5.25,5.8,5.85
2025-04-30,22496.98,3279.03,8494.9,24841.7,5569.06,36045.38,94207.3125,1793.7754,2.1916,147.6432,0.1723,1.0002,282.16,201.84,3.7458,4.2667,184.42,5.024,58.21,3.326,3305.0,32.531,,3.6232,108.9,232.05,17446.34,40669.36,119.55,160.45,374.98,211.58,392.26,547.76,241.18,533.25,2737.86,98722.91,4964.86,62.75,5.75,6.25,5.25,5.8,5.85
2025-05-01,,,8496.8,24795.6,5604.14,36452.3,96492.3359,1839.2216,2.2142,150.8466,0.1808,1.0003,280.52,201.84,3.7709,4.2703,190.2,5.0241,59.24,3.479,3210.0,32.189,,3.6384,111.59,,17710.74,40752.96,,162.34,374.63,212.39,422.17,570.92,243.42,530.23,,,,,5.75,6.25,5.25,5.8,5.85
2025-05-02,23086.65,,8596.4,25031.5,5686.67,36830.69,96910.0703,1842.7079,2.2098,148.05,0.1816,1.0003,287.21,202.07,3.785,4.2756,189.98,5.0285,58.29,3.63,3231.8999,31.989,,3.6138,114.48,256.67,17977.73,41317.43,123.05,165.36,380.87,204.46,431.97,595.67,248.96,539.8,2811.07,101199.94,5079.26,64.45,5.75,6.25,5.25,5.8,5.85
2025-05-03,,,,,,,95891.7969,1833.8397,2.1884,146.7961,0.1758,1.0002,,,,,,,,,,,,,,,,,,,,,,,,,,,,,5.75,6.25,5.25,5.8,5.85
2025-05-04,,,,,,,94315.9766,1808.5942,2.1578,143.9831,0.1706,1.0,,,,,,,,,,,2520.22,,,,,,,,,,,,,,,,,,5.75,6.25,5.25,5.8,5.85
2025-05-05,23344.54,,,24953.5,5650.38,,94748.0547,1819.6975,2.1356,146.6966,0.1706,0.9999,280.26,202.07,3.7739,4.273,186.35,5.0085,57.13,3.55,3311.3,32.205,2548.74,3.5865,113.8,249.59,17844.24,41218.83,122.85,165.59,381.06,198.03,432.86,597.92,249.01,512.15,2784.03,100437.08,5127.02,65.45,5.75,6.25,5.25,5.8,5.85
2025-05-06,23249.65,3316.11,8597.4,24974.7,5606.91,,96802.4766,1815.0875,2.1554,146.7664,0.1721,1.0,275.35,202.07,3.7678,4.2624,185.01,5.0079,59.09,3.463,3411.3999,33.113,2569.15,3.6097,113.52,242.32,17689.66,40829.0,123.45,164.75,382.98,197.65,430.02,585.98,245.75,512.33,2718.17,99195.99,5142.56,65.0,5.75,6.25,5.25,5.8,5.85
2025-05-07,23115.96,3342.67,8559.3,25161.2,5631.28,36779.66,97032.3203,1811.6067,2.1262,147.2137,0.172,1.0001,276.22,201.24,3.7643,4.2695,188.71,5.0261,58.07,3.621,3381.3999,32.531,2609.36,3.612,117.04,244.11,17738.16,41113.97,124.0,152.38,384.97,195.4,430.06,595.46,245.88,518.22,2748.53,100382.72,5215.08,65.2,5.75,6.25,5.25,5.8,5.85
2025-05-08,23352.69,3352.0,8531.6,25254.1,5663.94,36928.63,103241.4609,2206.5146,2.3232,163.9608,0.1976,1.0001,284.82,201.24,3.7671,4.2609,192.08,5.0063,59.91,3.592,3296.6001,32.378,2636.16,3.5862,117.35,244.11,17928.14,41368.45,124.0,155.32,383.99,196.63,434.84,596.66,249.91,513.25,2767.86,101010.19,5193.87,66.0,5.25,5.75,4.75,5.3,5.35
2025-05-09,23499.32,3342.0,8554.8,25357.7,5659.91,37503.33,102970.8516,2345.5073,2.3447,172.8283,0.2053,1.0,298.26,201.24,3.7858,4.249,193.06,5.0103,61.02,3.795,3335.3999,32.676,,3.5803,116.63,242.42,17928.92,41249.38,126.25,153.96,383.28,197.67,435.4,591.15,249.52,513.74,2842.14,103247.39,5254.72,67.9,5.25,5.75,4.75,5.3,5.35
2025-05-10,,,,,,,104696.3281,2582.4226,2.472,177.6218,0.2487,1.0001,,,,,,,,,,,,,,,,,,,,,,,,,,,,,5.25,5.75,4.75,5.3,5.35
2025-05-11,,,,,,,104106.3594,2510.2378,2.3665,173.0265,0.2315,1.0001,,,,,,,,,,,2636.04,,,,,,,,,,,,,,,,,,5.25,5.75,4.75,5.3,5.35
2025-05-12,23566.54,3369.25,8605.0,25532.2,5844.19,37644.26,102812.9531,2496.3977,2.5446,174.2479,0.231,1.0001,318.38,201.49,3.7671,4.2302,208.64,5.0074,61.95,3.646,3220.0,32.388,2636.46,3.541,122.98,244.11,18708.34,42410.1,129.7,159.14,395.94,210.15,445.85,637.99,256.39,514.3,2831.63,103526.84,5271.19,67.55,5.25,5.75,4.75,5.3,5.35
2025-05-13,23638.56,3374.87,8602.9,25616.9,5886.55,38183.26,104169.8125,2680.1296,2.5865,184.0063,0.2412,1.0002,334.07,202.09,3.8198,4.2381,211.37,5.0331,63.67,3.647,3240.3,32.868,2630.96,3.5652,129.91,239.93,19010.09,42140.43,129.45,160.45,397.4,212.28,445.73,654.55,259.31,511.88,2849.22,104280.78,5239.04,68.95,5.25,5.75,4.75,5.3,5.35
2025-05-14,23527.01,3403.95,8585.0,25692.5,5892.58,38128.13,103539.4141,2610.0632,2.5527,176.7092,0.2328,1.0002,347.68,202.09,3.7857,4.2344,210.25,5.0362,63.15,3.492,3181.3999,32.226,2639.28,3.5594,135.32,233.15,19146.81,42051.06,127.15,166.35,399.47,211.69,449.5,657.87,261.91,503.4,2831.42,103815.38,5298.35,65.7,5.25,5.75,4.75,5.3,5.35
2025-05-15,23695.59,3380.82,8633.8,25897.5,5916.93,37755.51,103744.6406,2546.8569,2.3804,169.01,0.2192,1.0001,342.82,202.31,3.7818,4.2288,205.17,5.016,61.62,3.362,3220.7,32.481,2629.53,3.5417,134.81,230.36,19112.32,42322.75,123.75,164.95,404.69,210.81,450.51,642.43,263.73,507.33,2815.14,103232.88,5254.32,65.5,5.25,5.75,4.75,5.3,5.35
2025-05-16,23767.43,3367.46,8684.6,25971.9,5958.38,37753.72,103489.2891,2536.2976,2.381,167.334,0.2213,1.0003,349.98,202.78,3.7908,4.2436,205.59,5.0446,62.49,3.334,3182.0,32.158,,3.5547,135.38,230.76,19211.1,42654.74,123.4,166.97,417.13,210.62,451.65,638.9,263.8,514.31,2810.35,103150.46,5304.68,63.5,5.25,5.75,4.75,5.3,5.35
2025-05-17,,,,,,,103191.0859,2475.7544,2.3544,165.9308,0.2147,1.0003,,,,,,,,,,,,,,,,,,,,,,,,,,,,,5.25,5.75,4.75,5.3,5.35
2025-05-18,,,,,,,106446.0078,2498.2336,2.4342,173.8987,0.2342,1.0004,,,,,,,,,,,2654.43,,,,,,,,,,,,,,,,,,5.25,5.75,4.75,5.3,5.35
2025-05-19,23934.98,3367.58,8699.3,,5963.6,37498.63,105606.1797,2529.1667,2.3814,166.8642,0.2244,1.0003,342.09,202.78,3.8162,4.2691,206.16,5.0772,62.69,3.113,3228.8999,32.313,2648.57,3.5566,135.55,231.36,19215.46,42792.07,124.15,167.41,420.68,208.15,456.22,638.98,261.16,512.39,2786.7,102362.07,5224.24,64.9,5.25,5.75,4.75,5.3,5.35
2025-05-20,24036.11,3380.48,8781.1,26055.6,5940.46,37529.49,106791.0859,2524.1731,2.3568,168.4837,0.2261,1.0003,343.82,202.78,3.7778,4.2435,204.07,5.0472,62.56,3.427,3280.3,32.98,2643.15,3.539,134.36,229.07,19142.71,42677.24,123.6,164.87,417.61,206.23,455.52,635.66,261.95,508.74,2796.13,102543.24,5218.74,62.5,5.25,5.75,4.75,5.3,5.35
2025-05-21,24122.4,3387.57,8786.5,25839.2,5844.61,37298.98,109678.0781,2552.3472,2.3989,173.6817,0.2341,1.0003,334.62,202.78,3.7543,4.2377,201.12,5.0295,61.57,3.368,3309.3,33.463,2626.73,3.5276,131.78,224.18,18872.64,41860.44,122.35,169.59,414.03,201.48,449.96,634.07,257.37,507.03,2760.83,101569.03,5168.73,62.85,5.25,5.75,4.75,5.3,5.35
2025-05-22,23999.17,3380.19,8739.3,25854.0,5842.01,36985.87,111673.2812,2664.157,2.4298,179.6909,0.245,0.9996,341.04,202.78,3.7405,4.2382,203.1,5.0196,61.2,3.253,3292.3,33.047,2593.86,3.5449,132.81,219.2,18925.74,41859.09,122.1,171.51,414.33,200.75,452.23,635.13,257.01,503.57,2738.74,100768.42,5183.26,62.85,5.25,5.75,4.75,5.3,5.35
2025-05-23,23629.58,3348.37,8718.0,25880.0,5802.82,37160.47,107287.7969,2526.4419,2.2943,173.8254,0.2248,1.0,339.34,202.78,3.7655,4.248,200.99,5.0531,61.53,3.334,3363.6001,33.442,,3.5945,131.27,217.41,18737.21,41603.07,123.6,169.12,407.69,194.68,447.58,625.64,257.05,503.46,2716.88,99925.61,5220.88,62.15,5.25,5.75,4.75,5.3,5.35
2025-05-24,,,,,,,107791.1562,2530.6462,2.3329,176.0424,0.2253,1.0003,,,,,,,,,,,,,,,,,,,,,,,,,,,,,5.25,5.75,4.75,5.3,5.35
2025-05-25,,,,,,,109035.3906,2551.7639,2.343,175.7255,0.225,1.0003,,,,,,,,,,,2601.97,,,,,,,,,,,,,,,,,,5.25,5.75,4.75,5.3,5.35
2025-05-26,24027.65,3346.84,,26098.4,,37531.53,109440.3672,2564.1384,2.3107,174.9079,0.226,1.0003,,,3.7348,4.2471,,5.0549,,,,,2649.75,3.6094,,219.3,,,127.3,,,,,,,,2792.0,102261.41,5213.38,62.2,5.25,5.75,4.75,5.3,5.35
2025-05-27,24226.49,3340.69,8778.1,26269.0,5921.54,37724.11,108994.6406,2663.0698,2.3187,176.8152,0.2262,1.0003,362.89,202.78,3.7218,4.2384,206.02,5.0485,60.89,3.398,3299.1001,33.146,2664.17,3.5589,135.48,219.4,19199.16,42343.65,125.85,173.5,413.1,199.6,458.03,640.87,261.56,509.16,2813.71,102966.25,5136.76,62.7,5.25,5.75,4.75,5.3,5.35
2025-05-28,24038.19,3339.93,8726.0,26283.5,5888.55,37722.4,107802.3281,2682.2129,2.2743,172.1896,0.2208,1.0002,356.9,206.38,3.7437,4.2438,204.72,5.0584,61.84,3.204,3293.6001,33.0,2678.4,3.5329,134.79,218.31,19100.94,42098.7,124.65,172.9,412.23,199.81,454.72,642.13,259.79,503.11,2836.66,103870.29,5117.21,62.1,5.25,5.75,4.75,5.3,5.35
2025-05-29,23933.23,3363.45,8716.5,26210.6,5912.17,38432.98,105641.7578,2632.6548,2.2442,166.5882,0.2148,0.9998,358.43,209.31,3.771,4.2356,205.7,5.064,60.94,3.522,3317.1001,33.283,2701.68,3.5018,139.16,219.7,19175.87,42215.73,123.45,172.49,413.36,199.34,456.03,643.59,260.65,506.18,2785.96,101954.88,5094.84,62.3,5.25,5.75,4.75,5.3,5.35
2025-05-30,23997.48,3347.49,8772.4,26175.1,5911.69,37965.1,103998.5703,2529.9436,2.1386,156.2347,0.1934,1.0001,346.46,210.65,3.725,4.2382,205.01,5.029,60.79,3.447,3288.8999,32.892,,3.5022,135.11,221.0,19113.77,42270.07,122.9,172.38,415.09,200.24,457.7,646.03,260.29,503.96,2771.86,101476.07,5136.58,62.5,5.25,5.75,4.75,5.3,5.35
2025-05-31,,,,,,,104638.0938,2529.0874,2.1751,156.6389,0.1926,1.0004,,,,,,,,,,,,,,,,,,,,,,,,,,,,,5.25,5.75,4.75,5.3,5.35
2025-06-01,,,,,,,105652.1016,2536.2664,2.1792,157.7845,0.1936,1.0003,,,,,,,,,,,,,,,,,,,,,,,,,,,,,5.25,5.75,4.75,5.3,5.35
2025-06-02,23930.67,,8774.3,26389.0,5935.94,37470.67,105881.5312,2607.0974,2.1978,156.9981,0.1954,1.0005,342.69,211.33,3.7568,4.2645,206.65,5.0591,62.52,3.694,3370.6001,34.563,,3.5175,137.36,220.7,19242.61,42305.48,125.4,169.9,403.4,201.09,459.3,669.39,260.94,502.81,2755.26,100908.59,5120.34,61.05,5.25,5.75,4.75,5.3,5.35
2025-06-03,24091.62,3361.98,8787.0,26426.6,5970.37,37446.81,105432.4688,2593.2803,2.2468,155.3432,0.1931,1.0005,344.27,213.65,3.7125,4.2509,205.71,5.0347,63.41,3.722,3350.2,34.503,2710.81,3.5269,141.19,235.64,19398.96,42519.64,122.55,167.25,412.49,202.65,460.3,665.35,262.53,497.83,2731.3,99970.96,5096.05,61.05,5.25,5.75,4.75,5.3,5.35
2025-06-04,24276.48,3376.2,8801.3,26329.0,5970.81,37747.45,104731.9844,2608.6431,2.2023,153.3596,0.1882,1.0004,332.05,214.34,3.7502,4.2692,207.23,5.0742,62.85,3.716,3373.5,34.519,2703.21,3.5189,141.89,256.96,19460.49,42427.74,126.25,168.93,413.91,202.2,461.19,686.4,260.51,491.0,2769.33,101380.52,5136.63,62.1,5.25,5.75,4.75,5.3,5.35
2025-06-05,24323.58,3384.1,8811.0,26342.3,5939.3,37554.49,101575.9531,2416.2856,2.0976,144.543,0.1716,1.0005,284.7,215.38,3.7439,4.2759,207.91,5.0733,63.37,3.677,3350.7,35.689,2734.9,3.4836,139.96,258.06,19298.45,42319.74,131.2,169.34,415.2,200.02,464.98,683.08,258.27,488.74,2734.31,100227.96,5172.26,62.0,5.25,5.75,4.75,5.3,5.35
2025-06-06,24304.46,3385.36,8837.9,26429.1,6000.36,37741.61,104390.3438,2477.1948,2.1624,147.9131,0.179,1.0007,295.14,224.36,3.7346,4.2774,213.57,5.0719,64.58,3.784,3322.7,36.025,,3.4909,141.69,266.33,19529.95,42762.87,128.15,174.44,416.92,203.3,467.66,696.14,261.99,493.53,2699.85,99287.48,5189.34,61.45,5.25,5.75,4.75,5.3,5.35
2025-06-07,,,,,,,105615.625,2526.5054,2.1785,150.1341,0.1852,1.0006,,,,,,,,,,,,,,,,,,,,,,,,,,,,,5.25,5.75,4.75,5.3,5.35
2025-06-08,,,,,,,105793.6484,2510.7871,2.2655,152.4301,0.1842,1.0004,,,,,,,,,,,2735.73,,,,,,,,,,,,,,,,,,5.25,5.75,4.75,5.3,5.35
2025-06-09,24174.32,3399.77,8832.3,26375.8,6005.88,38088.57,110294.1016,2681.5171,2.3204,161.0887,0.1949,1.0005,308.58,225.41,3.7531,4.2808,216.98,5.0804,65.29,3.635,3332.1001,36.688,2729.64,3.501,142.6,267.03,19591.24,42761.76,129.35,177.36,416.26,200.84,470.02,692.49,262.99,493.33,2732.67,100344.89,5285.48,61.5,5.25,5.75,4.75,5.3,5.35
2025-06-10,23987.56,3384.82,8853.1,26426.3,6038.81,38211.51,110257.2344,2813.5176,2.3053,165.0282,0.1983,1.0001,326.09,225.35,3.7354,4.2686,217.61,5.0638,64.98,3.533,3320.8999,36.542,2731.8,3.4885,143.93,268.52,19714.99,42866.87,129.6,179.73,416.06,202.06,468.2,700.82,264.82,491.13,2794.03,102091.25,5274.65,61.5,5.25,5.75,4.75,5.3,5.35
2025-06-11,23948.9,3402.32,8864.4,26524.2,6022.24,38421.19,108686.625,2773.5293,2.2709,161.0559,0.193,1.0002,326.43,225.35,3.7174,4.2516,213.2,5.0231,68.15,3.507,3321.3,36.166,2736.77,3.4857,142.81,267.33,19615.88,42865.77,128.3,178.51,412.84,198.18,469.89,692.57,264.38,488.14,2779.83,101699.25,5261.6,62.0,5.25,5.75,4.75,5.3,5.35
2025-06-12,23771.45,3402.66,8884.9,26615.8,6045.26,38173.09,105929.0547,2651.7952,2.1948,152.7897,0.1815,1.0003,319.11,225.74,3.6919,4.2488,213.24,5.0087,68.04,3.492,3380.8999,36.213,2694.04,3.4828,144.98,267.73,19662.49,42967.62,126.1,176.7,413.68,198.6,476.1,691.8,264.47,490.34,2755.65,100894.69,5229.01,62.5,5.25,5.75,4.75,5.3,5.35
2025-06-13,23516.23,3377.0,8850.6,26504.4,5976.97,37834.25,106090.9688,2579.4861,2.149,148.6284,0.1804,1.0003,325.31,225.41,3.6748,4.2642,212.1,5.0086,72.98,3.581,3431.2,36.281,,3.5541,141.95,270.02,19406.83,42197.79,123.85,175.61,391.68,195.85,472.22,681.33,261.23,487.54,2707.86,99364.86,5205.87,60.5,5.25,5.75,4.75,5.3,5.35
2025-06-14,,,,,,,105472.4062,2533.4441,2.1414,144.7637,0.1785,1.0005,,,,,,,,,,,,,,,,,,,,,,,,,,,,,5.25,5.75,4.75,5.3,5.35
2025-06-15,,,,,,,105552.0234,2546.8372,2.1672,152.8144,0.1757,1.0,,,,,,,,,,,2706.8,,,,,,,,,,,,,,,,,,5.25,5.75,4.75,5.3,5.35
2025-06-16,23699.12,3388.73,8875.2,26568.6,6033.11,38311.33,106796.7578,2540.605,2.2418,150.87,0.1727,1.0005,329.13,225.41,3.6942,4.2763,216.1,5.0103,71.77,3.748,3396.3999,36.379,2756.8,3.5964,144.67,263.94,19701.21,42515.09,125.15,177.67,401.73,197.82,476.37,701.07,266.56,490.23,2715.12,99583.4,5185.31,60.5,5.25,5.75,4.75,5.3,5.35
2025-06-17,23434.65,3387.41,8834.0,26541.4,5982.72,38536.74,104601.1172,2510.7615,2.1607,147.7498,0.1697,1.0002,316.35,225.41,3.6951,4.2682,214.82,5.0121,74.84,3.851,3386.6001,37.09,2765.04,3.4833,144.1,265.43,19521.09,42215.8,123.45,176.96,382.68,195.05,475.28,696.19,265.73,483.48,2729.31,100082.01,5185.71,59.3,5.25,5.75,4.75,5.3,5.35
2025-06-18,23317.81,3388.81,8843.5,26559.9,5980.87,38885.15,104883.3281,2524.3015,2.1697,146.3531,0.1706,1.0002,322.05,225.52,3.7193,4.2726,212.52,4.9973,75.14,3.989,3389.8,36.866,2805.28,3.5109,145.46,269.32,19546.27,42171.66,122.65,173.71,378.04,195.98,477.47,694.73,270.11,485.14,2723.15,99940.42,5174.33,58.6,5.25,5.75,4.75,5.3,5.35
2025-06-19,23057.38,3362.11,8791.8,26503.3,,38488.34,104684.2891,2521.6536,2.1659,147.0715,0.171,1.0002,,,3.7204,4.2708,,4.9924,,,,,2834.31,3.4677,,,,,,,,,,,,,,,,,5.25,5.75,4.75,5.3,5.35
2025-06-20,23350.55,3359.9,8774.7,26497.6,5967.84,38403.23,103309.6016,2407.3042,2.1203,140.1686,0.1625,1.0001,322.16,225.5,3.7096,4.2707,209.69,5.002,74.93,3.847,3368.1001,35.976,,3.4899,143.83,269.52,19447.41,42206.82,121.75,167.47,376.92,200.39,474.64,681.33,271.13,484.85,2735.44,100405.84,5126.7,58.9,5.25,5.75,4.75,5.3,5.35
2025-06-21,,,,,,,102257.4062,2300.4956,2.0576,135.161,0.1542,1.0001,,,,,,,,,,,,,,,,,,,,,,,,,,,,,5.25,5.75,4.75,5.3,5.35
2025-06-22,,,,,,,100987.1406,2228.2131,2.014,131.6157,0.1513,1.0003,,,,,,,,,,,,,,,,,,,,,,,,,,,,,5.25,5.75,4.75,5.3,5.35
2025-06-23,23269.01,3381.58,8758.0,26609.4,6025.17,38354.09,105577.7734,2421.825,2.1663,144.8467,0.1644,1.0016,348.68,225.95,3.7124,4.2712,208.47,4.99,68.51,3.698,3377.7,36.153,2840.76,3.4886,144.15,270.42,19630.97,42581.78,120.5,165.75,380.12,200.89,483.19,697.49,274.36,487.77,2691.54,98984.52,5194.05,59.3,5.25,5.75,4.75,5.3,5.35
2025-06-24,23641.58,3420.57,8759.0,26718.6,6092.18,38790.56,106045.6328,2448.0088,2.1908,145.9545,0.1657,1.0005,340.47,226.13,3.684,4.2729,212.77,4.9898,64.37,3.537,3317.3999,35.701,2875.31,3.468,147.88,275.0,19912.53,43089.02,124.8,167.48,382.34,199.69,487.28,711.14,277.31,493.48,2762.7,101387.48,5208.56,60.5,5.25,5.75,4.75,5.3,5.35
2025-06-25,23498.33,3455.97,8718.8,26566.3,6092.16,38942.07,107361.2578,2419.3103,2.1859,143.5051,0.1646,1.0,327.55,226.12,3.6609,4.2506,211.99,4.9839,64.92,3.406,3327.1001,36.085,2927.76,3.3971,154.29,274.2,19973.55,42982.43,123.8,171.23,387.55,200.95,489.43,707.62,280.07,486.21,2749.16,101221.0,5149.62,59.7,5.25,5.75,4.75,5.3,5.35
2025-06-26,23649.3,3448.45,8735.6,26752.0,6141.02,39584.58,106960.0,2416.1467,2.1059,139.0599,0.16,1.0002,325.78,226.12,3.6355,4.2477,217.12,4.9773,65.24,3.261,3333.5,36.586,2904.71,3.4041,155.0,274.6,20167.91,43386.84,130.0,174.16,384.95,200.39,494.58,725.01,284.69,485.05,2813.09,103380.71,5319.11,59.9,5.25,5.75,4.75,5.3,5.35
2025-06-27,24033.22,3424.23,8798.9,26692.3,6173.07,40150.79,107088.4297,2423.8669,2.1426,142.1915,0.1611,1.0003,323.63,225.93,3.6265,4.2396,223.3,4.9766,65.52,3.739,3273.7,36.037,,3.3928,157.73,275.3,20273.46,43819.27,129.0,177.99,385.83,200.47,493.08,732.54,283.07,485.68,2815.66,103728.06,5353.41,59.9,5.25,5.75,4.75,5.3,5.35
2025-06-28,,,,,,,107327.7031,2437.1094,2.186,150.8276,0.1637,1.0002,,,,,,,,,,,,,,,,,,,,,,,,,,,,,5.25,5.75,4.75,5.3,5.35
2025-06-29,,,,,,,108385.5703,2500.96,2.2071,153.3531,0.1696,1.0003,,,,,,,,,,,,,,,,,,,,,,,,,,,,,5.25,5.75,4.75,5.3,5.35
2025-06-30,23909.61,3444.43,8761.0,26857.1,6204.95,40487.39,107135.3359,2486.4644,2.2387,154.7353,0.1651,1.0003,317.66,225.93,3.6127,4.2366,219.39,4.9573,65.11,3.456,3294.3999,35.852,2958.7,3.3853,157.97,280.8,20369.73,44094.77,128.9,177.12,386.88,204.55,494.54,736.99,285.83,485.77,2845.37,104691.71,5304.2,60.4,5.25,5.75,4.75,5.3,5.35
2025-07-01,23673.29,3457.75,8785.3,,6198.01,39986.33,105698.2812,2405.7927,2.1722,146.9266,0.1578,1.0002,300.71,225.93,3.5985,4.2415,220.46,4.941,65.45,3.415,3336.7,36.082,2946.9,3.3668,153.28,276.0,20202.89,44494.94,129.35,176.64,392.1,207.19,489.21,718.15,286.33,489.61,2826.5,104200.5,5265.7,57.15,5.25,5.75,4.75,5.3,5.35
2025-07-02,23790.11,3454.79,8774.7,26869.7,6227.42,39762.48,108859.3203,2571.3354,2.2338,152.2276,0.1687,1.0004,315.65,225.93,3.597,4.2462,219.92,4.9443,67.45,3.488,3348.0,36.426,3003.02,3.3818,157.23,269.8,20393.13,44484.42,136.0,179.48,378.47,211.8,488.25,712.51,287.9,480.48,2839.82,104587.92,5240.13,56.4,5.25,5.75,4.75,5.3,5.35
2025-07-03,23934.13,3461.15,8823.2,27034.3,6279.35,39785.9,109647.9766,2591.0073,2.2577,152.4018,0.172,1.0004,315.35,226.58,3.61,4.2598,223.41,4.9295,67.0,3.409,3331.6001,36.784,3027.64,3.3702,159.32,269.5,20601.1,44828.53,134.9,180.27,379.31,212.9,495.96,717.94,293.25,485.0,2887.17,106187.44,5289.36,56.4,5.0,5.5,4.5,5.05,5.1
2025-07-04,23787.45,3472.32,8822.9,27050.9,,39810.88,108034.3359,2508.5183,2.2211,147.7636,0.1629,1.0003,,,3.6014,4.2392,,4.922,66.5,3.387,3332.5,36.775,,3.3376,,269.9,,,132.45,,,,,,,,2864.98,105548.27,5282.72,56.8,5.0,5.5,4.5,5.05,5.1
2025-07-05,,,,,,,108231.1797,2517.28,2.2185,147.6414,0.1643,1.0003,,,,,,,,,,,,,,,,,,,,,,,,,,,,,5.0,5.5,4.5,5.05,5.1
2025-07-06,,,,,,,109232.0703,2571.2366,2.2725,151.8729,0.172,1.0002,,,,,,,,,,,,,,,,,,,,,,,,,,,,,5.0,5.5,4.5,5.05,5.1
2025-07-07,24073.67,3473.13,8806.5,27020.3,6229.98,39587.68,108299.8516,2543.0132,2.2741,148.8723,0.168,1.0,293.94,227.03,3.5987,4.2411,223.47,4.9146,67.93,3.412,3332.2,36.615,3024.02,3.3479,158.22,274.0,20412.52,44406.36,131.4,177.29,376.93,209.31,494.85,717.28,289.25,478.03,2861.78,105479.27,5209.78,56.65,5.0,5.5,4.5,5.05,5.1
2025-07-08,24206.91,3497.48,8854.2,26903.6,6225.52,39688.81,108950.2734,2615.5059,2.3112,151.8104,0.171,1.0002,297.81,227.03,3.6179,4.246,219.36,4.9284,68.33,3.34,3307.0,36.472,3015.6,3.3417,159.98,274.0,20418.46,44240.76,132.3,174.89,382.24,209.37,493.75,719.6,280.15,477.47,2889.54,106001.95,5243.02,55.6,5.0,5.5,4.5,5.05,5.1
2025-07-09,24549.56,3493.05,8867.0,26972.3,6263.26,39821.28,111326.5547,2770.7776,2.4056,157.2815,0.1808,1.0005,295.88,227.42,3.6186,4.2426,222.54,4.9156,68.38,3.214,3311.6001,36.351,3063.64,3.3534,162.86,269.4,20611.34,44458.3,130.0,177.39,373.38,210.5,500.6,731.69,280.52,478.91,2897.67,106354.26,5262.04,56.85,5.0,5.5,4.5,5.05,5.1
2025-07-10,24456.81,3509.68,8975.7,27082.3,6280.46,39646.36,115987.2031,2954.8452,2.5467,164.0628,0.1948,1.0,309.87,227.87,3.615,4.2405,222.26,4.9136,66.57,3.337,3317.3999,37.038,3055.96,3.3217,164.08,267.9,20630.66,44650.64,130.9,178.42,371.43,211.77,498.58,726.16,285.51,478.27,2850.58,104923.53,5274.49,55.8,5.0,5.5,4.5,5.05,5.1
2025-07-11,24255.31,3510.18,8941.1,27023.3,6259.75,39569.68,117516.9922,2957.8862,2.7349,162.8834,0.2012,0.9999,313.51,227.87,3.6308,4.2483,225.02,4.93,68.45,3.314,3356.0,38.676,,3.3158,164.9,269.0,20585.53,44371.51,132.75,181.03,363.35,210.52,500.41,716.44,284.19,475.86,2860.93,105106.98,5254.86,56.0,5.0,5.5,4.5,5.05,5.1
2025-07-12,,,,,,,117435.2266,2942.9116,2.7376,160.6848,0.1973,1.0003,,,,,,,,,,,,,,,,,,,,,,,,,,,,,5.0,5.5,4.5,5.05,5.1
2025-07-13,,,,,,,119116.1172,2973.3589,2.8359,161.194,0.1986,1.0004,,,,,,,,,,,,,,,,,,,,,,,,,,,,,5.0,5.5,4.5,5.05,5.1
2025-07-14,24160.64,3519.65,8998.1,27198.9,6268.56,39459.62,119849.7031,3013.3508,2.955,162.2752,0.1974,1.0,316.9,230.88,3.6442,4.257,225.69,4.9173,66.98,3.466,3351.5,38.462,2985.94,3.3296,164.05,269.0,20640.33,44459.65,132.8,182.53,366.99,207.99,500.11,719.85,286.01,476.31,2879.77,105605.91,5315.94,55.4,5.0,5.5,4.5,5.05,5.1
2025-07-15,24060.29,3505.0,8938.3,27054.1,6243.76,39678.02,117777.1875,3139.8896,2.919,163.9504,0.1992,1.0001,310.78,230.88,3.6448,4.252,226.35,4.8966,66.52,3.523,3329.8,37.834,2997.12,3.357,170.68,266.8,20677.8,44023.29,131.4,182.82,364.18,208.48,502.9,709.33,283.88,470.13,2870.53,105484.78,5484.82,55.8,5.0,5.5,4.5,5.05,5.1
2025-07-16,24009.38,3503.78,8926.6,27153.0,6263.7,39663.4,118738.5078,3371.5068,3.0414,173.7085,0.2127,1.0004,321.67,230.88,3.6705,4.2604,223.19,4.9158,66.38,3.551,3352.5,37.853,2984.55,3.3658,171.35,265.4,20730.49,44254.78,130.6,183.49,361.77,209.52,502.7,701.86,283.16,471.31,2868.56,105470.67,5477.01,55.8,5.0,5.5,4.5,5.05,5.1
2025-07-17,24370.93,3516.82,8972.6,27386.9,6297.36,39901.19,119289.8438,3476.7844,3.4951,175.793,0.218,1.0007,319.41,230.88,3.6548,4.2525,223.88,4.9011,67.54,3.542,3340.1001,38.056,3007.52,3.3578,172.98,267.1,20885.65,44484.49,130.45,184.41,366.45,209.38,508.74,700.37,287.2,473.4,2905.75,106681.74,5501.63,55.4,5.0,5.5,4.5,5.05,5.1
2025-07-18,24289.51,3534.48,8992.1,27314.0,6296.79,39819.11,118003.2266,3549.0164,3.4182,177.382,0.2361,1.0006,329.65,230.88,3.6624,4.252,226.13,4.9193,67.34,3.565,3353.0,38.223,,3.3609,172.39,269.6,20895.65,44342.19,131.8,185.65,365.79,210.54,507.1,703.23,288.56,473.8,2964.25,108431.73,5475.4,55.8,5.0,5.5,4.5,5.05,5.1
2025-07-19,,,,,,,117939.9766,3595.2737,3.4294,177.0701,0.2415,1.0005,,,,,,,,,,,,,,,,,,,,,,,,,,,,,5.0,5.5,4.5,5.05,5.1
2025-07-20,,,,,,,117300.7891,3759.4714,3.4595,181.546,0.2729,1.0002,,,,,,,,,,,,,,,,,,,,,,,,,,,,,5.0,5.5,4.5,5.05,5.1
2025-07-21,24307.8,3559.79,9013.0,27317.0,6305.6,,117439.5391,3763.3713,3.5558,195.9943,0.2717,1.0003,328.49,234.96,3.6491,4.2441,229.3,4.8949,67.2,3.325,3401.8999,39.101,3031.57,3.3568,171.36,265.2,20974.18,44323.07,134.0,190.85,367.68,211.84,507.11,711.91,288.26,474.41,2949.94,107995.84,5488.72,55.0,5.0,5.5,4.5,5.05,5.1
2025-07-22,24041.9,3581.86,9023.8,27364.4,6309.62,39774.92,119995.4141,3749.1455,3.5517,205.7005,0.2704,1.0003,332.11,234.96,3.6276,4.2422,227.47,4.893,66.21,3.252,3439.2,39.32,3033.65,3.3488,167.01,255.9,20892.69,44502.44,135.15,191.81,372.87,213.75,502.35,703.76,288.72,478.13,2929.23,107395.6,5555.55,54.6,5.0,5.5,4.5,5.05,5.1
2025-07-23,24240.82,3582.3,9061.5,27416.4,6358.91,41171.32,118754.9609,3629.7036,3.1849,189.5429,0.2406,1.0004,332.56,237.92,3.6209,4.2505,228.29,4.8959,65.25,3.077,3394.1001,39.278,3070.35,3.349,170.76,257.1,21020.02,45010.29,137.75,191.21,372.46,213.5,502.95,712.52,294.0,482.63,2946.62,107975.62,5577.4,56.2,5.0,5.5,4.5,5.05,5.1
2025-07-24,24295.93,3605.73,9138.4,27372.3,6363.35,41826.34,118368.0,3708.0056,3.1439,182.6061,0.232,1.0007,305.3,241.62,3.6068,4.2465,232.23,4.8997,66.03,3.094,3371.0,39.021,3034.9,3.3351,173.72,253.8,21057.96,44693.91,137.8,192.9,371.69,213.11,507.93,713.74,293.79,480.6,2968.34,108690.07,5569.05,55.55,5.0,5.5,4.5,5.05,5.1
2025-07-25,24217.5,3593.66,9120.3,27494.4,6388.64,41456.23,117635.8828,3727.2668,3.1417,186.7797,0.2368,1.0002,316.06,241.62,3.6164,4.251,231.44,4.8878,65.16,3.11,3334.0,38.167,,3.3376,173.48,253.3,21108.32,44901.92,135.9,193.78,370.74,213.23,510.74,711.62,295.84,484.07,2962.94,108552.82,5642.01,56.3,5.0,5.5,4.5,5.05,5.1
2025-07-26,,,,,,,117947.3672,3741.396,3.1675,184.9139,0.2355,1.0004,,,,,,,,,,,,,,,,,,,,,,,,,,,,,5.0,5.5,4.5,5.05,5.1
2025-07-27,,,,,,,119448.4922,3875.2466,3.2413,188.7335,0.2408,1.0003,,,,,,,,,,,,,,,,,,,,,,,,,,,,,5.0,5.5,4.5,5.05,5.1
2025-07-28,23970.36,3597.94,9081.4,27405.4,6389.77,40998.27,117924.4766,3787.4258,3.1158,182.5416,0.2252,1.0001,325.59,243.38,3.6086,4.2428,232.79,4.8509,66.71,2.988,3309.1001,38.026,3038.65,3.352,176.73,249.8,21178.58,44837.56,131.95,193.12,369.47,213.4,509.54,716.56,295.5,481.7,2906.6,106778.89,5627.1,56.2,5.0,5.5,4.5,5.05,5.1
2025-07-29,24217.37,3609.71,9136.3,27539.9,6370.86,40674.55,117922.1484,3793.4548,3.1284,181.3353,0.2238,0.9998,321.2,243.38,3.6731,4.2602,231.01,4.9101,69.21,3.081,3323.3999,38.084,3036.32,3.3488,175.49,252.1,21098.29,44632.99,132.9,196.13,370.7,210.63,509.61,698.96,294.28,476.56,2950.95,108041.14,5522.9,56.7,5.0,5.5,4.5,5.05,5.1
2025-07-30,24262.22,3615.72,9136.9,27370.0,6362.9,40654.7,117831.1875,3808.2017,3.0984,177.694,0.2199,1.0,319.04,247.09,3.7032,4.2773,230.19,4.9447,70.0,3.045,3295.8,37.566,3022.7,3.3665,179.25,254.3,21129.67,44461.28,133.35,197.14,364.0,208.42,510.28,694.17,296.84,476.0,2982.18,108896.66,5496.01,55.35,5.0,5.5,4.5,5.05,5.1
2025-07-31,24065.47,3573.21,9132.8,27259.8,6339.39,41069.82,115758.2031,3696.7078,3.0252,172.4243,0.2099,1.0,308.27,247.46,3.7374,4.2714,234.11,4.9546,69.26,3.106,3293.2,36.552,3014.73,3.3754,177.85,251.2,21122.45,44130.98,127.8,192.56,357.69,206.94,530.42,772.29,293.48,471.88,2950.42,107885.5,5501.61,54.95,5.0,5.5,4.5,5.05,5.1
2025-08-01,23425.97,3559.95,9068.6,27020.4,6238.01,40799.6,113320.0859,3488.366,2.9646,162.8771,0.2012,0.9995,302.63,247.46,3.7417,4.2742,214.75,4.9424,67.33,3.083,3347.7,36.787,,3.3909,173.7,247.1,20650.13,43588.58,126.5,189.66,347.8,201.77,521.08,748.89,286.68,472.84,2884.84,105684.54,5446.52,52.65,5.0,5.5,4.5,5.05,5.1
2025-08-02,,,,,,,112526.9141,3392.7412,2.7664,158.483,0.1912,0.9997,,,,,,,,,,,,,,,,,,,,,,,,,,,,,5.0,5.5,4.5,5.05,5.1
2025-08-03,,,,,,,114217.6719,3497.3792,2.9495,161.955,0.1989,1.0,,,,,,,,,,,,,,,,,,,,,,,,,,,,,5.0,5.5,4.5,5.05,5.1
2025-08-04,23757.69,3583.31,9128.3,,6329.94,40290.7,115071.8828,3718.9861,3.0728,169.4257,0.2104,0.9999,309.26,247.46,3.6783,4.2618,211.65,4.888,66.29,2.932,3374.3999,37.192,2987.07,3.4131,179.98,247.3,21053.58,44173.64,126.8,195.45,338.85,202.73,532.55,775.21,291.52,459.11,2880.23,106574.64,5499.0,54.3,5.0,5.5,4.5,5.05,5.1
2025-08-05,23846.07,3617.6,9142.7,27570.1,6299.19,40549.54,114141.4453,3611.8994,2.9637,164.0964,0.1997,0.9999,308.72,247.46,3.6885,4.2726,213.75,4.9044,65.16,3.01,3381.8999,37.687,2953.51,3.4122,178.24,246.3,20916.55,44111.74,126.55,195.02,338.74,202.3,524.7,762.32,288.66,464.19,2865.63,106169.31,5442.07,55.1,5.0,5.5,4.5,5.05,5.1
2025-08-06,23924.36,3634.0,9164.3,27920.9,6345.06,40794.86,115028.0,3683.9207,2.9919,168.1757,0.2053,1.0002,319.91,250.21,3.6931,4.2783,222.31,4.9139,64.35,3.077,3380.0,37.766,2927.74,3.4562,179.4,248.0,21169.42,44193.12,128.0,196.62,345.62,212.6,521.91,770.84,288.64,468.91,2932.58,108259.29,5504.87,54.8,5.0,5.5,4.5,5.05,5.1
2025-08-07,24192.5,3639.67,9100.8,27761.3,6340.0,41059.15,117496.8984,3914.3259,3.3182,175.4854,0.2224,1.0003,322.27,250.2,3.6622,4.2709,223.13,4.8917,63.88,3.067,3400.3,38.158,2935.6,3.4285,180.75,248.9,21242.7,43968.64,133.15,196.98,338.27,219.36,517.83,760.7,284.27,461.47,2985.33,110046.8,5652.11,55.5,5.0,5.5,4.5,5.05,5.1
2025-08-08,24162.86,3635.13,9095.7,27758.7,6389.45,41820.48,116688.7266,4009.8489,3.2871,176.7633,0.2302,1.0001,329.65,246.62,3.6417,4.2515,222.69,4.8982,63.88,2.99,3439.1001,38.417,,3.4242,182.68,256.4,21450.02,44175.61,135.25,201.78,341.05,228.65,519.02,768.15,286.07,465.4,3022.19,110917.43,5643.72,56.0,5.0,5.5,4.5,5.05,5.1
2025-08-09,,,,,,,116500.3594,4263.5991,3.2279,180.1823,0.2403,1.0003,,,,,,,,,,,,,,,,,,,,,,,,,,,,,5.0,5.5,4.5,5.05,5.1
2025-08-10,,,,,,,119306.7578,4254.2178,3.1879,182.903,0.2341,1.0003,,,,,,,,,,,,,,,,,,,,,,,,,,,,,5.0,5.5,4.5,5.05,5.1
2025-08-11,24081.34,3647.55,9129.7,27775.2,6373.45,,118731.4453,4226.9668,3.1345,174.9778,0.2226,1.0003,339.03,240.72,3.6424,4.2425,221.3,4.8966,63.96,2.954,3353.1001,37.662,2946.49,3.4297,182.04,255.8,21385.4,43975.09,133.95,201.32,333.65,226.75,518.76,764.73,286.87,464.73,2994.43,110092.82,5569.85,55.9,5.0,5.5,4.5,5.05,5.1
2025-08-12,24024.78,3665.92,9147.8,27921.3,6445.76,42718.17,120172.9062,4590.9248,3.2665,191.8568,0.2357,0.9998,340.84,238.44,3.6633,4.2559,221.47,4.9217,63.17,2.808,3348.8999,37.899,2898.78,3.414,183.14,252.5,21681.9,44458.61,135.95,203.84,338.43,229.21,526.18,788.82,290.12,470.39,3014.18,110683.44,5500.63,56.55,5.0,5.5,4.5,5.05,5.1
2025-08-13,24185.59,3683.47,9165.2,27993.4,6466.58,43274.67,123344.0625,4756.2759,3.2806,201.5904,0.2452,1.0004,339.38,238.69,3.6415,4.2512,224.56,4.917,62.65,2.828,3358.7,38.499,2949.44,3.418,181.57,255.0,21713.14,44922.27,136.75,202.72,351.07,232.89,517.57,778.92,287.83,477.31,2997.03,110781.85,5536.46,58.35,5.0,5.5,4.5,5.05,5.1
2025-08-14,24377.5,3666.44,9177.2,27916.0,6468.54,42649.26,118359.5781,4548.1665,3.0835,192.586,0.2239,1.0007,335.58,238.69,3.6296,4.2511,230.98,4.9306,63.96,2.841,3335.2,37.982,2967.07,3.3785,182.0,246.6,21710.67,44911.26,131.55,203.51,348.58,232.34,519.46,780.97,291.42,479.22,2949.71,109366.66,5542.51,57.5,5.0,5.5,4.5,5.05,5.1
2025-08-15,24359.3,3696.77,9138.9,27905.5,6449.8,43378.31,117398.3516,4439.9888,3.0787,185.7413,0.2286,1.0006,330.56,240.75,3.6546,4.2576,231.03,4.9454,62.8,2.916,3336.0,37.894,,3.3807,180.43,,21622.98,44946.12,,204.59,354.85,231.15,517.17,784.06,287.79,477.2,,,,,5.0,5.5,4.5,5.05,5.1
2025-08-16,,,,,,,117491.3516,4426.1802,3.1081,189.767,0.2312,1.0006,,,,,,,,,,,,,,,,,,,,,,,,,,,,,5.0,5.5,4.5,5.05,5.1
2025-08-17,,,,,,,117453.0625,4473.2715,3.089,191.1648,0.2346,1.0007,,,,,,,,,,,,,,,,,,,,,,,,,,,,,5.0,5.5,4.5,5.05,5.1
2025-08-18,24314.77,3728.03,9157.7,27922.9,6449.15,43714.31,116252.3125,4312.5049,3.0615,183.0699,0.2224,1.0005,335.16,240.75,3.6344,4.2545,231.49,4.9265,63.42,2.89,3331.7,37.951,2986.6,3.3782,181.99,255.0,21629.77,44911.82,131.5,203.97,357.24,230.45,514.11,766.23,288.82,478.52,2962.09,109911.65,5576.27,57.15,5.0,5.5,4.5,5.05,5.1
2025-08-19,24423.07,3727.29,9189.2,27823.9,6411.37,43546.29,112831.1797,4073.4641,2.8529,176.1123,0.209,1.0002,329.31,240.75,3.6385,4.2453,228.01,4.9147,62.35,2.766,3313.3999,37.261,3003.79,3.3798,175.62,253.8,21314.95,44922.27,132.6,202.18,361.03,230.12,506.83,750.36,287.95,485.31,2993.07,111227.48,5609.2,57.25,5.0,5.5,4.5,5.05,5.1
2025-08-20,24276.97,3766.21,9288.1,27878.8,6395.78,42888.55,114274.7422,4334.5005,2.9507,187.5863,0.2215,1.0001,323.9,240.75,3.6413,4.2393,223.81,4.9137,63.21,2.752,3343.3999,37.705,2975.39,3.3905,175.38,251.9,21172.86,44938.31,131.55,199.88,353.43,225.58,502.8,746.61,289.52,488.68,2982.29,110796.99,5616.24,56.3,5.0,5.5,4.5,5.05,5.1
2025-08-21,24293.34,3771.1,9309.2,28055.4,6370.17,42610.17,112419.0312,4223.21,2.8505,180.2806,0.2147,0.9996,320.11,240.75,3.6441,4.2458,221.95,4.9073,63.52,2.826,3336.8999,38.027,2998.57,3.4134,174.96,260.9,21100.31,44785.5,130.9,200.31,353.43,224.47,502.15,738.0,288.76,488.59,3020.22,112002.76,5605.89,56.7,5.0,5.5,4.5,5.05,5.1
2025-08-22,24363.09,3825.76,9321.4,28333.1,6466.91,42633.29,116874.0859,4831.3486,3.0758,200.6474,0.2406,0.9997,340.01,240.75,3.6608,4.2522,228.84,4.9139,63.66,2.698,3374.3999,39.003,,3.409,177.97,257.9,21496.54,45631.74,131.35,206.4,362.09,227.33,505.13,753.67,293.48,489.0,2880.55,107648.46,5573.59,55.4,5.0,5.5,4.5,5.05,5.1
2025-08-23,,,,,,,115374.3281,4776.0903,3.0462,203.9367,0.236,0.9996,,,,,,,,,,,,,,,,,,,,,,,,,,,,,5.0,5.5,4.5,5.05,5.1
2025-08-24,,,,,,,113458.4297,4779.6475,3.0259,205.8524,0.2318,0.9999,,,,,,,,,,,,,,,,,,,,,,,,,,,,,5.0,5.5,4.5,5.05,5.1
2025-08-25,24273.12,3883.56,,28169.9,6439.32,42807.82,110124.3516,4372.9878,2.8613,187.2784,0.2098,1.0001,346.6,235.93,3.6316,4.2522,227.94,4.9064,64.8,2.696,3373.8,38.677,3048.08,3.3674,179.79,259.0,21449.29,45282.47,131.85,208.84,363.21,226.73,502.17,752.18,292.16,486.18,2905.64,108528.44,5566.74,55.85,5.0,5.5,4.5,5.05,5.1
2025-08-26,24152.87,3868.38,9265.8,28339.9,6465.94,42394.4,111802.6562,4600.4268,3.0122,195.9051,0.2185,1.0003,351.67,234.82,3.6646,4.2561,228.71,4.9319,63.25,2.717,3388.6001,38.582,3066.34,3.3627,181.75,260.2,21544.27,45418.07,131.75,207.63,354.91,228.87,499.96,752.98,295.79,492.21,2907.53,108534.08,5567.99,55.85,5.0,5.5,4.5,5.05,5.1
2025-08-27,24046.21,3800.35,9255.5,28433.0,6481.4,42520.27,111222.0625,4503.3931,2.9666,202.9234,0.2189,1.0001,349.6,234.82,3.6567,4.2563,229.12,4.9287,64.15,2.867,3404.6001,38.689,3074.3,3.3502,181.58,257.6,21590.14,45565.23,128.0,207.89,356.35,230.05,504.64,746.27,296.49,495.72,2856.56,106857.65,5534.12,54.7,5.0,5.5,4.5,5.05,5.1
2025-08-28,24039.92,3843.6,9216.8,28434.8,6501.86,42828.79,112544.8047,4507.1777,2.9671,214.4056,0.2243,1.0,345.98,234.82,3.6614,4.2645,231.6,4.9437,64.6,2.944,3431.8,39.19,3071.96,3.3281,180.15,254.8,21705.16,45636.9,128.0,212.04,353.96,232.12,507.53,749.99,298.27,499.86,2828.32,106030.68,5573.11,55.1,5.0,5.5,4.5,5.05,5.1
2025-08-29,23902.21,3857.93,9187.3,28564.5,6460.26,42718.47,108410.8359,4360.1528,2.822,205.22,0.214,1.0001,333.87,234.82,3.647,4.2602,229.0,4.9275,64.01,2.997,3473.7,40.2,,3.3242,174.16,252.0,21455.55,45544.88,128.0,213.2,356.7,231.7,504.59,737.6,298.61,502.98,2793.76,104775.45,5518.55,53.0,5.0,5.5,4.5,5.05,5.1
2025-08-30,,,,,,,108808.0703,4374.1533,2.8182,202.8601,0.216,1.0001,,,,,,,,,,,,,,,,,,,,,,,,,,,,,5.0,5.5,4.5,5.05,5.1
2025-08-31,,,,,,,108236.7109,4390.019,2.7766,200.8635,0.2138,1.0001,,,,,,,,,,,,,,,,,,,,,,,,,,,,,5.0,5.5,4.5,5.05,5.1
2025-09-01,24037.33,3875.53,9196.3,,,42188.79,109250.5938,4314.4702,2.7537,197.1083,0.2103,1.0,,,3.6445,4.2604,,4.9212,,,,,3038.65,3.3434,,245.7,,,129.4,,,,,,,,2770.36,103939.74,5488.03,53.1,5.0,5.5,4.5,5.05,5.1
2025-09-02,23487.33,3858.13,9116.7,28615.6,6415.54,42310.49,111200.5859,4325.3657,2.8619,209.4815,0.2148,1.0,329.36,234.01,3.6367,4.2605,225.34,4.9267,65.59,3.009,3549.3999,41.071,2997.3,3.3567,170.76,248.9,21279.63,45295.81,130.75,211.66,345.63,229.28,503.03,734.02,296.91,501.14,2774.05,103935.91,5473.17,48.5,5.0,5.5,4.5,5.05,5.1
2025-09-03,23594.8,3813.56,9178.0,28751.4,6448.26,41938.89,111723.2109,4450.3892,2.8449,210.7463,0.2206,1.0006,334.09,234.01,3.664,4.2619,225.99,4.9024,63.97,3.064,3593.2,41.542,3019.45,3.3882,170.6,245.9,21497.73,45271.23,133.85,230.74,348.5,238.02,503.26,735.95,296.72,501.49,2786.15,104458.97,5501.71,47.14,5.0,5.5,4.5,5.05,5.1
2025-09-04,23770.33,3765.88,9216.9,28915.9,6502.08,42580.27,110723.6016,4298.7441,2.7958,202.5602,0.2125,1.0003,338.53,234.01,3.6457,4.251,235.68,4.9,63.48,3.074,3565.8,40.911,3047.19,3.3573,171.64,250.0,21707.69,45621.29,131.1,232.3,344.31,239.32,505.87,747.54,300.99,506.91,2828.22,105999.04,5484.49,46.06,4.75,5.25,4.25,4.8,4.85
2025-09-05,23596.98,3812.51,9208.2,29050.6,6481.5,43018.75,110650.9844,4306.9888,2.8162,203.4985,0.2179,0.9999,350.84,234.01,3.6452,4.249,232.33,4.9003,61.87,3.048,3613.2,41.074,,3.3606,167.0,250.2,21700.39,45400.86,132.5,234.81,348.97,239.23,492.95,751.33,291.64,499.77,2805.02,105563.27,5404.08,49.38,4.75,5.25,4.25,4.8,4.85
2025-09-06,,,,,,,110224.6953,4274.2422,2.8109,200.2463,0.2159,1.0002,,,,,,,,,,,,,,,,,,,,,,,,,,,,,4.75,5.25,4.25,4.8,4.85
2025-09-07,,,,,,,111167.6172,4305.3477,2.8786,206.4682,0.2284,1.0001,,,,,,,,,,,,,,,,,,,,,,,,,,,,,4.75,5.25,4.25,4.8,4.85
2025-09-08,23807.13,3826.84,9221.4,29027.7,6495.15,43643.81,112071.4297,4308.0723,2.9704,214.1864,0.2419,0.9999,346.4,234.01,3.6297,4.2513,235.84,4.8973,62.26,3.09,3638.1001,41.426,3079.29,3.3448,168.29,255.0,21798.7,45514.95,133.55,234.01,358.66,237.43,496.14,751.18,290.18,493.78,2862.51,107523.29,5436.65,50.5,4.75,5.25,4.25,4.8,4.85
2025-09-09,23718.45,3807.29,9242.5,29063.0,6512.61,43459.29,111530.5469,4309.0415,2.9466,217.2507,0.2407,1.0001,346.97,234.01,3.6078,4.2474,238.24,4.8911,62.63,3.117,3643.3,40.878,3133.78,3.322,170.74,252.5,21879.49,45711.34,134.25,239.78,354.06,233.9,496.35,764.56,295.08,492.72,2836.41,106641.59,5402.48,49.18,4.75,5.25,4.25,4.8,4.85
2025-09-10,23632.95,3812.22,9225.4,29179.4,6532.04,43837.67,113955.3594,4349.146,2.9817,223.9869,0.2454,1.0001,347.79,234.01,3.6315,4.2494,230.33,4.9098,63.67,3.029,3643.6001,41.133,3124.37,3.3432,177.31,255.3,21886.06,45490.92,133.5,239.4,350.16,226.36,498.3,750.86,297.74,490.08,2811.48,105682.9,5317.9,48.44,4.75,5.25,4.25,4.8,4.85
2025-09-11,23703.65,3875.31,9297.6,29407.9,6587.47,44372.5,115507.5391,4461.2334,3.0409,228.7562,0.2557,1.0003,368.81,234.01,3.6379,4.2574,229.95,4.9264,62.37,2.934,3636.8999,41.697,3092.88,3.3216,177.16,255.0,22043.07,46108.0,133.85,240.62,350.55,229.59,498.94,749.78,302.72,496.91,2855.75,107084.89,5312.53,48.18,4.75,5.25,4.25,4.8,4.85
2025-09-12,23698.15,3870.6,9283.3,29283.8,6584.29,44768.12,116101.5781,4715.2461,3.1076,242.3033,0.2754,1.0006,395.94,234.01,3.6249,4.2521,228.15,4.9195,62.69,2.941,3649.3999,42.387,,3.3215,177.81,252.3,22141.1,45834.22,139.15,241.22,349.36,233.62,507.79,754.47,304.05,493.74,2836.58,106413.18,5365.01,48.58,4.75,5.25,4.25,4.8,4.85
2025-09-13,,,,,,,115950.5078,4668.1797,3.1215,242.5959,0.2895,1.0003,,,,,,,,,,,,,,,,,,,,,,,,,,,,,4.75,5.25,4.25,4.8,4.85
2025-09-14,,,,,,,115407.6562,4609.5977,3.0325,240.5577,0.2786,1.0005,,,,,,,,,,,,,,,,,,,,,,,,,,,,,4.75,5.25,4.25,4.8,4.85
2025-09-15,23748.86,3860.5,9277.0,29431.0,6615.28,,115444.875,4526.8203,2.9971,234.3576,0.2686,1.0003,410.04,234.01,3.6267,4.2526,231.43,4.9153,63.3,3.043,3682.2,42.517,3053.12,3.3345,177.74,257.0,22348.75,45883.45,141.0,251.6,347.1,236.25,513.23,763.56,306.03,491.54,2866.16,107484.11,5410.8,47.18,4.75,5.25,4.25,4.8,4.85
2025-09-16,23329.24,3861.86,9195.7,29315.2,6606.76,44902.27,116843.1875,4503.5645,3.0385,236.9896,0.2698,1.0004,421.62,234.01,3.6099,4.2465,234.05,4.9105,64.52,3.103,3688.8999,42.471,3063.17,3.3497,174.87,257.1,22333.96,45757.9,139.35,251.26,352.73,237.7,506.93,777.84,306.31,490.99,2819.54,105950.79,5390.56,47.0,4.75,5.25,4.25,4.8,4.85
2025-09-17,23359.18,3876.34,9208.4,29321.7,6600.35,44790.38,116468.5078,4592.7334,3.085,244.8575,0.2825,1.0005,425.86,234.01,3.5758,4.2481,231.62,4.8858,64.05,3.1,3681.8,41.722,3000.17,3.3362,170.28,256.7,22261.33,46018.32,135.25,249.69,362.07,238.54,507.91,774.57,308.85,492.33,2813.42,105617.25,5357.7,47.16,4.75,5.25,4.25,4.8,4.85
2025-09-18,23674.53,3831.66,9228.1,29453.5,6631.96,45303.43,117137.2031,4589.9189,3.0763,247.6371,0.2788,1.0001,416.85,236.44,3.597,4.2531,231.23,4.9017,63.57,2.939,3643.7,41.707,3021.86,3.3429,176.23,262.6,22470.72,46142.42,134.45,252.17,367.46,237.43,506.34,779.09,310.31,490.5,2809.46,105564.9,5348.97,47.1,4.75,5.25,4.25,4.8,4.85
2025-09-19,23639.41,3820.09,9216.7,29768.4,6664.36,45045.81,115688.8594,4470.917,2.9919,238.5527,0.2654,1.0005,426.07,238.5,3.6135,4.2584,231.48,4.8965,62.68,2.888,3671.5,42.536,,3.344,176.66,255.0,22631.48,46315.27,135.55,255.07,365.9,245.03,515.79,777.22,311.85,492.85,2802.69,105380.97,5349.72,48.5,4.75,5.25,4.25,4.8,4.85
2025-09-20,,,,,,,115721.9609,4482.2656,2.9789,239.5925,0.2677,1.0004,,,,,,,,,,,,,,,,,,,,,,,,,,,,,4.75,5.25,4.25,4.8,4.85
2025-09-21,,,,,,,115306.0938,4451.3291,2.9734,236.5755,0.2612,1.0004,,,,,,,,,,,,,,,,,,,,,,,,,,,,,4.75,5.25,4.25,4.8,4.85
2025-09-22,23527.05,3828.58,9226.7,29959.0,6693.75,45493.66,112748.5078,4202.8774,2.853,220.4964,0.2413,1.001,434.21,243.82,3.6311,4.2635,227.63,4.8908,62.64,2.806,3740.7,43.799,,3.3351,183.6,259.5,22788.98,46381.54,140.2,252.72,364.08,255.59,512.32,764.54,309.53,493.71,2802.03,105324.97,5452.27,47.66,4.75,5.25,4.25,4.8,4.85
2025-09-23,23611.33,3821.83,9223.3,29815.6,6656.92,,112014.5,4165.5039,2.8282,213.7173,0.2374,1.0002,425.85,243.82,3.6054,4.2541,220.71,4.8721,63.41,2.853,3780.6001,44.192,,3.3495,178.42,254.5,22573.47,46292.78,142.2,252.18,361.78,253.95,507.12,754.78,309.83,494.1,2819.1,105866.67,5427.22,46.76,4.75,5.25,4.25,4.8,4.85
2025-09-24,23666.81,3853.64,9250.4,29757.0,6637.97,45630.31,113328.6328,4153.4692,2.928,211.7563,0.2412,1.0003,442.79,236.52,3.6036,4.257,220.21,4.8728,64.99,2.858,3732.1001,43.777,,3.3417,176.96,255.0,22497.86,46121.28,152.4,247.67,353.27,251.83,508.04,760.04,310.5,497.09,2828.82,106520.9,5359.56,47.46,4.75,5.25,4.25,4.8,4.85
2025-09-25,23534.83,3853.3,9214.0,29732.0,6604.72,45754.93,109049.2891,3868.334,2.7423,192.3808,0.2227,1.0005,423.39,233.26,3.63,4.2632,218.15,4.887,64.98,2.904,3736.8999,44.697,3034.83,3.3551,177.68,253.7,22384.7,45947.32,151.6,246.41,354.16,256.38,504.93,748.3,310.53,494.96,2797.79,105561.78,5404.9,44.92,4.75,5.25,4.25,4.8,4.85
2025-09-26,23739.47,3828.11,9284.8,29761.3,6643.7,45354.99,109712.8281,4035.8879,2.7858,205.3526,0.2326,1.0005,440.4,233.26,3.6607,4.269,219.78,4.8818,65.72,2.835,3775.3,46.221,,3.3511,178.18,256.3,22484.07,46247.29,152.0,247.02,360.37,254.97,509.34,743.14,313.12,500.03,2832.26,106570.62,5445.76,44.16,4.75,5.25,4.25,4.8,4.85
2025-09-27,,,,,,,109681.9453,4018.6582,2.8077,203.5833,0.2308,1.0005,,,,,,,,,,,,,,,,,,,,,,,,,,,,,4.75,5.25,4.25,4.8,4.85
2025-09-28,,,,,,,112122.6406,4141.4766,2.8666,210.7377,0.2374,1.0003,,,,,,,,,,,,,,,,,,,,,,,,,,,,,4.75,5.25,4.25,4.8,4.85
2025-09-29,23745.06,3862.53,9299.8,29971.9,6661.21,45043.75,114400.3828,4217.3418,2.8827,213.0534,0.2351,1.0006,443.21,234.72,3.6431,4.2644,222.17,4.885,63.45,3.267,3820.8999,46.612,3110.81,3.3565,181.84,267.8,22591.15,46316.07,160.0,244.2,359.42,253.95,512.47,742.79,312.75,499.25,2832.01,106524.71,5403.34,44.3,4.75,5.25,4.25,4.8,4.85
2025-09-30,23880.72,3882.78,9350.4,30022.8,6688.46,44932.63,114056.0859,4145.9575,2.8469,208.7431,0.2329,1.0001,444.72,234.72,3.6354,4.2648,219.57,4.8874,62.37,3.303,3840.8,46.253,3199.55,3.3136,186.57,270.5,22660.01,46397.89,160.0,243.39,352.75,254.15,515.81,733.78,312.49,502.74,2827.17,106363.86,5428.5,44.52,4.75,5.25,4.25,4.8,4.85
2025-10-01,24113.62,,9446.4,30107.7,6711.2,44550.85,118648.9297,4351.1123,2.9473,221.6759,0.2484,1.0005,459.46,233.85,3.6331,4.2636,220.63,4.884,61.78,3.476,3867.5,47.29,,3.3031,187.23,272.2,22755.16,46441.1,166.05,245.38,343.72,254.96,517.56,716.76,307.82,498.2,2850.42,107121.5,5476.08,44.52,4.75,5.25,4.25,4.8,4.85
2025-10-02,24422.56,,9427.7,30160.6,6715.35,44936.73,120681.2578,4487.9238,3.0393,234.8569,0.2619,1.0007,436.0,233.85,3.6289,4.2582,222.41,4.8947,60.48,3.442,3839.7,46.0,,3.3155,188.88,270.4,22844.05,46519.72,167.35,246.27,351.48,256.64,513.6,726.46,304.69,495.92,2861.62,107695.9,5465.39,47.18,4.75,5.25,4.25,4.8,4.85
2025-10-03,24378.8,,9491.3,30471.7,6715.79,45769.5,122266.5312,4514.8706,3.0409,233.002,0.2586,1.0005,429.83,232.29,3.6304,4.2572,219.51,4.8804,60.88,3.324,3880.8,47.597,,3.3174,187.61,273.5,22780.51,46758.28,171.65,246.29,346.74,257.53,515.21,709.98,307.14,498.75,2862.96,108016.79,5496.85,46.5,4.75,5.25,4.25,4.8,4.85
2025-10-04,,,,,,,122425.4297,4489.1973,2.9693,228.0032,0.2509,1.0003,,,,,,,,,,,,,,,,,,,,,,,,,,,,,4.75,5.25,4.25,4.8,4.85
2025-10-05,,,,,,,123513.4766,4515.4229,2.9706,228.6012,0.253,1.0002,,,,,,,,,,,,,,,,,,,,,,,,,,,,,4.75,5.25,4.25,4.8,4.85
2025-10-06,24378.29,,9479.1,30531.9,6740.28,47944.76,124752.5312,4687.7715,2.9907,232.516,0.2663,1.0002,453.25,231.96,3.6313,4.2516,220.9,4.8777,61.69,3.357,3948.5,48.082,,3.304,185.53,273.5,22941.67,46694.97,173.8,251.35,350.14,256.2,526.38,715.08,307.79,500.02,2838.1,107133.09,5450.45,45.7,4.75,5.25,4.25,4.8,4.85
2025-10-07,24385.78,,9483.6,30351.7,6714.59,47950.88,121451.3828,4451.1519,2.856,220.4827,0.2473,1.0005,433.09,231.49,3.6279,4.2482,221.78,4.8942,61.73,3.498,3976.6001,47.179,,3.2739,185.03,274.5,22788.36,46602.98,178.0,246.97,348.31,255.99,521.81,712.5,306.31,502.3,2868.67,107937.15,5442.09,44.4,4.75,5.25,4.25,4.8,4.85
2025-10-08,24597.13,,9548.9,30502.0,6753.72,47734.99,123354.8672,4527.6479,2.8808,229.1012,0.2556,1.0003,438.69,232.1,3.6478,4.2511,225.22,4.8955,62.55,3.333,4043.3,48.656,3202.84,3.2782,189.1,278.6,23043.38,46601.78,186.55,245.3,348.77,257.57,522.68,717.26,302.66,499.84,2877.99,108295.93,5378.07,44.72,4.75,5.25,4.25,4.8,4.85
2025-10-09,24611.25,3933.97,9509.4,30270.0,6735.11,48580.44,121705.5859,4369.1436,2.8049,220.9911,0.2486,1.0005,435.54,232.1,3.6573,4.2533,227.74,4.9001,61.51,3.269,3946.3,46.85,3275.47,3.2788,192.56,275.0,23024.63,46358.42,189.8,242.05,347.47,253.56,520.24,732.91,304.16,496.74,2874.3,108019.25,5362.14,44.5,4.5,5.0,4.0,4.55,4.6
2025-10-10,24241.46,3897.03,9427.5,29850.9,6552.51,48088.8,113214.3672,3843.0088,2.3586,188.6639,0.1932,1.0018,413.49,232.1,3.6802,4.2566,216.37,4.896,58.9,3.106,3975.8999,46.938,,3.2612,183.15,259.9,22204.43,45479.6,188.0,237.34,337.51,244.8,508.84,704.73,299.54,489.13,2873.04,107951.51,5401.23,44.42,4.5,5.0,4.0,4.55,4.6
2025-10-11,,,,,,,110807.8828,3750.6116,2.386,178.0542,0.1854,1.0011,,,,,,,,,,,,,,,,,,,,,,,,,,,,,4.5,5.0,4.0,4.55,4.6
2025-10-12,,,,,,,115169.7656,4164.4277,2.535,197.5085,0.2078,1.0013,,,,,,,,,,,,,,,,,,,,,,,,,,,,,4.5,5.0,4.0,4.55,4.6
2025-10-13,24387.93,3889.5,9442.9,,6654.72,,115271.0781,4245.4678,2.6065,208.3673,0.214,1.001,435.9,232.1,3.6742,4.2626,220.07,4.8995,59.49,3.118,4108.6001,50.13,,3.2715,188.31,255.0,22694.61,46067.58,192.25,244.48,339.32,247.19,511.92,715.12,306.59,491.93,2875.17,107846.06,5376.76,44.98,4.5,5.0,4.0,4.55,4.6
2025-10-14,24236.94,3865.23,9452.8,30353.6,6644.31,46847.32,113118.6641,4125.4121,2.5057,202.4603,0.2045,1.0005,429.24,232.1,3.6826,4.2582,216.39,4.9084,58.7,3.028,4138.7002,50.314,,3.2878,180.02,248.8,22521.7,46270.46,186.25,246.03,335.94,247.3,511.44,708.07,300.72,495.97,2844.05,106653.38,5354.06,43.46,4.5,5.0,4.0,4.55,4.6
2025-10-15,24181.37,3912.21,9424.8,30637.1,6671.06,47672.67,110783.1641,3987.4595,2.4127,194.0219,0.1963,1.0006,435.15,231.3,3.6717,4.2592,215.57,4.8911,58.27,3.016,4176.8999,51.073,3248.99,3.3177,179.82,251.0,22670.08,46253.31,190.25,251.55,330.63,248.87,511.3,716.97,304.32,496.39,2901.08,108729.37,5409.61,43.9,4.5,5.0,4.0,4.55,4.6
2025-10-16,24272.19,3916.23,9436.1,30458.8,6629.07,48277.74,108186.0391,3894.7544,2.3291,184.6889,0.1884,1.0002,428.75,230.72,3.6508,4.2516,214.47,4.8934,57.46,2.938,4280.2002,53.023,3210.91,3.2843,181.8,252.5,22562.54,45952.24,191.25,251.72,329.23,246.98,509.49,711.49,297.2,488.81,2887.16,108214.71,5375.87,43.8,4.5,5.0,4.0,4.55,4.6
2025-10-17,23830.99,3839.75,9354.6,30108.5,6664.01,47582.15,106467.7891,3832.5588,2.2942,182.0348,0.1848,1.0003,439.31,230.72,3.6287,4.2452,213.04,4.8787,57.54,3.008,4189.8999,49.864,,3.2961,183.21,256.9,22679.97,46190.61,187.75,253.62,333.26,251.81,511.45,716.34,296.22,492.42,2872.02,107764.77,5402.14,44.4,4.5,5.0,4.0,4.55,4.6
2025-10-18,,,,,,,107198.2656,3890.3462,2.3605,187.6603,0.1896,1.0003,,,,,,,,,,,,,,,,,,,,,,,,,,,,,4.5,5.0,4.0,4.55,4.6
2025-10-19,,,,,,,108666.7109,3984.6497,2.3906,187.7982,0.1953,1.0004,,,,,,,,,,,,,,,,,,,,,,,,,,,,,4.5,5.0,4.0,4.55,4.6
2025-10-20,24258.8,3863.89,9403.6,30416.4,6735.13,49185.5,110588.9297,3980.7603,2.4934,189.7507,0.2001,1.0004,447.43,230.72,3.6401,4.2433,216.48,4.8869,57.52,3.397,4336.3999,51.119,3208.01,3.3088,182.63,253.2,22990.54,46706.58,194.1,256.85,343.4,261.74,514.65,731.57,301.0,494.08,2916.61,109618.82,5450.74,45.08,4.5,5.0,4.0,4.55,4.6
2025-10-21,24330.03,3916.33,9427.0,29888.8,6735.35,49316.06,108476.8906,3876.7642,2.4243,185.6663,0.1944,1.0005,442.6,230.72,3.6353,4.2329,222.03,4.8735,57.82,3.474,4087.7,47.45,3176.41,3.2822,181.15,258.2,22953.67,46924.74,185.5,251.18,357.55,262.27,515.52,732.67,295.76,491.29,2912.05,109511.51,5499.34,45.72,4.5,5.0,4.0,4.55,4.6
2025-10-22,24151.13,3913.76,9515.0,29983.0,6699.4,49307.79,107688.5859,3808.1223,2.3639,180.1481,0.19,1.0002,438.97,230.72,3.6525,4.2369,217.95,4.8813,58.5,3.45,4044.3999,47.461,3178.97,3.2891,180.27,260.9,22740.4,46590.41,186.1,252.37,354.09,257.96,518.38,732.81,292.79,491.81,2958.78,110937.56,5511.85,45.0,4.5,5.0,4.0,4.55,4.6
2025-10-23,24207.79,3922.41,9578.6,30186.3,6738.44,48641.61,110069.7266,3856.0264,2.3951,191.3883,0.1948,1.0005,448.98,230.72,3.643,4.229,221.09,4.8678,61.79,3.344,4125.5,48.482,3199.1,3.2955,182.15,260.2,22941.8,46734.61,193.75,253.56,354.12,259.09,518.4,733.4,293.22,490.16,2984.67,111568.93,5474.7,45.46,4.5,5.0,4.0,4.55,4.6
2025-10-24,24239.89,3950.31,9645.6,30353.1,6791.69,49299.65,111033.9219,3934.5674,2.5075,193.5602,0.1977,1.0003,433.72,230.72,3.6402,4.2287,224.21,4.8509,61.5,3.304,4118.3999,48.377,,3.291,186.25,259.5,23204.87,47207.12,191.0,260.34,353.52,262.32,521.44,737.76,299.09,492.1,2981.19,111427.76,5479.56,46.46,4.5,5.0,4.0,4.55,4.6
2025-10-25,,,,,,,111641.7266,3953.4709,2.5964,194.0404,0.1966,1.0001,,,,,,,,,,,,,,,,,,,,,,,,,,,,,4.5,5.0,4.0,4.55,4.6
2025-10-26,,,,,,,114472.4453,4157.9893,2.6451,200.0286,0.2057,1.0,,,,,,,,,,,,,,,,,,,,,,,,,,,,,4.5,5.0,4.0,4.55,4.6
2025-10-27,24308.78,3996.95,9653.8,30275.8,6875.16,50512.32,114119.3281,4120.1221,2.6346,198.7417,0.2004,1.0,452.42,230.72,3.6448,4.2394,226.97,4.8556,61.31,3.442,4001.8999,46.562,3236.46,3.2838,191.48,254.8,23637.46,47544.59,189.0,269.75,357.8,268.3,529.32,750.21,302.78,488.07,2980.91,111612.44,5459.82,46.72,4.5,5.0,4.0,4.55,4.6
2025-10-28,24278.63,3988.22,9696.7,30419.7,6890.89,50219.18,112956.1641,3982.2625,2.606,194.4428,0.1938,1.0003,460.55,230.72,3.6326,4.2324,229.25,4.8461,60.15,3.345,3966.2,47.125,3206.35,3.2558,201.02,259.2,23827.49,47706.37,191.35,268.25,359.91,268.49,539.83,750.83,303.99,481.44,3041.52,113459.04,5459.31,47.48,4.5,5.0,4.0,4.55,4.6
2025-10-29,24124.21,4016.33,9756.1,30144.8,6890.59,51307.65,110055.3047,3903.353,2.552,194.4109,0.1924,1.0002,461.51,230.72,3.628,4.2292,230.3,4.8176,60.48,3.376,3983.7,47.721,3260.11,3.2564,207.03,256.8,23958.47,47632.0,197.2,274.99,337.86,269.19,539.31,751.06,304.14,475.76,3038.56,113294.48,5504.19,45.98,4.5,5.0,4.0,4.55,4.6
2025-10-30,24118.89,3986.9,9760.1,30179.0,6822.34,51325.61,108305.5469,3804.3752,2.4397,184.6244,0.1827,0.9999,440.1,225.34,3.6522,4.2373,222.86,4.8214,60.57,3.956,4001.3,48.428,3273.43,3.2506,202.88,257.3,23581.14,47522.12,194.0,281.72,339.24,270.88,523.58,665.93,308.05,478.52,3029.29,112708.11,5426.28,45.96,4.5,5.0,4.0,4.55,4.6
2025-10-31,23958.3,3954.79,9717.3,30260.7,6840.2,52411.34,109556.1641,3847.0803,2.5087,187.2095,0.1864,0.9996,456.56,225.34,3.6644,4.2403,244.22,4.8217,60.98,4.124,3982.2,47.994,,3.2543,202.48,253.8,23724.96,47562.87,193.85,281.64,340.31,269.86,515.67,647.82,309.72,477.54,2987.33,111487.05,5442.63,47.04,4.5,5.0,4.0,4.55,4.6
2025-11-01,,,,,,,110064.0156,3874.188,2.5052,186.3801,0.1873,0.9997,,,,,,,,,,,,,,,,,,,,,,,,,,,,,4.5,5.0,4.0,4.55,4.6
2025-11-02,,,,,,,110639.625,3911.0632,2.5291,187.826,0.1866,1.0001,,,,,,,,,,,,,,,,,,,,,,,,,,,,,4.5,5.0,4.0,4.55,4.6
2025-11-03,24132.41,3976.52,9701.4,30275.1,6851.97,,106547.5234,3602.3081,2.3094,166.0907,0.1672,0.9999,468.37,229.1,3.6898,4.2534,254.0,4.8465,61.05,4.266,4000.3,47.888,3320.54,3.2526,206.87,255.4,23834.72,47336.68,190.75,283.93,337.47,268.54,514.89,637.19,307.96,475.68,3005.61,112058.99,5497.38,45.94,4.5,5.0,4.0,4.55,4.6
2025-11-04,23949.11,3960.19,9715.0,29777.8,6771.55,51497.2,101590.5234,3292.5745,2.2106,155.4032,0.1627,1.0,444.26,229.1,3.6926,4.2531,249.32,4.8501,60.56,4.343,3947.7,47.13,3317.09,3.2582,198.68,252.5,23348.64,47085.24,186.55,277.88,335.35,269.53,512.2,626.81,307.86,487.66,2978.38,111372.83,5546.17,44.78,4.5,5.0,4.0,4.55,4.6
2025-11-05,24049.74,3969.25,9777.1,30103.5,6796.29,50212.27,103891.8359,3425.1711,2.3452,162.5661,0.1674,0.9999,462.07,229.1,3.7078,4.2586,250.2,4.8283,59.6,4.232,3980.3,47.863,3350.98,3.2679,195.2,250.2,23499.8,47311.0,187.0,284.56,335.53,269.63,505.06,635.43,310.28,488.77,2977.25,111559.98,5558.06,45.6,4.5,5.0,4.0,4.55,4.6
2025-11-06,23734.02,4007.76,9735.8,29868.6,6720.32,50883.68,101301.2891,3312.2578,2.2108,155.0659,0.1614,0.9996,445.91,229.1,3.6991,4.2527,243.04,4.828,59.43,4.357,3979.8999,47.794,3335.93,3.2569,188.07,250.0,23053.99,46912.3,189.35,285.15,327.35,269.26,495.04,618.44,312.01,493.15,3006.58,112192.96,5601.47,45.36,4.25,4.75,3.75,4.3,4.35
2025-11-07,23569.96,3997.56,9682.6,29912.2,6728.8,50276.37,103372.4062,3435.301,2.3142,161.7082,0.1787,0.9997,429.52,245.76,3.6787,4.2485,244.41,4.833,59.75,4.315,3999.3999,48.017,,3.2719,188.14,242.9,23004.54,46987.1,189.65,279.52,326.95,267.96,494.76,621.2,312.8,499.06,2970.61,110985.15,5607.39,42.88,4.25,4.75,3.75,4.3,4.35
2025-11-08,,,,,,,102282.1172,3400.376,2.2849,158.1025,0.1762,0.9997,,,,,,,,,,,,,,,,,,,,,,,,,,,,,4.25,4.75,3.75,4.3,4.35
2025-11-09,,,,,,,104719.6406,3582.6213,2.3677,164.4538,0.1793,1.0,,,,,,,,,,,,,,,,,,,,,,,,,,,,,4.25,4.75,3.75,4.3,4.35
2025-11-10,23959.99,4018.6,9787.2,30316.6,6832.43,50911.76,105996.5938,3568.46,2.5264,167.367,0.1818,0.9997,445.23,245.76,3.6708,4.2378,248.4,4.8234,60.13,4.338,4111.7998,50.177,3367.02,3.2608,199.04,245.6,23527.17,47368.63,195.65,290.4,328.85,269.18,503.9,631.25,315.47,496.98,3019.29,112668.07,5692.42,44.36,4.25,4.75,3.75,4.3,4.35
2025-11-11,24088.06,4002.76,9899.6,30409.3,6846.61,50842.93,102997.4688,3415.2822,2.3917,154.5683,0.172,0.9997,439.62,245.76,3.6626,4.2328,249.1,4.8235,61.04,4.565,4106.7998,50.618,3390.85,3.2346,193.15,,23468.3,47927.96,,291.55,333.22,274.99,506.57,626.57,314.2,497.07,,,,,4.25,4.75,3.75,4.3,4.35
2025-11-12,24381.46,4000.14,9911.4,30827.6,6850.92,51063.31,101663.1875,3413.0942,2.3869,153.262,0.1701,0.9999,430.6,245.76,3.6478,4.2267,244.2,4.7975,58.49,4.533,4204.3999,53.332,3431.17,3.2206,193.79,243.4,23406.46,48254.82,195.6,287.24,337.05,273.21,509.02,608.51,318.97,502.4,3023.24,112760.18,5734.55,44.86,4.25,4.75,3.75,4.3,4.35
2025-11-13,24041.62,4029.5,9807.7,30253.6,6737.49,51281.83,99697.4922,3232.7571,2.3311,145.1085,0.1643,0.9994,401.99,245.76,3.6507,4.2318,237.58,4.7926,58.69,4.646,4186.8999,53.074,3434.23,3.1992,186.85,237.4,22870.36,47457.22,196.5,278.94,333.6,272.69,501.21,609.39,308.09,513.11,3016.16,112532.48,5744.57,42.62,4.25,4.75,3.75,4.3,4.35
2025-11-14,23876.55,3990.49,9698.4,30326.5,6734.11,50376.53,94397.7891,3103.7856,2.244,138.6766,0.1575,0.9991,404.35,245.76,3.6361,4.2266,234.69,4.782,60.09,4.566,4087.6001,50.59,,3.2221,190.16,236.7,22900.59,47147.48,195.0,276.8,331.11,272.16,508.07,608.96,302.25,508.94,2990.37,111687.24,5695.16,41.6,4.25,4.75,3.75,4.3,4.35
2025-11-15,,,,,,,95549.1484,3166.6313,2.2352,139.5352,0.1631,0.9995,,,,,,,,,,,,,,,,,,,,,,,,,,,,,4.25,4.75,3.75,4.3,4.35
2025-11-16,,,,,,,94177.0781,3092.8474,2.2166,137.2657,0.1587,0.9993,,,,,,,,,,,,,,,,,,,,,,,,,,,,,4.25,4.75,3.75,4.3,4.35
2025-11-17,23590.52,3972.03,9675.4,30076.2,6672.41,50323.91,92093.875,3024.5388,2.1621,130.8483,0.1519,0.9989,408.92,245.76,3.6367,4.2228,232.87,4.7824,59.91,4.361,4068.3,50.625,3451.39,3.2264,186.59,230.9,22708.07,46590.24,192.2,285.41,325.07,267.21,505.39,601.52,299.02,503.26,2956.16,110616.15,5643.3,40.94,4.25,4.75,3.75,4.3,4.35
2025-11-18,23180.53,3939.81,9552.3,30036.5,6617.32,48702.98,92948.875,3122.979,2.2165,140.7144,0.1617,0.9995,401.25,245.76,3.6523,4.233,222.55,4.8046,60.74,4.371,4061.3,50.45,3385.71,3.2505,181.35,229.8,22432.85,46091.74,189.0,284.77,324.47,267.19,491.75,597.2,298.07,504.37,2903.1,108437.93,5569.65,40.36,4.25,4.75,3.75,4.3,4.35
2025-11-19,23162.92,3946.74,9507.4,30278.4,6642.16,48537.7,91465.9922,3023.0708,2.1076,136.767,0.1543,0.9991,403.99,245.76,3.6588,4.237,222.69,4.8106,59.44,4.55,4077.7,50.79,3395.1,3.284,186.51,229.2,22564.23,46138.77,195.5,292.8,318.11,268.31,485.1,589.84,301.91,501.26,2956.75,110230.88,5582.33,42.98,4.25,4.75,3.75,4.3,4.35
2025-11-20,23278.85,3931.05,9527.7,29906.6,6538.76,49823.94,86631.8984,2831.7776,1.9988,133.5172,0.1491,0.9997,395.23,256.49,3.6612,4.2252,217.14,4.7836,59.14,4.474,4056.5,50.247,3359.36,3.2762,180.63,227.8,22078.05,45752.26,195.1,289.79,312.4,266.0,477.34,588.67,297.04,501.12,2958.02,110369.15,5635.3,41.68,4.25,4.75,3.75,4.3,4.35
2025-11-21,23091.87,3834.89,9539.7,30160.7,6602.99,48625.88,85090.6875,2765.6992,1.9504,128.5005,0.1402,0.9994,391.09,255.43,3.6696,4.2323,220.69,4.8011,58.06,4.58,4076.7,49.873,,3.2461,178.87,228.2,22273.08,46245.41,191.05,299.45,324.19,271.24,471.04,593.77,296.68,504.04,2921.08,108942.98,5471.42,40.5,4.25,4.75,3.75,4.3,4.35
2025-11-22,,,,,,,84648.3594,2767.6074,1.9498,127.5512,0.1403,0.9995,,,,,,,,,,,,,,,,,,,,,,,,,,,,,4.25,4.75,3.75,4.3,4.35
2025-11-23,,,,,,,86805.0078,2801.676,2.0463,130.7051,0.1448,0.9997,,,,,,,,,,,,,,,,,,,,,,,,,,,,,4.25,4.75,3.75,4.3,4.35
2025-11-24,23239.18,3836.76,9534.9,30604.4,6705.12,,88270.5625,2952.7134,2.2259,138.3714,0.1518,0.9996,417.78,264.94,3.6816,4.2364,226.28,4.8215,58.84,4.549,4091.8999,50.295,3371.41,3.2656,182.54,230.9,22872.01,46448.27,195.9,318.26,318.73,275.66,472.92,612.55,296.66,507.81,2924.11,109053.32,5465.94,40.0,4.25,4.75,3.75,4.3,4.35
2025-11-25,23464.63,3870.02,9609.5,30900.7,6765.88,48659.52,87341.8906,2957.9363,2.1985,138.8911,0.153,0.9995,419.4,264.94,3.6748,4.2331,229.67,4.8159,57.95,4.424,4139.2002,50.934,3344.86,3.2629,177.81,231.5,23025.59,47112.45,198.35,323.43,319.55,276.71,475.9,635.7,301.64,508.57,2966.9,110415.52,5494.56,39.36,4.25,4.75,3.75,4.3,4.35
2025-11-26,23726.22,3864.18,9691.6,31180.3,6812.61,49559.07,90518.3672,3027.812,2.2243,143.0122,0.1548,1.0,426.58,264.94,3.6477,4.2207,229.16,4.8022,58.65,4.558,4165.2002,52.916,3374.3,3.2827,180.25,243.0,23214.69,47427.12,205.0,320.07,317.52,277.29,484.39,633.09,306.26,511.23,3003.61,111677.76,5504.32,41.3,4.25,4.75,3.75,4.3,4.35
2025-11-27,23767.96,3875.26,9693.9,31216.2,,50167.1,91285.375,3014.5422,2.2008,140.8464,0.1527,0.9999,,,3.6451,4.2315,,4.8302,,,,,3390.77,3.2686,,249.3,,,205.4,,,,,,,,2992.78,111507.87,5476.44,42.86,4.25,4.75,3.75,4.3,4.35
2025-11-28,23836.79,3888.6,9720.5,31382.8,6849.09,50253.91,90919.2656,3032.3044,2.1806,137.3902,0.1503,1.0002,430.17,264.94,3.642,4.2242,233.22,4.8252,58.55,4.85,4218.2998,56.446,,3.2649,176.99,256.4,23365.69,47716.42,211.7,319.91,320.13,278.59,490.89,647.42,311.67,513.81,3001.96,111866.66,5500.85,43.14,4.25,4.75,3.75,4.3,4.35
2025-11-29,,,,,,,90851.7578,2991.6853,2.2034,136.0817,0.1486,1.0002,,,,,,,,,,,,,,,,,,,,,,,,,,,,,4.25,4.75,3.75,4.3,4.35
2025-11-30,,,,,,,90394.3125,2992.1125,2.161,133.5648,0.1467,1.0002,,,,,,,,,,,,,,,,,,,,,,,,,,,,,4.25,4.75,3.75,4.3,4.35
2025-12-01,23589.44,3914.01,9702.5,31101.8,6812.63,49303.28,86321.5703,2800.189,2.0309,126.709,0.1356,0.9999,430.14,264.94,3.649,4.2332,233.88,4.8305,59.32,4.921,4239.2998,58.418,3429.69,3.2543,179.91,255.8,23275.92,47289.33,217.9,314.91,322.85,282.84,485.63,640.35,307.53,508.55,3007.41,111917.21,5508.25,42.1,4.25,4.75,3.75,4.3,4.35
2025-12-02,23710.86,3897.71,9701.8,31049.3,6829.37,49303.45,91350.2031,2997.9397,2.1555,138.6742,0.146,1.0003,429.24,264.94,3.6418,4.227,234.42,4.8103,58.64,4.84,4186.6001,57.983,3495.1,3.2572,181.45,255.3,23413.67,47474.46,218.0,315.81,322.81,285.92,488.88,646.57,306.5,506.65,2967.35,110617.7,5481.46,42.18,4.25,4.75,3.75,4.3,4.35
2025-12-03,23693.71,3878.0,9692.1,31160.5,6849.72,49864.68,93527.8047,3191.5718,2.2019,144.8985,0.1519,1.0005,446.74,264.94,3.6368,4.2316,232.38,4.8108,58.95,4.995,4199.2998,57.921,3467.16,3.2523,179.58,251.9,23454.09,47882.9,222.9,320.41,326.78,283.88,476.64,639.08,310.73,503.6,2945.82,109948.09,5524.21,41.48,4.25,4.75,3.75,4.3,4.35
2025-12-04,23882.03,3875.79,9710.9,31477.6,6857.12,51028.42,92141.625,3134.3164,2.0972,139.0145,0.1475,1.0002,454.53,264.94,3.6203,4.2238,229.11,4.8323,59.67,5.063,4211.7998,56.847,3506.55,3.2334,183.38,254.6,23505.14,47850.94,225.1,318.18,328.73,280.44,479.74,660.99,314.68,503.23,2959.44,110072.01,5567.4,41.44,4.0,4.5,3.5,4.05,4.1
2025-12-05,24028.14,3902.81,9667.0,31311.4,6870.4,50491.87,89387.7578,3024.4329,2.0376,133.323,0.1396,1.0002,455.0,264.94,3.6347,4.229,229.53,4.8419,60.08,5.289,4212.8999,58.422,,3.2411,182.41,238.8,23578.13,47954.99,235.0,321.88,346.26,278.52,482.06,672.87,313.63,504.34,2950.3,109977.3,5566.25,42.0,4.0,4.5,3.5,4.05,4.1
2025-12-06,,,,,,,89272.375,3040.2078,2.0326,132.3484,0.1397,1.0003,,,,,,,,,,,,,,,,,,,,,,,,,,,,,4.0,4.5,3.5,4.05,4.1
2025-12-07,,,,,,,90405.6406,3061.3018,2.0434,132.0936,0.1386,1.0003,,,,,,,,,,,,,,,,,,,,,,,,,,,,,4.0,4.5,3.5,4.05,4.1
2025-12-08,24046.01,3924.08,9645.1,31170.0,6846.51,50581.94,90640.2031,3125.198,2.0731,133.2782,0.1426,1.0003,439.58,264.94,3.6327,4.2282,226.89,4.84,58.88,4.912,4187.2002,57.779,3548.5,3.2345,185.55,243.0,23545.9,47739.32,234.4,314.45,339.12,277.63,489.9,666.26,313.79,497.23,2954.0,110095.19,5553.93,41.48,4.0,4.5,3.5,4.05,4.1
2025-12-09,24162.65,3909.52,9642.0,31244.4,6840.51,50655.1,92691.7109,3321.115,2.1084,137.9016,0.148,1.0001,445.17,264.94,3.6391,4.2331,227.92,4.8495,58.25,4.574,4206.7002,60.169,3569.04,3.223,184.97,252.8,23576.49,47560.29,235.8,317.75,344.32,276.92,490.9,656.42,299.16,491.43,3010.46,111890.26,5540.08,41.9,4.0,4.5,3.5,4.05,4.1
2025-12-10,24130.14,3900.5,9655.5,31490.9,6886.68,50602.8,92020.9453,3325.3901,2.0433,136.469,0.1435,1.0003,451.45,264.94,3.6342,4.2257,231.78,4.8345,58.46,4.595,4196.3999,60.379,3604.65,3.2231,183.78,245.4,23654.15,48057.75,241.5,321.0,343.13,278.52,477.47,649.6,308.72,490.43,3021.37,112365.38,5554.51,41.84,4.0,4.5,3.5,4.05,4.1
2025-12-11,24294.61,3873.32,9703.2,31660.7,6901.0,50148.82,92511.3359,3237.0569,2.0355,136.3716,0.1404,1.0003,446.89,264.94,3.6093,4.2226,230.28,4.8316,57.6,4.231,4285.5,63.929,3631.85,3.2363,180.93,253.0,23593.86,48704.01,245.0,313.7,350.43,277.77,482.37,652.18,315.95,495.85,3062.0,113456.5,5601.09,41.98,4.0,4.5,3.5,4.05,4.1
2025-12-12,24186.49,3889.35,9649.0,31527.4,6827.41,50836.55,90270.4141,3084.1726,2.0091,132.3243,0.1369,1.0001,458.96,264.94,3.5977,4.2235,226.19,4.8177,57.44,4.113,4300.1001,61.362,,3.2089,175.02,247.7,23195.17,48458.05,244.5,310.52,356.43,278.02,477.44,643.71,317.09,499.52,3079.15,113797.28,5556.52,43.38,4.0,4.5,3.5,4.05,4.1
2025-12-13,,,,,,,90298.7109,3116.6953,2.024,133.2475,0.1392,1.0003,,,,,,,,,,,,,,,,,,,,,,,,,,,,,4.0,4.5,3.5,4.05,4.1
2025-12-14,,,,,,,88175.1797,3060.5947,1.9793,129.4811,0.1342,1.0002,,,,,,,,,,,,,,,,,,,,,,,,,,,,,4.0,4.5,3.5,4.05,4.1
2025-12-15,24229.91,3867.92,9751.3,31483.4,6816.51,50168.11,86419.7812,2964.1831,1.8987,127.7571,0.1297,0.9999,475.31,421.0,3.5967,4.2213,222.54,4.8075,56.82,4.012,4306.7002,62.94,3595.63,3.2216,176.29,247.3,23057.41,48416.56,250.8,309.32,351.15,273.85,473.74,647.51,318.58,506.38,3137.07,115368.66,5538.58,43.9,4.0,4.5,3.5,4.05,4.1
2025-12-16,24076.87,3824.81,9684.8,31263.9,6800.26,49383.29,87843.9844,2964.1809,1.9301,129.2512,0.1317,0.9999,489.88,421.0,3.5871,4.2163,222.56,4.7991,55.27,3.886,4304.5,62.7,3607.33,3.2117,177.72,244.6,23111.46,48114.26,253.7,307.73,347.89,274.35,475.31,657.15,314.13,499.84,3103.28,114246.43,5583.84,44.0,4.0,4.5,3.5,4.05,4.1
2025-12-17,23960.59,3870.28,9774.3,31250.0,6721.43,49512.28,86143.7578,2831.4036,1.8618,123.1198,0.1262,0.9996,467.26,421.0,3.5841,4.2113,221.27,4.8114,55.94,4.024,4347.5,66.237,3635.08,3.2265,170.94,240.3,22693.32,47885.97,259.6,298.06,354.66,271.59,475.04,649.5,313.57,504.27,3105.78,114381.38,5559.25,43.38,4.0,4.5,3.5,4.05,4.1
2025-12-18,24199.5,3876.37,9837.8,31440.9,6774.76,49001.5,85462.5078,2827.0691,1.8078,119.5702,0.122,0.9995,483.37,421.0,3.5868,4.2114,226.76,4.7968,56.15,3.908,4339.5,64.592,3661.68,3.2291,174.14,242.7,23006.36,47951.85,256.3,303.75,355.81,271.94,482.88,664.45,311.59,503.39,3115.36,114486.43,5524.42,44.2,4.0,4.5,3.5,4.05,4.1
2025-12-19,24288.4,3890.45,9897.4,31755.8,6834.5,49507.21,88103.3828,2977.9707,1.9074,126.1927,0.1322,0.9995,481.2,421.0,3.5829,4.1988,227.35,4.7953,56.66,3.984,4361.3999,66.845,,3.2078,180.99,242.0,23307.62,48134.89,261.0,308.61,355.86,273.41,484.81,658.77,315.79,494.53,3146.48,115547.93,5480.73,43.36,4.0,4.5,3.5,4.05,4.1
2025-12-20,,,,,,,88344.0,2977.5825,1.9324,125.809,0.132,0.9996,,,,,,,,,,,,,,,,,,,,,,,,,,,,,4.0,4.5,3.5,4.05,4.1
2025-12-21,,,,,,,88621.75,3001.6138,1.922,125.9915,0.1311,0.9997,,,,,,,,,,,,,,,,,,,,,,,,,,,,,4.0,4.5,3.5,4.05,4.1
2025-12-22,24283.97,3917.36,9866.0,32000.1,6878.49,50402.39,88490.0156,3006.0737,1.9028,125.8012,0.1324,0.9994,488.73,421.0,3.5891,4.2032,228.43,4.802,58.01,3.965,4444.6001,67.906,3708.78,3.2062,183.69,245.8,23428.83,48362.68,272.4,311.33,357.53,270.72,483.82,661.5,321.64,499.95,3173.51,116571.84,5598.42,42.8,4.0,4.5,3.5,4.05,4.1
2025-12-23,24340.06,3919.98,9889.2,32058.7,6909.79,50412.87,87414.0,2963.374,1.8728,123.8572,0.1292,0.9995,485.56,421.0,3.5817,4.2144,232.14,4.8245,58.38,4.408,4482.7998,70.485,3711.25,3.1993,189.21,240.1,23561.84,48442.41,273.8,315.68,352.42,272.11,485.74,664.94,324.47,500.51,3155.57,116148.72,5583.41,43.18,4.0,4.5,3.5,4.05,4.1
2025-12-24,,3940.95,9870.7,31999.8,6932.05,50344.1,87611.9609,2945.5906,1.8612,122.4586,0.1285,0.9993,485.4,421.0,3.5773,4.22,232.38,4.8338,58.35,4.242,4480.6001,71.031,3719.65,3.1851,188.61,,23613.31,48731.16,,315.67,352.98,273.55,486.91,667.55,327.69,501.34,,,,,4.0,4.5,3.5,4.05,4.1
2025-12-25,,3959.62,,,,50407.79,87234.7422,2903.5796,1.8318,119.9471,0.1235,0.9994,,,,,,,,,,,3603.38,,,,,,,,,,,,,,,,,,4.0,4.5,3.5,4.05,4.1
2025-12-26,,3963.68,,,6929.94,50750.39,87301.4297,2925.7456,1.843,122.196,0.122,0.9992,475.19,421.0,3.5756,4.2131,232.52,4.8297,56.74,4.366,4529.1001,76.486,,3.1779,190.53,,23593.1,48710.97,,314.96,353.8,273.14,486.6,663.29,326.44,498.3,,,,,4.0,4.5,3.5,4.05,4.1
2025-12-27,,,,,,,87802.1562,2947.9983,1.8729,124.6477,0.1242,0.9993,,,,,,,,,,,,,,,,,,,,,,,,,,,,,4.0,4.5,3.5,4.05,4.1
2025-12-28,,,,,,,87835.8359,2948.5681,1.8644,125.1994,0.1238,0.9993,,,,,,,,,,,,,,,,,,,,,,,,,,,,,4.0,4.5,3.5,4.05,4.1
2025-12-29,24351.12,3965.28,9866.5,31896.6,6905.74,50526.92,87138.1406,2934.5383,1.8477,123.1252,0.1227,0.9988,459.64,421.0,3.5787,4.2121,232.07,4.8293,58.08,4.687,4325.1001,69.856,3623.81,3.1906,188.22,241.5,23474.35,48461.93,273.1,314.39,353.16,273.5,485.99,658.69,322.3,501.05,3164.93,116600.23,5604.5,44.02,4.0,4.5,3.5,4.05,4.1
2025-12-30,24490.41,3965.12,9940.7,31866.3,6896.24,50339.48,88430.1328,2971.4167,1.8755,124.9313,0.1233,0.9989,454.43,421.0,3.5888,4.2227,232.53,4.8494,57.95,3.972,4370.1001,77.374,3656.73,3.1796,187.54,241.0,23419.08,48367.06,280.8,314.55,352.51,272.82,486.37,665.95,321.97,503.71,3184.02,117240.24,5606.96,44.14,4.0,4.5,3.5,4.05,4.1
2025-12-31,,3968.84,9931.4,31712.8,6845.5,,87508.8281,2967.0376,1.84,124.4845,0.1173,0.9984,449.72,421.0,3.5918,4.2189,230.82,4.8397,57.42,3.686,4325.6001,70.134,3618.87,3.176,186.5,,23241.99,48063.29,,313.8,349.99,271.61,482.52,660.09,320.77,502.65,,,,,4.0,4.5,3.5,4.05,4.1
2026-01-01,,,,,,,88731.9844,3000.3943,1.8779,126.7611,0.1267,0.9987,,,,,,,,,,,3695.29,,,,,,,,,,,,,,,,,,4.0,4.5,3.5,4.05,4.1
2026-01-02,24539.34,,9951.1,31883.4,6858.47,,89944.6953,3124.4226,2.0058,132.1337,0.1417,0.9997,438.07,421.0,3.5847,4.2118,226.5,4.8319,57.32,3.618,4314.3999,70.556,,3.1857,188.85,241.7,23235.63,48382.39,283.5,315.32,333.3,270.76,471.86,650.41,324.02,496.85,3262.48,120181.05,5715.37,44.0,4.0,4.5,3.5,4.05,4.1
2026-01-03,,,,,,,90603.1875,3125.9175,2.0174,133.2985,0.1431,0.9996,,,,,,,,,,,,,,,,,,,,,,,,,,,,,4.0,4.5,3.5,4.05,4.1
2026-01-04,,,,,,,91413.4922,3140.7104,2.09,133.8996,0.1493,0.9995,,,,,,,,,,,,,,,,,,,,,,,,,,,,,4.0,4.5,3.5,4.05,4.1
2026-01-05,24868.69,4023.42,10004.6,32220.0,6902.05,51832.8,93882.5547,3226.1304,2.3488,137.99,0.1518,0.9999,451.67,421.0,3.5951,4.2076,233.06,4.8307,58.32,3.523,4436.8999,76.164,3738.33,3.1856,188.12,239.4,23395.82,48977.18,296.5,317.32,331.56,267.01,471.77,658.79,332.54,498.52,3258.52,120337.25,5711.48,48.64,4.0,4.5,3.5,4.05,4.1
2026-01-06,24892.2,4083.67,10122.7,32407.0,6944.82,52518.08,93729.0312,3295.9468,2.3069,141.0984,0.1506,0.9995,432.96,421.0,3.5942,4.2104,240.93,4.8639,57.13,3.35,4482.2002,80.53,3845.39,3.1526,187.24,,23547.17,49462.08,,314.55,335.99,262.11,477.42,660.62,334.61,499.05,,,,,4.0,4.5,3.5,4.05,4.1
2026-01-07,25122.26,4085.77,10048.2,32135.5,6920.93,51961.98,91308.0547,3166.844,2.1671,136.313,0.1463,0.999,431.41,421.0,3.5983,4.2074,241.56,4.8597,55.99,3.525,4449.2998,77.135,3845.78,3.1679,189.11,246.1,23584.28,48996.08,294.4,322.43,338.1,260.09,482.37,648.69,326.99,496.12,3312.1,122425.03,5747.05,58.8,4.0,4.5,3.5,4.05,4.1
2026-01-08,25127.46,4082.98,10044.7,32378.6,6921.46,51117.26,91027.125,3104.3826,2.1221,138.2934,0.142,0.9992,435.8,438.9,3.6038,4.2081,246.29,4.8495,57.76,3.407,4449.7002,74.716,3830.54,3.1686,185.04,235.0,23480.02,49266.11,280.3,326.01,339.04,258.8,477.02,646.06,329.79,499.77,3233.92,119960.91,5757.18,59.85,4.0,4.5,3.5,4.05,4.1
2026-01-09,25261.64,4120.43,10124.6,32612.9,6966.28,51939.89,90513.1016,3083.0471,2.0916,135.7564,0.1405,0.9987,445.01,443.25,3.6121,4.211,247.38,4.8531,59.12,3.169,4490.2998,78.884,3857.77,3.1682,184.86,240.6,23671.35,49504.07,297.8,329.14,333.95,259.13,478.19,653.06,329.19,499.1,3275.88,121551.17,5802.29,60.1,4.0,4.5,3.5,4.05,4.1
2026-01-10,,,,,,,90386.6484,3082.396,2.088,135.727,0.1395,0.9987,,,,,,,,,,,,,,,,,,,,,,,,,,,,,4.0,4.5,3.5,4.05,4.1
2026-01-11,,,,,,,90827.4609,3118.8853,2.0711,139.4905,0.1377,0.9986,,,,,,,,,,,,,,,,,,,,,,,,,,,,,4.0,4.5,3.5,4.05,4.1
2026-01-12,25405.34,4165.29,10140.7,32874.7,6977.27,,91192.9922,3092.3252,2.0525,139.1362,0.1365,0.999,448.96,448.96,3.622,4.2104,246.47,4.8509,59.5,3.409,4604.2998,84.61,3884.13,3.1465,184.94,241.0,23733.9,49590.2,303.0,332.73,327.65,260.01,476.09,641.97,324.49,498.67,3292.06,122027.18,5883.01,59.7,4.0,4.5,3.5,4.05,4.1
2026-01-13,25420.66,4138.76,10137.4,32870.4,6963.74,53549.16,95321.7812,3322.0955,2.1638,145.3609,0.1481,0.9994,447.2,449.27,3.6082,4.2071,242.6,4.8584,61.15,3.419,4589.2002,85.877,3866.86,3.1379,185.81,253.5,23709.87,49191.99,308.7,336.43,309.93,260.81,469.6,631.09,310.9,495.24,3280.95,121794.45,5885.22,58.75,4.0,4.5,3.5,4.05,4.1
2026-01-14,25286.24,4126.09,10184.4,32916.5,6926.6,54341.23,96929.3281,3354.7227,2.1397,146.7528,0.1472,0.9999,439.2,449.41,3.6173,4.2113,236.65,4.8561,62.02,3.12,4626.2998,90.869,3928.48,3.1445,183.14,254.2,23471.75,49149.63,315.9,336.31,304.44,259.72,458.33,615.52,307.87,493.15,3268.94,121322.27,5831.28,56.55,4.0,4.5,3.5,4.05,4.1
2026-01-15,25352.39,4112.6,10238.9,33028.9,6944.47,54110.5,95551.1875,3317.1013,2.0781,142.3324,0.14,0.9996,438.57,448.95,3.6149,4.2097,238.18,4.8585,59.19,3.128,4616.2998,91.876,3963.43,3.1541,187.05,274.6,23530.02,49442.44,325.6,333.16,304.09,257.97,455.62,620.8,309.26,492.62,3306.4,122335.59,5861.56,57.1,4.0,4.5,3.5,4.05,4.1
2026-01-16,25297.13,4101.91,10235.3,33040.6,6940.01,53936.17,95525.1172,3295.4822,2.0682,144.8605,0.1381,0.9995,437.5,451.21,3.6261,4.2093,239.12,4.852,59.44,3.103,4588.3999,88.091,3971.91,3.1423,186.23,280.6,23515.39,49359.33,310.7,330.34,296.12,255.29,458.81,620.25,312.47,493.29,3283.42,121700.6,5860.1,57.8,4.0,4.5,3.5,4.05,4.1
2026-01-17,,,,,,,95099.9219,3308.8643,2.0624,143.7257,0.1378,0.9996,,,,,,,,,,,,,,,,,,,,,,,,,,,,,4.0,4.5,3.5,4.05,4.1
2026-01-18,,,,,,,93634.4297,3281.1577,1.9927,137.9954,0.1317,0.9996,,,,,,,,,,,,,,,,,,,,,,,,,,,,,4.0,4.5,3.5,4.05,4.1
2026-01-19,24959.06,4114.0,10195.4,33091.0,,53583.57,92553.5938,3186.6211,1.9864,133.3387,0.1291,0.9994,,,3.6311,4.2213,,4.8658,,,,,3968.81,3.1442,,276.7,,,319.9,,,,,,,,3267.1,121050.45,5853.0,57.1,4.0,4.5,3.5,4.05,4.1
2026-01-20,24703.12,4113.65,10126.8,32750.3,6796.86,52991.1,88310.9062,2935.6057,1.8896,125.7057,0.1233,0.9987,419.25,451.21,3.6259,4.2223,231.0,4.8675,60.34,3.907,4759.6001,94.206,3948.41,3.1542,178.07,270.3,22954.32,48488.59,319.9,322.16,290.37,246.47,453.48,604.12,302.74,485.39,3268.45,120932.12,5843.32,56.45,4.0,4.5,3.5,4.05,4.1
2026-01-21,24560.98,4116.94,10138.1,32851.5,6875.62,52774.64,89376.9609,2978.9011,1.9456,129.3791,0.1265,0.9991,431.44,451.21,3.6008,4.223,231.31,4.839,60.62,4.875,4831.7998,92.21,3932.19,3.162,183.32,265.0,23224.82,49077.23,319.9,328.38,294.23,247.42,443.1,612.96,302.04,483.83,3262.89,120869.12,5885.73,56.25,4.0,4.5,3.5,4.05,4.1
2026-01-22,24856.47,4122.58,10150.1,33002.7,6913.35,53688.89,89462.4531,2949.6333,1.9217,128.2883,0.1242,0.999,449.36,451.21,3.6068,4.2098,234.34,4.8385,59.36,5.045,4908.7998,95.976,3973.26,3.1513,184.84,270.0,23436.02,49384.01,313.5,330.84,299.73,248.12,450.11,647.63,303.63,484.49,3341.95,123631.17,5915.3,57.1,4.0,4.5,3.5,4.05,4.1
2026-01-23,24900.71,4136.16,10143.4,33145.0,6915.61,53846.87,89503.875,2953.2563,1.9195,127.3616,0.1246,0.9987,449.06,451.52,3.5703,4.1968,239.16,4.8203,61.07,5.275,4976.2002,100.925,3986.63,3.1357,187.67,269.6,23501.24,49098.71,328.3,328.43,301.07,247.81,464.89,658.76,297.72,478.97,3299.55,122339.25,5915.74,55.95,4.0,4.5,3.5,4.05,4.1
2026-01-24,,,,,,,89110.7344,2948.7407,1.9131,127.0538,0.1241,0.9985,,,,,,,,,,,,,,,,,,,,,,,,,,,,,4.0,4.5,3.5,4.05,4.1
2026-01-25,,,,,,,86572.2188,2815.9023,1.833,118.7729,0.1193,0.9989,,,,,,,,,,,,,,,,,,,,,,,,,,,,,4.0,4.5,3.5,4.05,4.1
2026-01-26,24933.08,4132.6,10148.9,33093.3,6950.23,52885.25,88267.1406,2926.457,1.9035,124.1397,0.1223,0.9989,435.2,451.84,3.5477,4.2063,238.42,4.8459,60.63,6.8,5079.7002,115.08,4005.65,3.1342,186.47,266.4,23601.36,49412.4,355.8,333.59,304.72,255.17,469.21,672.36,301.04,483.47,3356.01,124171.44,6021.21,56.0,4.0,4.5,3.5,4.05,4.1
2026-01-27,24894.44,4139.9,10207.8,33096.4,6978.6,53333.54,89102.5703,3022.2109,1.9139,127.0548,0.126,0.9986,430.9,451.84,3.5403,4.2044,244.68,4.8421,62.39,6.954,5079.8999,105.523,4009.36,3.1154,188.52,265.8,23817.1,49003.41,332.0,335.0,297.42,258.03,479.49,672.97,300.31,474.67,3365.46,124725.22,6046.47,56.15,4.0,4.5,3.5,4.05,4.1
2026-01-28,24822.79,4151.24,10154.4,33176.1,6978.03,53358.71,89184.5703,3006.6074,1.9087,125.1184,0.1249,0.9989,431.46,449.35,3.4925,4.197,243.01,4.8279,63.21,7.46,5301.6001,113.111,3980.54,3.1056,191.52,285.6,23857.45,49015.6,352.7,336.28,299.58,256.2,480.53,668.73,300.77,473.49,3393.31,125561.69,6042.37,56.15,4.0,4.5,3.5,4.05,4.1
2026-01-29,24309.46,4157.98,10171.8,33016.1,6969.01,53375.6,84561.5859,2818.2327,1.8051,117.6058,0.1171,0.9983,416.56,445.62,3.5095,4.2034,241.73,4.8526,65.42,3.918,5318.3999,114.037,3978.87,3.0968,192.51,282.4,23685.12,49071.56,371.9,338.66,291.65,258.04,432.51,738.31,306.42,476.79,3381.38,124997.21,6019.78,55.2,4.0,4.5,3.5,4.05,4.1
2026-01-30,24538.81,4117.95,10223.5,31923.5,6939.03,53322.85,84128.6562,2702.3752,1.7324,117.363,0.1157,0.9985,430.41,445.62,3.5138,4.2041,239.3,4.8505,65.21,4.354,4713.8999,78.29,4003.67,3.093,191.13,259.8,23461.82,48892.47,332.1,338.53,293.25,259.24,429.31,716.5,305.89,480.53,3360.09,124843.54,5968.48,55.35,4.0,4.5,3.5,4.05,4.1
2026-01-31,,,,,,,78621.1172,2445.0918,1.6455,105.4417,0.1041,0.9989,,,,,,,,,,,,,,,,,,,,,,,,,,,,,4.0,4.5,3.5,4.05,4.1
2026-02-01,,,,,,,76974.4453,2267.9648,1.5913,100.8505,0.1043,0.9991,,,,,,,,,,,,,,,,,,,,,,,,,,,,,4.0,4.5,3.5,4.05,4.1
2026-02-02,24797.52,4015.75,10341.6,32183.9,6976.44,52655.18,78688.7656,2344.3567,1.6205,104.4712,0.1079,0.9991,421.81,445.62,3.5548,4.2117,242.96,4.862,62.14,3.237,4622.5,76.778,4049.32,3.0896,185.61,259.7,23592.11,49407.66,312.2,344.9,293.38,269.76,422.41,706.41,308.14,487.29,3364.04,125086.59,5958.82,56.05,4.0,4.5,3.5,4.05,4.1
2026-02-03,24780.79,4067.74,10314.6,32388.6,6917.81,54720.66,75633.5469,2227.5588,1.5742,97.5639,0.1056,0.9986,421.96,550.0,3.5768,4.22,238.62,4.8903,63.21,3.311,4903.7002,83.042,4119.81,3.0998,180.34,250.7,23255.19,49240.99,340.0,340.7,271.93,269.23,410.27,691.7,314.85,493.74,3441.06,127479.98,6084.95,57.0,4.0,4.5,3.5,4.05,4.1
2026-02-04,24603.04,4102.2,10402.3,32571.6,6882.72,54293.36,73019.7031,2143.5042,1.5105,92.0293,0.1038,0.9979,406.01,550.0,3.5714,4.2196,232.99,4.8946,65.14,3.465,4920.3999,84.165,4120.51,3.081,174.19,251.9,22904.58,49501.3,333.9,333.34,279.71,276.23,413.25,668.99,317.27,503.83,3457.14,127584.02,6140.95,55.65,4.0,4.5,3.5,4.05,4.1
2026-02-05,24491.06,4075.92,10309.2,31994.6,6798.4,53818.04,62702.0977,1821.6831,1.2135,78.1874,0.0883,0.9983,397.21,550.0,3.5706,4.2133,222.69,4.8739,63.29,3.509,4861.3999,76.529,4039.01,3.0942,171.88,249.0,22540.59,48908.72,310.2,331.33,269.39,275.65,392.77,670.21,310.16,503.89,3370.89,124685.61,6095.18,56.35,4.0,4.5,3.5,4.05,4.1
2026-02-06,24721.46,4065.58,10369.8,32471.0,6932.3,54253.68,70555.3906,2063.387,1.4715,87.4648,0.0985,0.9992,411.11,550.0,3.5847,4.2216,210.32,4.8468,63.55,3.422,4951.2002,76.735,4051.87,3.119,185.41,240.0,23031.21,50115.67,311.0,323.1,268.38,277.86,400.23,661.46,322.4,508.09,3392.41,125314.78,6090.14,56.15,4.0,4.5,3.5,4.05,4.1
2026-02-07,,,,,,,69281.9688,2090.5493,1.4242,87.6398,0.0983,0.9993,,,,,,,,,,,,,,,,,,,,,,,,,,,,,4.0,4.5,3.5,4.05,4.1
2026-02-08,,,,,,,70264.7266,2088.7629,1.4322,87.0441,0.0967,0.9995,,,,,,,,,,,,,,,,,,,,,,,,,,,,,4.0,4.5,3.5,4.05,4.1
2026-02-09,25014.87,4123.09,10386.2,33023.3,6964.82,56363.94,70120.7812,2103.5676,1.4361,86.7018,0.096,0.9996,417.32,550.0,3.5645,4.2153,208.72,4.8504,64.36,3.138,5050.8999,82.065,4119.77,3.11,190.04,248.8,23238.67,50135.87,321.2,324.4,266.9,274.62,412.66,677.22,322.1,498.08,3432.15,126794.43,6152.63,63.4,4.0,4.5,3.5,4.05,4.1
2026-02-10,24987.85,4128.37,10353.8,33256.8,6941.81,57650.54,68793.9609,2019.4974,1.3995,82.9155,0.0927,0.9995,425.21,562.6,3.5332,4.2055,206.96,4.8338,63.96,3.115,5003.7998,80.218,4193.47,3.0816,188.54,247.4,23102.47,50188.14,304.6,318.63,264.67,273.68,412.33,670.72,318.28,500.3,3393.69,125913.44,6171.47,63.8,4.0,4.5,3.5,4.05,4.1
2026-02-11,24856.15,4131.98,10472.1,33254.2,6941.47,,66991.9688,1940.6213,1.368,79.2542,0.091,0.9993,428.27,580.41,3.5462,4.2182,204.08,4.8368,64.63,3.159,5071.6001,83.754,4160.4,3.0818,190.05,241.2,23066.47,50121.4,320.0,311.33,257.16,275.5,403.45,668.69,310.82,500.02,3412.74,126500.48,6210.53,64.2,4.0,4.5,3.5,4.05,4.1
2026-02-12,24852.69,4134.02,10402.4,32465.3,6832.76,57639.84,66221.8438,1946.9407,1.3621,78.3484,0.093,0.9992,417.07,581.02,3.548,4.2115,199.6,4.8342,62.84,3.217,4923.7002,75.546,4190.56,3.0759,186.94,244.0,22597.15,49451.98,322.4,309.37,262.5,261.73,400.92,649.81,302.64,500.01,3417.49,126506.61,6205.84,63.6,4.0,4.5,3.5,4.05,4.1
2026-02-13,24914.88,4082.07,10446.4,33073.7,6836.17,56941.97,68857.8438,2048.5273,1.4075,84.3225,0.0966,0.9995,417.44,581.02,3.5493,4.2097,198.79,4.8344,62.89,3.243,5022.0,77.851,4170.22,3.063,182.81,240.7,22546.67,49500.93,317.4,306.02,263.97,255.78,400.41,639.77,302.55,497.55,3359.49,124543.87,6155.1,64.1,4.0,4.5,3.5,4.05,4.1
2026-02-14,,,,,,,69767.625,2086.0098,1.51,88.1608,0.1112,0.9996,,,,,,,,,,,,,,,,,,,,,,,,,,,,,4.0,4.5,3.5,4.05,4.1
2026-02-15,,,,,,,68788.1875,1966.043,1.4749,86.0051,0.1027,0.9996,,,,,,,,,,,,,,,,,,,,,,,,,,,,,4.0,4.5,3.5,4.05,4.1
2026-02-16,24800.91,,10473.7,,,56806.41,68843.1562,1997.9177,1.4867,86.4288,0.101,0.9996,,,3.5464,4.2084,,4.8407,,,,,4185.75,3.0892,,242.9,,,305.0,,,,,,,,3364.33,124947.37,6152.97,64.0,4.0,4.5,3.5,4.05,4.1
2026-02-17,24998.4,,10556.2,32896.6,6843.22,56566.49,67494.2188,1992.1943,1.4744,85.1976,0.1006,0.9995,410.63,587.07,3.5548,4.2131,201.15,4.8449,62.33,3.031,4882.8999,73.447,4196.3,3.0936,184.97,244.0,22578.38,49533.19,285.3,302.82,260.45,263.88,395.96,639.29,307.13,503.41,3321.64,123505.79,6108.33,64.2,4.0,4.5,3.5,4.05,4.1
2026-02-18,25278.21,,10686.2,33389.7,6881.31,57143.84,66425.3203,1953.9741,1.4216,81.5669,0.0985,0.9994,411.32,586.84,3.5559,4.2167,204.79,4.8261,65.19,3.011,4986.5,77.509,4232.65,3.1002,187.98,243.0,22753.63,49662.66,302.2,303.94,263.17,264.35,398.69,643.22,308.78,499.07,3377.74,125412.82,6114.83,63.8,4.0,4.5,3.5,4.05,4.1
2026-02-19,25043.57,,10627.0,33595.0,6861.89,57467.83,66957.5234,1948.201,1.4064,82.3932,0.0983,0.9997,411.71,597.17,3.575,4.2139,204.86,4.8239,66.43,2.996,4975.8999,77.565,4210.39,3.0959,187.9,242.0,22682.73,49395.16,299.0,303.56,259.21,260.58,398.46,644.78,308.05,496.94,3385.33,125275.23,6082.36,63.8,4.0,4.5,3.5,4.05,4.1
2026-02-20,25260.69,,10686.9,33817.5,6909.51,56825.7,68005.4219,1969.0223,1.4294,84.6351,0.1001,0.9997,411.82,601.27,3.5871,4.2217,210.11,4.8286,66.39,3.047,5059.2998,82.283,4232.11,3.1266,189.82,244.3,22886.07,49625.97,305.5,314.9,258.61,264.58,397.23,655.66,310.79,498.2,3383.82,125078.03,6064.09,64.05,4.0,4.5,3.5,4.05,4.1
2026-02-21,,,,,,,68003.7656,1973.7372,1.4317,85.2111,0.0985,0.9998,,,,,,,,,,,,,,,,,,,,,,,,,,,,,4.0,4.5,3.5,4.05,4.1
2026-02-22,,,,,,,67659.3906,1957.8059,1.3931,82.791,0.0955,0.9995,,,,,,,,,,,,,,,,,,,,,,,,,,,,,4.0,4.5,3.5,4.05,4.1
2026-02-23,24991.97,,10684.7,33776.5,6837.75,,64616.7383,1855.5028,1.3516,77.7533,0.0926,0.9997,399.83,603.79,3.5649,4.2199,205.27,4.8232,66.31,2.985,5204.7002,86.523,4243.47,3.114,191.55,242.2,22627.27,48804.06,315.7,311.69,246.68,266.18,384.47,637.25,297.67,494.09,3440.36,126747.09,6057.82,63.75,4.0,4.5,3.5,4.05,4.1
2026-02-24,24986.25,4117.41,10680.6,33970.4,6890.07,57321.09,64080.043,1852.9695,1.3489,79.0365,0.0915,1.0002,409.38,607.65,3.5748,4.2189,208.56,4.8278,65.63,2.915,5155.7998,87.457,4169.0,3.1198,192.85,240.0,22863.68,49174.5,321.9,310.92,255.17,272.14,389.0,639.3,297.3,494.51,3421.01,125892.55,5953.46,63.7,4.0,4.5,3.5,4.05,4.1
2026-02-25,25175.94,4147.23,10806.4,34127.3,6946.13,58583.12,67960.125,2054.6279,1.4337,87.9156,0.1007,1.0002,417.4,595.69,3.579,4.2139,210.64,4.8303,65.42,2.969,5206.3999,90.939,4162.9,3.1016,195.56,249.0,23152.08,49482.15,342.0,313.03,257.81,274.23,400.6,653.69,303.3,493.99,3480.47,127740.99,6019.49,63.95,4.0,4.5,3.5,4.05,4.1
2026-02-26,25289.02,4146.63,10846.7,34502.0,6908.86,58753.39,67453.7734,2026.7926,1.402,85.9091,0.097,1.0,408.58,595.51,3.5654,4.2122,207.92,4.8369,65.21,2.827,5176.5,86.998,4101.6,3.0887,184.89,249.2,22878.38,49499.2,321.8,307.15,259.04,272.95,401.72,657.01,306.13,502.67,3448.24,126888.18,5929.04,64.1,4.0,4.5,3.5,4.05,4.1
2026-02-27,25284.26,4162.88,10910.6,34340.0,6878.88,58850.27,65881.7969,1930.7618,1.3559,81.9515,0.0934,0.9999,402.51,595.51,3.5772,4.2219,210.0,4.8258,67.02,2.859,5230.5,92.682,4128.36,3.1291,177.19,242.7,22668.21,48977.92,335.5,311.43,262.41,264.18,392.74,648.18,300.3,504.95,3440.02,126786.67,5925.84,63.9,4.0,4.5,3.5,4.05,4.1
2026-02-28,,,,,,,66995.8594,1965.0505,1.3772,84.3662,0.0941,1.0,,,,,,,,,,,,,,,,,,,,,,,,,,,,,4.0,4.5,3.5,4.05,4.1
2026-03-01,,,,,,,65738.1016,1939.0667,1.3517,83.5777,0.0919,1.0002,,,,,,,,,,,,,,,,,,,,,,,,,,,,,4.0,4.5,3.5,4.05,4.1
2026-03-02,24638.0,4182.59,10780.1,34541.3,6881.62,58057.24,68775.8516,2027.2689,1.391,86.6345,0.0935,0.9999,403.32,595.51,3.5919,4.2235,208.39,4.8151,71.23,2.96,5294.3999,88.284,4315.6,3.1342,182.48,243.9,22748.86,48904.78,326.5,306.36,260.88,264.72,398.55,653.56,297.56,480.17,3402.36,125373.12,5910.86,64.1,4.0,4.5,3.5,4.05,4.1
2026-03-03,23790.65,4122.68,10484.1,33784.9,6816.63,56279.05,68293.6484,1982.7689,1.3606,87.0198,0.09,1.0001,392.43,595.51,3.6207,4.2322,208.73,4.8557,74.56,3.054,5107.3999,82.923,,3.089,180.05,235.8,22516.69,48501.27,299.5,303.56,270.99,263.75,403.93,655.08,300.26,481.36,3249.38,120111.95,5688.06,64.8,4.0,4.5,3.5,4.05,4.1
2026-03-04,24205.36,4082.47,10567.7,33942.9,6869.5,54245.54,72710.5781,2126.5054,1.4302,90.8343,0.099,1.0001,405.94,595.51,3.6919,4.2885,216.82,4.9314,74.66,2.917,5120.2002,82.633,4308.59,3.104,183.04,247.8,22807.48,48739.41,310.7,303.45,273.12,262.52,405.2,667.73,299.39,487.48,3335.75,123047.41,5834.95,64.3,4.0,4.5,3.5,4.05,4.1
2026-03-05,23815.75,4108.57,10413.9,33610.0,6830.71,55278.06,70841.125,2071.6055,1.4031,88.6911,0.0935,0.9999,405.55,595.51,3.6643,4.2635,218.94,4.8971,81.01,3.003,5065.2998,81.687,4354.71,3.0663,183.34,248.5,22748.99,47954.74,296.5,300.91,281.74,260.29,410.68,660.57,293.55,500.4,3326.54,122925.21,5851.15,64.7,3.75,4.25,3.25,3.8,3.85
2026-03-06,23591.03,4124.19,10284.8,33083.7,6740.02,55620.84,68136.4922,1978.7512,1.3636,84.6818,0.0913,0.9999,396.73,597.91,3.6824,4.2727,213.21,4.9165,90.9,3.186,5146.1001,83.816,4350.0,3.0785,177.82,245.3,22387.68,47501.55,290.9,298.3,283.62,257.46,408.96,644.86,289.48,498.98,3262.33,120677.13,5725.03,64.5,3.75,4.25,3.25,3.8,3.85
2026-03-07,,,,,,,67805.625,1977.8853,1.3588,83.6279,0.0901,1.0,,,,,,,,,,,,,,,,,,,,,,,,,,,,,3.75,4.25,3.25,3.8,3.85
